hs_code,description,bcd_rate,aidc_rate,health_cess_rate,fta_code,notification_no
01022110,All goods,4.8,0.0,0.0,India-UK CETA,29/2026-Customs
01022120,All goods,4.8,0.0,0.0,India-UK CETA,29/2026-Customs
01022910,All goods,4.8,0.0,0.0,India-UK CETA,29/2026-Customs
01022990,All goods,28.5,0.0,0.0,India-UK CETA,29/2026-Customs
01023100,All goods,28.5,0.0,0.0,India-UK CETA,29/2026-Customs
01023900,All goods,28.5,0.0,0.0,India-UK CETA,29/2026-Customs
01029010,All goods,28.5,0.0,0.0,India-UK CETA,29/2026-Customs
01029090,All goods,28.5,0.0,0.0,India-UK CETA,29/2026-Customs
01031000,All goods,4.8,0.0,0.0,India-UK CETA,29/2026-Customs
01039100,All goods,4.8,0.0,0.0,India-UK CETA,29/2026-Customs
01039200,All goods,4.8,0.0,0.0,India-UK CETA,29/2026-Customs
01041010,All goods,4.8,0.0,0.0,India-UK CETA,29/2026-Customs
01041090,All goods,4.8,0.0,0.0,India-UK CETA,29/2026-Customs
01042000,All goods,4.8,0.0,0.0,India-UK CETA,29/2026-Customs
02041000,All goods,0.0,0.0,0.0,India-UK CETA,29/2026-Customs
02042100,All goods,0.0,0.0,0.0,India-UK CETA,29/2026-Customs
02042200,All goods,0.0,0.0,0.0,India-UK CETA,29/2026-Customs
02042300,All goods,0.0,0.0,0.0,India-UK CETA,29/2026-Customs
02043000,All goods,0.0,0.0,0.0,India-UK CETA,29/2026-Customs
02044100,All goods,0.0,0.0,0.0,India-UK CETA,29/2026-Customs
02044200,All goods,0.0,0.0,0.0,India-UK CETA,29/2026-Customs
02044300,All goods,0.0,0.0,0.0,India-UK CETA,29/2026-Customs
03011100,All goods,0.0,0.0,0.0,India-UK CETA,29/2026-Customs
03011900,All goods,0.0,0.0,0.0,India-UK CETA,29/2026-Customs
03019100,All goods,0.0,0.0,0.0,India-UK CETA,29/2026-Customs
03019200,All goods,0.0,0.0,0.0,India-UK CETA,29/2026-Customs
03019300,All goods,0.0,0.0,0.0,India-UK CETA,29/2026-Customs
03019400,All goods,0.0,0.0,0.0,India-UK CETA,29/2026-Customs
03019500,All goods,0.0,0.0,0.0,India-UK CETA,29/2026-Customs
03019900,All goods,0.0,0.0,0.0,India-UK CETA,29/2026-Customs
03021100,All goods,0.0,0.0,0.0,India-UK CETA,29/2026-Customs
03021300,All goods,0.0,0.0,0.0,India-UK CETA,29/2026-Customs
03021400,All goods,0.0,0.0,0.0,India-UK CETA,29/2026-Customs
03021900,All goods,0.0,0.0,0.0,India-UK CETA,29/2026-Customs
03022100,All goods,0.0,0.0,0.0,India-UK CETA,29/2026-Customs
03022200,All goods,0.0,0.0,0.0,India-UK CETA,29/2026-Customs
03022300,All goods,0.0,0.0,0.0,India-UK CETA,29/2026-Customs
03022400,All goods,0.0,0.0,0.0,India-UK CETA,29/2026-Customs
03022900,All goods,0.0,0.0,0.0,India-UK CETA,29/2026-Customs
03023100,All goods,0.0,0.0,0.0,India-UK CETA,29/2026-Customs
03023200,All goods,0.0,0.0,0.0,India-UK CETA,29/2026-Customs
03023300,All goods,0.0,0.0,0.0,India-UK CETA,29/2026-Customs
03023400,All goods,0.0,0.0,0.0,India-UK CETA,29/2026-Customs
03023500,All goods,0.0,0.0,0.0,India-UK CETA,29/2026-Customs
03023600,All goods,0.0,0.0,0.0,India-UK CETA,29/2026-Customs
03023900,All goods,0.0,0.0,0.0,India-UK CETA,29/2026-Customs
03024100,All goods,0.0,0.0,0.0,India-UK CETA,29/2026-Customs
03024200,All goods,0.0,0.0,0.0,India-UK CETA,29/2026-Customs
03024300,All goods,0.0,0.0,0.0,India-UK CETA,29/2026-Customs
03024400,All goods,0.0,0.0,0.0,India-UK CETA,29/2026-Customs
03024500,All goods,0.0,0.0,0.0,India-UK CETA,29/2026-Customs
03024600,All goods,0.0,0.0,0.0,India-UK CETA,29/2026-Customs
03024700,All goods,0.0,0.0,0.0,India-UK CETA,29/2026-Customs
03024900,All goods,0.0,0.0,0.0,India-UK CETA,29/2026-Customs
03025100,All goods,0.0,0.0,0.0,India-UK CETA,29/2026-Customs
03025200,All goods,0.0,0.0,0.0,India-UK CETA,29/2026-Customs
03025300,All goods,0.0,0.0,0.0,India-UK CETA,29/2026-Customs
03025400,All goods,0.0,0.0,0.0,India-UK CETA,29/2026-Customs
03025500,All goods,0.0,0.0,0.0,India-UK CETA,29/2026-Customs
03025600,All goods,0.0,0.0,0.0,India-UK CETA,29/2026-Customs
03025900,All goods,0.0,0.0,0.0,India-UK CETA,29/2026-Customs
03027100,All goods,0.0,0.0,0.0,India-UK CETA,29/2026-Customs
03027200,All goods,0.0,0.0,0.0,India-UK CETA,29/2026-Customs
03027300,All goods,0.0,0.0,0.0,India-UK CETA,29/2026-Customs
03027400,All goods,0.0,0.0,0.0,India-UK CETA,29/2026-Customs
03027900,All goods,0.0,0.0,0.0,India-UK CETA,29/2026-Customs
03028100,All goods,0.0,0.0,0.0,India-UK CETA,29/2026-Customs
03028200,All goods,0.0,0.0,0.0,India-UK CETA,29/2026-Customs
03028300,All goods,0.0,0.0,0.0,India-UK CETA,29/2026-Customs
03028400,All goods,0.0,0.0,0.0,India-UK CETA,29/2026-Customs
03028500,All goods,0.0,0.0,0.0,India-UK CETA,29/2026-Customs
03028910,All goods,0.0,0.0,0.0,India-UK CETA,29/2026-Customs
03028920,All goods,0.0,0.0,0.0,India-UK CETA,29/2026-Customs
03028930,All goods,0.0,0.0,0.0,India-UK CETA,29/2026-Customs
03028990,All goods,0.0,0.0,0.0,India-UK CETA,29/2026-Customs
03029100,All goods,0.0,0.0,0.0,India-UK CETA,29/2026-Customs
03029200,All goods,27.0,0.0,0.0,India-UK CETA,29/2026-Customs
03029910,All goods,0.0,0.0,0.0,India-UK CETA,29/2026-Customs
03029990,All goods,0.0,0.0,0.0,India-UK CETA,29/2026-Customs
03031100,All goods,0.0,0.0,0.0,India-UK CETA,29/2026-Customs
03031200,All goods,0.0,0.0,0.0,India-UK CETA,29/2026-Customs
03031300,All goods,0.0,0.0,0.0,India-UK CETA,29/2026-Customs
03031400,All goods,0.0,0.0,0.0,India-UK CETA,29/2026-Customs
03031900,All goods,0.0,0.0,0.0,India-UK CETA,29/2026-Customs
03032300,All goods,0.0,0.0,0.0,India-UK CETA,29/2026-Customs
03032400,All goods,0.0,0.0,0.0,India-UK CETA,29/2026-Customs
03032500,All goods,0.0,0.0,0.0,India-UK CETA,29/2026-Customs
03032600,All goods,0.0,0.0,0.0,India-UK CETA,29/2026-Customs
03032900,All goods,0.0,0.0,0.0,India-UK CETA,29/2026-Customs
03033100,All goods,0.0,0.0,0.0,India-UK CETA,29/2026-Customs
03033200,All goods,0.0,0.0,0.0,India-UK CETA,29/2026-Customs
03033300,All goods,0.0,0.0,0.0,India-UK CETA,29/2026-Customs
03033400,All goods,0.0,0.0,0.0,India-UK CETA,29/2026-Customs
03033900,All goods,0.0,0.0,0.0,India-UK CETA,29/2026-Customs
03034100,All goods,0.0,0.0,0.0,India-UK CETA,29/2026-Customs
03034200,All goods,0.0,0.0,0.0,India-UK CETA,29/2026-Customs
03034300,All goods,0.0,0.0,0.0,India-UK CETA,29/2026-Customs
03034400,All goods,0.0,0.0,0.0,India-UK CETA,29/2026-Customs
03034500,All goods,0.0,0.0,0.0,India-UK CETA,29/2026-Customs
03034600,All goods,0.0,0.0,0.0,India-UK CETA,29/2026-Customs
03034900,All goods,0.0,0.0,0.0,India-UK CETA,29/2026-Customs
03035100,All goods,0.0,0.0,0.0,India-UK CETA,29/2026-Customs
03035300,All goods,0.0,0.0,0.0,India-UK CETA,29/2026-Customs
03035400,All goods,0.0,0.0,0.0,India-UK CETA,29/2026-Customs
03035500,All goods,0.0,0.0,0.0,India-UK CETA,29/2026-Customs
03035600,All goods,0.0,0.0,0.0,India-UK CETA,29/2026-Customs
03035700,All goods,0.0,0.0,0.0,India-UK CETA,29/2026-Customs
03035910,All goods,0.0,0.0,0.0,India-UK CETA,29/2026-Customs
03035990,All goods,0.0,0.0,0.0,India-UK CETA,29/2026-Customs
03036300,All goods,0.0,0.0,0.0,India-UK CETA,29/2026-Customs
03036400,All goods,0.0,0.0,0.0,India-UK CETA,29/2026-Customs
03036500,All goods,0.0,0.0,0.0,India-UK CETA,29/2026-Customs
03036600,All goods,0.0,0.0,0.0,India-UK CETA,29/2026-Customs
03036700,All goods,0.0,0.0,0.0,India-UK CETA,29/2026-Customs
03036800,All goods,0.0,0.0,0.0,India-UK CETA,29/2026-Customs
03036900,All goods,0.0,0.0,0.0,India-UK CETA,29/2026-Customs
03038110,All goods,0.0,0.0,0.0,India-UK CETA,29/2026-Customs
03038190,All goods,0.0,0.0,0.0,India-UK CETA,29/2026-Customs
03038200,All goods,0.0,0.0,0.0,India-UK CETA,29/2026-Customs
03038300,All goods,0.0,0.0,0.0,India-UK CETA,29/2026-Customs
03038400,All goods,0.0,0.0,0.0,India-UK CETA,29/2026-Customs
03038910,All goods,0.0,0.0,0.0,India-UK CETA,29/2026-Customs
03038920,All goods,0.0,0.0,0.0,India-UK CETA,29/2026-Customs
03038930,All goods,0.0,0.0,0.0,India-UK CETA,29/2026-Customs
03038940,All goods,0.0,0.0,0.0,India-UK CETA,29/2026-Customs
03038950,All goods,0.0,0.0,0.0,India-UK CETA,29/2026-Customs
03038960,All goods,0.0,0.0,0.0,India-UK CETA,29/2026-Customs
03038970,All goods,0.0,0.0,0.0,India-UK CETA,29/2026-Customs
03038980,All goods,0.0,0.0,0.0,India-UK CETA,29/2026-Customs
03038990,All goods,0.0,0.0,0.0,India-UK CETA,29/2026-Customs
03039110,All goods,0.0,0.0,0.0,India-UK CETA,29/2026-Customs
03039190,All goods,0.0,0.0,0.0,India-UK CETA,29/2026-Customs
03039200,All goods,27.0,0.0,0.0,India-UK CETA,29/2026-Customs
03039910,All goods,0.0,0.0,0.0,India-UK CETA,29/2026-Customs
03039990,All goods,0.0,0.0,0.0,India-UK CETA,29/2026-Customs
03043100,All goods,0.0,0.0,0.0,India-UK CETA,29/2026-Customs
03043200,All goods,0.0,0.0,0.0,India-UK CETA,29/2026-Customs
03043300,All goods,0.0,0.0,0.0,India-UK CETA,29/2026-Customs
03043900,All goods,0.0,0.0,0.0,India-UK CETA,29/2026-Customs
03044100,All goods,0.0,0.0,0.0,India-UK CETA,29/2026-Customs
03044200,All goods,0.0,0.0,0.0,India-UK CETA,29/2026-Customs
03044300,All goods,0.0,0.0,0.0,India-UK CETA,29/2026-Customs
03044400,All goods,0.0,0.0,0.0,India-UK CETA,29/2026-Customs
03044500,All goods,0.0,0.0,0.0,India-UK CETA,29/2026-Customs
03044600,All goods,0.0,0.0,0.0,India-UK CETA,29/2026-Customs
03044700,All goods,0.0,0.0,0.0,India-UK CETA,29/2026-Customs
03044800,All goods,0.0,0.0,0.0,India-UK CETA,29/2026-Customs
03044910,All goods,0.0,0.0,0.0,India-UK CETA,29/2026-Customs
03044930,All goods,0.0,0.0,0.0,India-UK CETA,29/2026-Customs
03044940,All goods,0.0,0.0,0.0,India-UK CETA,29/2026-Customs
03044990,All goods,0.0,0.0,0.0,India-UK CETA,29/2026-Customs
03045100,All goods,0.0,0.0,0.0,India-UK CETA,29/2026-Customs
03045200,All goods,0.0,0.0,0.0,India-UK CETA,29/2026-Customs
03045300,All goods,0.0,0.0,0.0,India-UK CETA,29/2026-Customs
03045400,All goods,0.0,0.0,0.0,India-UK CETA,29/2026-Customs
03045500,All goods,0.0,0.0,0.0,India-UK CETA,29/2026-Customs
03045600,All goods,0.0,0.0,0.0,India-UK CETA,29/2026-Customs
03045700,All goods,0.0,0.0,0.0,India-UK CETA,29/2026-Customs
03045910,All goods,0.0,0.0,0.0,India-UK CETA,29/2026-Customs
03045930,All goods,0.0,0.0,0.0,India-UK CETA,29/2026-Customs
03045940,All goods,0.0,0.0,0.0,India-UK CETA,29/2026-Customs
03045990,All goods,0.0,0.0,0.0,India-UK CETA,29/2026-Customs
03046100,All goods,0.0,0.0,0.0,India-UK CETA,29/2026-Customs
03046200,All goods,0.0,0.0,0.0,India-UK CETA,29/2026-Customs
03046300,All goods,0.0,0.0,0.0,India-UK CETA,29/2026-Customs
03046900,All goods,0.0,0.0,0.0,India-UK CETA,29/2026-Customs
03047100,All goods,0.0,0.0,0.0,India-UK CETA,29/2026-Customs
03047200,All goods,0.0,0.0,0.0,India-UK CETA,29/2026-Customs
03047300,All goods,0.0,0.0,0.0,India-UK CETA,29/2026-Customs
03047400,All goods,0.0,0.0,0.0,India-UK CETA,29/2026-Customs
03047500,All goods,0.0,0.0,0.0,India-UK CETA,29/2026-Customs
03047900,All goods,0.0,0.0,0.0,India-UK CETA,29/2026-Customs
03048100,All goods,0.0,0.0,0.0,India-UK CETA,29/2026-Customs
03048200,All goods,0.0,0.0,0.0,India-UK CETA,29/2026-Customs
03048300,All goods,0.0,0.0,0.0,India-UK CETA,29/2026-Customs
03048400,All goods,0.0,0.0,0.0,India-UK CETA,29/2026-Customs
03048500,All goods,0.0,0.0,0.0,India-UK CETA,29/2026-Customs
03048600,All goods,0.0,0.0,0.0,India-UK CETA,29/2026-Customs
03048700,All goods,0.0,0.0,0.0,India-UK CETA,29/2026-Customs
03048810,All goods,0.0,0.0,0.0,India-UK CETA,29/2026-Customs
03048820,All goods,0.0,0.0,0.0,India-UK CETA,29/2026-Customs
03048830,All goods,0.0,0.0,0.0,India-UK CETA,29/2026-Customs
03048910,All goods,0.0,0.0,0.0,India-UK CETA,29/2026-Customs
03048930,All goods,0.0,0.0,0.0,India-UK CETA,29/2026-Customs
03048940,All goods,0.0,0.0,0.0,India-UK CETA,29/2026-Customs
03048990,All goods,0.0,0.0,0.0,India-UK CETA,29/2026-Customs
03049100,All goods,0.0,0.0,0.0,India-UK CETA,29/2026-Customs
03049200,All goods,0.0,0.0,0.0,India-UK CETA,29/2026-Customs
03049300,All goods,0.0,0.0,0.0,India-UK CETA,29/2026-Customs
03049400,All goods,0.0,0.0,0.0,India-UK CETA,29/2026-Customs
03049500,All goods,0.0,0.0,0.0,India-UK CETA,29/2026-Customs
03049600,All goods,0.0,0.0,0.0,India-UK CETA,29/2026-Customs
03049700,All goods,0.0,0.0,0.0,India-UK CETA,29/2026-Customs
03049900,All goods,0.0,0.0,0.0,India-UK CETA,29/2026-Customs
03052000,All goods,0.0,0.0,0.0,India-UK CETA,29/2026-Customs
03053100,All goods,0.0,0.0,0.0,India-UK CETA,29/2026-Customs
03053200,All goods,0.0,0.0,0.0,India-UK CETA,29/2026-Customs
03053900,All goods,0.0,0.0,0.0,India-UK CETA,29/2026-Customs
03054100,All goods,0.0,0.0,0.0,India-UK CETA,29/2026-Customs
03054200,All goods,0.0,0.0,0.0,India-UK CETA,29/2026-Customs
03054300,All goods,0.0,0.0,0.0,India-UK CETA,29/2026-Customs
03054400,All goods,0.0,0.0,0.0,India-UK CETA,29/2026-Customs
03054900,All goods,0.0,0.0,0.0,India-UK CETA,29/2026-Customs
03055100,All goods,0.0,0.0,0.0,India-UK CETA,29/2026-Customs
03055200,All goods,0.0,0.0,0.0,India-UK CETA,29/2026-Customs
03055300,All goods,0.0,0.0,0.0,India-UK CETA,29/2026-Customs
03055400,All goods,0.0,0.0,0.0,India-UK CETA,29/2026-Customs
03055910,All goods,0.0,0.0,0.0,India-UK CETA,29/2026-Customs
03055920,All goods,0.0,0.0,0.0,India-UK CETA,29/2026-Customs
03055930,All goods,0.0,0.0,0.0,India-UK CETA,29/2026-Customs
03055990,All goods,0.0,0.0,0.0,India-UK CETA,29/2026-Customs
03056100,All goods,0.0,0.0,0.0,India-UK CETA,29/2026-Customs
03056200,All goods,0.0,0.0,0.0,India-UK CETA,29/2026-Customs
03056300,All goods,0.0,0.0,0.0,India-UK CETA,29/2026-Customs
03056400,All goods,0.0,0.0,0.0,India-UK CETA,29/2026-Customs
03056910,All goods,0.0,0.0,0.0,India-UK CETA,29/2026-Customs
03056920,All goods,0.0,0.0,0.0,India-UK CETA,29/2026-Customs
03056930,All goods,0.0,0.0,0.0,India-UK CETA,29/2026-Customs
03056990,All goods,0.0,0.0,0.0,India-UK CETA,29/2026-Customs
03057100,All goods,27.0,0.0,0.0,India-UK CETA,29/2026-Customs
03057200,All goods,0.0,0.0,0.0,India-UK CETA,29/2026-Customs
03057900,All goods,0.0,0.0,0.0,India-UK CETA,29/2026-Customs
03061100,All goods,0.0,0.0,0.0,India-UK CETA,29/2026-Customs
03061210,All goods,0.0,0.0,0.0,India-UK CETA,29/2026-Customs
03061290,All goods,0.0,0.0,0.0,India-UK CETA,29/2026-Customs
03061400,All goods,0.0,0.0,0.0,India-UK CETA,29/2026-Customs
03061500,All goods,0.0,0.0,0.0,India-UK CETA,29/2026-Customs
03061610,All goods,0.0,0.0,0.0,India-UK CETA,29/2026-Customs
03061690,All goods,0.0,0.0,0.0,India-UK CETA,29/2026-Customs
03061711,All goods,0.0,0.0,0.0,India-UK CETA,29/2026-Customs
03061719,All goods,0.0,0.0,0.0,India-UK CETA,29/2026-Customs
03061720,All goods,27.0,0.0,0.0,India-UK CETA,29/2026-Customs
03061730,All goods,27.0,0.0,0.0,India-UK CETA,29/2026-Customs
03061740,All goods,27.0,0.0,0.0,India-UK CETA,29/2026-Customs
03061750,All goods,27.0,0.0,0.0,India-UK CETA,29/2026-Customs
03061790,All goods,27.0,0.0,0.0,India-UK CETA,29/2026-Customs
03061910,All goods,0.0,0.0,0.0,India-UK CETA,29/2026-Customs
03061990,All goods,0.0,0.0,0.0,India-UK CETA,29/2026-Customs
03063100,All goods,0.0,0.0,0.0,India-UK CETA,29/2026-Customs
03063200,All goods,0.0,0.0,0.0,India-UK CETA,29/2026-Customs
03063300,All goods,0.0,0.0,0.0,India-UK CETA,29/2026-Customs
03063400,All goods,0.0,0.0,0.0,India-UK CETA,29/2026-Customs
03063500,All goods,0.0,0.0,0.0,India-UK CETA,29/2026-Customs
03063610,All goods,0.0,0.0,0.0,India-UK CETA,29/2026-Customs
03063620,All goods,0.0,0.0,0.0,India-UK CETA,29/2026-Customs
03063630,All goods,0.0,0.0,0.0,India-UK CETA,29/2026-Customs
03063640,All goods,0.0,0.0,0.0,India-UK CETA,29/2026-Customs
03063650,All goods,0.0,0.0,0.0,India-UK CETA,29/2026-Customs
03063660,All goods,0.0,0.0,0.0,India-UK CETA,29/2026-Customs
03063690,All goods,0.0,0.0,0.0,India-UK CETA,29/2026-Customs
03063900,All goods,0.0,0.0,0.0,India-UK CETA,29/2026-Customs
03069100,All goods,0.0,0.0,0.0,India-UK CETA,29/2026-Customs
03069200,All goods,0.0,0.0,0.0,India-UK CETA,29/2026-Customs
03069300,All goods,0.0,0.0,0.0,India-UK CETA,29/2026-Customs
03069400,All goods,0.0,0.0,0.0,India-UK CETA,29/2026-Customs
03069500,All goods,0.0,0.0,0.0,India-UK CETA,29/2026-Customs
03069900,All goods,0.0,0.0,0.0,India-UK CETA,29/2026-Customs
03071100,All goods,0.0,0.0,0.0,India-UK CETA,29/2026-Customs
03071200,All goods,0.0,0.0,0.0,India-UK CETA,29/2026-Customs
03071900,All goods,0.0,0.0,0.0,India-UK CETA,29/2026-Customs
03072100,All goods,0.0,0.0,0.0,India-UK CETA,29/2026-Customs
03072200,All goods,0.0,0.0,0.0,India-UK CETA,29/2026-Customs
03072900,All goods,0.0,0.0,0.0,India-UK CETA,29/2026-Customs
03073100,All goods,0.0,0.0,0.0,India-UK CETA,29/2026-Customs
03073200,All goods,0.0,0.0,0.0,India-UK CETA,29/2026-Customs
03073910,All goods,0.0,0.0,0.0,India-UK CETA,29/2026-Customs
03073990,All goods,0.0,0.0,0.0,India-UK CETA,29/2026-Customs
03074210,All goods,0.0,0.0,0.0,India-UK CETA,29/2026-Customs
03074220,All goods,0.0,0.0,0.0,India-UK CETA,29/2026-Customs
03074310,All goods,0.0,0.0,0.0,India-UK CETA,29/2026-Customs
03074320,All goods,0.0,0.0,0.0,India-UK CETA,29/2026-Customs
03074330,All goods,0.0,0.0,0.0,India-UK CETA,29/2026-Customs
03074390,All goods,0.0,0.0,0.0,India-UK CETA,29/2026-Customs
03074910,All goods,0.0,0.0,0.0,India-UK CETA,29/2026-Customs
03074920,All goods,0.0,0.0,0.0,India-UK CETA,29/2026-Customs
03074930,All goods,0.0,0.0,0.0,India-UK CETA,29/2026-Customs
03074940,All goods,0.0,0.0,0.0,India-UK CETA,29/2026-Customs
03074990,All goods,0.0,0.0,0.0,India-UK CETA,29/2026-Customs
03075100,All goods,0.0,0.0,0.0,India-UK CETA,29/2026-Customs
03075200,All goods,0.0,0.0,0.0,India-UK CETA,29/2026-Customs
03075900,All goods,0.0,0.0,0.0,India-UK CETA,29/2026-Customs
03076000,All goods,0.0,0.0,0.0,India-UK CETA,29/2026-Customs
03077100,All goods,0.0,0.0,0.0,India-UK CETA,29/2026-Customs
03077200,All goods,0.0,0.0,0.0,India-UK CETA,29/2026-Customs
03077900,All goods,0.0,0.0,0.0,India-UK CETA,29/2026-Customs
03078100,All goods,0.0,0.0,0.0,India-UK CETA,29/2026-Customs
03078200,All goods,0.0,0.0,0.0,India-UK CETA,29/2026-Customs
03078300,All goods,0.0,0.0,0.0,India-UK CETA,29/2026-Customs
03078400,All goods,0.0,0.0,0.0,India-UK CETA,29/2026-Customs
03078700,All goods,0.0,0.0,0.0,India-UK CETA,29/2026-Customs
03078800,All goods,0.0,0.0,0.0,India-UK CETA,29/2026-Customs
03079100,All goods,0.0,0.0,0.0,India-UK CETA,29/2026-Customs
03079200,All goods,0.0,0.0,0.0,India-UK CETA,29/2026-Customs
03079900,All goods,0.0,0.0,0.0,India-UK CETA,29/2026-Customs
03081100,All goods,0.0,0.0,0.0,India-UK CETA,29/2026-Customs
03081200,All goods,0.0,0.0,0.0,India-UK CETA,29/2026-Customs
03081900,All goods,0.0,0.0,0.0,India-UK CETA,29/2026-Customs
03082100,All goods,0.0,0.0,0.0,India-UK CETA,29/2026-Customs
03082200,All goods,0.0,0.0,0.0,India-UK CETA,29/2026-Customs
03082900,All goods,0.0,0.0,0.0,India-UK CETA,29/2026-Customs
03083010,All goods,0.0,0.0,0.0,India-UK CETA,29/2026-Customs
03083020,All goods,0.0,0.0,0.0,India-UK CETA,29/2026-Customs
03083090,All goods,0.0,0.0,0.0,India-UK CETA,29/2026-Customs
03089000,All goods,0.0,0.0,0.0,India-UK CETA,29/2026-Customs
03091010,All goods,0.0,0.0,0.0,India-UK CETA,29/2026-Customs
03091020,All goods,0.0,0.0,0.0,India-UK CETA,29/2026-Customs
03091030,All goods,0.0,0.0,0.0,India-UK CETA,29/2026-Customs
03091090,All goods,0.0,0.0,0.0,India-UK CETA,29/2026-Customs
03099011,All goods,0.0,0.0,0.0,India-UK CETA,29/2026-Customs
03099012,All goods,0.0,0.0,0.0,India-UK CETA,29/2026-Customs
03099013,All goods,0.0,0.0,0.0,India-UK CETA,29/2026-Customs
03099014,All goods,0.0,0.0,0.0,India-UK CETA,29/2026-Customs
03099019,All goods,0.0,0.0,0.0,India-UK CETA,29/2026-Customs
03099021,All goods,0.0,0.0,0.0,India-UK CETA,29/2026-Customs
03099022,All goods,0.0,0.0,0.0,India-UK CETA,29/2026-Customs
03099023,All goods,0.0,0.0,0.0,India-UK CETA,29/2026-Customs
03099024,All goods,0.0,0.0,0.0,India-UK CETA,29/2026-Customs
03099029,All goods,0.0,0.0,0.0,India-UK CETA,29/2026-Customs
03099031,All goods,0.0,0.0,0.0,India-UK CETA,29/2026-Customs
03099032,All goods,0.0,0.0,0.0,India-UK CETA,29/2026-Customs
03099033,All goods,0.0,0.0,0.0,India-UK CETA,29/2026-Customs
03099034,All goods,0.0,0.0,0.0,India-UK CETA,29/2026-Customs
03099039,All goods,0.0,0.0,0.0,India-UK CETA,29/2026-Customs
03099040,All goods,0.0,0.0,0.0,India-UK CETA,29/2026-Customs
03099050,All goods,0.0,0.0,0.0,India-UK CETA,29/2026-Customs
03099060,All goods,0.0,0.0,0.0,India-UK CETA,29/2026-Customs
03099070,All goods,0.0,0.0,0.0,India-UK CETA,29/2026-Customs
03099080,All goods,0.0,0.0,0.0,India-UK CETA,29/2026-Customs
03099090,All goods,0.0,0.0,0.0,India-UK CETA,29/2026-Customs
05021010,All goods,0.0,0.0,0.0,India-UK CETA,29/2026-Customs
05021020,All goods,0.0,0.0,0.0,India-UK CETA,29/2026-Customs
05029010,All goods,0.0,0.0,0.0,India-UK CETA,29/2026-Customs
05029020,All goods,0.0,0.0,0.0,India-UK CETA,29/2026-Customs
05029090,All goods,0.0,0.0,0.0,India-UK CETA,29/2026-Customs
05040020,All goods,0.0,0.0,0.0,India-UK CETA,29/2026-Customs
05040031,All goods,0.0,0.0,0.0,India-UK CETA,29/2026-Customs
05040039,All goods,0.0,0.0,0.0,India-UK CETA,29/2026-Customs
05040041,All goods,0.0,0.0,0.0,India-UK CETA,29/2026-Customs
05040049,All goods,0.0,0.0,0.0,India-UK CETA,29/2026-Customs
05040051,All goods,0.0,0.0,0.0,India-UK CETA,29/2026-Customs
05040059,All goods,0.0,0.0,0.0,India-UK CETA,29/2026-Customs
05051090,All goods,0.0,0.0,0.0,India-UK CETA,29/2026-Customs
05059029,All goods,0.0,0.0,0.0,India-UK CETA,29/2026-Customs
05059039,All goods,0.0,0.0,0.0,India-UK CETA,29/2026-Customs
05059091,All goods,0.0,0.0,0.0,India-UK CETA,29/2026-Customs
05059099,All goods,0.0,0.0,0.0,India-UK CETA,29/2026-Customs
05061019,All goods,0.0,0.0,0.0,India-UK CETA,29/2026-Customs
05061029,All goods,0.0,0.0,0.0,India-UK CETA,29/2026-Customs
05061039,All goods,0.0,0.0,0.0,India-UK CETA,29/2026-Customs
05061049,All goods,0.0,0.0,0.0,India-UK CETA,29/2026-Customs
05069019,All goods,0.0,0.0,0.0,India-UK CETA,29/2026-Customs
05069099,All goods,0.0,0.0,0.0,India-UK CETA,29/2026-Customs
05079010,All goods,0.0,0.0,0.0,India-UK CETA,29/2026-Customs
05079020,All goods,0.0,0.0,0.0,India-UK CETA,29/2026-Customs
05079030,All goods,0.0,0.0,0.0,India-UK CETA,29/2026-Customs
05079050,All goods,0.0,0.0,0.0,India-UK CETA,29/2026-Customs
05080010,All goods,0.0,0.0,0.0,India-UK CETA,29/2026-Customs
05100010,All goods,0.0,0.0,0.0,India-UK CETA,29/2026-Customs
05100020,All goods,0.0,0.0,0.0,India-UK CETA,29/2026-Customs
05100099,All goods,0.0,0.0,0.0,India-UK CETA,29/2026-Customs
05111000,All goods,0.0,0.0,0.0,India-UK CETA,29/2026-Customs
05119140,All goods,0.0,0.0,0.0,India-UK CETA,29/2026-Customs
05119190,All goods,0.0,0.0,0.0,India-UK CETA,29/2026-Customs
051199,Artemia,0.0,0.0,0.0,India-UK CETA,29/2026-Customs
05119929,All goods,0.0,0.0,0.0,India-UK CETA,29/2026-Customs
05119991,All goods,0.0,0.0,0.0,India-UK CETA,29/2026-Customs
06011000,All goods,0.0,0.0,0.0,India-UK CETA,29/2026-Customs
06012010,All goods,0.0,0.0,0.0,India-UK CETA,29/2026-Customs
06012021,All goods,0.0,0.0,0.0,India-UK CETA,29/2026-Customs
06012022,All goods,0.0,0.0,0.0,India-UK CETA,29/2026-Customs
06012090,All goods,0.0,0.0,0.0,India-UK CETA,29/2026-Customs
06021000,All goods,0.0,0.0,0.0,India-UK CETA,29/2026-Customs
06022010,All goods,0.0,0.0,0.0,India-UK CETA,29/2026-Customs
06022020,All goods,0.0,0.0,0.0,India-UK CETA,29/2026-Customs
06022090,All goods,0.0,0.0,0.0,India-UK CETA,29/2026-Customs
06023000,All goods,0.0,0.0,0.0,India-UK CETA,29/2026-Customs
06024000,All goods,0.0,0.0,0.0,India-UK CETA,29/2026-Customs
06031200,All goods,0.0,0.0,0.0,India-UK CETA,29/2026-Customs
07031020,All goods,0.0,0.0,0.0,India-UK CETA,29/2026-Customs
07039000,All goods,0.0,0.0,0.0,India-UK CETA,29/2026-Customs
07042000,All goods,0.0,0.0,0.0,India-UK CETA,29/2026-Customs
07049000,All goods,0.0,0.0,0.0,India-UK CETA,29/2026-Customs
07051100,All goods,0.0,0.0,0.0,India-UK CETA,29/2026-Customs
07051900,All goods,27.0,0.0,0.0,India-UK CETA,29/2026-Customs
07052100,All goods,0.0,0.0,0.0,India-UK CETA,29/2026-Customs
07052900,All goods,0.0,0.0,0.0,India-UK CETA,29/2026-Customs
07094000,All goods,0.0,0.0,0.0,India-UK CETA,29/2026-Customs
07095100,All goods,27.0,0.0,0.0,India-UK CETA,29/2026-Customs
07095200,All goods,0.0,0.0,0.0,India-UK CETA,29/2026-Customs
07095300,All goods,24.0,0.0,0.0,India-UK CETA,29/2026-Customs
07095400,All goods,24.0,0.0,0.0,India-UK CETA,29/2026-Customs
07095500,All goods,24.0,0.0,0.0,India-UK CETA,29/2026-Customs
07095600,All goods,24.0,0.0,0.0,India-UK CETA,29/2026-Customs
07095900,All goods,24.0,0.0,0.0,India-UK CETA,29/2026-Customs
07097000,All goods,0.0,0.0,0.0,India-UK CETA,29/2026-Customs
07099100,All goods,0.0,0.0,0.0,India-UK CETA,29/2026-Customs
07099990,All goods,28.5,0.0,0.0,India-UK CETA,29/2026-Customs
07103000,All goods,0.0,0.0,0.0,India-UK CETA,29/2026-Customs
07112000,All goods,24.0,0.0,0.0,India-UK CETA,29/2026-Customs
07114000,All goods,27.0,0.0,0.0,India-UK CETA,29/2026-Customs
07115100,All goods,27.0,0.0,0.0,India-UK CETA,29/2026-Customs
07115900,All goods,27.0,0.0,0.0,India-UK CETA,29/2026-Customs
07119010,All goods,0.0,0.0,0.0,India-UK CETA,29/2026-Customs
07119020,All goods,0.0,0.0,0.0,India-UK CETA,29/2026-Customs
07119090,All goods,0.0,0.0,0.0,India-UK CETA,29/2026-Customs
07123100,All goods,0.0,0.0,0.0,India-UK CETA,29/2026-Customs
07123200,All goods,0.0,0.0,0.0,India-UK CETA,29/2026-Customs
07123300,All goods,0.0,0.0,0.0,India-UK CETA,29/2026-Customs
07123400,All goods,0.0,0.0,0.0,India-UK CETA,29/2026-Customs
07123900,All goods,24.0,0.0,0.0,India-UK CETA,29/2026-Customs
07133200,All goods,0.0,0.0,0.0,India-UK CETA,29/2026-Customs
07133400,All goods,0.0,0.0,0.0,India-UK CETA,29/2026-Customs
07141000,All goods,0.0,0.0,0.0,India-UK CETA,29/2026-Customs
07142000,All goods,0.0,0.0,0.0,India-UK CETA,29/2026-Customs
07143000,All goods,24.0,0.0,0.0,India-UK CETA,29/2026-Customs
07144000,All goods,24.0,0.0,0.0,India-UK CETA,29/2026-Customs
07145000,All goods,24.0,0.0,0.0,India-UK CETA,29/2026-Customs
07149010,All goods,0.0,0.0,0.0,India-UK CETA,29/2026-Customs
07149090,All goods,0.0,0.0,0.0,India-UK CETA,29/2026-Customs
08012100,All goods,0.0,0.0,0.0,India-UK CETA,29/2026-Customs
08012200,All goods,0.0,0.0,0.0,India-UK CETA,29/2026-Customs
08022100,All goods,24.0,0.0,0.0,India-UK CETA,29/2026-Customs
08022200,All goods,24.0,0.0,0.0,India-UK CETA,29/2026-Customs
08023100,All goods,80.0,0.0,0.0,India-UK CETA,29/2026-Customs
08024100,All goods,24.0,0.0,0.0,India-UK CETA,29/2026-Customs
08024200,All goods,24.0,0.0,0.0,India-UK CETA,29/2026-Customs
08025100,All goods,0.0,0.0,0.0,India-UK CETA,29/2026-Customs
08025200,All goods,0.0,0.0,0.0,India-UK CETA,29/2026-Customs
08031010,All goods,28.5,0.0,0.0,India-UK CETA,29/2026-Customs
08031090,All goods,28.5,0.0,0.0,India-UK CETA,29/2026-Customs
08039010,All goods,0.0,0.0,0.0,India-UK CETA,29/2026-Customs
08039090,All goods,0.0,0.0,0.0,India-UK CETA,29/2026-Customs
08041010,All goods,0.0,0.0,0.0,India-UK CETA,29/2026-Customs
08041090,All goods,0.0,0.0,0.0,India-UK CETA,29/2026-Customs
08042010,All goods,0.0,0.0,0.0,India-UK CETA,29/2026-Customs
08042090,All goods,0.0,0.0,0.0,India-UK CETA,29/2026-Customs
08045029,All goods,0.0,0.0,0.0,India-UK CETA,29/2026-Customs
08045030,All goods,0.0,0.0,0.0,India-UK CETA,29/2026-Customs
08045040,All goods,0.0,0.0,0.0,India-UK CETA,29/2026-Customs
08045090,All goods,0.0,0.0,0.0,India-UK CETA,29/2026-Customs
08052200,All goods,28.5,0.0,0.0,India-UK CETA,29/2026-Customs
08052900,All goods,0.0,0.0,0.0,India-UK CETA,29/2026-Customs
08071100,All goods,0.0,0.0,0.0,India-UK CETA,29/2026-Customs
08072000,All goods,0.0,0.0,0.0,India-UK CETA,29/2026-Customs
08084000,All goods,24.0,0.0,0.0,India-UK CETA,29/2026-Customs
08091000,All goods,0.0,0.0,0.0,India-UK CETA,29/2026-Customs
08092100,All goods,28.5,0.0,0.0,India-UK CETA,29/2026-Customs
08104010,All goods,0.0,0.0,0.0,India-UK CETA,29/2026-Customs
08104020,All goods,0.0,0.0,0.0,India-UK CETA,29/2026-Customs
08104090,All goods,0.0,0.0,0.0,India-UK CETA,29/2026-Customs
08106000,All goods,0.0,0.0,0.0,India-UK CETA,29/2026-Customs
08107000,All goods,0.0,0.0,0.0,India-UK CETA,29/2026-Customs
08109020,All goods,0.0,0.0,0.0,India-UK CETA,29/2026-Customs
08109030,All goods,0.0,0.0,0.0,India-UK CETA,29/2026-Customs
08109040,All goods,0.0,0.0,0.0,India-UK CETA,29/2026-Customs
08109050,All goods,0.0,0.0,0.0,India-UK CETA,29/2026-Customs
08111010,All goods,28.5,0.0,0.0,India-UK CETA,29/2026-Customs
08111020,All goods,0.0,0.0,0.0,India-UK CETA,29/2026-Customs
08111090,All goods,0.0,0.0,0.0,India-UK CETA,29/2026-Customs
08112010,All goods,0.0,0.0,0.0,India-UK CETA,29/2026-Customs
08112020,All goods,0.0,0.0,0.0,India-UK CETA,29/2026-Customs
08112090,All goods,24.0,0.0,0.0,India-UK CETA,29/2026-Customs
08119011,All goods,8.0,0.0,0.0,India-UK CETA,29/2026-Customs
08119012,All goods,8.0,0.0,0.0,India-UK CETA,29/2026-Customs
08119019,All goods,24.0,0.0,0.0,India-UK CETA,29/2026-Customs
08119091,All goods,8.0,0.0,0.0,India-UK CETA,29/2026-Customs
08119092,All goods,8.0,0.0,0.0,India-UK CETA,29/2026-Customs
08119099,All goods,24.0,0.0,0.0,India-UK CETA,29/2026-Customs
08121000,All goods,24.0,0.0,0.0,India-UK CETA,29/2026-Customs
08129010,All goods,28.5,0.0,0.0,India-UK CETA,29/2026-Customs
08129090,All goods,28.5,0.0,0.0,India-UK CETA,29/2026-Customs
08131000,All goods,24.0,0.0,0.0,India-UK CETA,29/2026-Customs
08132000,All goods,20.0,0.0,0.0,India-UK CETA,29/2026-Customs
08133000,All goods,28.5,0.0,0.0,India-UK CETA,29/2026-Customs
08134010,All goods,28.5,0.0,0.0,India-UK CETA,29/2026-Customs
08134020,All goods,0.0,0.0,0.0,India-UK CETA,29/2026-Customs
08134030,All goods,9.0,0.0,0.0,India-UK CETA,29/2026-Customs
08134040,All goods,9.0,0.0,0.0,India-UK CETA,29/2026-Customs
08134090,All goods,27.0,0.0,0.0,India-UK CETA,29/2026-Customs
08140000,All goods,24.0,0.0,0.0,India-UK CETA,29/2026-Customs
09030000,All goods,0.0,0.0,0.0,India-UK CETA,29/2026-Customs
09041150,All goods,63.0,0.0,0.0,India-UK CETA,29/2026-Customs
09041160,All goods,63.0,0.0,0.0,India-UK CETA,29/2026-Customs
09041170,All goods,63.0,0.0,0.0,India-UK CETA,29/2026-Customs
09041180,All goods,63.0,0.0,0.0,India-UK CETA,29/2026-Customs
09042110,All goods,0.0,0.0,0.0,India-UK CETA,29/2026-Customs
09042120,All goods,0.0,0.0,0.0,India-UK CETA,29/2026-Customs
09042229,All goods,0.0,0.0,0.0,India-UK CETA,29/2026-Customs
09051000,All goods,0.0,0.0,0.0,India-UK CETA,29/2026-Customs
09052000,All goods,0.0,0.0,0.0,India-UK CETA,29/2026-Customs
09061120,All goods,0.0,0.0,0.0,India-UK CETA,29/2026-Customs
09061910,All goods,0.0,0.0,0.0,India-UK CETA,29/2026-Customs
09096121,All goods,0.0,0.0,0.0,India-UK CETA,29/2026-Customs
09096129,All goods,0.0,0.0,0.0,India-UK CETA,29/2026-Customs
09096131,All goods,0.0,0.0,0.0,India-UK CETA,29/2026-Customs
09096141,All goods,0.0,0.0,0.0,India-UK CETA,29/2026-Customs
09096149,All goods,0.0,0.0,0.0,India-UK CETA,29/2026-Customs
09096210,All goods,0.0,0.0,0.0,India-UK CETA,29/2026-Customs
09096220,All goods,0.0,0.0,0.0,India-UK CETA,29/2026-Customs
09096230,All goods,0.0,0.0,0.0,India-UK CETA,29/2026-Customs
09096240,All goods,0.0,0.0,0.0,India-UK CETA,29/2026-Customs
09102020,All goods,24.0,0.0,0.0,India-UK CETA,29/2026-Customs
09109911,All goods,28.5,0.0,0.0,India-UK CETA,29/2026-Customs
09109912,All goods,28.5,0.0,0.0,India-UK CETA,29/2026-Customs
09109913,All goods,28.5,0.0,0.0,India-UK CETA,29/2026-Customs
09109915,All goods,28.5,0.0,0.0,India-UK CETA,29/2026-Customs
09109919,All goods,28.5,0.0,0.0,India-UK CETA,29/2026-Customs
09109921,All goods,28.5,0.0,0.0,India-UK CETA,29/2026-Customs
09109923,All goods,28.5,0.0,0.0,India-UK CETA,29/2026-Customs
09109925,All goods,28.5,0.0,0.0,India-UK CETA,29/2026-Customs
09109926,All goods,28.5,0.0,0.0,India-UK CETA,29/2026-Customs
10011900,All goods,36.0,0.0,0.0,India-UK CETA,29/2026-Customs
10021000,All goods,0.0,0.0,0.0,India-UK CETA,29/2026-Customs
10029000,All goods,0.0,0.0,0.0,India-UK CETA,29/2026-Customs
10031000,All goods,0.0,0.0,0.0,India-UK CETA,29/2026-Customs
10041000,All goods,0.0,0.0,0.0,India-UK CETA,29/2026-Customs
10063092,All goods,63.0,0.0,0.0,India-UK CETA,29/2026-Customs
10081010,All goods,0.0,0.0,0.0,India-UK CETA,29/2026-Customs
10081090,All goods,0.0,0.0,0.0,India-UK CETA,29/2026-Customs
10083010,All goods,0.0,0.0,0.0,India-UK CETA,29/2026-Customs
10083090,All goods,0.0,0.0,0.0,India-UK CETA,29/2026-Customs
10084000,All goods,0.0,0.0,0.0,India-UK CETA,29/2026-Customs
10085000,All goods,0.0,0.0,0.0,India-UK CETA,29/2026-Customs
10086000,All goods,0.0,0.0,0.0,India-UK CETA,29/2026-Customs
10089010,All goods,0.0,0.0,0.0,India-UK CETA,29/2026-Customs
10089090,All goods,0.0,0.0,0.0,India-UK CETA,29/2026-Customs
11022000,All goods,24.0,0.0,0.0,India-UK CETA,29/2026-Customs
11029010,All goods,27.0,0.0,0.0,India-UK CETA,29/2026-Customs
11029021,All goods,27.0,0.0,0.0,India-UK CETA,29/2026-Customs
11029022,All goods,27.0,0.0,0.0,India-UK CETA,29/2026-Customs
11029029,All goods,27.0,0.0,0.0,India-UK CETA,29/2026-Customs
11029090,All goods,27.0,0.0,0.0,India-UK CETA,29/2026-Customs
11031110,All goods,27.0,0.0,0.0,India-UK CETA,29/2026-Customs
11031120,All goods,27.0,0.0,0.0,India-UK CETA,29/2026-Customs
11031300,All goods,27.0,0.0,0.0,India-UK CETA,29/2026-Customs
11031900,All goods,27.0,0.0,0.0,India-UK CETA,29/2026-Customs
11032000,All goods,27.0,0.0,0.0,India-UK CETA,29/2026-Customs
11041900,All goods,24.0,0.0,0.0,India-UK CETA,29/2026-Customs
11042300,All goods,0.0,0.0,0.0,India-UK CETA,29/2026-Customs
11042900,All goods,0.0,0.0,0.0,India-UK CETA,29/2026-Customs
11043000,All goods,24.0,0.0,0.0,India-UK CETA,29/2026-Customs
11051000,All goods,24.0,0.0,0.0,India-UK CETA,29/2026-Customs
11052000,All goods,24.0,0.0,0.0,India-UK CETA,29/2026-Customs
11061010,All goods,24.0,0.0,0.0,India-UK CETA,29/2026-Customs
11061090,All goods,24.0,0.0,0.0,India-UK CETA,29/2026-Customs
11062010,All goods,0.0,0.0,0.0,India-UK CETA,29/2026-Customs
11062020,All goods,0.0,0.0,0.0,India-UK CETA,29/2026-Customs
11062090,All goods,0.0,0.0,0.0,India-UK CETA,29/2026-Customs
11063010,All goods,0.0,0.0,0.0,India-UK CETA,29/2026-Customs
11063020,All goods,0.0,0.0,0.0,India-UK CETA,29/2026-Customs
11063030,All goods,27.0,0.0,0.0,India-UK CETA,29/2026-Customs
11063090,All goods,24.0,0.0,0.0,India-UK CETA,29/2026-Customs
11071000,All goods,24.0,0.0,0.0,India-UK CETA,29/2026-Customs
11072000,All goods,24.0,0.0,0.0,India-UK CETA,29/2026-Customs
11081100,All goods,24.0,0.0,0.0,India-UK CETA,29/2026-Customs
11081200,All goods,24.0,0.0,0.0,India-UK CETA,29/2026-Customs
11081300,All goods,24.0,0.0,0.0,India-UK CETA,29/2026-Customs
11081400,All goods,40.0,0.0,0.0,India-UK CETA,29/2026-Customs
11081910,All goods,40.0,0.0,0.0,India-UK CETA,29/2026-Customs
11081990,All goods,40.0,0.0,0.0,India-UK CETA,29/2026-Customs
11082000,All goods,24.0,0.0,0.0,India-UK CETA,29/2026-Customs
12072100,All goods,0.0,0.0,0.0,India-UK CETA,29/2026-Customs
12072900,All goods,28.5,0.0,0.0,India-UK CETA,29/2026-Customs
12073010,All goods,27.0,0.0,0.0,India-UK CETA,29/2026-Customs
12073090,All goods,27.0,0.0,0.0,India-UK CETA,29/2026-Customs
12074010,All goods,28.5,0.0,0.0,India-UK CETA,29/2026-Customs
12077010,All goods,0.0,0.0,0.0,India-UK CETA,29/2026-Customs
12079100,All goods,0.0,0.0,0.0,India-UK CETA,29/2026-Customs
12079910,All goods,0.0,0.0,0.0,India-UK CETA,29/2026-Customs
12079920,All goods,0.0,0.0,0.0,India-UK CETA,29/2026-Customs
12079940,All goods,0.0,0.0,0.0,India-UK CETA,29/2026-Customs
12079950,All goods,0.0,0.0,0.0,India-UK CETA,29/2026-Customs
12079990,All goods,0.0,0.0,0.0,India-UK CETA,29/2026-Customs
12091000,All goods,0.0,0.0,0.0,India-UK CETA,29/2026-Customs
12092100,All goods,0.0,0.0,0.0,India-UK CETA,29/2026-Customs
12092200,All goods,0.0,0.0,0.0,India-UK CETA,29/2026-Customs
12092300,All goods,0.0,0.0,0.0,India-UK CETA,29/2026-Customs
12092400,All goods,0.0,0.0,0.0,India-UK CETA,29/2026-Customs
12092500,All goods,0.0,0.0,0.0,India-UK CETA,29/2026-Customs
12092910,All goods,0.0,0.0,0.0,India-UK CETA,29/2026-Customs
12092990,All goods,0.0,0.0,0.0,India-UK CETA,29/2026-Customs
12093000,All goods,0.0,0.0,0.0,India-UK CETA,29/2026-Customs
12099910,All goods,0.0,0.0,0.0,India-UK CETA,29/2026-Customs
12099990,All goods,0.0,0.0,0.0,India-UK CETA,29/2026-Customs
12101000,All goods,0.0,0.0,0.0,India-UK CETA,29/2026-Customs
12112000,All goods,0.0,0.0,0.0,India-UK CETA,29/2026-Customs
12113000,All goods,0.0,0.0,0.0,India-UK CETA,29/2026-Customs
12114000,All goods,0.0,0.0,0.0,India-UK CETA,29/2026-Customs
12115000,All goods,0.0,0.0,0.0,India-UK CETA,29/2026-Customs
121190,Unab,13.6,0.0,0.0,India-UK CETA,29/2026-Customs
121190,Lovage,13.6,0.0,0.0,India-UK CETA,29/2026-Customs
12119011,All goods,13.6,0.0,0.0,India-UK CETA,29/2026-Customs
12119012,All goods,13.6,0.0,0.0,India-UK CETA,29/2026-Customs
12119013,All goods,13.6,0.0,0.0,India-UK CETA,29/2026-Customs
12119019,All goods other than Tukmaria,13.6,0.0,0.0,India-UK CETA,29/2026-Customs
12119021,All goods,13.6,0.0,0.0,India-UK CETA,29/2026-Customs
12119022,All goods,13.6,0.0,0.0,India-UK CETA,29/2026-Customs
12119024,All goods,13.6,0.0,0.0,India-UK CETA,29/2026-Customs
12119026,All goods,13.6,0.0,0.0,India-UK CETA,29/2026-Customs
12119031,All goods,13.6,0.0,0.0,India-UK CETA,29/2026-Customs
12119033,All goods,13.6,0.0,0.0,India-UK CETA,29/2026-Customs
12119041,All goods,13.6,0.0,0.0,India-UK CETA,29/2026-Customs
12119043,All goods,13.6,0.0,0.0,India-UK CETA,29/2026-Customs
12119044,All goods,13.6,0.0,0.0,India-UK CETA,29/2026-Customs
12119046,All goods,13.6,0.0,0.0,India-UK CETA,29/2026-Customs
12119047,All goods,13.6,0.0,0.0,India-UK CETA,29/2026-Customs
12119048,All goods,13.6,0.0,0.0,India-UK CETA,29/2026-Customs
12119052,All goods,13.6,0.0,0.0,India-UK CETA,29/2026-Customs
12119054,All goods,13.6,0.0,0.0,India-UK CETA,29/2026-Customs
12119055,All goods,13.6,0.0,0.0,India-UK CETA,29/2026-Customs
12119059,All goods other than Tukmaria,13.6,0.0,0.0,India-UK CETA,29/2026-Customs
12119090,All goods other than Tukmaria,13.6,0.0,0.0,India-UK CETA,29/2026-Customs
12122110,All goods,0.0,0.0,0.0,India-UK CETA,29/2026-Customs
12122910,All goods,0.0,0.0,0.0,India-UK CETA,29/2026-Customs
12122990,All goods,0.0,0.0,0.0,India-UK CETA,29/2026-Customs
12129100,All goods,0.0,0.0,0.0,India-UK CETA,29/2026-Customs
12129200,All goods,0.0,0.0,0.0,India-UK CETA,29/2026-Customs
12129300,All goods,0.0,0.0,0.0,India-UK CETA,29/2026-Customs
12129400,All goods,0.0,0.0,0.0,India-UK CETA,29/2026-Customs
12129910,All goods,0.0,0.0,0.0,India-UK CETA,29/2026-Customs
12129920,All goods,0.0,0.0,0.0,India-UK CETA,29/2026-Customs
12129990,All goods,27.0,0.0,0.0,India-UK CETA,29/2026-Customs
12130000,All goods,0.0,0.0,0.0,India-UK CETA,29/2026-Customs
12141000,All goods,0.0,0.0,0.0,India-UK CETA,29/2026-Customs
12149000,All goods,0.0,0.0,0.0,India-UK CETA,29/2026-Customs
13021300,All goods,24.0,0.0,0.0,India-UK CETA,29/2026-Customs
14011000,All goods,0.0,0.0,0.0,India-UK CETA,29/2026-Customs
14012000,All goods,0.0,0.0,0.0,India-UK CETA,29/2026-Customs
14019010,All goods,0.0,0.0,0.0,India-UK CETA,29/2026-Customs
14019090,All goods,0.0,0.0,0.0,India-UK CETA,29/2026-Customs
14049010,All goods,0.0,0.0,0.0,India-UK CETA,29/2026-Customs
14049040,All goods,0.0,0.0,0.0,India-UK CETA,29/2026-Customs
14049060,All goods,0.0,0.0,0.0,India-UK CETA,29/2026-Customs
14049070,All goods,0.0,0.0,0.0,India-UK CETA,29/2026-Customs
14049090,All goods,25.8,0.0,0.0,India-UK CETA,29/2026-Customs
16021000,All goods,24.0,0.0,0.0,India-UK CETA,29/2026-Customs
16022000,All goods,24.0,0.0,0.0,India-UK CETA,29/2026-Customs
16023100,All goods,24.0,0.0,0.0,India-UK CETA,29/2026-Customs
16023200,All goods,80.0,0.0,0.0,India-UK CETA,29/2026-Customs
16023900,All goods,24.0,0.0,0.0,India-UK CETA,29/2026-Customs
16024100,All goods,24.0,0.0,0.0,India-UK CETA,29/2026-Customs
16024200,All goods,24.0,0.0,0.0,India-UK CETA,29/2026-Customs
16024900,All goods,24.0,0.0,0.0,India-UK CETA,29/2026-Customs
16025000,All goods,24.0,0.0,0.0,India-UK CETA,29/2026-Customs
16029000,All goods,27.0,0.0,0.0,India-UK CETA,29/2026-Customs
16030010,All goods,0.0,0.0,0.0,India-UK CETA,29/2026-Customs
16030020,All goods,0.0,0.0,0.0,India-UK CETA,29/2026-Customs
16030090,All goods,0.0,0.0,0.0,India-UK CETA,29/2026-Customs
16041100,All goods,24.0,0.0,0.0,India-UK CETA,29/2026-Customs
16041210,All goods,27.0,0.0,0.0,India-UK CETA,29/2026-Customs
16041290,All goods,27.0,0.0,0.0,India-UK CETA,29/2026-Customs
16041310,All goods,27.0,0.0,0.0,India-UK CETA,29/2026-Customs
16041320,All goods,27.0,0.0,0.0,India-UK CETA,29/2026-Customs
16041410,All goods,27.0,0.0,0.0,India-UK CETA,29/2026-Customs
16041490,All goods,27.0,0.0,0.0,India-UK CETA,29/2026-Customs
16041500,All goods,27.0,0.0,0.0,India-UK CETA,29/2026-Customs
16041600,All goods,27.0,0.0,0.0,India-UK CETA,29/2026-Customs
16041700,All goods,27.0,0.0,0.0,India-UK CETA,29/2026-Customs
16041800,All goods,27.0,0.0,0.0,India-UK CETA,29/2026-Customs
16041900,All goods,27.0,0.0,0.0,India-UK CETA,29/2026-Customs
16042000,All goods,27.0,0.0,0.0,India-UK CETA,29/2026-Customs
16043100,All goods,27.0,0.0,0.0,India-UK CETA,29/2026-Customs
16043200,All goods,27.0,0.0,0.0,India-UK CETA,29/2026-Customs
16051000,All goods,27.0,0.0,0.0,India-UK CETA,29/2026-Customs
16052100,All goods,27.0,0.0,0.0,India-UK CETA,29/2026-Customs
16052900,All goods,27.0,0.0,0.0,India-UK CETA,29/2026-Customs
16053000,All goods,27.0,0.0,0.0,India-UK CETA,29/2026-Customs
16054000,All goods,24.0,0.0,0.0,India-UK CETA,29/2026-Customs
16055100,All goods,27.0,0.0,0.0,India-UK CETA,29/2026-Customs
16055200,All goods,27.0,0.0,0.0,India-UK CETA,29/2026-Customs
16055300,All goods,27.0,0.0,0.0,India-UK CETA,29/2026-Customs
16055400,All goods,27.0,0.0,0.0,India-UK CETA,29/2026-Customs
16055500,All goods,27.0,0.0,0.0,India-UK CETA,29/2026-Customs
16055600,All goods,27.0,0.0,0.0,India-UK CETA,29/2026-Customs
16055700,All goods,27.0,0.0,0.0,India-UK CETA,29/2026-Customs
16055800,All goods,27.0,0.0,0.0,India-UK CETA,29/2026-Customs
16055900,All goods,27.0,0.0,0.0,India-UK CETA,29/2026-Customs
16056100,All goods,27.0,0.0,0.0,India-UK CETA,29/2026-Customs
16056200,All goods,27.0,0.0,0.0,India-UK CETA,29/2026-Customs
16056300,All goods,27.0,0.0,0.0,India-UK CETA,29/2026-Customs
16056900,All goods,27.0,0.0,0.0,India-UK CETA,29/2026-Customs
17011200,All goods,90.0,0.0,0.0,India-UK CETA,29/2026-Customs
17011310,All goods,90.0,0.0,0.0,India-UK CETA,29/2026-Customs
17011320,All goods,90.0,0.0,0.0,India-UK CETA,29/2026-Customs
17011390,All goods,90.0,0.0,0.0,India-UK CETA,29/2026-Customs
17011410,All goods,90.0,0.0,0.0,India-UK CETA,29/2026-Customs
17011420,All goods,90.0,0.0,0.0,India-UK CETA,29/2026-Customs
17011490,All goods,90.0,0.0,0.0,India-UK CETA,29/2026-Customs
17019100,All goods,90.0,0.0,0.0,India-UK CETA,29/2026-Customs
17019910,All goods,90.0,0.0,0.0,India-UK CETA,29/2026-Customs
17019990,All goods,90.0,0.0,0.0,India-UK CETA,29/2026-Customs
17021110,All goods,20.0,0.0,0.0,India-UK CETA,29/2026-Customs
17021190,All goods,20.0,0.0,0.0,India-UK CETA,29/2026-Customs
17021910,All goods,20.0,0.0,0.0,India-UK CETA,29/2026-Customs
17021990,All goods,20.0,0.0,0.0,India-UK CETA,29/2026-Customs
17022010,All goods,0.0,0.0,0.0,India-UK CETA,29/2026-Customs
17022090,All goods,27.0,0.0,0.0,India-UK CETA,29/2026-Customs
17023010,All goods,24.0,0.0,0.0,India-UK CETA,29/2026-Customs
17023020,All goods,0.0,0.0,0.0,India-UK CETA,29/2026-Customs
17023031,All goods,0.0,0.0,0.0,India-UK CETA,29/2026-Customs
17023039,All goods,0.0,0.0,0.0,India-UK CETA,29/2026-Customs
17024010,All goods,0.0,0.0,0.0,India-UK CETA,29/2026-Customs
17024020,All goods,0.0,0.0,0.0,India-UK CETA,29/2026-Customs
17024031,All goods,0.0,0.0,0.0,India-UK CETA,29/2026-Customs
17024039,All goods,0.0,0.0,0.0,India-UK CETA,29/2026-Customs
17025000,All goods,0.0,0.0,0.0,India-UK CETA,29/2026-Customs
17026010,All goods,0.0,0.0,0.0,India-UK CETA,29/2026-Customs
17026090,All goods,0.0,0.0,0.0,India-UK CETA,29/2026-Customs
17029010,All goods,0.0,0.0,0.0,India-UK CETA,29/2026-Customs
17029020,All goods,0.0,0.0,0.0,India-UK CETA,29/2026-Customs
17029030,All goods,0.0,0.0,0.0,India-UK CETA,29/2026-Customs
17029040,All goods,0.0,0.0,0.0,India-UK CETA,29/2026-Customs
17029050,All goods,0.0,0.0,0.0,India-UK CETA,29/2026-Customs
17029090,All goods,0.0,0.0,0.0,India-UK CETA,29/2026-Customs
17039010,All goods,0.0,0.0,0.0,India-UK CETA,29/2026-Customs
17039090,All goods,0.0,0.0,0.0,India-UK CETA,29/2026-Customs
17041000,All goods,40.5,0.0,0.0,India-UK CETA,29/2026-Customs
17049010,All goods,25.8,0.0,0.0,India-UK CETA,29/2026-Customs
17049020,All goods,25.8,0.0,0.0,India-UK CETA,29/2026-Customs
17049030,All goods,25.8,0.0,0.0,India-UK CETA,29/2026-Customs
17049090,All goods,27.0,0.0,0.0,India-UK CETA,29/2026-Customs
18010000,All goods,12.0,0.0,0.0,India-UK CETA,29/2026-Customs
18020000,All goods,24.0,0.0,0.0,India-UK CETA,29/2026-Customs
18031000,All goods,24.0,0.0,0.0,India-UK CETA,29/2026-Customs
18032000,All goods,24.0,0.0,0.0,India-UK CETA,29/2026-Customs
18040000,All goods,24.0,0.0,0.0,India-UK CETA,29/2026-Customs
18050000,All goods,24.0,0.0,0.0,India-UK CETA,29/2026-Customs
18061000,All goods,24.0,0.0,0.0,India-UK CETA,29/2026-Customs
18062000,All goods,24.0,0.0,0.0,India-UK CETA,29/2026-Customs
18063100,All goods,25.8,0.0,0.0,India-UK CETA,29/2026-Customs
18063200,All goods,25.8,0.0,0.0,India-UK CETA,29/2026-Customs
18069010,All goods,25.8,0.0,0.0,India-UK CETA,29/2026-Customs
18069020,All goods,25.8,0.0,0.0,India-UK CETA,29/2026-Customs
18069030,All goods,25.8,0.0,0.0,India-UK CETA,29/2026-Customs
18069040,All goods,25.8,0.0,0.0,India-UK CETA,29/2026-Customs
18069090,All goods,25.8,0.0,0.0,India-UK CETA,29/2026-Customs
19011010,All goods,0.0,0.0,0.0,India-UK CETA,29/2026-Customs
19011090,All goods,42.9,0.0,0.0,India-UK CETA,29/2026-Customs
19012000,All goods,0.0,0.0,0.0,India-UK CETA,29/2026-Customs
19019010,All goods,25.8,0.0,0.0,India-UK CETA,29/2026-Customs
19021100,All goods,0.0,0.0,0.0,India-UK CETA,29/2026-Customs
19021900,All goods,0.0,0.0,0.0,India-UK CETA,29/2026-Customs
19022010,All goods,0.0,0.0,0.0,India-UK CETA,29/2026-Customs
19022090,All goods,0.0,0.0,0.0,India-UK CETA,29/2026-Customs
19023010,All goods,25.8,0.0,0.0,India-UK CETA,29/2026-Customs
19023090,All goods,25.8,0.0,0.0,India-UK CETA,29/2026-Customs
19024010,All goods,0.0,0.0,0.0,India-UK CETA,29/2026-Customs
19024090,All goods,0.0,0.0,0.0,India-UK CETA,29/2026-Customs
19030000,All goods,40.0,0.0,0.0,India-UK CETA,29/2026-Customs
19041010,All goods,24.0,0.0,0.0,India-UK CETA,29/2026-Customs
19041020,All goods,0.0,0.0,0.0,India-UK CETA,29/2026-Customs
19041030,All goods,0.0,0.0,0.0,India-UK CETA,29/2026-Customs
19041090,All goods,24.0,0.0,0.0,India-UK CETA,29/2026-Customs
19042010,All goods,24.0,0.0,0.0,India-UK CETA,29/2026-Customs
19042090,All goods,24.0,0.0,0.0,India-UK CETA,29/2026-Customs
19043000,All goods,0.0,0.0,0.0,India-UK CETA,29/2026-Customs
19049000,All goods,24.0,0.0,0.0,India-UK CETA,29/2026-Customs
19051000,All goods,24.0,0.0,0.0,India-UK CETA,29/2026-Customs
19052000,All goods,24.0,0.0,0.0,India-UK CETA,29/2026-Customs
19053100,All goods,24.0,0.0,0.0,India-UK CETA,29/2026-Customs
19053211,All goods,25.8,0.0,0.0,India-UK CETA,29/2026-Customs
19053290,All goods,25.8,0.0,0.0,India-UK CETA,29/2026-Customs
19054000,All goods,25.8,0.0,0.0,India-UK CETA,29/2026-Customs
19059010,All goods,27.0,0.0,0.0,India-UK CETA,29/2026-Customs
19059020,All goods,25.8,0.0,0.0,India-UK CETA,29/2026-Customs
19059030,All goods,27.0,0.0,0.0,India-UK CETA,29/2026-Customs
19059051,All goods,25.8,0.0,0.0,India-UK CETA,29/2026-Customs
19059059,All goods,25.8,0.0,0.0,India-UK CETA,29/2026-Customs
19059090,All goods,25.8,0.0,0.0,India-UK CETA,29/2026-Customs
20029000,All goods,27.0,0.0,0.0,India-UK CETA,29/2026-Customs
20031000,All goods,27.0,0.0,0.0,India-UK CETA,29/2026-Customs
20039010,All goods,27.0,0.0,0.0,India-UK CETA,29/2026-Customs
20039090,All goods,27.0,0.0,0.0,India-UK CETA,29/2026-Customs
20051000,All goods,27.0,0.0,0.0,India-UK CETA,29/2026-Customs
20052000,All goods,27.0,0.0,0.0,India-UK CETA,29/2026-Customs
20054000,All goods,27.0,0.0,0.0,India-UK CETA,29/2026-Customs
20055100,All goods,27.0,0.0,0.0,India-UK CETA,29/2026-Customs
20055900,All goods,27.0,0.0,0.0,India-UK CETA,29/2026-Customs
20056000,All goods,27.0,0.0,0.0,India-UK CETA,29/2026-Customs
20057000,All goods,27.0,0.0,0.0,India-UK CETA,29/2026-Customs
20058000,All goods,27.0,0.0,0.0,India-UK CETA,29/2026-Customs
20059100,All goods,27.0,0.0,0.0,India-UK CETA,29/2026-Customs
20081999,All goods,27.0,0.0,0.0,India-UK CETA,29/2026-Customs
20082000,All goods,27.0,0.0,0.0,India-UK CETA,29/2026-Customs
20083010,All goods,27.0,0.0,0.0,India-UK CETA,29/2026-Customs
20083090,All goods,27.0,0.0,0.0,India-UK CETA,29/2026-Customs
20084000,All goods,27.0,0.0,0.0,India-UK CETA,29/2026-Customs
20085000,All goods,27.0,0.0,0.0,India-UK CETA,29/2026-Customs
20086000,All goods,27.0,0.0,0.0,India-UK CETA,29/2026-Customs
20088000,All goods,27.0,0.0,0.0,India-UK CETA,29/2026-Customs
20098100,All goods,45.0,0.0,0.0,India-UK CETA,29/2026-Customs
21013010,All goods,24.0,0.0,0.0,India-UK CETA,29/2026-Customs
21013020,All goods,27.0,0.0,0.0,India-UK CETA,29/2026-Customs
21013090,All goods,24.0,0.0,0.0,India-UK CETA,29/2026-Customs
21021010,All goods,24.0,0.0,0.0,India-UK CETA,29/2026-Customs
21021020,All goods,24.0,0.0,0.0,India-UK CETA,29/2026-Customs
21021090,All goods,24.0,0.0,0.0,India-UK CETA,29/2026-Customs
21022000,All goods,24.0,0.0,0.0,India-UK CETA,29/2026-Customs
21023000,All goods,24.0,0.0,0.0,India-UK CETA,29/2026-Customs
21041010,All goods,27.0,0.0,0.0,India-UK CETA,29/2026-Customs
21041090,All goods,27.0,0.0,0.0,India-UK CETA,29/2026-Customs
21042000,All goods,27.0,0.0,0.0,India-UK CETA,29/2026-Customs
21061000,All goods,36.0,0.0,0.0,India-UK CETA,29/2026-Customs
21069011,All goods,45.0,0.0,0.0,India-UK CETA,29/2026-Customs
21069019,All goods,45.0,0.0,0.0,India-UK CETA,29/2026-Customs
21069020,All goods,40.0,0.0,0.0,India-UK CETA,29/2026-Customs
21069030,All goods,40.0,0.0,0.0,India-UK CETA,29/2026-Customs
21069040,All goods,40.0,0.0,0.0,India-UK CETA,29/2026-Customs
21069059,"All goods other than (i)Compound alcoholic preparations (other than those based on odoriferous substances) of a kind used for the manufacture of beverages, of an alcoholic strength by volume exceeding","0.5% vol., determined at 20° C, (ii) Compound Preparations For Making Non-Alcoholic Beverages 25.0",0.0,0.0,India-UK CETA,29/2026-Customs
21069060,All goods,45.0,0.0,0.0,India-UK CETA,29/2026-Customs
21069070,All goods,40.0,0.0,0.0,India-UK CETA,29/2026-Customs
21069080,All goods,40.0,0.0,0.0,India-UK CETA,29/2026-Customs
21069091,All goods,40.0,0.0,0.0,India-UK CETA,29/2026-Customs
21069092,All goods,40.0,0.0,0.0,India-UK CETA,29/2026-Customs
21069099,"All goods other than (i)Compound alcoholic preparations (other than those based on odoriferous substances) of a kind used for the manufacture of beverages, of an alcoholic strength by volume exceeding","0.5% vol., determined at 20° C, (ii) Compound Preparations For Making Non-Alcoholic Beverages 25.0",0.0,0.0,India-UK CETA,29/2026-Customs
22011010,All goods,0.0,0.0,0.0,India-UK CETA,29/2026-Customs
22011020,All goods,27.0,0.0,0.0,India-UK CETA,29/2026-Customs
22019010,All goods,0.0,0.0,0.0,India-UK CETA,29/2026-Customs
22019090,All goods,27.0,0.0,0.0,India-UK CETA,29/2026-Customs
22021010,All goods,24.0,0.0,0.0,India-UK CETA,29/2026-Customs
22021020,All goods,24.0,0.0,0.0,India-UK CETA,29/2026-Customs
22021090,All goods,24.0,0.0,0.0,India-UK CETA,29/2026-Customs
22029100,All goods,27.0,0.0,0.0,India-UK CETA,29/2026-Customs
22029991,"All goods, other than (i) beverages containing milk; (ii) fruit pulp or fruit juice based drinks",8.6,0.0,0.0,India-UK CETA,29/2026-Customs
22029999,All goods,25.8,0.0,0.0,India-UK CETA,29/2026-Customs
22030000,All goods,96.4,0.0,0.0,India-UK CETA,29/2026-Customs
22083012,All goods,25.0,50.0,0.0,India-UK CETA,29/2026-Customs
22083013,All goods,25.0,50.0,0.0,India-UK CETA,29/2026-Customs
22083019,All goods,25.0,50.0,0.0,India-UK CETA,29/2026-Customs
22083092,All goods,25.0,50.0,0.0,India-UK CETA,29/2026-Customs
22083093,All goods,25.0,50.0,0.0,India-UK CETA,29/2026-Customs
22083099,All goods,25.0,50.0,0.0,India-UK CETA,29/2026-Customs
22085011,All goods,25.0,50.0,0.0,India-UK CETA,29/2026-Customs
22085091,All goods,25.0,50.0,0.0,India-UK CETA,29/2026-Customs
22090010,All goods,0.0,0.0,0.0,India-UK CETA,29/2026-Customs
22090020,All goods,0.0,0.0,0.0,India-UK CETA,29/2026-Customs
22090090,All goods,0.0,0.0,0.0,India-UK CETA,29/2026-Customs
23011010,All goods,0.0,0.0,0.0,India-UK CETA,29/2026-Customs
23011090,All goods,0.0,0.0,0.0,India-UK CETA,29/2026-Customs
23012011,All goods,0.0,0.0,0.0,India-UK CETA,29/2026-Customs
23012019,All goods,0.0,0.0,0.0,India-UK CETA,29/2026-Customs
23012090,All goods,0.0,0.0,0.0,India-UK CETA,29/2026-Customs
23021010,All goods,0.0,0.0,0.0,India-UK CETA,29/2026-Customs
23021090,All goods,0.0,0.0,0.0,India-UK CETA,29/2026-Customs
23023000,All goods,0.0,0.0,0.0,India-UK CETA,29/2026-Customs
23024000,All goods,0.0,0.0,0.0,India-UK CETA,29/2026-Customs
23025000,All goods,0.0,0.0,0.0,India-UK CETA,29/2026-Customs
23031000,All goods,0.0,0.0,0.0,India-UK CETA,29/2026-Customs
23032000,All goods,0.0,0.0,0.0,India-UK CETA,29/2026-Customs
23033000,All goods,0.0,0.0,0.0,India-UK CETA,29/2026-Customs
23050010,All goods,0.0,0.0,0.0,India-UK CETA,29/2026-Customs
23050020,All goods,0.0,0.0,0.0,India-UK CETA,29/2026-Customs
23050090,All goods,0.0,0.0,0.0,India-UK CETA,29/2026-Customs
23061010,All goods,0.0,0.0,0.0,India-UK CETA,29/2026-Customs
23061020,All goods,0.0,0.0,0.0,India-UK CETA,29/2026-Customs
23061030,All goods,0.0,0.0,0.0,India-UK CETA,29/2026-Customs
23061040,All goods,0.0,0.0,0.0,India-UK CETA,29/2026-Customs
23061090,All goods,0.0,0.0,0.0,India-UK CETA,29/2026-Customs
23062010,All goods,0.0,0.0,0.0,India-UK CETA,29/2026-Customs
23062020,All goods,0.0,0.0,0.0,India-UK CETA,29/2026-Customs
23062090,All goods,0.0,0.0,0.0,India-UK CETA,29/2026-Customs
23063010,All goods,0.0,0.0,0.0,India-UK CETA,29/2026-Customs
23063020,All goods,0.0,0.0,0.0,India-UK CETA,29/2026-Customs
23063090,All goods,0.0,0.0,0.0,India-UK CETA,29/2026-Customs
23064100,All goods,0.0,0.0,0.0,India-UK CETA,29/2026-Customs
23064900,All goods,0.0,0.0,0.0,India-UK CETA,29/2026-Customs
23065010,All goods,0.0,0.0,0.0,India-UK CETA,29/2026-Customs
23065020,All goods,0.0,0.0,0.0,India-UK CETA,29/2026-Customs
23065090,All goods,0.0,0.0,0.0,India-UK CETA,29/2026-Customs
23066000,All goods,0.0,0.0,0.0,India-UK CETA,29/2026-Customs
23069011,All goods,0.0,0.0,0.0,India-UK CETA,29/2026-Customs
23069012,All goods,0.0,0.0,0.0,India-UK CETA,29/2026-Customs
23069013,All goods,0.0,0.0,0.0,India-UK CETA,29/2026-Customs
23069014,All goods,0.0,0.0,0.0,India-UK CETA,29/2026-Customs
23069015,All goods,0.0,0.0,0.0,India-UK CETA,29/2026-Customs
23069016,All goods,0.0,0.0,0.0,India-UK CETA,29/2026-Customs
23069017,All goods,0.0,0.0,0.0,India-UK CETA,29/2026-Customs
23069018,All goods,0.0,0.0,0.0,India-UK CETA,29/2026-Customs
23069019,All goods,0.0,0.0,0.0,India-UK CETA,29/2026-Customs
23069021,All goods,0.0,0.0,0.0,India-UK CETA,29/2026-Customs
23069022,All goods,0.0,0.0,0.0,India-UK CETA,29/2026-Customs
23069023,All goods,0.0,0.0,0.0,India-UK CETA,29/2026-Customs
23069024,All goods,0.0,0.0,0.0,India-UK CETA,29/2026-Customs
23069025,All goods,0.0,0.0,0.0,India-UK CETA,29/2026-Customs
23069026,All goods,0.0,0.0,0.0,India-UK CETA,29/2026-Customs
23069027,All goods,0.0,0.0,0.0,India-UK CETA,29/2026-Customs
23069028,All goods,0.0,0.0,0.0,India-UK CETA,29/2026-Customs
23069029,All goods,0.0,0.0,0.0,India-UK CETA,29/2026-Customs
23069030,All goods,0.0,0.0,0.0,India-UK CETA,29/2026-Customs
23069090,All goods,0.0,0.0,0.0,India-UK CETA,29/2026-Customs
23070000,All goods,0.0,0.0,0.0,India-UK CETA,29/2026-Customs
23080000,All goods,0.0,0.0,0.0,India-UK CETA,29/2026-Customs
23091000,All goods,17.2,0.0,0.0,India-UK CETA,29/2026-Customs
23099010,All goods,13.6,0.0,0.0,India-UK CETA,29/2026-Customs
23099020,All goods,13.6,0.0,0.0,India-UK CETA,29/2026-Customs
23099031,All goods,4.0,0.0,0.0,India-UK CETA,29/2026-Customs
23099032,All goods,12.0,0.0,0.0,India-UK CETA,29/2026-Customs
23099039,All goods,12.0,0.0,0.0,India-UK CETA,29/2026-Customs
23099090,All goods,12.0,0.0,0.0,India-UK CETA,29/2026-Customs
25010010,All goods,0.0,0.0,0.0,India-UK CETA,29/2026-Customs
25010020,All goods,0.0,0.0,0.0,India-UK CETA,29/2026-Customs
25010090,All goods,0.0,0.0,0.0,India-UK CETA,29/2026-Customs
25020000,All goods,0.0,0.0,0.0,India-UK CETA,29/2026-Customs
25030010,All goods,0.0,0.0,0.0,India-UK CETA,29/2026-Customs
25030090,All goods,0.0,0.0,0.0,India-UK CETA,29/2026-Customs
25041010,All goods,0.0,0.0,0.0,India-UK CETA,29/2026-Customs
25041020,All goods,0.0,0.0,0.0,India-UK CETA,29/2026-Customs
25041090,All goods,0.0,0.0,0.0,India-UK CETA,29/2026-Customs
25049010,All goods,0.0,0.0,0.0,India-UK CETA,29/2026-Customs
25049090,All goods,0.0,0.0,0.0,India-UK CETA,29/2026-Customs
25051011,All goods,0.0,0.0,0.0,India-UK CETA,29/2026-Customs
25051012,All goods,0.0,0.0,0.0,India-UK CETA,29/2026-Customs
25051019,All goods,0.0,0.0,0.0,India-UK CETA,29/2026-Customs
25051020,All goods,0.0,0.0,0.0,India-UK CETA,29/2026-Customs
25059000,All goods,0.0,0.0,0.0,India-UK CETA,29/2026-Customs
25061010,All goods,0.0,0.0,0.0,India-UK CETA,29/2026-Customs
25061020,All goods,0.0,0.0,0.0,India-UK CETA,29/2026-Customs
25062010,All goods,0.0,0.0,0.0,India-UK CETA,29/2026-Customs
25062020,All goods,0.0,0.0,0.0,India-UK CETA,29/2026-Customs
25062090,All goods,0.0,0.0,0.0,India-UK CETA,29/2026-Customs
25070010,All goods,0.0,0.0,0.0,India-UK CETA,29/2026-Customs
25070021,All goods,0.0,0.0,0.0,India-UK CETA,29/2026-Customs
25070022,All goods,4.0,0.0,0.0,India-UK CETA,29/2026-Customs
25070029,All goods,4.0,0.0,0.0,India-UK CETA,29/2026-Customs
25081010,All goods,0.0,0.0,0.0,India-UK CETA,29/2026-Customs
25081090,All goods,4.0,0.0,0.0,India-UK CETA,29/2026-Customs
25083010,All goods,0.0,0.0,0.0,India-UK CETA,29/2026-Customs
25083020,All goods,0.0,0.0,0.0,India-UK CETA,29/2026-Customs
25083030,All goods,0.0,0.0,0.0,India-UK CETA,29/2026-Customs
25083090,All goods,0.0,0.0,0.0,India-UK CETA,29/2026-Customs
25084010,All goods,4.0,0.0,0.0,India-UK CETA,29/2026-Customs
25084020,All goods,0.0,0.0,0.0,India-UK CETA,29/2026-Customs
25084090,All goods,0.0,0.0,0.0,India-UK CETA,29/2026-Customs
25085010,All goods,0.0,0.0,0.0,India-UK CETA,29/2026-Customs
25085021,All goods,0.0,0.0,0.0,India-UK CETA,29/2026-Customs
25085022,All goods,0.0,0.0,0.0,India-UK CETA,29/2026-Customs
25085023,All goods,0.0,0.0,0.0,India-UK CETA,29/2026-Customs
25085031,All goods,0.0,0.0,0.0,India-UK CETA,29/2026-Customs
25085032,All goods,0.0,0.0,0.0,India-UK CETA,29/2026-Customs
25085039,All goods,0.0,0.0,0.0,India-UK CETA,29/2026-Customs
25086000,All goods,0.0,0.0,0.0,India-UK CETA,29/2026-Customs
25087000,All goods,0.0,0.0,0.0,India-UK CETA,29/2026-Customs
25090000,All goods,0.0,0.0,0.0,India-UK CETA,29/2026-Customs
25101010,All goods,0.0,0.0,0.0,India-UK CETA,29/2026-Customs
25101020,All goods,0.0,0.0,0.0,India-UK CETA,29/2026-Customs
25101030,All goods,0.0,0.0,0.0,India-UK CETA,29/2026-Customs
25101090,All goods,0.0,0.0,0.0,India-UK CETA,29/2026-Customs
25102010,All goods,0.0,0.0,0.0,India-UK CETA,29/2026-Customs
25102020,All goods,0.0,0.0,0.0,India-UK CETA,29/2026-Customs
25102030,All goods,0.0,0.0,0.0,India-UK CETA,29/2026-Customs
25102090,All goods,0.0,0.0,0.0,India-UK CETA,29/2026-Customs
25111010,All goods,0.0,0.0,0.0,India-UK CETA,29/2026-Customs
25111020,All goods,0.0,0.0,0.0,India-UK CETA,29/2026-Customs
25111090,All goods,0.0,0.0,0.0,India-UK CETA,29/2026-Customs
25112000,All goods,0.0,0.0,0.0,India-UK CETA,29/2026-Customs
25120010,All goods,0.0,0.0,0.0,India-UK CETA,29/2026-Customs
25120020,All goods,0.0,0.0,0.0,India-UK CETA,29/2026-Customs
25120030,All goods,0.0,0.0,0.0,India-UK CETA,29/2026-Customs
25120090,All goods,0.0,0.0,0.0,India-UK CETA,29/2026-Customs
25131000,All goods,0.0,0.0,0.0,India-UK CETA,29/2026-Customs
25132010,All goods,0.0,0.0,0.0,India-UK CETA,29/2026-Customs
25132020,All goods,0.0,0.0,0.0,India-UK CETA,29/2026-Customs
25132030,All goods,0.0,0.0,0.0,India-UK CETA,29/2026-Customs
25132090,All goods,0.0,0.0,0.0,India-UK CETA,29/2026-Customs
25140000,All goods,0.0,0.0,0.0,India-UK CETA,29/2026-Customs
25151100,All goods,18.0,18.0,0.0,India-UK CETA,29/2026-Customs
25151210,All goods,18.0,18.0,0.0,India-UK CETA,29/2026-Customs
25151220,All goods,18.0,18.0,0.0,India-UK CETA,29/2026-Customs
25151290,All goods,18.0,18.0,0.0,India-UK CETA,29/2026-Customs
25152010,All goods,0.0,0.0,0.0,India-UK CETA,29/2026-Customs
25152090,All goods,0.0,0.0,0.0,India-UK CETA,29/2026-Customs
25161100,All goods,16.0,16.0,0.0,India-UK CETA,29/2026-Customs
25161200,All goods,16.0,16.0,0.0,India-UK CETA,29/2026-Customs
25162000,All goods,0.0,0.0,0.0,India-UK CETA,29/2026-Customs
25169010,All goods,0.0,0.0,0.0,India-UK CETA,29/2026-Customs
25169020,All goods,0.0,0.0,0.0,India-UK CETA,29/2026-Customs
25169090,All goods,0.0,0.0,0.0,India-UK CETA,29/2026-Customs
25171010,All goods,0.0,0.0,0.0,India-UK CETA,29/2026-Customs
25171020,All goods,0.0,0.0,0.0,India-UK CETA,29/2026-Customs
25171090,All goods,0.0,0.0,0.0,India-UK CETA,29/2026-Customs
25172000,All goods,0.0,0.0,0.0,India-UK CETA,29/2026-Customs
25173000,All goods,0.0,0.0,0.0,India-UK CETA,29/2026-Customs
25174100,All goods,0.0,0.0,0.0,India-UK CETA,29/2026-Customs
25174900,All goods,0.0,0.0,0.0,India-UK CETA,29/2026-Customs
25181000,All goods,0.0,0.0,0.0,India-UK CETA,29/2026-Customs
25182000,All goods,0.0,0.0,0.0,India-UK CETA,29/2026-Customs
25191000,All goods,0.0,0.0,0.0,India-UK CETA,29/2026-Customs
25199010,All goods,4.0,0.0,0.0,India-UK CETA,29/2026-Customs
25199020,All goods,4.0,0.0,0.0,India-UK CETA,29/2026-Customs
25199030,All goods,4.0,0.0,0.0,India-UK CETA,29/2026-Customs
25199040,All goods,4.0,0.0,0.0,India-UK CETA,29/2026-Customs
25199090,All goods,4.0,0.0,0.0,India-UK CETA,29/2026-Customs
25201010,All goods,0.0,0.0,0.0,India-UK CETA,29/2026-Customs
25201020,All goods,0.0,0.0,0.0,India-UK CETA,29/2026-Customs
25201090,All goods,0.0,0.0,0.0,India-UK CETA,29/2026-Customs
25202010,All goods,0.0,0.0,0.0,India-UK CETA,29/2026-Customs
25202090,All goods,0.0,0.0,0.0,India-UK CETA,29/2026-Customs
25210010,All goods,0.0,0.0,0.0,India-UK CETA,29/2026-Customs
25210090,All goods,0.0,0.0,0.0,India-UK CETA,29/2026-Customs
25221000,All goods,0.0,0.0,0.0,India-UK CETA,29/2026-Customs
25222000,All goods,0.0,0.0,0.0,India-UK CETA,29/2026-Customs
25223000,All goods,0.0,0.0,0.0,India-UK CETA,29/2026-Customs
25231000,All goods,8.0,0.0,0.0,India-UK CETA,29/2026-Customs
25232100,All goods,0.0,0.0,0.0,India-UK CETA,29/2026-Customs
25232910,All goods,0.0,0.0,0.0,India-UK CETA,29/2026-Customs
25232920,All goods,0.0,0.0,0.0,India-UK CETA,29/2026-Customs
25232930,All goods,0.0,0.0,0.0,India-UK CETA,29/2026-Customs
25232940,All goods,0.0,0.0,0.0,India-UK CETA,29/2026-Customs
25232990,All goods,0.0,0.0,0.0,India-UK CETA,29/2026-Customs
25233000,All goods,0.0,0.0,0.0,India-UK CETA,29/2026-Customs
25239010,All goods,0.0,0.0,0.0,India-UK CETA,29/2026-Customs
25239020,All goods,0.0,0.0,0.0,India-UK CETA,29/2026-Customs
25239090,All goods,0.0,0.0,0.0,India-UK CETA,29/2026-Customs
25241010,All goods,0.0,0.0,0.0,India-UK CETA,29/2026-Customs
25249011,All goods,0.0,0.0,0.0,India-UK CETA,29/2026-Customs
25249012,All goods,0.0,0.0,0.0,India-UK CETA,29/2026-Customs
25249013,All goods,0.0,0.0,0.0,India-UK CETA,29/2026-Customs
25249014,All goods,0.0,0.0,0.0,India-UK CETA,29/2026-Customs
25249019,All goods,0.0,0.0,0.0,India-UK CETA,29/2026-Customs
25249021,All goods,0.0,0.0,0.0,India-UK CETA,29/2026-Customs
25249022,All goods,0.0,0.0,0.0,India-UK CETA,29/2026-Customs
25249023,All goods,0.0,0.0,0.0,India-UK CETA,29/2026-Customs
25249024,All goods,0.0,0.0,0.0,India-UK CETA,29/2026-Customs
25249029,All goods,0.0,0.0,0.0,India-UK CETA,29/2026-Customs
25249031,All goods,0.0,0.0,0.0,India-UK CETA,29/2026-Customs
25249032,All goods,0.0,0.0,0.0,India-UK CETA,29/2026-Customs
25249033,All goods,0.0,0.0,0.0,India-UK CETA,29/2026-Customs
25249034,All goods,0.0,0.0,0.0,India-UK CETA,29/2026-Customs
25249039,All goods,0.0,0.0,0.0,India-UK CETA,29/2026-Customs
25249091,All goods,0.0,0.0,0.0,India-UK CETA,29/2026-Customs
25249099,All goods,0.0,0.0,0.0,India-UK CETA,29/2026-Customs
25251010,All goods,0.0,0.0,0.0,India-UK CETA,29/2026-Customs
25251020,All goods,0.0,0.0,0.0,India-UK CETA,29/2026-Customs
25251030,All goods,0.0,0.0,0.0,India-UK CETA,29/2026-Customs
25251040,All goods,0.0,0.0,0.0,India-UK CETA,29/2026-Customs
25251090,All goods,0.0,0.0,0.0,India-UK CETA,29/2026-Customs
25252010,All goods,0.0,0.0,0.0,India-UK CETA,29/2026-Customs
25252020,All goods,0.0,0.0,0.0,India-UK CETA,29/2026-Customs
25252030,All goods,0.0,0.0,0.0,India-UK CETA,29/2026-Customs
25252040,All goods,0.0,0.0,0.0,India-UK CETA,29/2026-Customs
25252050,All goods,0.0,0.0,0.0,India-UK CETA,29/2026-Customs
25252090,All goods,0.0,0.0,0.0,India-UK CETA,29/2026-Customs
25253010,All goods,0.0,0.0,0.0,India-UK CETA,29/2026-Customs
25253020,All goods,0.0,0.0,0.0,India-UK CETA,29/2026-Customs
25253030,All goods,0.0,0.0,0.0,India-UK CETA,29/2026-Customs
25253090,All goods,0.0,0.0,0.0,India-UK CETA,29/2026-Customs
25261010,All goods,0.0,0.0,0.0,India-UK CETA,29/2026-Customs
25261020,All goods,0.0,0.0,0.0,India-UK CETA,29/2026-Customs
25261090,All goods,0.0,0.0,0.0,India-UK CETA,29/2026-Customs
25262000,All goods,0.0,0.0,0.0,India-UK CETA,29/2026-Customs
25280010,All goods,0.0,0.0,0.0,India-UK CETA,29/2026-Customs
25280020,All goods,0.0,0.0,0.0,India-UK CETA,29/2026-Customs
25280030,All goods,0.0,0.0,0.0,India-UK CETA,29/2026-Customs
25280090,All goods,0.0,0.0,0.0,India-UK CETA,29/2026-Customs
25291010,All goods,0.0,0.0,0.0,India-UK CETA,29/2026-Customs
25291020,All goods,0.0,0.0,0.0,India-UK CETA,29/2026-Customs
25292100,All goods,0.0,0.0,0.0,India-UK CETA,29/2026-Customs
25292210,All goods,0.0,0.0,0.0,India-UK CETA,29/2026-Customs
25292290,All goods,0.0,0.0,0.0,India-UK CETA,29/2026-Customs
25293000,All goods,0.0,0.0,0.0,India-UK CETA,29/2026-Customs
25301010,All goods,0.0,0.0,0.0,India-UK CETA,29/2026-Customs
25301020,All goods,0.0,0.0,0.0,India-UK CETA,29/2026-Customs
25301090,All goods,0.0,0.0,0.0,India-UK CETA,29/2026-Customs
25302000,All goods,0.0,0.0,0.0,India-UK CETA,29/2026-Customs
25309010,All goods,0.0,0.0,0.0,India-UK CETA,29/2026-Customs
25309020,All goods,0.0,0.0,0.0,India-UK CETA,29/2026-Customs
25309030,All goods,0.0,0.0,0.0,India-UK CETA,29/2026-Customs
25309040,All goods,0.0,0.0,0.0,India-UK CETA,29/2026-Customs
25309050,All goods,0.0,0.0,0.0,India-UK CETA,29/2026-Customs
25309060,All goods,0.0,0.0,0.0,India-UK CETA,29/2026-Customs
25309070,All goods,0.0,0.0,0.0,India-UK CETA,29/2026-Customs
25309091,All goods,0.0,0.0,0.0,India-UK CETA,29/2026-Customs
25309099,All goods,0.0,0.0,0.0,India-UK CETA,29/2026-Customs
26011111,All goods,0.0,0.0,0.0,India-UK CETA,29/2026-Customs
26011112,All goods,0.0,0.0,0.0,India-UK CETA,29/2026-Customs
26011119,All goods,0.0,0.0,0.0,India-UK CETA,29/2026-Customs
26011121,All goods,0.0,0.0,0.0,India-UK CETA,29/2026-Customs
26011122,All goods,0.0,0.0,0.0,India-UK CETA,29/2026-Customs
26011129,All goods,0.0,0.0,0.0,India-UK CETA,29/2026-Customs
26011131,All goods,0.0,0.0,0.0,India-UK CETA,29/2026-Customs
26011139,All goods,0.0,0.0,0.0,India-UK CETA,29/2026-Customs
26011141,All goods,0.0,0.0,0.0,India-UK CETA,29/2026-Customs
26011142,All goods,0.0,0.0,0.0,India-UK CETA,29/2026-Customs
26011143,All goods,0.0,0.0,0.0,India-UK CETA,29/2026-Customs
26011149,All goods,0.0,0.0,0.0,India-UK CETA,29/2026-Customs
26011150,All goods,0.0,0.0,0.0,India-UK CETA,29/2026-Customs
26011190,All goods,0.0,0.0,0.0,India-UK CETA,29/2026-Customs
26011210,All goods,0.0,0.0,0.0,India-UK CETA,29/2026-Customs
26011290,All goods,0.0,0.0,0.0,India-UK CETA,29/2026-Customs
26012000,All goods,0.0,0.0,0.0,India-UK CETA,29/2026-Customs
26020010,All goods,0.0,0.0,0.0,India-UK CETA,29/2026-Customs
26020020,All goods,0.0,0.0,0.0,India-UK CETA,29/2026-Customs
26020030,All goods,0.0,0.0,0.0,India-UK CETA,29/2026-Customs
26020040,All goods,0.0,0.0,0.0,India-UK CETA,29/2026-Customs
26020050,All goods,0.0,0.0,0.0,India-UK CETA,29/2026-Customs
26020060,All goods,0.0,0.0,0.0,India-UK CETA,29/2026-Customs
26020070,All goods,0.0,0.0,0.0,India-UK CETA,29/2026-Customs
26020090,All goods,0.0,0.0,0.0,India-UK CETA,29/2026-Customs
26030000,All goods,0.0,0.0,0.0,India-UK CETA,29/2026-Customs
26040000,All goods,0.0,0.0,0.0,India-UK CETA,29/2026-Customs
26050000,All goods,0.0,0.0,0.0,India-UK CETA,29/2026-Customs
26060010,All goods,0.0,0.0,0.0,India-UK CETA,29/2026-Customs
26060020,All goods,0.0,0.0,0.0,India-UK CETA,29/2026-Customs
26060090,All goods,0.0,0.0,0.0,India-UK CETA,29/2026-Customs
26070000,All goods,0.0,0.0,0.0,India-UK CETA,29/2026-Customs
26080000,All goods,0.0,0.0,0.0,India-UK CETA,29/2026-Customs
26090000,All goods,0.0,0.0,0.0,India-UK CETA,29/2026-Customs
26100010,All goods,0.0,0.0,0.0,India-UK CETA,29/2026-Customs
26100020,All goods,0.0,0.0,0.0,India-UK CETA,29/2026-Customs
26100030,All goods,0.0,0.0,0.0,India-UK CETA,29/2026-Customs
26100040,All goods,0.0,0.0,0.0,India-UK CETA,29/2026-Customs
26100090,All goods,0.0,0.0,0.0,India-UK CETA,29/2026-Customs
26110000,All goods,0.0,0.0,0.0,India-UK CETA,29/2026-Customs
26121000,All goods,0.0,0.0,0.0,India-UK CETA,29/2026-Customs
26122000,All goods,0.0,0.0,0.0,India-UK CETA,29/2026-Customs
26131000,All goods,0.0,0.0,0.0,India-UK CETA,29/2026-Customs
26139000,All goods,0.0,0.0,0.0,India-UK CETA,29/2026-Customs
26140010,All goods,0.0,0.0,0.0,India-UK CETA,29/2026-Customs
26140020,All goods,0.0,0.0,0.0,India-UK CETA,29/2026-Customs
26140031,All goods,0.0,0.0,0.0,India-UK CETA,29/2026-Customs
26140039,All goods,0.0,0.0,0.0,India-UK CETA,29/2026-Customs
26140090,All goods,0.0,0.0,0.0,India-UK CETA,29/2026-Customs
26151010,All goods,0.0,0.0,0.0,India-UK CETA,29/2026-Customs
26151090,All goods,0.0,0.0,0.0,India-UK CETA,29/2026-Customs
26159010,All goods,0.0,0.0,0.0,India-UK CETA,29/2026-Customs
26159020,All goods,0.0,0.0,0.0,India-UK CETA,29/2026-Customs
26161000,All goods,0.0,0.0,0.0,India-UK CETA,29/2026-Customs
26169010,All goods,0.0,0.0,0.0,India-UK CETA,29/2026-Customs
26169090,All goods,0.0,0.0,0.0,India-UK CETA,29/2026-Customs
26171000,All goods,0.0,0.0,0.0,India-UK CETA,29/2026-Customs
26179000,All goods,0.0,0.0,0.0,India-UK CETA,29/2026-Customs
26180000,All goods,0.0,0.0,0.0,India-UK CETA,29/2026-Customs
26190010,All goods,0.0,0.0,0.0,India-UK CETA,29/2026-Customs
26190090,All goods,0.0,0.0,0.0,India-UK CETA,29/2026-Customs
26201100,All goods,0.0,0.0,0.0,India-UK CETA,29/2026-Customs
26201910,All goods,0.0,0.0,0.0,India-UK CETA,29/2026-Customs
26201990,All goods,0.0,0.0,0.0,India-UK CETA,29/2026-Customs
26202100,All goods,0.0,0.0,0.0,India-UK CETA,29/2026-Customs
26202910,All goods,0.0,0.0,0.0,India-UK CETA,29/2026-Customs
26202990,All goods,0.0,0.0,0.0,India-UK CETA,29/2026-Customs
26203010,All goods,0.0,0.0,0.0,India-UK CETA,29/2026-Customs
26203090,All goods,0.0,0.0,0.0,India-UK CETA,29/2026-Customs
26204010,All goods,0.0,0.0,0.0,India-UK CETA,29/2026-Customs
26204090,All goods,0.0,0.0,0.0,India-UK CETA,29/2026-Customs
26206000,All goods,0.0,0.0,0.0,India-UK CETA,29/2026-Customs
26209100,All goods,0.0,0.0,0.0,India-UK CETA,29/2026-Customs
26209900,All goods,0.0,0.0,0.0,India-UK CETA,29/2026-Customs
26211000,All goods,0.0,0.0,0.0,India-UK CETA,29/2026-Customs
26219000,All goods,0.0,0.0,0.0,India-UK CETA,29/2026-Customs
27011100,All goods,0.0,0.0,0.0,India-UK CETA,29/2026-Customs
27011210,All goods,0.0,0.0,0.0,India-UK CETA,29/2026-Customs
27011290,All goods,0.0,0.0,0.0,India-UK CETA,29/2026-Customs
27011910,All goods,0.0,0.0,0.0,India-UK CETA,29/2026-Customs
27011920,All goods,0.0,0.0,0.0,India-UK CETA,29/2026-Customs
27011990,All goods,0.0,0.0,0.0,India-UK CETA,29/2026-Customs
27040090,All goods,4.5,0.0,0.0,India-UK CETA,29/2026-Customs
27050000,All goods,0.0,0.0,0.0,India-UK CETA,29/2026-Customs
27060010,All goods,0.0,0.0,0.0,India-UK CETA,29/2026-Customs
27072000,All goods,2.0,0.0,0.0,India-UK CETA,29/2026-Customs
27073000,All goods,2.0,0.0,0.0,India-UK CETA,29/2026-Customs
27074000,All goods,0.0,0.0,0.0,India-UK CETA,29/2026-Customs
27075000,All goods,2.0,0.0,0.0,India-UK CETA,29/2026-Customs
27081010,All goods,0.0,0.0,0.0,India-UK CETA,29/2026-Customs
27081090,All goods,0.0,0.0,0.0,India-UK CETA,29/2026-Customs
27082000,All goods,0.0,0.0,0.0,India-UK CETA,29/2026-Customs
27090010,All goods,0.0,0.0,0.0,India-UK CETA,29/2026-Customs
27090090,All goods,0.0,0.0,0.0,India-UK CETA,29/2026-Customs
27101221,All goods,2.3,0.0,0.0,India-UK CETA,29/2026-Customs
27101222,All goods,2.3,0.0,0.0,India-UK CETA,29/2026-Customs
27101229,All goods,2.3,0.0,0.0,India-UK CETA,29/2026-Customs
27101231,All goods,4.1,0.0,0.0,India-UK CETA,29/2026-Customs
27101232,All goods,4.1,0.0,0.0,India-UK CETA,29/2026-Customs
27101239,All goods,4.1,0.0,0.0,India-UK CETA,29/2026-Customs
27101241,All goods,2.3,0.0,0.0,India-UK CETA,29/2026-Customs
27101242,All goods,2.3,0.0,0.0,India-UK CETA,29/2026-Customs
27101243,All goods,2.3,0.0,0.0,India-UK CETA,29/2026-Customs
27101244,All goods,2.3,0.0,0.0,India-UK CETA,29/2026-Customs
27101249,All goods,2.3,0.0,0.0,India-UK CETA,29/2026-Customs
27101250,All goods,0.0,0.0,0.0,India-UK CETA,29/2026-Customs
27101290,All goods,4.5,0.0,0.0,India-UK CETA,29/2026-Customs
27101920,All goods,4.1,0.0,0.0,India-UK CETA,29/2026-Customs
27101941,All goods,4.1,0.0,0.0,India-UK CETA,29/2026-Customs
27101942,All goods,4.1,0.0,0.0,India-UK CETA,29/2026-Customs
27101944,All goods,2.3,0.0,0.0,India-UK CETA,29/2026-Customs
27101949,All goods,2.3,0.0,0.0,India-UK CETA,29/2026-Customs
27101951,All goods,0.0,0.0,0.0,India-UK CETA,29/2026-Customs
27101952,All goods,0.0,0.0,0.0,India-UK CETA,29/2026-Customs
27101953,All goods,4.1,0.0,0.0,India-UK CETA,29/2026-Customs
27101959,All goods,4.1,0.0,0.0,India-UK CETA,29/2026-Customs
27101961,All goods,4.1,0.0,0.0,India-UK CETA,29/2026-Customs
27101969,All goods,4.1,0.0,0.0,India-UK CETA,29/2026-Customs
27101971,All goods,4.1,0.0,0.0,India-UK CETA,29/2026-Customs
27101972,All goods,3.7,0.0,0.0,India-UK CETA,29/2026-Customs
27101973,All goods,3.7,0.0,0.0,India-UK CETA,29/2026-Customs
27101974,All goods,3.7,0.0,0.0,India-UK CETA,29/2026-Customs
27101975,All goods,3.7,0.0,0.0,India-UK CETA,29/2026-Customs
27101976,All goods,3.7,0.0,0.0,India-UK CETA,29/2026-Customs
27101977,All goods,3.7,0.0,0.0,India-UK CETA,29/2026-Customs
27101978,All goods,3.7,0.0,0.0,India-UK CETA,29/2026-Customs
27101979,All goods,4.1,0.0,0.0,India-UK CETA,29/2026-Customs
27101981,All goods,4.1,0.0,0.0,India-UK CETA,29/2026-Customs
27101982,All goods,4.1,0.0,0.0,India-UK CETA,29/2026-Customs
27101983,All goods,4.1,0.0,0.0,India-UK CETA,29/2026-Customs
27101984,All goods,4.1,0.0,0.0,India-UK CETA,29/2026-Customs
27101985,All goods,4.1,0.0,0.0,India-UK CETA,29/2026-Customs
27101986,All goods,4.1,0.0,0.0,India-UK CETA,29/2026-Customs
27101987,All goods,3.7,0.0,0.0,India-UK CETA,29/2026-Customs
27101988,All goods,4.1,0.0,0.0,India-UK CETA,29/2026-Customs
27101989,All goods,4.1,0.0,0.0,India-UK CETA,29/2026-Customs
27101990,All goods,4.1,0.0,0.0,India-UK CETA,29/2026-Customs
27111100,All goods,0.0,0.0,0.0,India-UK CETA,29/2026-Customs
27111200,All goods,0.0,0.0,0.0,India-UK CETA,29/2026-Customs
27111300,All goods,0.0,0.0,0.0,India-UK CETA,29/2026-Customs
27111400,All goods,4.8,0.0,0.0,India-UK CETA,29/2026-Customs
27111920,All goods,0.0,0.0,0.0,India-UK CETA,29/2026-Customs
27112100,All goods,0.0,0.0,0.0,India-UK CETA,29/2026-Customs
27132000,All goods,0.0,0.0,0.0,India-UK CETA,29/2026-Customs
27139000,All goods,4.8,0.0,0.0,India-UK CETA,29/2026-Customs
27149010,All goods,0.0,0.0,0.0,India-UK CETA,29/2026-Customs
28011000,All goods,0.0,0.0,0.0,India-UK CETA,29/2026-Customs
28012000,All goods,0.0,0.0,0.0,India-UK CETA,29/2026-Customs
28013010,All goods,0.0,0.0,0.0,India-UK CETA,29/2026-Customs
28013020,All goods,0.0,0.0,0.0,India-UK CETA,29/2026-Customs
28020010,All goods,0.0,0.0,0.0,India-UK CETA,29/2026-Customs
28020020,All goods,0.0,0.0,0.0,India-UK CETA,29/2026-Customs
28020030,All goods,0.0,0.0,0.0,India-UK CETA,29/2026-Customs
28030010,All goods,6.8,0.0,0.0,India-UK CETA,29/2026-Customs
28030020,All goods,4.5,0.0,0.0,India-UK CETA,29/2026-Customs
28030090,All goods,0.0,0.0,0.0,India-UK CETA,29/2026-Customs
28041000,All goods,0.0,0.0,0.0,India-UK CETA,29/2026-Customs
28042100,All goods,0.0,0.0,0.0,India-UK CETA,29/2026-Customs
28042910,All goods,0.0,0.0,0.0,India-UK CETA,29/2026-Customs
28042990,All goods,0.0,0.0,0.0,India-UK CETA,29/2026-Customs
28043000,All goods,0.0,0.0,0.0,India-UK CETA,29/2026-Customs
28044010,All goods,0.0,0.0,0.0,India-UK CETA,29/2026-Customs
28044090,All goods,4.5,0.0,0.0,India-UK CETA,29/2026-Customs
28045010,All goods,0.0,0.0,0.0,India-UK CETA,29/2026-Customs
28045020,All goods,0.0,0.0,0.0,India-UK CETA,29/2026-Customs
28046100,All goods,0.0,0.0,0.0,India-UK CETA,29/2026-Customs
28046900,All goods,0.0,0.0,0.0,India-UK CETA,29/2026-Customs
28047010,All goods,0.0,0.0,0.0,India-UK CETA,29/2026-Customs
28047020,All goods,4.5,0.0,0.0,India-UK CETA,29/2026-Customs
28047030,All goods,0.0,0.0,0.0,India-UK CETA,29/2026-Customs
28048000,All goods,0.0,0.0,0.0,India-UK CETA,29/2026-Customs
28049000,All goods,0.0,0.0,0.0,India-UK CETA,29/2026-Customs
28051100,All goods,0.0,0.0,0.0,India-UK CETA,29/2026-Customs
28051200,All goods,0.0,0.0,0.0,India-UK CETA,29/2026-Customs
28051900,All goods,0.0,0.0,0.0,India-UK CETA,29/2026-Customs
28053000,All goods,0.0,0.0,0.0,India-UK CETA,29/2026-Customs
28054000,All goods,0.0,0.0,0.0,India-UK CETA,29/2026-Customs
28061000,All goods,0.0,0.0,0.0,India-UK CETA,29/2026-Customs
28062000,All goods,6.8,0.0,0.0,India-UK CETA,29/2026-Customs
28070010,All goods,6.8,0.0,0.0,India-UK CETA,29/2026-Customs
28070020,All goods,6.8,0.0,0.0,India-UK CETA,29/2026-Customs
28080010,All goods,0.0,0.0,0.0,India-UK CETA,29/2026-Customs
28080020,All goods,0.0,0.0,0.0,India-UK CETA,29/2026-Customs
28091000,All goods,0.0,0.0,0.0,India-UK CETA,29/2026-Customs
28092010,All goods,0.0,0.0,0.0,India-UK CETA,29/2026-Customs
28092020,All goods,0.0,0.0,0.0,India-UK CETA,29/2026-Customs
28100010,All goods,0.0,0.0,0.0,India-UK CETA,29/2026-Customs
28100020,All goods,6.8,0.0,0.0,India-UK CETA,29/2026-Customs
28111100,All goods,0.0,0.0,0.0,India-UK CETA,29/2026-Customs
28111200,All goods,0.0,0.0,0.0,India-UK CETA,29/2026-Customs
28111920,All goods,0.0,0.0,0.0,India-UK CETA,29/2026-Customs
28111930,All goods,0.0,0.0,0.0,India-UK CETA,29/2026-Customs
28111940,All goods,0.0,0.0,0.0,India-UK CETA,29/2026-Customs
28111990,All goods,0.0,0.0,0.0,India-UK CETA,29/2026-Customs
28112110,All goods,0.0,0.0,0.0,India-UK CETA,29/2026-Customs
28112190,All goods,0.0,0.0,0.0,India-UK CETA,29/2026-Customs
28112200,All goods,2.3,0.0,0.0,India-UK CETA,29/2026-Customs
28112910,All goods,0.0,0.0,0.0,India-UK CETA,29/2026-Customs
28112920,All goods,0.0,0.0,0.0,India-UK CETA,29/2026-Customs
28112930,All goods,0.0,0.0,0.0,India-UK CETA,29/2026-Customs
28112940,All goods,0.0,0.0,0.0,India-UK CETA,29/2026-Customs
28112950,All goods,6.8,0.0,0.0,India-UK CETA,29/2026-Customs
28112990,All goods,0.0,0.0,0.0,India-UK CETA,29/2026-Customs
28121100,All goods,0.0,0.0,0.0,India-UK CETA,29/2026-Customs
28121200,All goods,0.0,0.0,0.0,India-UK CETA,29/2026-Customs
28121300,All goods,0.0,0.0,0.0,India-UK CETA,29/2026-Customs
28121400,All goods,0.0,0.0,0.0,India-UK CETA,29/2026-Customs
28121500,All goods,0.0,0.0,0.0,India-UK CETA,29/2026-Customs
28121600,All goods,0.0,0.0,0.0,India-UK CETA,29/2026-Customs
28121700,All goods,0.0,0.0,0.0,India-UK CETA,29/2026-Customs
28121910,All goods,0.0,0.0,0.0,India-UK CETA,29/2026-Customs
28121920,All goods,0.0,0.0,0.0,India-UK CETA,29/2026-Customs
28121930,All goods,0.0,0.0,0.0,India-UK CETA,29/2026-Customs
28121990,All goods,0.0,0.0,0.0,India-UK CETA,29/2026-Customs
28129000,All goods,0.0,0.0,0.0,India-UK CETA,29/2026-Customs
28131000,All goods,0.0,0.0,0.0,India-UK CETA,29/2026-Customs
28139010,All goods,0.0,0.0,0.0,India-UK CETA,29/2026-Customs
28139020,All goods,0.0,0.0,0.0,India-UK CETA,29/2026-Customs
28139030,All goods,0.0,0.0,0.0,India-UK CETA,29/2026-Customs
28139090,All goods,0.0,0.0,0.0,India-UK CETA,29/2026-Customs
28141000,All goods,0.0,0.0,0.0,India-UK CETA,29/2026-Customs
28142000,All goods,0.0,0.0,0.0,India-UK CETA,29/2026-Customs
28151110,All goods,6.8,0.0,0.0,India-UK CETA,29/2026-Customs
28151200,All goods,6.8,0.0,0.0,India-UK CETA,29/2026-Customs
28152000,All goods,0.0,0.0,0.0,India-UK CETA,29/2026-Customs
28153000,All goods,0.0,0.0,0.0,India-UK CETA,29/2026-Customs
28161010,All goods,0.0,0.0,0.0,India-UK CETA,29/2026-Customs
28161020,All goods,0.0,0.0,0.0,India-UK CETA,29/2026-Customs
28164000,All goods,0.0,0.0,0.0,India-UK CETA,29/2026-Customs
28170010,All goods,0.0,0.0,0.0,India-UK CETA,29/2026-Customs
28170020,All goods,7.1,0.0,0.0,India-UK CETA,29/2026-Customs
28181000,All goods,0.0,0.0,0.0,India-UK CETA,29/2026-Customs
28182011,All goods,0.0,0.0,0.0,India-UK CETA,29/2026-Customs
28182019,All goods,0.0,0.0,0.0,India-UK CETA,29/2026-Customs
28182090,All goods,0.0,0.0,0.0,India-UK CETA,29/2026-Customs
28183000,All goods,0.0,0.0,0.0,India-UK CETA,29/2026-Customs
28191000,All goods,0.0,0.0,0.0,India-UK CETA,29/2026-Customs
28199000,All goods,0.0,0.0,0.0,India-UK CETA,29/2026-Customs
28201000,All goods,0.0,0.0,0.0,India-UK CETA,29/2026-Customs
28209000,All goods,0.0,0.0,0.0,India-UK CETA,29/2026-Customs
28211010,All goods,0.0,0.0,0.0,India-UK CETA,29/2026-Customs
28211020,All goods,0.0,0.0,0.0,India-UK CETA,29/2026-Customs
28212000,All goods,0.0,0.0,0.0,India-UK CETA,29/2026-Customs
28220010,All goods,0.0,0.0,0.0,India-UK CETA,29/2026-Customs
28220020,All goods,0.0,0.0,0.0,India-UK CETA,29/2026-Customs
28220030,All goods,0.0,0.0,0.0,India-UK CETA,29/2026-Customs
28230010,All goods,9.0,0.0,0.0,India-UK CETA,29/2026-Customs
28230090,All goods,0.0,0.0,0.0,India-UK CETA,29/2026-Customs
28241010,All goods,0.0,0.0,0.0,India-UK CETA,29/2026-Customs
28241020,All goods,0.0,0.0,0.0,India-UK CETA,29/2026-Customs
28249000,All goods,0.0,0.0,0.0,India-UK CETA,29/2026-Customs
28251010,All goods,0.0,0.0,0.0,India-UK CETA,29/2026-Customs
28251020,All goods,0.0,0.0,0.0,India-UK CETA,29/2026-Customs
28251030,All goods,0.0,0.0,0.0,India-UK CETA,29/2026-Customs
28251040,All goods,0.0,0.0,0.0,India-UK CETA,29/2026-Customs
28251090,All goods,0.0,0.0,0.0,India-UK CETA,29/2026-Customs
28252000,All goods,0.0,0.0,0.0,India-UK CETA,29/2026-Customs
28253010,All goods,0.0,0.0,0.0,India-UK CETA,29/2026-Customs
28253090,All goods,0.0,0.0,0.0,India-UK CETA,29/2026-Customs
28254000,All goods,0.0,0.0,0.0,India-UK CETA,29/2026-Customs
28255000,All goods,0.0,0.0,0.0,India-UK CETA,29/2026-Customs
28256010,All goods,0.0,0.0,0.0,India-UK CETA,29/2026-Customs
28256020,All goods,6.8,0.0,0.0,India-UK CETA,29/2026-Customs
28257010,All goods,0.0,0.0,0.0,India-UK CETA,29/2026-Customs
28257020,All goods,0.0,0.0,0.0,India-UK CETA,29/2026-Customs
28257090,All goods,0.0,0.0,0.0,India-UK CETA,29/2026-Customs
28258000,All goods,0.0,0.0,0.0,India-UK CETA,29/2026-Customs
28259010,All goods,0.0,0.0,0.0,India-UK CETA,29/2026-Customs
28259020,All goods,0.0,0.0,0.0,India-UK CETA,29/2026-Customs
28259040,All goods,6.8,0.0,0.0,India-UK CETA,29/2026-Customs
28259050,All goods,0.0,0.0,0.0,India-UK CETA,29/2026-Customs
28259090,All goods,0.0,0.0,0.0,India-UK CETA,29/2026-Customs
28261200,All goods,0.0,0.0,0.0,India-UK CETA,29/2026-Customs
28261910,All goods,0.0,0.0,0.0,India-UK CETA,29/2026-Customs
28261990,All goods,0.0,0.0,0.0,India-UK CETA,29/2026-Customs
28263000,All goods,0.0,0.0,0.0,India-UK CETA,29/2026-Customs
28269000,All goods,0.0,0.0,0.0,India-UK CETA,29/2026-Customs
28271000,All goods,0.0,0.0,0.0,India-UK CETA,29/2026-Customs
28272000,All goods,6.8,0.0,0.0,India-UK CETA,29/2026-Customs
28273100,All goods,0.0,0.0,0.0,India-UK CETA,29/2026-Customs
28273200,All goods,0.0,0.0,0.0,India-UK CETA,29/2026-Customs
28273500,All goods,0.0,0.0,0.0,India-UK CETA,29/2026-Customs
28273920,All goods,0.0,0.0,0.0,India-UK CETA,29/2026-Customs
28273930,All goods,0.0,0.0,0.0,India-UK CETA,29/2026-Customs
28273940,All goods,0.0,0.0,0.0,India-UK CETA,29/2026-Customs
28273990,All goods,0.0,0.0,0.0,India-UK CETA,29/2026-Customs
28274110,All goods,0.0,0.0,0.0,India-UK CETA,29/2026-Customs
28274190,All goods,0.0,0.0,0.0,India-UK CETA,29/2026-Customs
28274900,All goods,0.0,0.0,0.0,India-UK CETA,29/2026-Customs
28275110,All goods,0.0,0.0,0.0,India-UK CETA,29/2026-Customs
28275120,All goods,0.0,0.0,0.0,India-UK CETA,29/2026-Customs
28275910,All goods,0.0,0.0,0.0,India-UK CETA,29/2026-Customs
28276010,All goods,0.0,0.0,0.0,India-UK CETA,29/2026-Customs
28276020,All goods,0.0,0.0,0.0,India-UK CETA,29/2026-Customs
28276090,All goods,0.0,0.0,0.0,India-UK CETA,29/2026-Customs
28281010,All goods,0.0,0.0,0.0,India-UK CETA,29/2026-Customs
28289011,All goods,0.0,0.0,0.0,India-UK CETA,29/2026-Customs
28289019,All goods,0.0,0.0,0.0,India-UK CETA,29/2026-Customs
28289020,All goods,0.0,0.0,0.0,India-UK CETA,29/2026-Customs
28289030,All goods,0.0,0.0,0.0,India-UK CETA,29/2026-Customs
28289040,All goods,0.0,0.0,0.0,India-UK CETA,29/2026-Customs
28289050,All goods,0.0,0.0,0.0,India-UK CETA,29/2026-Customs
28289060,All goods,0.0,0.0,0.0,India-UK CETA,29/2026-Customs
28289090,All goods,0.0,0.0,0.0,India-UK CETA,29/2026-Customs
28291100,All goods,0.0,0.0,0.0,India-UK CETA,29/2026-Customs
28291910,All goods,0.0,0.0,0.0,India-UK CETA,29/2026-Customs
28291920,All goods,6.8,0.0,0.0,India-UK CETA,29/2026-Customs
28291930,All goods,0.0,0.0,0.0,India-UK CETA,29/2026-Customs
28291990,All goods,0.0,0.0,0.0,India-UK CETA,29/2026-Customs
28299010,All goods,0.0,0.0,0.0,India-UK CETA,29/2026-Customs
28299020,All goods,0.0,0.0,0.0,India-UK CETA,29/2026-Customs
28299030,All goods,6.8,0.0,0.0,India-UK CETA,29/2026-Customs
28301000,All goods,0.0,0.0,0.0,India-UK CETA,29/2026-Customs
28309010,All goods,0.0,0.0,0.0,India-UK CETA,29/2026-Customs
28309020,All goods,0.0,0.0,0.0,India-UK CETA,29/2026-Customs
28311010,All goods,0.0,0.0,0.0,India-UK CETA,29/2026-Customs
28311020,All goods,0.0,0.0,0.0,India-UK CETA,29/2026-Customs
28319010,All goods,0.0,0.0,0.0,India-UK CETA,29/2026-Customs
28319020,All goods,0.0,0.0,0.0,India-UK CETA,29/2026-Customs
28321010,All goods,0.0,0.0,0.0,India-UK CETA,29/2026-Customs
28321020,All goods,6.8,0.0,0.0,India-UK CETA,29/2026-Customs
28321090,All goods,0.0,0.0,0.0,India-UK CETA,29/2026-Customs
28322010,All goods,0.0,0.0,0.0,India-UK CETA,29/2026-Customs
28322020,All goods,0.0,0.0,0.0,India-UK CETA,29/2026-Customs
28322090,All goods,0.0,0.0,0.0,India-UK CETA,29/2026-Customs
28323010,All goods,0.0,0.0,0.0,India-UK CETA,29/2026-Customs
28323020,All goods,0.0,0.0,0.0,India-UK CETA,29/2026-Customs
28323090,All goods,0.0,0.0,0.0,India-UK CETA,29/2026-Customs
28331100,All goods,0.0,0.0,0.0,India-UK CETA,29/2026-Customs
28331910,All goods,0.0,0.0,0.0,India-UK CETA,29/2026-Customs
28331920,All goods,0.0,0.0,0.0,India-UK CETA,29/2026-Customs
28331990,All goods,0.0,0.0,0.0,India-UK CETA,29/2026-Customs
28332100,All goods,0.0,0.0,0.0,India-UK CETA,29/2026-Customs
28332210,All goods,0.0,0.0,0.0,India-UK CETA,29/2026-Customs
28332290,All goods,0.0,0.0,0.0,India-UK CETA,29/2026-Customs
28332400,All goods,0.0,0.0,0.0,India-UK CETA,29/2026-Customs
28332500,All goods,0.0,0.0,0.0,India-UK CETA,29/2026-Customs
28332700,All goods,0.0,0.0,0.0,India-UK CETA,29/2026-Customs
28332910,All goods,0.0,0.0,0.0,India-UK CETA,29/2026-Customs
28332930,All goods,0.0,0.0,0.0,India-UK CETA,29/2026-Customs
28332940,All goods,0.0,0.0,0.0,India-UK CETA,29/2026-Customs
28332950,All goods,0.0,0.0,0.0,India-UK CETA,29/2026-Customs
28332990,All goods,0.0,0.0,0.0,India-UK CETA,29/2026-Customs
28333010,All goods,0.0,0.0,0.0,India-UK CETA,29/2026-Customs
28333020,All goods,0.0,0.0,0.0,India-UK CETA,29/2026-Customs
28333030,All goods,0.0,0.0,0.0,India-UK CETA,29/2026-Customs
28333090,All goods,0.0,0.0,0.0,India-UK CETA,29/2026-Customs
28334000,All goods,0.0,0.0,0.0,India-UK CETA,29/2026-Customs
28341010,All goods,0.0,0.0,0.0,India-UK CETA,29/2026-Customs
28341090,All goods,0.0,0.0,0.0,India-UK CETA,29/2026-Customs
28342100,All goods,0.0,0.0,0.0,India-UK CETA,29/2026-Customs
28342910,All goods,0.0,0.0,0.0,India-UK CETA,29/2026-Customs
28342920,All goods,0.0,0.0,0.0,India-UK CETA,29/2026-Customs
28342930,All goods,0.0,0.0,0.0,India-UK CETA,29/2026-Customs
28351010,All goods,6.8,0.0,0.0,India-UK CETA,29/2026-Customs
28351020,All goods,0.0,0.0,0.0,India-UK CETA,29/2026-Customs
28351090,All goods,0.0,0.0,0.0,India-UK CETA,29/2026-Customs
28352200,All goods,0.0,0.0,0.0,India-UK CETA,29/2026-Customs
28352400,All goods,0.0,0.0,0.0,India-UK CETA,29/2026-Customs
28352500,All goods,0.0,0.0,0.0,India-UK CETA,29/2026-Customs
28352610,All goods,0.0,0.0,0.0,India-UK CETA,29/2026-Customs
28352620,All goods,0.0,0.0,0.0,India-UK CETA,29/2026-Customs
28352690,All goods,0.0,0.0,0.0,India-UK CETA,29/2026-Customs
28352910,All goods,0.0,0.0,0.0,India-UK CETA,29/2026-Customs
28352920,All goods,0.0,0.0,0.0,India-UK CETA,29/2026-Customs
28352930,All goods,0.0,0.0,0.0,India-UK CETA,29/2026-Customs
28352940,All goods,0.0,0.0,0.0,India-UK CETA,29/2026-Customs
28352990,All goods,0.0,0.0,0.0,India-UK CETA,29/2026-Customs
28353100,All goods,0.0,0.0,0.0,India-UK CETA,29/2026-Customs
28353900,All goods,0.0,0.0,0.0,India-UK CETA,29/2026-Customs
28362010,All goods,6.8,0.0,0.0,India-UK CETA,29/2026-Customs
28362020,All goods,6.8,0.0,0.0,India-UK CETA,29/2026-Customs
28363000,All goods,6.8,0.0,0.0,India-UK CETA,29/2026-Customs
28364000,All goods,0.0,0.0,0.0,India-UK CETA,29/2026-Customs
28365000,All goods,0.0,0.0,0.0,India-UK CETA,29/2026-Customs
28366000,All goods,0.0,0.0,0.0,India-UK CETA,29/2026-Customs
28369100,All goods,0.0,0.0,0.0,India-UK CETA,29/2026-Customs
28369200,All goods,0.0,0.0,0.0,India-UK CETA,29/2026-Customs
28369910,All goods,6.8,0.0,0.0,India-UK CETA,29/2026-Customs
28369920,All goods,0.0,0.0,0.0,India-UK CETA,29/2026-Customs
28369930,All goods,0.0,0.0,0.0,India-UK CETA,29/2026-Customs
28369990,All goods,0.0,0.0,0.0,India-UK CETA,29/2026-Customs
28371100,All goods,9.0,0.0,0.0,India-UK CETA,29/2026-Customs
28371910,All goods,0.0,0.0,0.0,India-UK CETA,29/2026-Customs
28371920,All goods,0.0,0.0,0.0,India-UK CETA,29/2026-Customs
28371990,All goods,0.0,0.0,0.0,India-UK CETA,29/2026-Customs
28372010,All goods,0.0,0.0,0.0,India-UK CETA,29/2026-Customs
28372020,All goods,0.0,0.0,0.0,India-UK CETA,29/2026-Customs
28372030,All goods,0.0,0.0,0.0,India-UK CETA,29/2026-Customs
28372040,All goods,0.0,0.0,0.0,India-UK CETA,29/2026-Customs
28372050,All goods,0.0,0.0,0.0,India-UK CETA,29/2026-Customs
28372090,All goods,0.0,0.0,0.0,India-UK CETA,29/2026-Customs
28391100,All goods,0.0,0.0,0.0,India-UK CETA,29/2026-Customs
28391900,All goods,0.0,0.0,0.0,India-UK CETA,29/2026-Customs
28399010,All goods,0.0,0.0,0.0,India-UK CETA,29/2026-Customs
28399090,All goods,0.0,0.0,0.0,India-UK CETA,29/2026-Customs
28401100,All goods,0.0,0.0,0.0,India-UK CETA,29/2026-Customs
28401900,All goods,0.0,0.0,0.0,India-UK CETA,29/2026-Customs
28402010,All goods,0.0,0.0,0.0,India-UK CETA,29/2026-Customs
28402090,All goods,0.0,0.0,0.0,India-UK CETA,29/2026-Customs
28403000,All goods,0.0,0.0,0.0,India-UK CETA,29/2026-Customs
28413000,All goods,0.0,0.0,0.0,India-UK CETA,29/2026-Customs
28415010,All goods,0.0,0.0,0.0,India-UK CETA,29/2026-Customs
28415090,All goods,0.0,0.0,0.0,India-UK CETA,29/2026-Customs
28416100,All goods,0.0,0.0,0.0,India-UK CETA,29/2026-Customs
28416900,All goods,0.0,0.0,0.0,India-UK CETA,29/2026-Customs
28417010,All goods,0.0,0.0,0.0,India-UK CETA,29/2026-Customs
28417020,All goods,0.0,0.0,0.0,India-UK CETA,29/2026-Customs
28417090,All goods,0.0,0.0,0.0,India-UK CETA,29/2026-Customs
28418010,All goods,0.0,0.0,0.0,India-UK CETA,29/2026-Customs
28418020,All goods,0.0,0.0,0.0,India-UK CETA,29/2026-Customs
28418090,All goods,0.0,0.0,0.0,India-UK CETA,29/2026-Customs
28421000,All goods,6.8,0.0,0.0,India-UK CETA,29/2026-Customs
28429010,All goods,0.0,0.0,0.0,India-UK CETA,29/2026-Customs
28429020,All goods,0.0,0.0,0.0,India-UK CETA,29/2026-Customs
28429090,All goods,0.0,0.0,0.0,India-UK CETA,29/2026-Customs
28431010,All goods,0.0,0.0,0.0,India-UK CETA,29/2026-Customs
28431020,All goods,0.0,0.0,0.0,India-UK CETA,29/2026-Customs
28431090,All goods,0.0,0.0,0.0,India-UK CETA,29/2026-Customs
28432100,All goods,0.0,0.0,0.0,India-UK CETA,29/2026-Customs
28432900,All goods,0.0,0.0,0.0,India-UK CETA,29/2026-Customs
28433000,All goods,9.0,0.0,0.0,India-UK CETA,29/2026-Customs
28439011,All goods,0.0,0.0,0.0,India-UK CETA,29/2026-Customs
28439012,All goods,9.0,0.0,0.0,India-UK CETA,29/2026-Customs
28439019,All goods,9.0,0.0,0.0,India-UK CETA,29/2026-Customs
28439020,All goods,0.0,0.0,0.0,India-UK CETA,29/2026-Customs
28441000,All goods,0.0,0.0,0.0,India-UK CETA,29/2026-Customs
28442000,All goods,0.0,0.0,0.0,India-UK CETA,29/2026-Customs
28443010,All goods,0.0,0.0,0.0,India-UK CETA,29/2026-Customs
28443021,All goods,0.0,0.0,0.0,India-UK CETA,29/2026-Customs
28443022,All goods,0.0,0.0,0.0,India-UK CETA,29/2026-Customs
28443023,All goods,0.0,0.0,0.0,India-UK CETA,29/2026-Customs
28443029,All goods,0.0,0.0,0.0,India-UK CETA,29/2026-Customs
28443030,All goods,0.0,0.0,0.0,India-UK CETA,29/2026-Customs
28443090,All goods,0.0,0.0,0.0,India-UK CETA,29/2026-Customs
28444100,All goods,0.0,0.0,0.0,India-UK CETA,29/2026-Customs
28444200,All goods,0.0,0.0,0.0,India-UK CETA,29/2026-Customs
28444300,All goods,0.0,0.0,0.0,India-UK CETA,29/2026-Customs
28444400,All goods,0.0,0.0,0.0,India-UK CETA,29/2026-Customs
28445000,All goods,0.0,0.0,0.0,India-UK CETA,29/2026-Customs
28451000,All goods,0.0,0.0,0.0,India-UK CETA,29/2026-Customs
28452000,All goods,0.0,0.0,0.0,India-UK CETA,29/2026-Customs
28453000,All goods,0.0,0.0,0.0,India-UK CETA,29/2026-Customs
28454000,All goods,0.0,0.0,0.0,India-UK CETA,29/2026-Customs
28459010,All goods,0.0,0.0,0.0,India-UK CETA,29/2026-Customs
28459090,All goods,0.0,0.0,0.0,India-UK CETA,29/2026-Customs
28461010,All goods,0.0,0.0,0.0,India-UK CETA,29/2026-Customs
28461090,All goods,0.0,0.0,0.0,India-UK CETA,29/2026-Customs
28469010,All goods,0.0,0.0,0.0,India-UK CETA,29/2026-Customs
28469020,All goods,0.0,0.0,0.0,India-UK CETA,29/2026-Customs
28469030,All goods,0.0,0.0,0.0,India-UK CETA,29/2026-Customs
28469090,All goods,0.0,0.0,0.0,India-UK CETA,29/2026-Customs
28470000,All goods,6.8,0.0,0.0,India-UK CETA,29/2026-Customs
28491000,All goods,0.0,0.0,0.0,India-UK CETA,29/2026-Customs
28492010,All goods,0.0,0.0,0.0,India-UK CETA,29/2026-Customs
28492090,All goods,0.0,0.0,0.0,India-UK CETA,29/2026-Customs
28499010,All goods,0.0,0.0,0.0,India-UK CETA,29/2026-Customs
28499020,All goods,0.0,0.0,0.0,India-UK CETA,29/2026-Customs
28499090,All goods,0.0,0.0,0.0,India-UK CETA,29/2026-Customs
28500010,All goods,0.0,0.0,0.0,India-UK CETA,29/2026-Customs
28500020,All goods,0.0,0.0,0.0,India-UK CETA,29/2026-Customs
28500030,All goods,0.0,0.0,0.0,India-UK CETA,29/2026-Customs
28500041,All goods,0.0,0.0,0.0,India-UK CETA,29/2026-Customs
28500049,All goods,0.0,0.0,0.0,India-UK CETA,29/2026-Customs
28500050,All goods,0.0,0.0,0.0,India-UK CETA,29/2026-Customs
28521000,All goods,0.0,0.0,0.0,India-UK CETA,29/2026-Customs
28531000,All goods,0.0,0.0,0.0,India-UK CETA,29/2026-Customs
28539010,All goods,0.0,0.0,0.0,India-UK CETA,29/2026-Customs
28539020,All goods,0.0,0.0,0.0,India-UK CETA,29/2026-Customs
28539030,All goods,0.0,0.0,0.0,India-UK CETA,29/2026-Customs
28539040,All goods,0.0,0.0,0.0,India-UK CETA,29/2026-Customs
28539050,All goods,0.0,0.0,0.0,India-UK CETA,29/2026-Customs
28539090,All goods,0.0,0.0,0.0,India-UK CETA,29/2026-Customs
29011000,All goods,0.0,0.0,0.0,India-UK CETA,29/2026-Customs
29012100,All goods,2.3,0.0,0.0,India-UK CETA,29/2026-Customs
29012200,All goods,0.0,0.0,0.0,India-UK CETA,29/2026-Customs
29012300,All goods,0.0,0.0,0.0,India-UK CETA,29/2026-Customs
29012400,All goods,0.0,0.0,0.0,India-UK CETA,29/2026-Customs
29012910,All goods,0.0,0.0,0.0,India-UK CETA,29/2026-Customs
29012920,All goods,0.0,0.0,0.0,India-UK CETA,29/2026-Customs
29012930,All goods,0.0,0.0,0.0,India-UK CETA,29/2026-Customs
29012940,All goods,2.3,0.0,0.0,India-UK CETA,29/2026-Customs
29012990,All goods,0.0,0.0,0.0,India-UK CETA,29/2026-Customs
29021100,All goods,0.0,0.0,0.0,India-UK CETA,29/2026-Customs
29021910,All goods,0.0,0.0,0.0,India-UK CETA,29/2026-Customs
29021920,All goods,2.3,0.0,0.0,India-UK CETA,29/2026-Customs
29021990,All goods,2.3,0.0,0.0,India-UK CETA,29/2026-Customs
29022000,All goods,2.3,0.0,0.0,India-UK CETA,29/2026-Customs
29023000,All goods,0.0,0.0,0.0,India-UK CETA,29/2026-Customs
29024100,All goods,0.0,0.0,0.0,India-UK CETA,29/2026-Customs
29024200,All goods,0.0,0.0,0.0,India-UK CETA,29/2026-Customs
29024300,All goods,0.0,0.0,0.0,India-UK CETA,29/2026-Customs
29024400,All goods,0.0,0.0,0.0,India-UK CETA,29/2026-Customs
29025000,All goods,0.0,0.0,0.0,India-UK CETA,29/2026-Customs
29026000,All goods,0.0,0.0,0.0,India-UK CETA,29/2026-Customs
29027000,All goods,0.0,0.0,0.0,India-UK CETA,29/2026-Customs
29029010,All goods,0.0,0.0,0.0,India-UK CETA,29/2026-Customs
29029020,All goods,0.0,0.0,0.0,India-UK CETA,29/2026-Customs
29029030,All goods,0.0,0.0,0.0,India-UK CETA,29/2026-Customs
29029040,All goods,0.0,0.0,0.0,India-UK CETA,29/2026-Customs
29029050,All goods,0.0,0.0,0.0,India-UK CETA,29/2026-Customs
29029060,All goods,2.3,0.0,0.0,India-UK CETA,29/2026-Customs
29029090,All goods,2.3,0.0,0.0,India-UK CETA,29/2026-Customs
29031110,All goods,0.0,0.0,0.0,India-UK CETA,29/2026-Customs
29031120,All goods,0.0,0.0,0.0,India-UK CETA,29/2026-Customs
29031300,All goods,0.0,0.0,0.0,India-UK CETA,29/2026-Customs
29031400,All goods,0.0,0.0,0.0,India-UK CETA,29/2026-Customs
29031500,All goods,0.0,0.0,0.0,India-UK CETA,29/2026-Customs
29031910,All goods,0.0,0.0,0.0,India-UK CETA,29/2026-Customs
29031921,All goods,0.0,0.0,0.0,India-UK CETA,29/2026-Customs
29031929,All goods,0.0,0.0,0.0,India-UK CETA,29/2026-Customs
29031940,All goods,0.0,0.0,0.0,India-UK CETA,29/2026-Customs
29031990,All goods,0.0,0.0,0.0,India-UK CETA,29/2026-Customs
29032100,All goods,0.0,0.0,0.0,India-UK CETA,29/2026-Customs
29032200,All goods,0.0,0.0,0.0,India-UK CETA,29/2026-Customs
29032300,All goods,0.0,0.0,0.0,India-UK CETA,29/2026-Customs
29032910,All goods,0.0,0.0,0.0,India-UK CETA,29/2026-Customs
29032990,All goods,0.0,0.0,0.0,India-UK CETA,29/2026-Customs
29034100,All goods,0.0,0.0,0.0,India-UK CETA,29/2026-Customs
29034200,All goods,0.0,0.0,0.0,India-UK CETA,29/2026-Customs
29034300,All goods,0.0,0.0,0.0,India-UK CETA,29/2026-Customs
29034400,All goods,0.0,0.0,0.0,India-UK CETA,29/2026-Customs
29034500,All goods,0.0,0.0,0.0,India-UK CETA,29/2026-Customs
29034600,All goods,0.0,0.0,0.0,India-UK CETA,29/2026-Customs
29034700,All goods,0.0,0.0,0.0,India-UK CETA,29/2026-Customs
29034800,All goods,0.0,0.0,0.0,India-UK CETA,29/2026-Customs
29034900,All goods,0.0,0.0,0.0,India-UK CETA,29/2026-Customs
29035100,All goods,0.0,0.0,0.0,India-UK CETA,29/2026-Customs
29035910,All goods,0.0,0.0,0.0,India-UK CETA,29/2026-Customs
29035990,All goods,0.0,0.0,0.0,India-UK CETA,29/2026-Customs
29036100,All goods,0.0,0.0,0.0,India-UK CETA,29/2026-Customs
29036200,All goods,0.0,0.0,0.0,India-UK CETA,29/2026-Customs
29036900,All goods,0.0,0.0,0.0,India-UK CETA,29/2026-Customs
29037100,All goods,0.0,0.0,0.0,India-UK CETA,29/2026-Customs
29037200,All goods,0.0,0.0,0.0,India-UK CETA,29/2026-Customs
29037300,All goods,0.0,0.0,0.0,India-UK CETA,29/2026-Customs
29037400,All goods,0.0,0.0,0.0,India-UK CETA,29/2026-Customs
29037500,All goods,0.0,0.0,0.0,India-UK CETA,29/2026-Customs
29037610,All goods,0.0,0.0,0.0,India-UK CETA,29/2026-Customs
29037620,All goods,0.0,0.0,0.0,India-UK CETA,29/2026-Customs
29037630,All goods,0.0,0.0,0.0,India-UK CETA,29/2026-Customs
29037711,All goods,0.0,0.0,0.0,India-UK CETA,29/2026-Customs
29037712,All goods,0.0,0.0,0.0,India-UK CETA,29/2026-Customs
29037713,All goods,0.0,0.0,0.0,India-UK CETA,29/2026-Customs
29037721,All goods,0.0,0.0,0.0,India-UK CETA,29/2026-Customs
29037722,All goods,0.0,0.0,0.0,India-UK CETA,29/2026-Customs
29037723,All goods,0.0,0.0,0.0,India-UK CETA,29/2026-Customs
29037724,All goods,0.0,0.0,0.0,India-UK CETA,29/2026-Customs
29037725,All goods,0.0,0.0,0.0,India-UK CETA,29/2026-Customs
29037731,All goods,0.0,0.0,0.0,India-UK CETA,29/2026-Customs
29037732,All goods,0.0,0.0,0.0,India-UK CETA,29/2026-Customs
29037733,All goods,0.0,0.0,0.0,India-UK CETA,29/2026-Customs
29037734,All goods,0.0,0.0,0.0,India-UK CETA,29/2026-Customs
29037735,All goods,0.0,0.0,0.0,India-UK CETA,29/2026-Customs
29037736,All goods,0.0,0.0,0.0,India-UK CETA,29/2026-Customs
29037737,All goods,0.0,0.0,0.0,India-UK CETA,29/2026-Customs
29037790,All goods,0.0,0.0,0.0,India-UK CETA,29/2026-Customs
29037800,All goods,0.0,0.0,0.0,India-UK CETA,29/2026-Customs
29037910,All goods,0.0,0.0,0.0,India-UK CETA,29/2026-Customs
29037920,All goods,0.0,0.0,0.0,India-UK CETA,29/2026-Customs
29037930,All goods,0.0,0.0,0.0,India-UK CETA,29/2026-Customs
29037990,All goods,0.0,0.0,0.0,India-UK CETA,29/2026-Customs
29038100,All goods,0.0,0.0,0.0,India-UK CETA,29/2026-Customs
29038200,All goods,0.0,0.0,0.0,India-UK CETA,29/2026-Customs
29038300,All goods,0.0,0.0,0.0,India-UK CETA,29/2026-Customs
29038910,All goods,0.0,0.0,0.0,India-UK CETA,29/2026-Customs
29038990,All goods,0.0,0.0,0.0,India-UK CETA,29/2026-Customs
29039110,All goods,6.8,0.0,0.0,India-UK CETA,29/2026-Customs
29039120,All goods,0.0,0.0,0.0,India-UK CETA,29/2026-Customs
29039130,All goods,0.0,0.0,0.0,India-UK CETA,29/2026-Customs
29039210,All goods,0.0,0.0,0.0,India-UK CETA,29/2026-Customs
29039221,All goods,0.0,0.0,0.0,India-UK CETA,29/2026-Customs
29039229,All goods,0.0,0.0,0.0,India-UK CETA,29/2026-Customs
29039300,All goods,0.0,0.0,0.0,India-UK CETA,29/2026-Customs
29039400,All goods,0.0,0.0,0.0,India-UK CETA,29/2026-Customs
29039910,All goods,0.0,0.0,0.0,India-UK CETA,29/2026-Customs
29039920,All goods,0.0,0.0,0.0,India-UK CETA,29/2026-Customs
29039930,All goods,0.0,0.0,0.0,India-UK CETA,29/2026-Customs
29039940,All goods,0.0,0.0,0.0,India-UK CETA,29/2026-Customs
29039950,All goods,0.0,0.0,0.0,India-UK CETA,29/2026-Customs
29039960,All goods,0.0,0.0,0.0,India-UK CETA,29/2026-Customs
29039970,All goods,0.0,0.0,0.0,India-UK CETA,29/2026-Customs
29039990,All goods,0.0,0.0,0.0,India-UK CETA,29/2026-Customs
29041010,All goods,0.0,0.0,0.0,India-UK CETA,29/2026-Customs
29041020,All goods,0.0,0.0,0.0,India-UK CETA,29/2026-Customs
29041030,All goods,0.0,0.0,0.0,India-UK CETA,29/2026-Customs
29041090,All goods,0.0,0.0,0.0,India-UK CETA,29/2026-Customs
29042010,All goods,0.0,0.0,0.0,India-UK CETA,29/2026-Customs
29042020,All goods,0.0,0.0,0.0,India-UK CETA,29/2026-Customs
29042030,All goods,0.0,0.0,0.0,India-UK CETA,29/2026-Customs
29042040,All goods,0.0,0.0,0.0,India-UK CETA,29/2026-Customs
29042050,All goods,0.0,0.0,0.0,India-UK CETA,29/2026-Customs
29042060,All goods,0.0,0.0,0.0,India-UK CETA,29/2026-Customs
29042090,All goods,0.0,0.0,0.0,India-UK CETA,29/2026-Customs
29043100,All goods,0.0,0.0,0.0,India-UK CETA,29/2026-Customs
29043200,All goods,0.0,0.0,0.0,India-UK CETA,29/2026-Customs
29043300,All goods,0.0,0.0,0.0,India-UK CETA,29/2026-Customs
29043400,All goods,0.0,0.0,0.0,India-UK CETA,29/2026-Customs
29043500,All goods,0.0,0.0,0.0,India-UK CETA,29/2026-Customs
29043600,All goods,0.0,0.0,0.0,India-UK CETA,29/2026-Customs
29049100,All goods,0.0,0.0,0.0,India-UK CETA,29/2026-Customs
29049910,All goods,0.0,0.0,0.0,India-UK CETA,29/2026-Customs
29049920,All goods,0.0,0.0,0.0,India-UK CETA,29/2026-Customs
29049930,All goods,0.0,0.0,0.0,India-UK CETA,29/2026-Customs
29049940,All goods,0.0,0.0,0.0,India-UK CETA,29/2026-Customs
29049950,All goods,0.0,0.0,0.0,India-UK CETA,29/2026-Customs
29049960,All goods,0.0,0.0,0.0,India-UK CETA,29/2026-Customs
29049970,All goods,0.0,0.0,0.0,India-UK CETA,29/2026-Customs
29049990,All goods,0.0,0.0,0.0,India-UK CETA,29/2026-Customs
29051210,All goods,6.0,0.0,0.0,India-UK CETA,29/2026-Customs
29051300,All goods,0.0,0.0,0.0,India-UK CETA,29/2026-Customs
29051410,All goods,0.0,0.0,0.0,India-UK CETA,29/2026-Customs
29051420,All goods,0.0,0.0,0.0,India-UK CETA,29/2026-Customs
29051490,All goods,0.0,0.0,0.0,India-UK CETA,29/2026-Customs
29051610,All goods,0.0,0.0,0.0,India-UK CETA,29/2026-Customs
29051620,All goods,0.0,0.0,0.0,India-UK CETA,29/2026-Customs
29051690,All goods,0.0,0.0,0.0,India-UK CETA,29/2026-Customs
29051700,All goods,0.0,0.0,0.0,India-UK CETA,29/2026-Customs
29051910,All goods,0.0,0.0,0.0,India-UK CETA,29/2026-Customs
29051920,All goods,0.0,0.0,0.0,India-UK CETA,29/2026-Customs
29051990,All goods,0.0,0.0,0.0,India-UK CETA,29/2026-Customs
29052210,All goods,0.0,0.0,0.0,India-UK CETA,29/2026-Customs
29052220,All goods,0.0,0.0,0.0,India-UK CETA,29/2026-Customs
29052230,All goods,0.0,0.0,0.0,India-UK CETA,29/2026-Customs
29052240,All goods,0.0,0.0,0.0,India-UK CETA,29/2026-Customs
29052250,All goods,0.0,0.0,0.0,India-UK CETA,29/2026-Customs
29052290,All goods,6.0,0.0,0.0,India-UK CETA,29/2026-Customs
29052900,All goods,0.0,0.0,0.0,India-UK CETA,29/2026-Customs
29053910,All goods,0.0,0.0,0.0,India-UK CETA,29/2026-Customs
29053920,All goods,0.0,0.0,0.0,India-UK CETA,29/2026-Customs
29053990,All goods,0.0,0.0,0.0,India-UK CETA,29/2026-Customs
29054100,All goods,0.0,0.0,0.0,India-UK CETA,29/2026-Customs
29054210,All goods,0.0,0.0,0.0,India-UK CETA,29/2026-Customs
29054290,All goods,0.0,0.0,0.0,India-UK CETA,29/2026-Customs
29054300,All goods,16.0,0.0,0.0,India-UK CETA,29/2026-Customs
29054400,All goods,16.0,0.0,0.0,India-UK CETA,29/2026-Customs
29054500,All goods,0.0,0.0,0.0,India-UK CETA,29/2026-Customs
29054900,All goods,0.0,0.0,0.0,India-UK CETA,29/2026-Customs
29055100,All goods,0.0,0.0,0.0,India-UK CETA,29/2026-Customs
29055900,All goods,0.0,0.0,0.0,India-UK CETA,29/2026-Customs
29061110,All goods,0.0,0.0,0.0,India-UK CETA,29/2026-Customs
29061190,All goods,0.0,0.0,0.0,India-UK CETA,29/2026-Customs
29061200,All goods,0.0,0.0,0.0,India-UK CETA,29/2026-Customs
29061310,All goods,0.0,0.0,0.0,India-UK CETA,29/2026-Customs
29061390,All goods,0.0,0.0,0.0,India-UK CETA,29/2026-Customs
29061910,All goods,0.0,0.0,0.0,India-UK CETA,29/2026-Customs
29061990,All goods,0.0,0.0,0.0,India-UK CETA,29/2026-Customs
29062100,All goods,0.0,0.0,0.0,India-UK CETA,29/2026-Customs
29062910,All goods,0.0,0.0,0.0,India-UK CETA,29/2026-Customs
29062920,All goods,0.0,0.0,0.0,India-UK CETA,29/2026-Customs
29062930,All goods,0.0,0.0,0.0,India-UK CETA,29/2026-Customs
29062990,All goods,0.0,0.0,0.0,India-UK CETA,29/2026-Customs
29071110,All goods,6.0,0.0,0.0,India-UK CETA,29/2026-Customs
29071190,All goods,0.0,0.0,0.0,India-UK CETA,29/2026-Customs
29071210,All goods,0.0,0.0,0.0,India-UK CETA,29/2026-Customs
29071220,All goods,0.0,0.0,0.0,India-UK CETA,29/2026-Customs
29071290,All goods,0.0,0.0,0.0,India-UK CETA,29/2026-Customs
29071300,All goods,0.0,0.0,0.0,India-UK CETA,29/2026-Customs
29071510,All goods,0.0,0.0,0.0,India-UK CETA,29/2026-Customs
29071520,All goods,0.0,0.0,0.0,India-UK CETA,29/2026-Customs
29071590,All goods,0.0,0.0,0.0,India-UK CETA,29/2026-Customs
29071910,All goods,6.8,0.0,0.0,India-UK CETA,29/2026-Customs
29071920,All goods,0.0,0.0,0.0,India-UK CETA,29/2026-Customs
29071930,All goods,0.0,0.0,0.0,India-UK CETA,29/2026-Customs
29071940,All goods,6.8,0.0,0.0,India-UK CETA,29/2026-Customs
29071950,All goods,0.0,0.0,0.0,India-UK CETA,29/2026-Customs
29071990,All goods,6.8,0.0,0.0,India-UK CETA,29/2026-Customs
29072100,All goods,0.0,0.0,0.0,India-UK CETA,29/2026-Customs
29072200,All goods,0.0,0.0,0.0,India-UK CETA,29/2026-Customs
29072300,All goods,0.0,0.0,0.0,India-UK CETA,29/2026-Customs
29072910,All goods,0.0,0.0,0.0,India-UK CETA,29/2026-Customs
29072920,All goods,0.0,0.0,0.0,India-UK CETA,29/2026-Customs
29072930,All goods,0.0,0.0,0.0,India-UK CETA,29/2026-Customs
29072940,All goods,0.0,0.0,0.0,India-UK CETA,29/2026-Customs
29072990,All goods,0.0,0.0,0.0,India-UK CETA,29/2026-Customs
29081100,All goods,0.0,0.0,0.0,India-UK CETA,29/2026-Customs
29081900,All goods,0.0,0.0,0.0,India-UK CETA,29/2026-Customs
29089100,All goods,0.0,0.0,0.0,India-UK CETA,29/2026-Customs
29089200,All goods,0.0,0.0,0.0,India-UK CETA,29/2026-Customs
29089910,All goods,0.0,0.0,0.0,India-UK CETA,29/2026-Customs
29089920,All goods,0.0,0.0,0.0,India-UK CETA,29/2026-Customs
29089930,All goods,0.0,0.0,0.0,India-UK CETA,29/2026-Customs
29089990,All goods,0.0,0.0,0.0,India-UK CETA,29/2026-Customs
29091100,All goods,0.0,0.0,0.0,India-UK CETA,29/2026-Customs
29091910,All goods,0.0,0.0,0.0,India-UK CETA,29/2026-Customs
29091920,All goods,6.0,0.0,0.0,India-UK CETA,29/2026-Customs
29091990,All goods,6.8,0.0,0.0,India-UK CETA,29/2026-Customs
29092000,All goods,0.0,0.0,0.0,India-UK CETA,29/2026-Customs
29093011,All goods,0.0,0.0,0.0,India-UK CETA,29/2026-Customs
29093012,All goods,0.0,0.0,0.0,India-UK CETA,29/2026-Customs
29093013,All goods,0.0,0.0,0.0,India-UK CETA,29/2026-Customs
29093019,All goods,0.0,0.0,0.0,India-UK CETA,29/2026-Customs
29093020,All goods,0.0,0.0,0.0,India-UK CETA,29/2026-Customs
29093030,All goods,0.0,0.0,0.0,India-UK CETA,29/2026-Customs
29093040,All goods,0.0,0.0,0.0,India-UK CETA,29/2026-Customs
29093050,All goods,0.0,0.0,0.0,India-UK CETA,29/2026-Customs
29093090,All goods,0.0,0.0,0.0,India-UK CETA,29/2026-Customs
29094100,All goods,0.0,0.0,0.0,India-UK CETA,29/2026-Customs
29094300,All goods,0.0,0.0,0.0,India-UK CETA,29/2026-Customs
29094400,All goods,0.0,0.0,0.0,India-UK CETA,29/2026-Customs
29094910,All goods,0.0,0.0,0.0,India-UK CETA,29/2026-Customs
29094920,All goods,0.0,0.0,0.0,India-UK CETA,29/2026-Customs
29094930,All goods,0.0,0.0,0.0,India-UK CETA,29/2026-Customs
29094990,All goods,0.0,0.0,0.0,India-UK CETA,29/2026-Customs
29095010,All goods,0.0,0.0,0.0,India-UK CETA,29/2026-Customs
29095020,All goods,0.0,0.0,0.0,India-UK CETA,29/2026-Customs
29095030,All goods,0.0,0.0,0.0,India-UK CETA,29/2026-Customs
29095040,All goods,0.0,0.0,0.0,India-UK CETA,29/2026-Customs
29095050,All goods,0.0,0.0,0.0,India-UK CETA,29/2026-Customs
29095090,All goods,0.0,0.0,0.0,India-UK CETA,29/2026-Customs
29096010,All goods,0.0,0.0,0.0,India-UK CETA,29/2026-Customs
29096090,All goods,0.0,0.0,0.0,India-UK CETA,29/2026-Customs
29101000,All goods,0.0,0.0,0.0,India-UK CETA,29/2026-Customs
29102000,All goods,0.0,0.0,0.0,India-UK CETA,29/2026-Customs
29103000,All goods,0.0,0.0,0.0,India-UK CETA,29/2026-Customs
29104000,All goods,0.0,0.0,0.0,India-UK CETA,29/2026-Customs
29105000,All goods,0.0,0.0,0.0,India-UK CETA,29/2026-Customs
29109010,All goods,0.0,0.0,0.0,India-UK CETA,29/2026-Customs
29109090,All goods,0.0,0.0,0.0,India-UK CETA,29/2026-Customs
29110010,All goods,0.0,0.0,0.0,India-UK CETA,29/2026-Customs
29110090,All goods,0.0,0.0,0.0,India-UK CETA,29/2026-Customs
29121100,All goods,0.0,0.0,0.0,India-UK CETA,29/2026-Customs
29121200,All goods,0.0,0.0,0.0,India-UK CETA,29/2026-Customs
29121910,All goods,0.0,0.0,0.0,India-UK CETA,29/2026-Customs
29121920,All goods,0.0,0.0,0.0,India-UK CETA,29/2026-Customs
29121930,All goods,0.0,0.0,0.0,India-UK CETA,29/2026-Customs
29121990,All goods,0.0,0.0,0.0,India-UK CETA,29/2026-Customs
29122100,All goods,0.0,0.0,0.0,India-UK CETA,29/2026-Customs
29122910,All goods,6.8,0.0,0.0,India-UK CETA,29/2026-Customs
29122920,All goods,6.8,0.0,0.0,India-UK CETA,29/2026-Customs
29122930,All goods,6.8,0.0,0.0,India-UK CETA,29/2026-Customs
29122990,All goods,6.0,0.0,0.0,India-UK CETA,29/2026-Customs
29124100,All goods,0.0,0.0,0.0,India-UK CETA,29/2026-Customs
29124200,All goods,0.0,0.0,0.0,India-UK CETA,29/2026-Customs
29124910,All goods,0.0,0.0,0.0,India-UK CETA,29/2026-Customs
29124920,All goods,0.0,0.0,0.0,India-UK CETA,29/2026-Customs
29124930,All goods,0.0,0.0,0.0,India-UK CETA,29/2026-Customs
29124940,All goods,0.0,0.0,0.0,India-UK CETA,29/2026-Customs
29124991,All goods,0.0,0.0,0.0,India-UK CETA,29/2026-Customs
29124999,All goods,0.0,0.0,0.0,India-UK CETA,29/2026-Customs
29125010,All goods,0.0,0.0,0.0,India-UK CETA,29/2026-Customs
29125090,All goods,0.0,0.0,0.0,India-UK CETA,29/2026-Customs
29126000,All goods,0.0,0.0,0.0,India-UK CETA,29/2026-Customs
29130010,All goods,0.0,0.0,0.0,India-UK CETA,29/2026-Customs
29130090,All goods,0.0,0.0,0.0,India-UK CETA,29/2026-Customs
29141200,All goods,0.0,0.0,0.0,India-UK CETA,29/2026-Customs
29141300,All goods,0.0,0.0,0.0,India-UK CETA,29/2026-Customs
29141910,All goods,0.0,0.0,0.0,India-UK CETA,29/2026-Customs
29141990,All goods,0.0,0.0,0.0,India-UK CETA,29/2026-Customs
29142200,All goods,0.0,0.0,0.0,India-UK CETA,29/2026-Customs
29142310,All goods,0.0,0.0,0.0,India-UK CETA,29/2026-Customs
29142320,All goods,0.0,0.0,0.0,India-UK CETA,29/2026-Customs
29142390,All goods,0.0,0.0,0.0,India-UK CETA,29/2026-Customs
29142910,All goods,0.0,0.0,0.0,India-UK CETA,29/2026-Customs
29142921,All goods,0.0,0.0,0.0,India-UK CETA,29/2026-Customs
29142922,All goods,0.0,0.0,0.0,India-UK CETA,29/2026-Customs
29142930,All goods,0.0,0.0,0.0,India-UK CETA,29/2026-Customs
29142940,All goods,0.0,0.0,0.0,India-UK CETA,29/2026-Customs
29142950,All goods,0.0,0.0,0.0,India-UK CETA,29/2026-Customs
29142960,All goods,0.0,0.0,0.0,India-UK CETA,29/2026-Customs
29142990,All goods,0.0,0.0,0.0,India-UK CETA,29/2026-Customs
29143100,All goods,0.0,0.0,0.0,India-UK CETA,29/2026-Customs
29143910,All goods,0.0,0.0,0.0,India-UK CETA,29/2026-Customs
29143920,All goods,0.0,0.0,0.0,India-UK CETA,29/2026-Customs
29143930,All goods,0.0,0.0,0.0,India-UK CETA,29/2026-Customs
29143940,All goods,0.0,0.0,0.0,India-UK CETA,29/2026-Customs
29143950,All goods,0.0,0.0,0.0,India-UK CETA,29/2026-Customs
29143990,All goods,0.0,0.0,0.0,India-UK CETA,29/2026-Customs
29144000,All goods,0.0,0.0,0.0,India-UK CETA,29/2026-Customs
29145000,All goods,0.0,0.0,0.0,India-UK CETA,29/2026-Customs
29146100,All goods,0.0,0.0,0.0,India-UK CETA,29/2026-Customs
29146200,All goods,0.0,0.0,0.0,India-UK CETA,29/2026-Customs
29146910,All goods,0.0,0.0,0.0,India-UK CETA,29/2026-Customs
29146920,All goods,0.0,0.0,0.0,India-UK CETA,29/2026-Customs
29146930,All goods,0.0,0.0,0.0,India-UK CETA,29/2026-Customs
29146990,All goods,0.0,0.0,0.0,India-UK CETA,29/2026-Customs
29147100,All goods,0.0,0.0,0.0,India-UK CETA,29/2026-Customs
29147910,All goods,0.0,0.0,0.0,India-UK CETA,29/2026-Customs
29147920,All goods,0.0,0.0,0.0,India-UK CETA,29/2026-Customs
29147930,All goods,6.8,0.0,0.0,India-UK CETA,29/2026-Customs
29147940,All goods,6.8,0.0,0.0,India-UK CETA,29/2026-Customs
29147950,All goods,6.8,0.0,0.0,India-UK CETA,29/2026-Customs
29147960,All goods,6.8,0.0,0.0,India-UK CETA,29/2026-Customs
29147990,All goods,6.8,0.0,0.0,India-UK CETA,29/2026-Customs
29151100,All goods,0.0,0.0,0.0,India-UK CETA,29/2026-Customs
29151210,All goods,0.0,0.0,0.0,India-UK CETA,29/2026-Customs
29151290,All goods,0.0,0.0,0.0,India-UK CETA,29/2026-Customs
29151300,All goods,0.0,0.0,0.0,India-UK CETA,29/2026-Customs
29152910,All goods,0.0,0.0,0.0,India-UK CETA,29/2026-Customs
29152920,All goods,0.0,0.0,0.0,India-UK CETA,29/2026-Customs
29152930,All goods,0.0,0.0,0.0,India-UK CETA,29/2026-Customs
29152990,All goods,0.0,0.0,0.0,India-UK CETA,29/2026-Customs
29153200,All goods,0.0,0.0,0.0,India-UK CETA,29/2026-Customs
29153300,All goods,0.0,0.0,0.0,India-UK CETA,29/2026-Customs
29153600,All goods,0.0,0.0,0.0,India-UK CETA,29/2026-Customs
29153910,All goods,0.0,0.0,0.0,India-UK CETA,29/2026-Customs
29153920,All goods,0.0,0.0,0.0,India-UK CETA,29/2026-Customs
29153930,All goods,0.0,0.0,0.0,India-UK CETA,29/2026-Customs
29153940,All goods,0.0,0.0,0.0,India-UK CETA,29/2026-Customs
29153950,All goods,0.0,0.0,0.0,India-UK CETA,29/2026-Customs
29153960,All goods,0.0,0.0,0.0,India-UK CETA,29/2026-Customs
29153970,All goods,0.0,0.0,0.0,India-UK CETA,29/2026-Customs
29153980,All goods,0.0,0.0,0.0,India-UK CETA,29/2026-Customs
29153991,All goods,0.0,0.0,0.0,India-UK CETA,29/2026-Customs
29153992,All goods,0.0,0.0,0.0,India-UK CETA,29/2026-Customs
29153999,All goods,0.0,0.0,0.0,India-UK CETA,29/2026-Customs
29154010,All goods,0.0,0.0,0.0,India-UK CETA,29/2026-Customs
29154020,All goods,0.0,0.0,0.0,India-UK CETA,29/2026-Customs
29154030,All goods,0.0,0.0,0.0,India-UK CETA,29/2026-Customs
29155000,All goods,0.0,0.0,0.0,India-UK CETA,29/2026-Customs
29156010,All goods,0.0,0.0,0.0,India-UK CETA,29/2026-Customs
29156020,All goods,0.0,0.0,0.0,India-UK CETA,29/2026-Customs
29157010,All goods,0.0,0.0,0.0,India-UK CETA,29/2026-Customs
29157020,All goods,0.0,0.0,0.0,India-UK CETA,29/2026-Customs
29157030,All goods,0.0,0.0,0.0,India-UK CETA,29/2026-Customs
29157040,All goods,0.0,0.0,0.0,India-UK CETA,29/2026-Customs
29157050,All goods,0.0,0.0,0.0,India-UK CETA,29/2026-Customs
29157090,All goods,0.0,0.0,0.0,India-UK CETA,29/2026-Customs
29159011,All goods,6.8,0.0,0.0,India-UK CETA,29/2026-Customs
29159012,All goods,6.8,0.0,0.0,India-UK CETA,29/2026-Customs
29159040,All goods,0.0,0.0,0.0,India-UK CETA,29/2026-Customs
29159050,All goods,0.0,0.0,0.0,India-UK CETA,29/2026-Customs
29159060,All goods,0.0,0.0,0.0,India-UK CETA,29/2026-Customs
29159070,All goods,0.0,0.0,0.0,India-UK CETA,29/2026-Customs
29159080,All goods,6.8,0.0,0.0,India-UK CETA,29/2026-Customs
29159091,All goods,0.0,0.0,0.0,India-UK CETA,29/2026-Customs
29159092,All goods,0.0,0.0,0.0,India-UK CETA,29/2026-Customs
29159093,All goods,0.0,0.0,0.0,India-UK CETA,29/2026-Customs
29159094,All goods,0.0,0.0,0.0,India-UK CETA,29/2026-Customs
29159095,All goods,0.0,0.0,0.0,India-UK CETA,29/2026-Customs
29159096,All goods,4.5,0.0,0.0,India-UK CETA,29/2026-Customs
29159099,All goods,6.8,0.0,0.0,India-UK CETA,29/2026-Customs
29161100,All goods,0.0,0.0,0.0,India-UK CETA,29/2026-Customs
29161210,All goods,0.0,0.0,0.0,India-UK CETA,29/2026-Customs
29161290,All goods,0.0,0.0,0.0,India-UK CETA,29/2026-Customs
29161310,All goods,6.8,0.0,0.0,India-UK CETA,29/2026-Customs
29161320,All goods,0.0,0.0,0.0,India-UK CETA,29/2026-Customs
29161400,All goods,6.8,0.0,0.0,India-UK CETA,29/2026-Customs
29161510,All goods,0.0,0.0,0.0,India-UK CETA,29/2026-Customs
29161590,All goods,0.0,0.0,0.0,India-UK CETA,29/2026-Customs
29161600,All goods,0.0,0.0,0.0,India-UK CETA,29/2026-Customs
29161910,All goods,0.0,0.0,0.0,India-UK CETA,29/2026-Customs
29161920,All goods,0.0,0.0,0.0,India-UK CETA,29/2026-Customs
29161930,All goods,0.0,0.0,0.0,India-UK CETA,29/2026-Customs
29161940,All goods,0.0,0.0,0.0,India-UK CETA,29/2026-Customs
29161951,All goods,0.0,0.0,0.0,India-UK CETA,29/2026-Customs
29161959,All goods,0.0,0.0,0.0,India-UK CETA,29/2026-Customs
29161960,All goods,0.0,0.0,0.0,India-UK CETA,29/2026-Customs
29161970,All goods,0.0,0.0,0.0,India-UK CETA,29/2026-Customs
29161990,All goods,6.8,0.0,0.0,India-UK CETA,29/2026-Customs
29162010,All goods,0.0,0.0,0.0,India-UK CETA,29/2026-Customs
29162020,All goods,0.0,0.0,0.0,India-UK CETA,29/2026-Customs
29162090,All goods,0.0,0.0,0.0,India-UK CETA,29/2026-Customs
29163110,All goods,0.0,0.0,0.0,India-UK CETA,29/2026-Customs
29163120,All goods,0.0,0.0,0.0,India-UK CETA,29/2026-Customs
29163130,All goods,0.0,0.0,0.0,India-UK CETA,29/2026-Customs
29163140,All goods,0.0,0.0,0.0,India-UK CETA,29/2026-Customs
29163150,All goods,0.0,0.0,0.0,India-UK CETA,29/2026-Customs
29163160,All goods,0.0,0.0,0.0,India-UK CETA,29/2026-Customs
29163170,All goods,0.0,0.0,0.0,India-UK CETA,29/2026-Customs
29163190,All goods,0.0,0.0,0.0,India-UK CETA,29/2026-Customs
29163200,All goods,0.0,0.0,0.0,India-UK CETA,29/2026-Customs
29163410,All goods,0.0,0.0,0.0,India-UK CETA,29/2026-Customs
29163490,All goods,0.0,0.0,0.0,India-UK CETA,29/2026-Customs
29163910,All goods,0.0,0.0,0.0,India-UK CETA,29/2026-Customs
29163920,All goods,0.0,0.0,0.0,India-UK CETA,29/2026-Customs
29163930,All goods,0.0,0.0,0.0,India-UK CETA,29/2026-Customs
29163940,All goods,0.0,0.0,0.0,India-UK CETA,29/2026-Customs
29163950,All goods,0.0,0.0,0.0,India-UK CETA,29/2026-Customs
29163960,All goods,0.0,0.0,0.0,India-UK CETA,29/2026-Customs
29163970,All goods,0.0,0.0,0.0,India-UK CETA,29/2026-Customs
29163990,All goods,0.0,0.0,0.0,India-UK CETA,29/2026-Customs
29171110,All goods,0.0,0.0,0.0,India-UK CETA,29/2026-Customs
29171120,All goods,0.0,0.0,0.0,India-UK CETA,29/2026-Customs
29171130,All goods,0.0,0.0,0.0,India-UK CETA,29/2026-Customs
29171140,All goods,0.0,0.0,0.0,India-UK CETA,29/2026-Customs
29171190,All goods,0.0,0.0,0.0,India-UK CETA,29/2026-Customs
29171200,All goods,0.0,0.0,0.0,India-UK CETA,29/2026-Customs
29171310,All goods,0.0,0.0,0.0,India-UK CETA,29/2026-Customs
29171390,All goods,0.0,0.0,0.0,India-UK CETA,29/2026-Customs
29171400,All goods,0.0,0.0,0.0,India-UK CETA,29/2026-Customs
29171910,All goods,0.0,0.0,0.0,India-UK CETA,29/2026-Customs
29171921,All goods,0.0,0.0,0.0,India-UK CETA,29/2026-Customs
29171922,All goods,0.0,0.0,0.0,India-UK CETA,29/2026-Customs
29171929,All goods,0.0,0.0,0.0,India-UK CETA,29/2026-Customs
29171930,All goods,0.0,0.0,0.0,India-UK CETA,29/2026-Customs
29171940,All goods,0.0,0.0,0.0,India-UK CETA,29/2026-Customs
29171950,All goods,0.0,0.0,0.0,India-UK CETA,29/2026-Customs
29171960,All goods,0.0,0.0,0.0,India-UK CETA,29/2026-Customs
29171970,All goods,0.0,0.0,0.0,India-UK CETA,29/2026-Customs
29171980,All goods,0.0,0.0,0.0,India-UK CETA,29/2026-Customs
29171990,All goods,0.0,0.0,0.0,India-UK CETA,29/2026-Customs
29172000,All goods,0.0,0.0,0.0,India-UK CETA,29/2026-Customs
29173200,All goods,0.0,0.0,0.0,India-UK CETA,29/2026-Customs
29173300,All goods,0.0,0.0,0.0,India-UK CETA,29/2026-Customs
29173400,All goods,0.0,0.0,0.0,India-UK CETA,29/2026-Customs
29173500,All goods,0.0,0.0,0.0,India-UK CETA,29/2026-Customs
29173600,All goods,0.0,0.0,0.0,India-UK CETA,29/2026-Customs
29173700,All goods,0.0,0.0,0.0,India-UK CETA,29/2026-Customs
29173910,All goods,0.0,0.0,0.0,India-UK CETA,29/2026-Customs
29173920,All goods,0.0,0.0,0.0,India-UK CETA,29/2026-Customs
29173930,All goods,0.0,0.0,0.0,India-UK CETA,29/2026-Customs
29173940,All goods,0.0,0.0,0.0,India-UK CETA,29/2026-Customs
29173950,All goods,0.0,0.0,0.0,India-UK CETA,29/2026-Customs
29173960,All goods,0.0,0.0,0.0,India-UK CETA,29/2026-Customs
29173990,All goods,0.0,0.0,0.0,India-UK CETA,29/2026-Customs
29181110,All goods,0.0,0.0,0.0,India-UK CETA,29/2026-Customs
29181120,All goods,0.0,0.0,0.0,India-UK CETA,29/2026-Customs
29181190,All goods,0.0,0.0,0.0,India-UK CETA,29/2026-Customs
29181200,All goods,0.0,0.0,0.0,India-UK CETA,29/2026-Customs
29181310,All goods,0.0,0.0,0.0,India-UK CETA,29/2026-Customs
29181320,All goods,0.0,0.0,0.0,India-UK CETA,29/2026-Customs
29181390,All goods,6.8,0.0,0.0,India-UK CETA,29/2026-Customs
29181400,All goods,0.0,0.0,0.0,India-UK CETA,29/2026-Customs
29181510,All goods,0.0,0.0,0.0,India-UK CETA,29/2026-Customs
29181520,All goods,0.0,0.0,0.0,India-UK CETA,29/2026-Customs
29181530,All goods,0.0,0.0,0.0,India-UK CETA,29/2026-Customs
29181540,All goods,0.0,0.0,0.0,India-UK CETA,29/2026-Customs
29181550,All goods,0.0,0.0,0.0,India-UK CETA,29/2026-Customs
29181590,All goods,0.0,0.0,0.0,India-UK CETA,29/2026-Customs
29181610,All goods,0.0,0.0,0.0,India-UK CETA,29/2026-Customs
29181620,All goods,0.0,0.0,0.0,India-UK CETA,29/2026-Customs
29181690,All goods,0.0,0.0,0.0,India-UK CETA,29/2026-Customs
29181700,All goods,0.0,0.0,0.0,India-UK CETA,29/2026-Customs
29181800,All goods,0.0,0.0,0.0,India-UK CETA,29/2026-Customs
29181910,All goods,0.0,0.0,0.0,India-UK CETA,29/2026-Customs
29181920,All goods,0.0,0.0,0.0,India-UK CETA,29/2026-Customs
29181930,All goods,0.0,0.0,0.0,India-UK CETA,29/2026-Customs
29181990,All goods,0.0,0.0,0.0,India-UK CETA,29/2026-Customs
29182110,All goods,0.0,0.0,0.0,India-UK CETA,29/2026-Customs
29182120,All goods,0.0,0.0,0.0,India-UK CETA,29/2026-Customs
29182190,All goods,0.0,0.0,0.0,India-UK CETA,29/2026-Customs
29182200,All goods,0.0,0.0,0.0,India-UK CETA,29/2026-Customs
29182310,All goods,0.0,0.0,0.0,India-UK CETA,29/2026-Customs
29182320,All goods,0.0,0.0,0.0,India-UK CETA,29/2026-Customs
29182330,All goods,0.0,0.0,0.0,India-UK CETA,29/2026-Customs
29182340,All goods,0.0,0.0,0.0,India-UK CETA,29/2026-Customs
29182390,All goods,0.0,0.0,0.0,India-UK CETA,29/2026-Customs
29182910,All goods,0.0,0.0,0.0,India-UK CETA,29/2026-Customs
29182920,All goods,0.0,0.0,0.0,India-UK CETA,29/2026-Customs
29182930,All goods,0.0,0.0,0.0,India-UK CETA,29/2026-Customs
29182990,All goods,0.0,0.0,0.0,India-UK CETA,29/2026-Customs
29183010,All goods,0.0,0.0,0.0,India-UK CETA,29/2026-Customs
29183020,All goods,0.0,0.0,0.0,India-UK CETA,29/2026-Customs
29183030,All goods,0.0,0.0,0.0,India-UK CETA,29/2026-Customs
29183040,All goods,0.0,0.0,0.0,India-UK CETA,29/2026-Customs
29183050,All goods,0.0,0.0,0.0,India-UK CETA,29/2026-Customs
29183060,All goods,0.0,0.0,0.0,India-UK CETA,29/2026-Customs
29183070,All goods,0.0,0.0,0.0,India-UK CETA,29/2026-Customs
29183090,All goods,0.0,0.0,0.0,India-UK CETA,29/2026-Customs
29189100,All goods,0.0,0.0,0.0,India-UK CETA,29/2026-Customs
29189910,All goods,0.0,0.0,0.0,India-UK CETA,29/2026-Customs
29189920,All goods,0.0,0.0,0.0,India-UK CETA,29/2026-Customs
29189930,All goods,0.0,0.0,0.0,India-UK CETA,29/2026-Customs
29189940,All goods,0.0,0.0,0.0,India-UK CETA,29/2026-Customs
29189990,All goods,0.0,0.0,0.0,India-UK CETA,29/2026-Customs
29191000,All goods,0.0,0.0,0.0,India-UK CETA,29/2026-Customs
29199010,All goods,0.0,0.0,0.0,India-UK CETA,29/2026-Customs
29199020,All goods,0.0,0.0,0.0,India-UK CETA,29/2026-Customs
29199030,All goods,0.0,0.0,0.0,India-UK CETA,29/2026-Customs
29199040,All goods,0.0,0.0,0.0,India-UK CETA,29/2026-Customs
29199050,All goods,0.0,0.0,0.0,India-UK CETA,29/2026-Customs
29199090,All goods,0.0,0.0,0.0,India-UK CETA,29/2026-Customs
29201100,All goods,0.0,0.0,0.0,India-UK CETA,29/2026-Customs
29201920,All goods,0.0,0.0,0.0,India-UK CETA,29/2026-Customs
29201930,All goods,0.0,0.0,0.0,India-UK CETA,29/2026-Customs
29201990,All goods,0.0,0.0,0.0,India-UK CETA,29/2026-Customs
29202100,All goods,0.0,0.0,0.0,India-UK CETA,29/2026-Customs
29202200,All goods,0.0,0.0,0.0,India-UK CETA,29/2026-Customs
29202300,All goods,0.0,0.0,0.0,India-UK CETA,29/2026-Customs
29202400,All goods,0.0,0.0,0.0,India-UK CETA,29/2026-Customs
29202910,All goods,0.0,0.0,0.0,India-UK CETA,29/2026-Customs
29202920,All goods,0.0,0.0,0.0,India-UK CETA,29/2026-Customs
29202930,All goods,0.0,0.0,0.0,India-UK CETA,29/2026-Customs
29202990,All goods,0.0,0.0,0.0,India-UK CETA,29/2026-Customs
29203000,All goods,0.0,0.0,0.0,India-UK CETA,29/2026-Customs
29209010,All goods,6.8,0.0,0.0,India-UK CETA,29/2026-Customs
29209090,All goods,6.8,0.0,0.0,India-UK CETA,29/2026-Customs
29211110,All goods,6.0,0.0,0.0,India-UK CETA,29/2026-Customs
29211190,All goods,0.0,0.0,0.0,India-UK CETA,29/2026-Customs
29211200,All goods,0.0,0.0,0.0,India-UK CETA,29/2026-Customs
29211300,All goods,0.0,0.0,0.0,India-UK CETA,29/2026-Customs
29211400,All goods,0.0,0.0,0.0,India-UK CETA,29/2026-Customs
29211911,All goods,0.0,0.0,0.0,India-UK CETA,29/2026-Customs
29211912,All goods,0.0,0.0,0.0,India-UK CETA,29/2026-Customs
29211919,All goods,0.0,0.0,0.0,India-UK CETA,29/2026-Customs
29211930,All goods,0.0,0.0,0.0,India-UK CETA,29/2026-Customs
29211990,All goods,0.0,0.0,0.0,India-UK CETA,29/2026-Customs
29212100,All goods,0.0,0.0,0.0,India-UK CETA,29/2026-Customs
29212200,All goods,0.0,0.0,0.0,India-UK CETA,29/2026-Customs
29212910,All goods,0.0,0.0,0.0,India-UK CETA,29/2026-Customs
29212920,All goods,0.0,0.0,0.0,India-UK CETA,29/2026-Customs
29212990,All goods,0.0,0.0,0.0,India-UK CETA,29/2026-Customs
29213010,All goods,0.0,0.0,0.0,India-UK CETA,29/2026-Customs
29213090,All goods,0.0,0.0,0.0,India-UK CETA,29/2026-Customs
29214110,All goods,6.8,0.0,0.0,India-UK CETA,29/2026-Customs
29214120,All goods,0.0,0.0,0.0,India-UK CETA,29/2026-Customs
29214130,All goods,0.0,0.0,0.0,India-UK CETA,29/2026-Customs
29214190,All goods,0.0,0.0,0.0,India-UK CETA,29/2026-Customs
29214211,All goods,0.0,0.0,0.0,India-UK CETA,29/2026-Customs
29214212,All goods,0.0,0.0,0.0,India-UK CETA,29/2026-Customs
29214213,All goods,0.0,0.0,0.0,India-UK CETA,29/2026-Customs
29214214,All goods,0.0,0.0,0.0,India-UK CETA,29/2026-Customs
29214215,All goods,0.0,0.0,0.0,India-UK CETA,29/2026-Customs
29214221,All goods,0.0,0.0,0.0,India-UK CETA,29/2026-Customs
29214222,All goods,0.0,0.0,0.0,India-UK CETA,29/2026-Customs
29214223,All goods,0.0,0.0,0.0,India-UK CETA,29/2026-Customs
29214224,All goods,0.0,0.0,0.0,India-UK CETA,29/2026-Customs
29214225,All goods,0.0,0.0,0.0,India-UK CETA,29/2026-Customs
29214226,All goods,0.0,0.0,0.0,India-UK CETA,29/2026-Customs
29214231,All goods,0.0,0.0,0.0,India-UK CETA,29/2026-Customs
29214232,All goods,0.0,0.0,0.0,India-UK CETA,29/2026-Customs
29214233,All goods,0.0,0.0,0.0,India-UK CETA,29/2026-Customs
29214234,All goods,0.0,0.0,0.0,India-UK CETA,29/2026-Customs
29214235,All goods,0.0,0.0,0.0,India-UK CETA,29/2026-Customs
29214236,All goods,0.0,0.0,0.0,India-UK CETA,29/2026-Customs
29214250,All goods,0.0,0.0,0.0,India-UK CETA,29/2026-Customs
29214290,All goods,0.0,0.0,0.0,India-UK CETA,29/2026-Customs
29214310,All goods,0.0,0.0,0.0,India-UK CETA,29/2026-Customs
29214320,All goods,0.0,0.0,0.0,India-UK CETA,29/2026-Customs
29214330,All goods,0.0,0.0,0.0,India-UK CETA,29/2026-Customs
29214340,All goods,0.0,0.0,0.0,India-UK CETA,29/2026-Customs
29214350,All goods,0.0,0.0,0.0,India-UK CETA,29/2026-Customs
29214360,All goods,0.0,0.0,0.0,India-UK CETA,29/2026-Customs
29214370,All goods,0.0,0.0,0.0,India-UK CETA,29/2026-Customs
29214380,All goods,0.0,0.0,0.0,India-UK CETA,29/2026-Customs
29214391,All goods,0.0,0.0,0.0,India-UK CETA,29/2026-Customs
29214399,All goods,0.0,0.0,0.0,India-UK CETA,29/2026-Customs
29214410,All goods,0.0,0.0,0.0,India-UK CETA,29/2026-Customs
29214490,All goods,0.0,0.0,0.0,India-UK CETA,29/2026-Customs
29214511,All goods,0.0,0.0,0.0,India-UK CETA,29/2026-Customs
29214512,All goods,0.0,0.0,0.0,India-UK CETA,29/2026-Customs
29214513,All goods,0.0,0.0,0.0,India-UK CETA,29/2026-Customs
29214514,All goods,0.0,0.0,0.0,India-UK CETA,29/2026-Customs
29214515,All goods,0.0,0.0,0.0,India-UK CETA,29/2026-Customs
29214516,All goods,0.0,0.0,0.0,India-UK CETA,29/2026-Customs
29214521,All goods,0.0,0.0,0.0,India-UK CETA,29/2026-Customs
29214522,All goods,0.0,0.0,0.0,India-UK CETA,29/2026-Customs
29214523,All goods,0.0,0.0,0.0,India-UK CETA,29/2026-Customs
29214524,All goods,0.0,0.0,0.0,India-UK CETA,29/2026-Customs
29214525,All goods,0.0,0.0,0.0,India-UK CETA,29/2026-Customs
29214526,All goods,0.0,0.0,0.0,India-UK CETA,29/2026-Customs
29214531,All goods,0.0,0.0,0.0,India-UK CETA,29/2026-Customs
29214532,All goods,0.0,0.0,0.0,India-UK CETA,29/2026-Customs
29214533,All goods,0.0,0.0,0.0,India-UK CETA,29/2026-Customs
29214590,All goods,0.0,0.0,0.0,India-UK CETA,29/2026-Customs
29214600,All goods,0.0,0.0,0.0,India-UK CETA,29/2026-Customs
29214910,All goods,0.0,0.0,0.0,India-UK CETA,29/2026-Customs
29214920,All goods,0.0,0.0,0.0,India-UK CETA,29/2026-Customs
29214990,All goods,0.0,0.0,0.0,India-UK CETA,29/2026-Customs
29215110,All goods,0.0,0.0,0.0,India-UK CETA,29/2026-Customs
29215120,All goods,0.0,0.0,0.0,India-UK CETA,29/2026-Customs
29215130,All goods,0.0,0.0,0.0,India-UK CETA,29/2026-Customs
29215140,All goods,0.0,0.0,0.0,India-UK CETA,29/2026-Customs
29215150,All goods,0.0,0.0,0.0,India-UK CETA,29/2026-Customs
29215160,All goods,0.0,0.0,0.0,India-UK CETA,29/2026-Customs
29215170,All goods,0.0,0.0,0.0,India-UK CETA,29/2026-Customs
29215180,All goods,0.0,0.0,0.0,India-UK CETA,29/2026-Customs
29215190,All goods,0.0,0.0,0.0,India-UK CETA,29/2026-Customs
29215910,All goods,0.0,0.0,0.0,India-UK CETA,29/2026-Customs
29215920,All goods,0.0,0.0,0.0,India-UK CETA,29/2026-Customs
29215930,All goods,0.0,0.0,0.0,India-UK CETA,29/2026-Customs
29215940,All goods,0.0,0.0,0.0,India-UK CETA,29/2026-Customs
29215990,All goods,0.0,0.0,0.0,India-UK CETA,29/2026-Customs
29221110,All goods,0.0,0.0,0.0,India-UK CETA,29/2026-Customs
29221190,All goods,0.0,0.0,0.0,India-UK CETA,29/2026-Customs
29221200,All goods,0.0,0.0,0.0,India-UK CETA,29/2026-Customs
29221400,All goods,0.0,0.0,0.0,India-UK CETA,29/2026-Customs
29221500,All goods,0.0,0.0,0.0,India-UK CETA,29/2026-Customs
29221600,All goods,0.0,0.0,0.0,India-UK CETA,29/2026-Customs
29221710,All goods,0.0,0.0,0.0,India-UK CETA,29/2026-Customs
29221720,All goods,0.0,0.0,0.0,India-UK CETA,29/2026-Customs
29221800,All goods,0.0,0.0,0.0,India-UK CETA,29/2026-Customs
29221911,All goods,0.0,0.0,0.0,India-UK CETA,29/2026-Customs
29221912,All goods,0.0,0.0,0.0,India-UK CETA,29/2026-Customs
29221913,All goods,0.0,0.0,0.0,India-UK CETA,29/2026-Customs
29221919,All goods,0.0,0.0,0.0,India-UK CETA,29/2026-Customs
29221930,All goods,0.0,0.0,0.0,India-UK CETA,29/2026-Customs
29221990,All goods,0.0,0.0,0.0,India-UK CETA,29/2026-Customs
29222110,All goods,0.0,0.0,0.0,India-UK CETA,29/2026-Customs
29222120,All goods,0.0,0.0,0.0,India-UK CETA,29/2026-Customs
29222130,All goods,0.0,0.0,0.0,India-UK CETA,29/2026-Customs
29222140,All goods,0.0,0.0,0.0,India-UK CETA,29/2026-Customs
29222150,All goods,0.0,0.0,0.0,India-UK CETA,29/2026-Customs
29222160,All goods,0.0,0.0,0.0,India-UK CETA,29/2026-Customs
29222170,All goods,0.0,0.0,0.0,India-UK CETA,29/2026-Customs
29222180,All goods,0.0,0.0,0.0,India-UK CETA,29/2026-Customs
29222190,All goods,0.0,0.0,0.0,India-UK CETA,29/2026-Customs
29222911,All goods,0.0,0.0,0.0,India-UK CETA,29/2026-Customs
29222912,All goods,0.0,0.0,0.0,India-UK CETA,29/2026-Customs
29222913,All goods,0.0,0.0,0.0,India-UK CETA,29/2026-Customs
29222914,All goods,0.0,0.0,0.0,India-UK CETA,29/2026-Customs
29222921,All goods,0.0,0.0,0.0,India-UK CETA,29/2026-Customs
29222922,All goods,0.0,0.0,0.0,India-UK CETA,29/2026-Customs
29222923,All goods,0.0,0.0,0.0,India-UK CETA,29/2026-Customs
29222924,All goods,0.0,0.0,0.0,India-UK CETA,29/2026-Customs
29222925,All goods,0.0,0.0,0.0,India-UK CETA,29/2026-Customs
29222926,All goods,0.0,0.0,0.0,India-UK CETA,29/2026-Customs
29222931,All goods,0.0,0.0,0.0,India-UK CETA,29/2026-Customs
29222932,All goods,0.0,0.0,0.0,India-UK CETA,29/2026-Customs
29222934,All goods,0.0,0.0,0.0,India-UK CETA,29/2026-Customs
29222935,All goods,0.0,0.0,0.0,India-UK CETA,29/2026-Customs
29222936,All goods,0.0,0.0,0.0,India-UK CETA,29/2026-Customs
29222990,All goods,0.0,0.0,0.0,India-UK CETA,29/2026-Customs
29223100,All goods,0.0,0.0,0.0,India-UK CETA,29/2026-Customs
29223900,All goods,0.0,0.0,0.0,India-UK CETA,29/2026-Customs
29224100,All goods,0.0,0.0,0.0,India-UK CETA,29/2026-Customs
29224210,All goods,0.0,0.0,0.0,India-UK CETA,29/2026-Customs
29224220,All goods,0.0,0.0,0.0,India-UK CETA,29/2026-Customs
29224290,All goods,0.0,0.0,0.0,India-UK CETA,29/2026-Customs
29224310,All goods,0.0,0.0,0.0,India-UK CETA,29/2026-Customs
29224390,All goods,0.0,0.0,0.0,India-UK CETA,29/2026-Customs
29224400,All goods,0.0,0.0,0.0,India-UK CETA,29/2026-Customs
29224910,All goods,0.0,0.0,0.0,India-UK CETA,29/2026-Customs
29224920,All goods,0.0,0.0,0.0,India-UK CETA,29/2026-Customs
29224990,All goods,0.0,0.0,0.0,India-UK CETA,29/2026-Customs
29225011,All goods,0.0,0.0,0.0,India-UK CETA,29/2026-Customs
29225012,All goods,0.0,0.0,0.0,India-UK CETA,29/2026-Customs
29225013,All goods,0.0,0.0,0.0,India-UK CETA,29/2026-Customs
29225014,All goods,0.0,0.0,0.0,India-UK CETA,29/2026-Customs
29225015,All goods,0.0,0.0,0.0,India-UK CETA,29/2026-Customs
29225021,All goods,0.0,0.0,0.0,India-UK CETA,29/2026-Customs
29225022,All goods,0.0,0.0,0.0,India-UK CETA,29/2026-Customs
29225023,All goods,0.0,0.0,0.0,India-UK CETA,29/2026-Customs
29225024,All goods,0.0,0.0,0.0,India-UK CETA,29/2026-Customs
29225090,All goods,0.0,0.0,0.0,India-UK CETA,29/2026-Customs
29231000,All goods,0.0,0.0,0.0,India-UK CETA,29/2026-Customs
29232010,All goods,0.0,0.0,0.0,India-UK CETA,29/2026-Customs
29232090,All goods,0.0,0.0,0.0,India-UK CETA,29/2026-Customs
29233000,All goods,0.0,0.0,0.0,India-UK CETA,29/2026-Customs
29234000,All goods,0.0,0.0,0.0,India-UK CETA,29/2026-Customs
29239000,All goods,0.0,0.0,0.0,India-UK CETA,29/2026-Customs
29241100,All goods,0.0,0.0,0.0,India-UK CETA,29/2026-Customs
29241200,All goods,0.0,0.0,0.0,India-UK CETA,29/2026-Customs
29241910,All goods,0.0,0.0,0.0,India-UK CETA,29/2026-Customs
29241990,All goods,0.0,0.0,0.0,India-UK CETA,29/2026-Customs
29242110,All goods,0.0,0.0,0.0,India-UK CETA,29/2026-Customs
29242120,All goods,0.0,0.0,0.0,India-UK CETA,29/2026-Customs
29242130,All goods,0.0,0.0,0.0,India-UK CETA,29/2026-Customs
29242140,All goods,0.0,0.0,0.0,India-UK CETA,29/2026-Customs
29242190,All goods,0.0,0.0,0.0,India-UK CETA,29/2026-Customs
29242300,All goods,0.0,0.0,0.0,India-UK CETA,29/2026-Customs
29242400,All goods,0.0,0.0,0.0,India-UK CETA,29/2026-Customs
29242500,All goods,0.0,0.0,0.0,India-UK CETA,29/2026-Customs
29242910,All goods,0.0,0.0,0.0,India-UK CETA,29/2026-Customs
29242920,All goods,0.0,0.0,0.0,India-UK CETA,29/2026-Customs
29242930,All goods,0.0,0.0,0.0,India-UK CETA,29/2026-Customs
29242940,All goods,0.0,0.0,0.0,India-UK CETA,29/2026-Customs
29242950,All goods,0.0,0.0,0.0,India-UK CETA,29/2026-Customs
29242960,All goods,0.0,0.0,0.0,India-UK CETA,29/2026-Customs
29242970,All goods,0.0,0.0,0.0,India-UK CETA,29/2026-Customs
29242980,All goods,0.0,0.0,0.0,India-UK CETA,29/2026-Customs
29242991,All goods,0.0,0.0,0.0,India-UK CETA,29/2026-Customs
29242999,All goods,0.0,0.0,0.0,India-UK CETA,29/2026-Customs
29251100,All goods,0.0,0.0,0.0,India-UK CETA,29/2026-Customs
29251200,All goods,0.0,0.0,0.0,India-UK CETA,29/2026-Customs
29251900,All goods,0.0,0.0,0.0,India-UK CETA,29/2026-Customs
29252100,All goods,0.0,0.0,0.0,India-UK CETA,29/2026-Customs
29252910,All goods,0.0,0.0,0.0,India-UK CETA,29/2026-Customs
29252920,All goods,0.0,0.0,0.0,India-UK CETA,29/2026-Customs
29252990,All goods,0.0,0.0,0.0,India-UK CETA,29/2026-Customs
29261000,All goods,0.0,0.0,0.0,India-UK CETA,29/2026-Customs
29262000,All goods,0.0,0.0,0.0,India-UK CETA,29/2026-Customs
29263000,All goods,0.0,0.0,0.0,India-UK CETA,29/2026-Customs
29264000,All goods,0.0,0.0,0.0,India-UK CETA,29/2026-Customs
29269010,All goods,0.0,0.0,0.0,India-UK CETA,29/2026-Customs
29269090,All goods,0.0,0.0,0.0,India-UK CETA,29/2026-Customs
29270010,All goods,0.0,0.0,0.0,India-UK CETA,29/2026-Customs
29270020,All goods,0.0,0.0,0.0,India-UK CETA,29/2026-Customs
29270090,All goods,0.0,0.0,0.0,India-UK CETA,29/2026-Customs
29280010,All goods,0.0,0.0,0.0,India-UK CETA,29/2026-Customs
29280020,All goods,0.0,0.0,0.0,India-UK CETA,29/2026-Customs
29280090,All goods,0.0,0.0,0.0,India-UK CETA,29/2026-Customs
29291010,All goods,0.0,0.0,0.0,India-UK CETA,29/2026-Customs
29291020,All goods,0.0,0.0,0.0,India-UK CETA,29/2026-Customs
29291090,All goods,0.0,0.0,0.0,India-UK CETA,29/2026-Customs
29299011,All goods,0.0,0.0,0.0,India-UK CETA,29/2026-Customs
29299012,All goods,0.0,0.0,0.0,India-UK CETA,29/2026-Customs
29299013,All goods,0.0,0.0,0.0,India-UK CETA,29/2026-Customs
29299014,All goods,0.0,0.0,0.0,India-UK CETA,29/2026-Customs
29299021,All goods,0.0,0.0,0.0,India-UK CETA,29/2026-Customs
29299060,All goods,0.0,0.0,0.0,India-UK CETA,29/2026-Customs
29299019,All goods,0.0,0.0,0.0,India-UK CETA,29/2026-Customs
29299029,All goods,0.0,0.0,0.0,India-UK CETA,29/2026-Customs
29299070,All goods,0.0,0.0,0.0,India-UK CETA,29/2026-Customs
29299080,All goods,0.0,0.0,0.0,India-UK CETA,29/2026-Customs
29299091,All goods,0.0,0.0,0.0,India-UK CETA,29/2026-Customs
29299099,All goods,0.0,0.0,0.0,India-UK CETA,29/2026-Customs
29301000,All goods,0.0,0.0,0.0,India-UK CETA,29/2026-Customs
29302010,All goods,0.0,0.0,0.0,India-UK CETA,29/2026-Customs
29302090,All goods,0.0,0.0,0.0,India-UK CETA,29/2026-Customs
29303000,All goods,0.0,0.0,0.0,India-UK CETA,29/2026-Customs
29304000,All goods,0.0,0.0,0.0,India-UK CETA,29/2026-Customs
29306000,All goods,0.0,0.0,0.0,India-UK CETA,29/2026-Customs
29307000,All goods,0.0,0.0,0.0,India-UK CETA,29/2026-Customs
29308000,All goods,0.0,0.0,0.0,India-UK CETA,29/2026-Customs
29309011,All goods,0.0,0.0,0.0,India-UK CETA,29/2026-Customs
29309012,All goods,0.0,0.0,0.0,India-UK CETA,29/2026-Customs
29309013,All goods,0.0,0.0,0.0,India-UK CETA,29/2026-Customs
29309014,All goods,6.8,0.0,0.0,India-UK CETA,29/2026-Customs
29309015,All goods,0.0,0.0,0.0,India-UK CETA,29/2026-Customs
29309016,All goods,6.8,0.0,0.0,India-UK CETA,29/2026-Customs
29309017,All goods,6.8,0.0,0.0,India-UK CETA,29/2026-Customs
29309018,All goods,0.0,0.0,0.0,India-UK CETA,29/2026-Customs
29309091,All goods,0.0,0.0,0.0,India-UK CETA,29/2026-Customs
29309092,All goods,6.8,0.0,0.0,India-UK CETA,29/2026-Customs
29309031,All goods,0.0,0.0,0.0,India-UK CETA,29/2026-Customs
29309032,All goods,0.0,0.0,0.0,India-UK CETA,29/2026-Customs
29309096,All goods,0.0,0.0,0.0,India-UK CETA,29/2026-Customs
29309021,All goods,0.0,0.0,0.0,India-UK CETA,29/2026-Customs
29309029,All goods,6.8,0.0,0.0,India-UK CETA,29/2026-Customs
29309039,All goods,6.8,0.0,0.0,India-UK CETA,29/2026-Customs
29309094,All goods,6.8,0.0,0.0,India-UK CETA,29/2026-Customs
29309098,All goods,0.0,0.0,0.0,India-UK CETA,29/2026-Customs
29309099,All goods,6.8,0.0,0.0,India-UK CETA,29/2026-Customs
29311010,All goods,0.0,0.0,0.0,India-UK CETA,29/2026-Customs
29311090,All goods,0.0,0.0,0.0,India-UK CETA,29/2026-Customs
29312000,All goods,0.0,0.0,0.0,India-UK CETA,29/2026-Customs
29314100,All goods,0.0,0.0,0.0,India-UK CETA,29/2026-Customs
29314200,All goods,0.0,0.0,0.0,India-UK CETA,29/2026-Customs
29314300,All goods,0.0,0.0,0.0,India-UK CETA,29/2026-Customs
29314400,All goods,0.0,0.0,0.0,India-UK CETA,29/2026-Customs
29314500,All goods,0.0,0.0,0.0,India-UK CETA,29/2026-Customs
29314600,All goods,0.0,0.0,0.0,India-UK CETA,29/2026-Customs
29314700,All goods,0.0,0.0,0.0,India-UK CETA,29/2026-Customs
29314800,All goods,0.0,0.0,0.0,India-UK CETA,29/2026-Customs
29314910,All goods,0.0,0.0,0.0,India-UK CETA,29/2026-Customs
29314920,All goods,0.0,0.0,0.0,India-UK CETA,29/2026-Customs
29314930,All goods,0.0,0.0,0.0,India-UK CETA,29/2026-Customs
29314940,All goods,0.0,0.0,0.0,India-UK CETA,29/2026-Customs
29314950,All goods,0.0,0.0,0.0,India-UK CETA,29/2026-Customs
29314991,All goods,0.0,0.0,0.0,India-UK CETA,29/2026-Customs
29314999,All goods,0.0,0.0,0.0,India-UK CETA,29/2026-Customs
29315100,All goods,0.0,0.0,0.0,India-UK CETA,29/2026-Customs
29315200,All goods,0.0,0.0,0.0,India-UK CETA,29/2026-Customs
29315300,All goods,0.0,0.0,0.0,India-UK CETA,29/2026-Customs
29315400,All goods,0.0,0.0,0.0,India-UK CETA,29/2026-Customs
29315910,All goods,0.0,0.0,0.0,India-UK CETA,29/2026-Customs
29315920,All goods,0.0,0.0,0.0,India-UK CETA,29/2026-Customs
29315931,All goods,0.0,0.0,0.0,India-UK CETA,29/2026-Customs
29315939,All goods,0.0,0.0,0.0,India-UK CETA,29/2026-Customs
29315990,All goods,0.0,0.0,0.0,India-UK CETA,29/2026-Customs
29319011,All goods,0.0,0.0,0.0,India-UK CETA,29/2026-Customs
29319012,All goods,6.0,0.0,0.0,India-UK CETA,29/2026-Customs
29319013,All goods,6.0,0.0,0.0,India-UK CETA,29/2026-Customs
29319014,All goods,6.0,0.0,0.0,India-UK CETA,29/2026-Customs
29319015,All goods,6.0,0.0,0.0,India-UK CETA,29/2026-Customs
29319019,All goods,6.0,0.0,0.0,India-UK CETA,29/2026-Customs
29319020,All goods,6.0,0.0,0.0,India-UK CETA,29/2026-Customs
29319030,All goods,6.0,0.0,0.0,India-UK CETA,29/2026-Customs
29319090,All goods,6.0,0.0,0.0,India-UK CETA,29/2026-Customs
29321100,All goods,0.0,0.0,0.0,India-UK CETA,29/2026-Customs
29321200,All goods,0.0,0.0,0.0,India-UK CETA,29/2026-Customs
29321300,All goods,0.0,0.0,0.0,India-UK CETA,29/2026-Customs
29321400,All goods,0.0,0.0,0.0,India-UK CETA,29/2026-Customs
29321910,All goods,0.0,0.0,0.0,India-UK CETA,29/2026-Customs
29321920,All goods,0.0,0.0,0.0,India-UK CETA,29/2026-Customs
29321990,All goods,0.0,0.0,0.0,India-UK CETA,29/2026-Customs
29322010,All goods,0.0,0.0,0.0,India-UK CETA,29/2026-Customs
29322020,All goods,0.0,0.0,0.0,India-UK CETA,29/2026-Customs
29322030,All goods,0.0,0.0,0.0,India-UK CETA,29/2026-Customs
29322040,All goods,0.0,0.0,0.0,India-UK CETA,29/2026-Customs
29322050,All goods,0.0,0.0,0.0,India-UK CETA,29/2026-Customs
29322090,All goods,0.0,0.0,0.0,India-UK CETA,29/2026-Customs
29329100,All goods,0.0,0.0,0.0,India-UK CETA,29/2026-Customs
29329200,All goods,0.0,0.0,0.0,India-UK CETA,29/2026-Customs
29329300,All goods,0.0,0.0,0.0,India-UK CETA,29/2026-Customs
29329400,All goods,0.0,0.0,0.0,India-UK CETA,29/2026-Customs
29329500,All goods,0.0,0.0,0.0,India-UK CETA,29/2026-Customs
29329600,All goods,6.0,0.0,0.0,India-UK CETA,29/2026-Customs
29329910,All goods,0.0,0.0,0.0,India-UK CETA,29/2026-Customs
29329920,All goods,0.0,0.0,0.0,India-UK CETA,29/2026-Customs
29329930,All goods,0.0,0.0,0.0,India-UK CETA,29/2026-Customs
29329940,All goods,0.0,0.0,0.0,India-UK CETA,29/2026-Customs
29329950,All goods,0.0,0.0,0.0,India-UK CETA,29/2026-Customs
29329990,All goods,0.0,0.0,0.0,India-UK CETA,29/2026-Customs
29331100,All goods,0.0,0.0,0.0,India-UK CETA,29/2026-Customs
29331910,All goods,0.0,0.0,0.0,India-UK CETA,29/2026-Customs
29331920,All goods,0.0,0.0,0.0,India-UK CETA,29/2026-Customs
29331930,All goods,0.0,0.0,0.0,India-UK CETA,29/2026-Customs
29331940,All goods,0.0,0.0,0.0,India-UK CETA,29/2026-Customs
29331950,All goods,0.0,0.0,0.0,India-UK CETA,29/2026-Customs
29331960,All goods,0.0,0.0,0.0,India-UK CETA,29/2026-Customs
29331970,All goods,0.0,0.0,0.0,India-UK CETA,29/2026-Customs
29331980,All goods,0.0,0.0,0.0,India-UK CETA,29/2026-Customs
29331991,All goods,0.0,0.0,0.0,India-UK CETA,29/2026-Customs
29331992,All goods,0.0,0.0,0.0,India-UK CETA,29/2026-Customs
29331999,All goods,0.0,0.0,0.0,India-UK CETA,29/2026-Customs
29332100,All goods,0.0,0.0,0.0,India-UK CETA,29/2026-Customs
29332910,All goods,0.0,0.0,0.0,India-UK CETA,29/2026-Customs
29332920,All goods,0.0,0.0,0.0,India-UK CETA,29/2026-Customs
29332930,All goods,0.0,0.0,0.0,India-UK CETA,29/2026-Customs
29332940,All goods,0.0,0.0,0.0,India-UK CETA,29/2026-Customs
29332950,All goods,0.0,0.0,0.0,India-UK CETA,29/2026-Customs
29332960,All goods,0.0,0.0,0.0,India-UK CETA,29/2026-Customs
29332990,All goods,0.0,0.0,0.0,India-UK CETA,29/2026-Customs
29333110,All goods,0.0,0.0,0.0,India-UK CETA,29/2026-Customs
29333190,All goods,0.0,0.0,0.0,India-UK CETA,29/2026-Customs
29333220,All goods,0.0,0.0,0.0,India-UK CETA,29/2026-Customs
29333230,All goods,0.0,0.0,0.0,India-UK CETA,29/2026-Customs
29333290,All goods,0.0,0.0,0.0,India-UK CETA,29/2026-Customs
29333311,All goods,0.0,0.0,0.0,India-UK CETA,29/2026-Customs
29333312,All goods,0.0,0.0,0.0,India-UK CETA,29/2026-Customs
29333313,All goods,0.0,0.0,0.0,India-UK CETA,29/2026-Customs
29333314,All goods,0.0,0.0,0.0,India-UK CETA,29/2026-Customs
29333315,All goods,0.0,0.0,0.0,India-UK CETA,29/2026-Customs
29333316,All goods,0.0,0.0,0.0,India-UK CETA,29/2026-Customs
29333317,All goods,0.0,0.0,0.0,India-UK CETA,29/2026-Customs
29333318,All goods,0.0,0.0,0.0,India-UK CETA,29/2026-Customs
29333321,All goods,0.0,0.0,0.0,India-UK CETA,29/2026-Customs
29333322,All goods,0.0,0.0,0.0,India-UK CETA,29/2026-Customs
29333323,All goods,0.0,0.0,0.0,India-UK CETA,29/2026-Customs
29333324,All goods,0.0,0.0,0.0,India-UK CETA,29/2026-Customs
29333325,All goods,0.0,0.0,0.0,India-UK CETA,29/2026-Customs
29333326,All goods,0.0,0.0,0.0,India-UK CETA,29/2026-Customs
29333327,All goods,0.0,0.0,0.0,India-UK CETA,29/2026-Customs
29333328,All goods,0.0,0.0,0.0,India-UK CETA,29/2026-Customs
29333331,All goods,0.0,0.0,0.0,India-UK CETA,29/2026-Customs
29333332,All goods,0.0,0.0,0.0,India-UK CETA,29/2026-Customs
29333333,All goods,0.0,0.0,0.0,India-UK CETA,29/2026-Customs
29333334,All goods,0.0,0.0,0.0,India-UK CETA,29/2026-Customs
29333335,All goods,0.0,0.0,0.0,India-UK CETA,29/2026-Customs
29333400,All goods,0.0,0.0,0.0,India-UK CETA,29/2026-Customs
29333500,All goods,0.0,0.0,0.0,India-UK CETA,29/2026-Customs
29333600,All goods,0.0,0.0,0.0,India-UK CETA,29/2026-Customs
29333700,All goods,0.0,0.0,0.0,India-UK CETA,29/2026-Customs
29333911,All goods,0.0,0.0,0.0,India-UK CETA,29/2026-Customs
29333912,All goods,0.0,0.0,0.0,India-UK CETA,29/2026-Customs
29333913,All goods,0.0,0.0,0.0,India-UK CETA,29/2026-Customs
29333914,All goods,0.0,0.0,0.0,India-UK CETA,29/2026-Customs
29333915,All goods,0.0,0.0,0.0,India-UK CETA,29/2026-Customs
29333916,All goods,0.0,0.0,0.0,India-UK CETA,29/2026-Customs
29333917,All goods,0.0,0.0,0.0,India-UK CETA,29/2026-Customs
29333918,All goods,0.0,0.0,0.0,India-UK CETA,29/2026-Customs
29333921,All goods,0.0,0.0,0.0,India-UK CETA,29/2026-Customs
29333922,All goods,0.0,0.0,0.0,India-UK CETA,29/2026-Customs
29333923,All goods,0.0,0.0,0.0,India-UK CETA,29/2026-Customs
29333929,All goods,0.0,0.0,0.0,India-UK CETA,29/2026-Customs
29333940,All goods,0.0,0.0,0.0,India-UK CETA,29/2026-Customs
29333950,All goods,0.0,0.0,0.0,India-UK CETA,29/2026-Customs
29333960,All goods,0.0,0.0,0.0,India-UK CETA,29/2026-Customs
29333970,All goods,0.0,0.0,0.0,India-UK CETA,29/2026-Customs
29333980,All goods,0.0,0.0,0.0,India-UK CETA,29/2026-Customs
29333991,All goods,0.0,0.0,0.0,India-UK CETA,29/2026-Customs
29333999,All goods,0.0,0.0,0.0,India-UK CETA,29/2026-Customs
29334110,All goods,0.0,0.0,0.0,India-UK CETA,29/2026-Customs
29334190,All goods,0.0,0.0,0.0,India-UK CETA,29/2026-Customs
29334910,All goods,0.0,0.0,0.0,India-UK CETA,29/2026-Customs
29334990,All goods,0.0,0.0,0.0,India-UK CETA,29/2026-Customs
29335200,All goods,0.0,0.0,0.0,India-UK CETA,29/2026-Customs
29335300,All goods,0.0,0.0,0.0,India-UK CETA,29/2026-Customs
29335400,All goods,0.0,0.0,0.0,India-UK CETA,29/2026-Customs
29335500,All goods,0.0,0.0,0.0,India-UK CETA,29/2026-Customs
29335910,All goods,0.0,0.0,0.0,India-UK CETA,29/2026-Customs
29335920,All goods,0.0,0.0,0.0,India-UK CETA,29/2026-Customs
29335930,All goods,0.0,0.0,0.0,India-UK CETA,29/2026-Customs
29335940,All goods,0.0,0.0,0.0,India-UK CETA,29/2026-Customs
29335950,All goods,6.0,0.0,0.0,India-UK CETA,29/2026-Customs
29335990,All goods,6.0,0.0,0.0,India-UK CETA,29/2026-Customs
29336100,All goods,0.0,0.0,0.0,India-UK CETA,29/2026-Customs
29336910,All goods,0.0,0.0,0.0,India-UK CETA,29/2026-Customs
29336920,All goods,0.0,0.0,0.0,India-UK CETA,29/2026-Customs
29336930,All goods,0.0,0.0,0.0,India-UK CETA,29/2026-Customs
29336940,All goods,0.0,0.0,0.0,India-UK CETA,29/2026-Customs
29336950,All goods,0.0,0.0,0.0,India-UK CETA,29/2026-Customs
29336960,All goods,0.0,0.0,0.0,India-UK CETA,29/2026-Customs
29336990,All goods,0.0,0.0,0.0,India-UK CETA,29/2026-Customs
29337100,All goods,0.0,0.0,0.0,India-UK CETA,29/2026-Customs
29337200,All goods,0.0,0.0,0.0,India-UK CETA,29/2026-Customs
29337910,All goods,0.0,0.0,0.0,India-UK CETA,29/2026-Customs
29337920,All goods,0.0,0.0,0.0,India-UK CETA,29/2026-Customs
29337930,All goods,6.8,0.0,0.0,India-UK CETA,29/2026-Customs
29337990,All goods,6.8,0.0,0.0,India-UK CETA,29/2026-Customs
29339100,All goods,0.0,0.0,0.0,India-UK CETA,29/2026-Customs
29339200,All goods,0.0,0.0,0.0,India-UK CETA,29/2026-Customs
29339910,All goods,0.0,0.0,0.0,India-UK CETA,29/2026-Customs
29339920,All goods,0.0,0.0,0.0,India-UK CETA,29/2026-Customs
29339990,All goods,0.0,0.0,0.0,India-UK CETA,29/2026-Customs
29341010,All goods,0.0,0.0,0.0,India-UK CETA,29/2026-Customs
29341090,All goods,0.0,0.0,0.0,India-UK CETA,29/2026-Customs
29342010,All goods,0.0,0.0,0.0,India-UK CETA,29/2026-Customs
29342090,All goods,0.0,0.0,0.0,India-UK CETA,29/2026-Customs
29343000,All goods,0.0,0.0,0.0,India-UK CETA,29/2026-Customs
29349100,All goods,0.0,0.0,0.0,India-UK CETA,29/2026-Customs
29349200,All goods,0.0,0.0,0.0,India-UK CETA,29/2026-Customs
29349910,All goods,0.0,0.0,0.0,India-UK CETA,29/2026-Customs
29349920,All goods,0.0,0.0,0.0,India-UK CETA,29/2026-Customs
29349930,All goods,6.8,0.0,0.0,India-UK CETA,29/2026-Customs
29349940,All goods,6.8,0.0,0.0,India-UK CETA,29/2026-Customs
29349950,All goods,4.5,0.0,0.0,India-UK CETA,29/2026-Customs
29349990,All goods,6.8,0.0,0.0,India-UK CETA,29/2026-Customs
29351000,All goods,0.0,0.0,0.0,India-UK CETA,29/2026-Customs
29352000,All goods,0.0,0.0,0.0,India-UK CETA,29/2026-Customs
29353000,All goods,0.0,0.0,0.0,India-UK CETA,29/2026-Customs
29354000,All goods,0.0,0.0,0.0,India-UK CETA,29/2026-Customs
29355010,All goods,0.0,0.0,0.0,India-UK CETA,29/2026-Customs
29355020,All goods,0.0,0.0,0.0,India-UK CETA,29/2026-Customs
29355090,All goods,0.0,0.0,0.0,India-UK CETA,29/2026-Customs
29359011,All goods,0.0,0.0,0.0,India-UK CETA,29/2026-Customs
29359012,All goods,0.0,0.0,0.0,India-UK CETA,29/2026-Customs
29359013,All goods,0.0,0.0,0.0,India-UK CETA,29/2026-Customs
29359014,All goods,0.0,0.0,0.0,India-UK CETA,29/2026-Customs
29359015,All goods,0.0,0.0,0.0,India-UK CETA,29/2026-Customs
29359021,All goods,0.0,0.0,0.0,India-UK CETA,29/2026-Customs
29359022,All goods,0.0,0.0,0.0,India-UK CETA,29/2026-Customs
29359023,All goods,0.0,0.0,0.0,India-UK CETA,29/2026-Customs
29359024,All goods,0.0,0.0,0.0,India-UK CETA,29/2026-Customs
29359040,All goods,6.8,0.0,0.0,India-UK CETA,29/2026-Customs
29359090,All goods,6.8,0.0,0.0,India-UK CETA,29/2026-Customs
29362100,All goods,0.0,0.0,0.0,India-UK CETA,29/2026-Customs
29362210,All goods,0.0,0.0,0.0,India-UK CETA,29/2026-Customs
29362290,All goods,0.0,0.0,0.0,India-UK CETA,29/2026-Customs
29362310,All goods,0.0,0.0,0.0,India-UK CETA,29/2026-Customs
29362390,All goods,0.0,0.0,0.0,India-UK CETA,29/2026-Customs
29362400,All goods,0.0,0.0,0.0,India-UK CETA,29/2026-Customs
29362500,All goods,0.0,0.0,0.0,India-UK CETA,29/2026-Customs
29362610,All goods,0.0,0.0,0.0,India-UK CETA,29/2026-Customs
29362690,All goods,0.0,0.0,0.0,India-UK CETA,29/2026-Customs
29362700,All goods,0.0,0.0,0.0,India-UK CETA,29/2026-Customs
29362800,All goods,0.0,0.0,0.0,India-UK CETA,29/2026-Customs
29362910,All goods,0.0,0.0,0.0,India-UK CETA,29/2026-Customs
29362920,All goods,0.0,0.0,0.0,India-UK CETA,29/2026-Customs
29362930,All goods,0.0,0.0,0.0,India-UK CETA,29/2026-Customs
29362940,All goods,6.8,0.0,0.0,India-UK CETA,29/2026-Customs
29362950,All goods,0.0,0.0,0.0,India-UK CETA,29/2026-Customs
29362990,All goods,0.0,0.0,0.0,India-UK CETA,29/2026-Customs
29369000,All goods,0.0,0.0,0.0,India-UK CETA,29/2026-Customs
29371100,All goods,0.0,0.0,0.0,India-UK CETA,29/2026-Customs
29371200,All goods,0.0,0.0,0.0,India-UK CETA,29/2026-Customs
29371900,All goods,0.0,0.0,0.0,India-UK CETA,29/2026-Customs
29372100,All goods,0.0,0.0,0.0,India-UK CETA,29/2026-Customs
29372200,All goods,6.8,0.0,0.0,India-UK CETA,29/2026-Customs
29372300,All goods,0.0,0.0,0.0,India-UK CETA,29/2026-Customs
29372900,All goods,0.0,0.0,0.0,India-UK CETA,29/2026-Customs
29375000,All goods,0.0,0.0,0.0,India-UK CETA,29/2026-Customs
29379011,All goods,0.0,0.0,0.0,India-UK CETA,29/2026-Customs
29379019,All goods,0.0,0.0,0.0,India-UK CETA,29/2026-Customs
29379020,All goods,0.0,0.0,0.0,India-UK CETA,29/2026-Customs
29381000,All goods,0.0,0.0,0.0,India-UK CETA,29/2026-Customs
29389010,All goods,0.0,0.0,0.0,India-UK CETA,29/2026-Customs
29389020,All goods,0.0,0.0,0.0,India-UK CETA,29/2026-Customs
29389090,All goods,0.0,0.0,0.0,India-UK CETA,29/2026-Customs
29391100,All goods,0.0,0.0,0.0,India-UK CETA,29/2026-Customs
29391900,All goods,0.0,0.0,0.0,India-UK CETA,29/2026-Customs
29392010,All goods,0.0,0.0,0.0,India-UK CETA,29/2026-Customs
29392020,All goods,0.0,0.0,0.0,India-UK CETA,29/2026-Customs
29392030,All goods,0.0,0.0,0.0,India-UK CETA,29/2026-Customs
29392040,All goods,0.0,0.0,0.0,India-UK CETA,29/2026-Customs
29392090,All goods,0.0,0.0,0.0,India-UK CETA,29/2026-Customs
29393000,All goods,0.0,0.0,0.0,India-UK CETA,29/2026-Customs
29394110,All goods,0.0,0.0,0.0,India-UK CETA,29/2026-Customs
29394190,All goods,0.0,0.0,0.0,India-UK CETA,29/2026-Customs
29394210,All goods,0.0,0.0,0.0,India-UK CETA,29/2026-Customs
29394290,All goods,0.0,0.0,0.0,India-UK CETA,29/2026-Customs
29394300,All goods,0.0,0.0,0.0,India-UK CETA,29/2026-Customs
29394410,All goods,0.0,0.0,0.0,India-UK CETA,29/2026-Customs
29394490,All goods,0.0,0.0,0.0,India-UK CETA,29/2026-Customs
29394500,All goods,0.0,0.0,0.0,India-UK CETA,29/2026-Customs
29394900,All goods,0.0,0.0,0.0,India-UK CETA,29/2026-Customs
29395100,All goods,0.0,0.0,0.0,India-UK CETA,29/2026-Customs
29395900,All goods,0.0,0.0,0.0,India-UK CETA,29/2026-Customs
29396110,All goods,0.0,0.0,0.0,India-UK CETA,29/2026-Customs
29396190,All goods,0.0,0.0,0.0,India-UK CETA,29/2026-Customs
29396210,All goods,0.0,0.0,0.0,India-UK CETA,29/2026-Customs
29396290,All goods,0.0,0.0,0.0,India-UK CETA,29/2026-Customs
29396310,All goods,0.0,0.0,0.0,India-UK CETA,29/2026-Customs
29396390,All goods,0.0,0.0,0.0,India-UK CETA,29/2026-Customs
29396900,All goods,0.0,0.0,0.0,India-UK CETA,29/2026-Customs
29397200,All goods,0.0,0.0,0.0,India-UK CETA,29/2026-Customs
29397900,All goods,0.0,0.0,0.0,India-UK CETA,29/2026-Customs
29398000,All goods,0.0,0.0,0.0,India-UK CETA,29/2026-Customs
29400000,All goods,0.0,0.0,0.0,India-UK CETA,29/2026-Customs
29411010,All goods,0.0,0.0,0.0,India-UK CETA,29/2026-Customs
29411020,All goods,0.0,0.0,0.0,India-UK CETA,29/2026-Customs
29411030,All goods,0.0,0.0,0.0,India-UK CETA,29/2026-Customs
29411040,All goods,0.0,0.0,0.0,India-UK CETA,29/2026-Customs
29411050,All goods,0.0,0.0,0.0,India-UK CETA,29/2026-Customs
29412010,All goods,0.0,0.0,0.0,India-UK CETA,29/2026-Customs
29412090,All goods,0.0,0.0,0.0,India-UK CETA,29/2026-Customs
29413010,All goods,0.0,0.0,0.0,India-UK CETA,29/2026-Customs
29413020,All goods,0.0,0.0,0.0,India-UK CETA,29/2026-Customs
29413090,All goods,0.0,0.0,0.0,India-UK CETA,29/2026-Customs
29414000,All goods,0.0,0.0,0.0,India-UK CETA,29/2026-Customs
29415000,All goods,0.0,0.0,0.0,India-UK CETA,29/2026-Customs
29419011,All goods,0.0,0.0,0.0,India-UK CETA,29/2026-Customs
29419012,All goods,0.0,0.0,0.0,India-UK CETA,29/2026-Customs
29419013,All goods,0.0,0.0,0.0,India-UK CETA,29/2026-Customs
29419014,All goods,0.0,0.0,0.0,India-UK CETA,29/2026-Customs
29419019,All goods,6.8,0.0,0.0,India-UK CETA,29/2026-Customs
29419020,All goods,0.0,0.0,0.0,India-UK CETA,29/2026-Customs
29419030,All goods,0.0,0.0,0.0,India-UK CETA,29/2026-Customs
29419040,All goods,0.0,0.0,0.0,India-UK CETA,29/2026-Customs
29419050,All goods,0.0,0.0,0.0,India-UK CETA,29/2026-Customs
29419060,All goods,0.0,0.0,0.0,India-UK CETA,29/2026-Customs
29419070,All goods,6.8,0.0,0.0,India-UK CETA,29/2026-Customs
29419090,All goods,6.8,0.0,0.0,India-UK CETA,29/2026-Customs
29420011,All goods,0.0,0.0,0.0,India-UK CETA,29/2026-Customs
29420012,All goods,0.0,0.0,0.0,India-UK CETA,29/2026-Customs
29420013,All goods,0.0,0.0,0.0,India-UK CETA,29/2026-Customs
29420014,All goods,0.0,0.0,0.0,India-UK CETA,29/2026-Customs
29420015,All goods,0.0,0.0,0.0,India-UK CETA,29/2026-Customs
29420016,All goods,0.0,0.0,0.0,India-UK CETA,29/2026-Customs
29420021,All goods,0.0,0.0,0.0,India-UK CETA,29/2026-Customs
29420022,All goods,0.0,0.0,0.0,India-UK CETA,29/2026-Customs
29420023,All goods,0.0,0.0,0.0,India-UK CETA,29/2026-Customs
29420024,All goods,0.0,0.0,0.0,India-UK CETA,29/2026-Customs
29420025,All goods,0.0,0.0,0.0,India-UK CETA,29/2026-Customs
29420026,All goods,0.0,0.0,0.0,India-UK CETA,29/2026-Customs
29420027,All goods,0.0,0.0,0.0,India-UK CETA,29/2026-Customs
29420031,All goods,0.0,0.0,0.0,India-UK CETA,29/2026-Customs
29420032,All goods,0.0,0.0,0.0,India-UK CETA,29/2026-Customs
29420033,All goods,0.0,0.0,0.0,India-UK CETA,29/2026-Customs
29420034,All goods,0.0,0.0,0.0,India-UK CETA,29/2026-Customs
29420090,All goods,6.8,0.0,0.0,India-UK CETA,29/2026-Customs
30012010,All goods,0.0,0.0,0.0,India-UK CETA,29/2026-Customs
30012020,All goods,0.0,0.0,0.0,India-UK CETA,29/2026-Customs
30012030,All goods,0.0,0.0,0.0,India-UK CETA,29/2026-Customs
30012090,All goods,0.0,0.0,0.0,India-UK CETA,29/2026-Customs
30019010,All goods,0.0,0.0,0.0,India-UK CETA,29/2026-Customs
30019091,All goods,0.0,0.0,0.0,India-UK CETA,29/2026-Customs
30019099,All goods,0.0,0.0,0.0,India-UK CETA,29/2026-Customs
30021210,All goods,0.0,0.0,0.0,India-UK CETA,29/2026-Customs
30021220,All goods,0.0,0.0,0.0,India-UK CETA,29/2026-Customs
30021230,All goods,0.0,0.0,0.0,India-UK CETA,29/2026-Customs
30021240,All goods,0.0,0.0,0.0,India-UK CETA,29/2026-Customs
30021290,All goods,9.0,0.0,0.0,India-UK CETA,29/2026-Customs
30021300,All goods,0.0,0.0,0.0,India-UK CETA,29/2026-Customs
30021400,All goods,0.0,0.0,0.0,India-UK CETA,29/2026-Customs
30021500,All goods,9.0,0.0,0.0,India-UK CETA,29/2026-Customs
30024111,All goods,0.0,0.0,0.0,India-UK CETA,29/2026-Customs
30024112,All goods,0.0,0.0,0.0,India-UK CETA,29/2026-Customs
30024113,All goods,0.0,0.0,0.0,India-UK CETA,29/2026-Customs
30024114,All goods,8.0,0.0,0.0,India-UK CETA,29/2026-Customs
30024115,All goods,0.0,0.0,0.0,India-UK CETA,29/2026-Customs
30024116,All goods,0.0,0.0,0.0,India-UK CETA,29/2026-Customs
30024117,All goods,8.0,0.0,0.0,India-UK CETA,29/2026-Customs
30024118,All goods,0.0,0.0,0.0,India-UK CETA,29/2026-Customs
30024119,All goods,9.0,0.0,0.0,India-UK CETA,29/2026-Customs
30024121,All goods,0.0,0.0,0.0,India-UK CETA,29/2026-Customs
30024122,All goods,0.0,0.0,0.0,India-UK CETA,29/2026-Customs
30024123,All goods,0.0,0.0,0.0,India-UK CETA,29/2026-Customs
30024124,All goods,0.0,0.0,0.0,India-UK CETA,29/2026-Customs
30024125,All goods,0.0,0.0,0.0,India-UK CETA,29/2026-Customs
30024129,All goods,8.0,0.0,0.0,India-UK CETA,29/2026-Customs
30024200,All goods,0.0,0.0,0.0,India-UK CETA,29/2026-Customs
30024910,All goods,8.0,0.0,0.0,India-UK CETA,29/2026-Customs
30024920,All goods,0.0,0.0,0.0,India-UK CETA,29/2026-Customs
30024990,All goods,0.0,0.0,0.0,India-UK CETA,29/2026-Customs
30025100,All goods,0.0,0.0,0.0,India-UK CETA,29/2026-Customs
30025900,All goods,0.0,0.0,0.0,India-UK CETA,29/2026-Customs
30029010,All goods,9.0,0.0,0.0,India-UK CETA,29/2026-Customs
30029020,All goods,8.0,0.0,0.0,India-UK CETA,29/2026-Customs
30029090,All goods,0.0,0.0,0.0,India-UK CETA,29/2026-Customs
30031000,All goods,0.0,0.0,0.0,India-UK CETA,29/2026-Customs
30032000,All goods,0.0,0.0,0.0,India-UK CETA,29/2026-Customs
30033100,All goods,0.0,0.0,0.0,India-UK CETA,29/2026-Customs
30033900,All goods,0.0,0.0,0.0,India-UK CETA,29/2026-Customs
30034100,All goods,0.0,0.0,0.0,India-UK CETA,29/2026-Customs
30034200,All goods,0.0,0.0,0.0,India-UK CETA,29/2026-Customs
30034300,All goods,0.0,0.0,0.0,India-UK CETA,29/2026-Customs
30034900,All goods,0.0,0.0,0.0,India-UK CETA,29/2026-Customs
30036000,All goods,0.0,0.0,0.0,India-UK CETA,29/2026-Customs
30039011,All goods,0.0,0.0,0.0,India-UK CETA,29/2026-Customs
30039012,All goods,0.0,0.0,0.0,India-UK CETA,29/2026-Customs
30039013,All goods,0.0,0.0,0.0,India-UK CETA,29/2026-Customs
30039014,All goods,0.0,0.0,0.0,India-UK CETA,29/2026-Customs
30039015,All goods,0.0,0.0,0.0,India-UK CETA,29/2026-Customs
30039021,All goods,0.0,0.0,0.0,India-UK CETA,29/2026-Customs
30039022,All goods,0.0,0.0,0.0,India-UK CETA,29/2026-Customs
30039031,All goods,0.0,0.0,0.0,India-UK CETA,29/2026-Customs
30039032,All goods,0.0,0.0,0.0,India-UK CETA,29/2026-Customs
30039033,All goods,0.0,0.0,0.0,India-UK CETA,29/2026-Customs
30039034,All goods,0.0,0.0,0.0,India-UK CETA,29/2026-Customs
30039035,All goods,0.0,0.0,0.0,India-UK CETA,29/2026-Customs
30039036,All goods,0.0,0.0,0.0,India-UK CETA,29/2026-Customs
30039090,All goods,0.0,0.0,0.0,India-UK CETA,29/2026-Customs
30041010,All goods,0.0,0.0,0.0,India-UK CETA,29/2026-Customs
30041020,All goods,0.0,0.0,0.0,India-UK CETA,29/2026-Customs
30041030,All goods,0.0,0.0,0.0,India-UK CETA,29/2026-Customs
30041040,All goods,0.0,0.0,0.0,India-UK CETA,29/2026-Customs
30041050,All goods,0.0,0.0,0.0,India-UK CETA,29/2026-Customs
30041060,All goods,0.0,0.0,0.0,India-UK CETA,29/2026-Customs
30041070,All goods,0.0,0.0,0.0,India-UK CETA,29/2026-Customs
30041090,All goods,9.0,0.0,0.0,India-UK CETA,29/2026-Customs
30042011,All goods,0.0,0.0,0.0,India-UK CETA,29/2026-Customs
30042012,All goods,0.0,0.0,0.0,India-UK CETA,29/2026-Customs
30042013,All goods,0.0,0.0,0.0,India-UK CETA,29/2026-Customs
30042014,All goods,0.0,0.0,0.0,India-UK CETA,29/2026-Customs
30042019,All goods,0.0,0.0,0.0,India-UK CETA,29/2026-Customs
30042020,All goods,0.0,0.0,0.0,India-UK CETA,29/2026-Customs
30042031,All goods,0.0,0.0,0.0,India-UK CETA,29/2026-Customs
30042032,All goods,0.0,0.0,0.0,India-UK CETA,29/2026-Customs
30042033,All goods,0.0,0.0,0.0,India-UK CETA,29/2026-Customs
30042034,All goods,0.0,0.0,0.0,India-UK CETA,29/2026-Customs
30042039,All goods,0.0,0.0,0.0,India-UK CETA,29/2026-Customs
30042041,All goods,0.0,0.0,0.0,India-UK CETA,29/2026-Customs
30042042,All goods,0.0,0.0,0.0,India-UK CETA,29/2026-Customs
30042049,All goods,0.0,0.0,0.0,India-UK CETA,29/2026-Customs
30042050,All goods,0.0,0.0,0.0,India-UK CETA,29/2026-Customs
30042061,All goods,0.0,0.0,0.0,India-UK CETA,29/2026-Customs
30042062,All goods,0.0,0.0,0.0,India-UK CETA,29/2026-Customs
30042063,All goods,0.0,0.0,0.0,India-UK CETA,29/2026-Customs
30042064,All goods,0.0,0.0,0.0,India-UK CETA,29/2026-Customs
30042069,All goods,0.0,0.0,0.0,India-UK CETA,29/2026-Customs
30042070,All goods,0.0,0.0,0.0,India-UK CETA,29/2026-Customs
30042091,All goods,0.0,0.0,0.0,India-UK CETA,29/2026-Customs
30042092,All goods,0.0,0.0,0.0,India-UK CETA,29/2026-Customs
30042093,All goods,0.0,0.0,0.0,India-UK CETA,29/2026-Customs
30042094,All goods,0.0,0.0,0.0,India-UK CETA,29/2026-Customs
30042095,All goods,0.0,0.0,0.0,India-UK CETA,29/2026-Customs
30042096,All goods,0.0,0.0,0.0,India-UK CETA,29/2026-Customs
30042097,All goods,0.0,0.0,0.0,India-UK CETA,29/2026-Customs
30042099,All goods,0.0,0.0,0.0,India-UK CETA,29/2026-Customs
30043110,All goods,0.0,0.0,0.0,India-UK CETA,29/2026-Customs
30043190,All goods,0.0,0.0,0.0,India-UK CETA,29/2026-Customs
30043200,All goods,0.0,0.0,0.0,India-UK CETA,29/2026-Customs
30043911,All goods,0.0,0.0,0.0,India-UK CETA,29/2026-Customs
30043912,All goods,0.0,0.0,0.0,India-UK CETA,29/2026-Customs
30043913,All goods,0.0,0.0,0.0,India-UK CETA,29/2026-Customs
30043914,All goods,0.0,0.0,0.0,India-UK CETA,29/2026-Customs
30043919,All goods,0.0,0.0,0.0,India-UK CETA,29/2026-Customs
30043921,All goods,0.0,0.0,0.0,India-UK CETA,29/2026-Customs
30043922,All goods,0.0,0.0,0.0,India-UK CETA,29/2026-Customs
30043990,All goods,0.0,0.0,0.0,India-UK CETA,29/2026-Customs
30044100,All goods,0.0,0.0,0.0,India-UK CETA,29/2026-Customs
30044200,All goods,0.0,0.0,0.0,India-UK CETA,29/2026-Customs
30044300,All goods,0.0,0.0,0.0,India-UK CETA,29/2026-Customs
30044910,All goods,0.0,0.0,0.0,India-UK CETA,29/2026-Customs
30044920,All goods,0.0,0.0,0.0,India-UK CETA,29/2026-Customs
30044930,All goods,0.0,0.0,0.0,India-UK CETA,29/2026-Customs
30044940,All goods,0.0,0.0,0.0,India-UK CETA,29/2026-Customs
30044950,All goods,0.0,0.0,0.0,India-UK CETA,29/2026-Customs
30044960,All goods,0.0,0.0,0.0,India-UK CETA,29/2026-Customs
30044970,All goods,0.0,0.0,0.0,India-UK CETA,29/2026-Customs
30044990,All goods,0.0,0.0,0.0,India-UK CETA,29/2026-Customs
30045010,All goods,0.0,0.0,0.0,India-UK CETA,29/2026-Customs
30045020,All goods,0.0,0.0,0.0,India-UK CETA,29/2026-Customs
30045031,All goods,0.0,0.0,0.0,India-UK CETA,29/2026-Customs
30045032,All goods,0.0,0.0,0.0,India-UK CETA,29/2026-Customs
30045033,All goods,0.0,0.0,0.0,India-UK CETA,29/2026-Customs
30045034,All goods,0.0,0.0,0.0,India-UK CETA,29/2026-Customs
30045035,All goods,0.0,0.0,0.0,India-UK CETA,29/2026-Customs
30045036,All goods,0.0,0.0,0.0,India-UK CETA,29/2026-Customs
30045037,All goods,0.0,0.0,0.0,India-UK CETA,29/2026-Customs
30045039,All goods,0.0,0.0,0.0,India-UK CETA,29/2026-Customs
30045090,All goods,0.0,0.0,0.0,India-UK CETA,29/2026-Customs
30046000,All goods,0.0,0.0,0.0,India-UK CETA,29/2026-Customs
30049011,All goods,0.0,0.0,0.0,India-UK CETA,29/2026-Customs
30049012,All goods,0.0,0.0,0.0,India-UK CETA,29/2026-Customs
30049013,All goods,0.0,0.0,0.0,India-UK CETA,29/2026-Customs
30049014,All goods,8.0,0.0,0.0,India-UK CETA,29/2026-Customs
30049015,All goods,0.0,0.0,0.0,India-UK CETA,29/2026-Customs
30049021,All goods,0.0,0.0,0.0,India-UK CETA,29/2026-Customs
30049022,All goods,0.0,0.0,0.0,India-UK CETA,29/2026-Customs
30049023,All goods,0.0,0.0,0.0,India-UK CETA,29/2026-Customs
30049024,All goods,0.0,0.0,0.0,India-UK CETA,29/2026-Customs
30049025,All goods,0.0,0.0,0.0,India-UK CETA,29/2026-Customs
30049026,All goods,0.0,0.0,0.0,India-UK CETA,29/2026-Customs
30049027,All goods,0.0,0.0,0.0,India-UK CETA,29/2026-Customs
30049029,All goods,0.0,0.0,0.0,India-UK CETA,29/2026-Customs
30049031,All goods,0.0,0.0,0.0,India-UK CETA,29/2026-Customs
30049032,All goods,0.0,0.0,0.0,India-UK CETA,29/2026-Customs
30049033,All goods,0.0,0.0,0.0,India-UK CETA,29/2026-Customs
30049034,All goods,0.0,0.0,0.0,India-UK CETA,29/2026-Customs
30049035,All goods,0.0,0.0,0.0,India-UK CETA,29/2026-Customs
30049036,All goods,0.0,0.0,0.0,India-UK CETA,29/2026-Customs
30049039,All goods,0.0,0.0,0.0,India-UK CETA,29/2026-Customs
30049041,All goods,0.0,0.0,0.0,India-UK CETA,29/2026-Customs
30049042,All goods,0.0,0.0,0.0,India-UK CETA,29/2026-Customs
30049043,All goods,0.0,0.0,0.0,India-UK CETA,29/2026-Customs
30049044,All goods,0.0,0.0,0.0,India-UK CETA,29/2026-Customs
30049045,All goods,0.0,0.0,0.0,India-UK CETA,29/2026-Customs
30049046,All goods,0.0,0.0,0.0,India-UK CETA,29/2026-Customs
30049047,All goods,0.0,0.0,0.0,India-UK CETA,29/2026-Customs
30049048,All goods,0.0,0.0,0.0,India-UK CETA,29/2026-Customs
30049049,All goods,9.0,0.0,0.0,India-UK CETA,29/2026-Customs
30049051,All goods,0.0,0.0,0.0,India-UK CETA,29/2026-Customs
30049052,All goods,0.0,0.0,0.0,India-UK CETA,29/2026-Customs
30049053,All goods,0.0,0.0,0.0,India-UK CETA,29/2026-Customs
30049054,All goods,0.0,0.0,0.0,India-UK CETA,29/2026-Customs
30049055,All goods,0.0,0.0,0.0,India-UK CETA,29/2026-Customs
30049056,All goods,0.0,0.0,0.0,India-UK CETA,29/2026-Customs
30049057,All goods,0.0,0.0,0.0,India-UK CETA,29/2026-Customs
30049058,All goods,0.0,0.0,0.0,India-UK CETA,29/2026-Customs
30049059,All goods,0.0,0.0,0.0,India-UK CETA,29/2026-Customs
30049061,All goods,0.0,0.0,0.0,India-UK CETA,29/2026-Customs
30049062,All goods,0.0,0.0,0.0,India-UK CETA,29/2026-Customs
30049063,All goods,0.0,0.0,0.0,India-UK CETA,29/2026-Customs
30049064,All goods,0.0,0.0,0.0,India-UK CETA,29/2026-Customs
30049065,All goods,0.0,0.0,0.0,India-UK CETA,29/2026-Customs
30049066,All goods,0.0,0.0,0.0,India-UK CETA,29/2026-Customs
30049067,All goods,0.0,0.0,0.0,India-UK CETA,29/2026-Customs
30049069,All goods,0.0,0.0,0.0,India-UK CETA,29/2026-Customs
30049071,All goods,0.0,0.0,0.0,India-UK CETA,29/2026-Customs
30049072,All goods,0.0,0.0,0.0,India-UK CETA,29/2026-Customs
30049073,All goods,0.0,0.0,0.0,India-UK CETA,29/2026-Customs
30049074,All goods,0.0,0.0,0.0,India-UK CETA,29/2026-Customs
30049075,All goods,0.0,0.0,0.0,India-UK CETA,29/2026-Customs
30049076,All goods,0.0,0.0,0.0,India-UK CETA,29/2026-Customs
30049077,All goods,0.0,0.0,0.0,India-UK CETA,29/2026-Customs
30049079,All goods,0.0,0.0,0.0,India-UK CETA,29/2026-Customs
30049081,All goods,0.0,0.0,0.0,India-UK CETA,29/2026-Customs
30049082,All goods,0.0,0.0,0.0,India-UK CETA,29/2026-Customs
30049083,All goods,0.0,0.0,0.0,India-UK CETA,29/2026-Customs
30049084,All goods,0.0,0.0,0.0,India-UK CETA,29/2026-Customs
30049085,All goods,0.0,0.0,0.0,India-UK CETA,29/2026-Customs
30049086,All goods,0.0,0.0,0.0,India-UK CETA,29/2026-Customs
30049087,All goods,0.0,0.0,0.0,India-UK CETA,29/2026-Customs
30049088,All goods,0.0,0.0,0.0,India-UK CETA,29/2026-Customs
30049089,All goods,0.0,0.0,0.0,India-UK CETA,29/2026-Customs
30049091,All goods,0.0,0.0,0.0,India-UK CETA,29/2026-Customs
30049092,All goods,0.0,0.0,0.0,India-UK CETA,29/2026-Customs
30049093,All goods,0.0,0.0,0.0,India-UK CETA,29/2026-Customs
30049094,All goods,0.0,0.0,0.0,India-UK CETA,29/2026-Customs
30049095,All goods,0.0,0.0,0.0,India-UK CETA,29/2026-Customs
30049096,All goods,0.0,0.0,0.0,India-UK CETA,29/2026-Customs
30049099,All goods,9.0,0.0,0.0,India-UK CETA,29/2026-Customs
30051010,All goods,9.0,0.0,0.0,India-UK CETA,29/2026-Customs
30051020,All goods,9.0,0.0,0.0,India-UK CETA,29/2026-Customs
30051090,All goods,9.0,0.0,0.0,India-UK CETA,29/2026-Customs
30059010,All goods,9.0,0.0,0.0,India-UK CETA,29/2026-Customs
30059020,All goods,0.0,0.0,0.0,India-UK CETA,29/2026-Customs
30059030,All goods,9.0,0.0,0.0,India-UK CETA,29/2026-Customs
30059040,All goods,9.0,0.0,0.0,India-UK CETA,29/2026-Customs
30059050,All goods,9.0,0.0,0.0,India-UK CETA,29/2026-Customs
30059060,All goods,9.0,0.0,0.0,India-UK CETA,29/2026-Customs
30059070,All goods,9.0,0.0,0.0,India-UK CETA,29/2026-Customs
30059090,All goods,9.0,0.0,0.0,India-UK CETA,29/2026-Customs
30061010,All goods,9.0,0.0,0.0,India-UK CETA,29/2026-Customs
30061020,All goods,9.0,0.0,0.0,India-UK CETA,29/2026-Customs
30063000,All goods,0.0,0.0,0.0,India-UK CETA,29/2026-Customs
30064000,All goods,9.0,0.0,0.0,India-UK CETA,29/2026-Customs
30065000,All goods,0.0,0.0,0.0,India-UK CETA,29/2026-Customs
30066010,All goods,0.0,0.0,0.0,India-UK CETA,29/2026-Customs
30066020,All goods,0.0,0.0,0.0,India-UK CETA,29/2026-Customs
30066030,All goods,0.0,0.0,0.0,India-UK CETA,29/2026-Customs
30067000,All goods,9.0,0.0,0.0,India-UK CETA,29/2026-Customs
30069100,All goods,9.0,0.0,0.0,India-UK CETA,29/2026-Customs
30069200,All goods,0.0,0.0,0.0,India-UK CETA,29/2026-Customs
30069300,All goods,0.0,0.0,0.0,India-UK CETA,29/2026-Customs
31010010,All goods,0.0,0.0,0.0,India-UK CETA,29/2026-Customs
31010091,All goods,0.0,0.0,0.0,India-UK CETA,29/2026-Customs
31010092,All goods,0.0,0.0,0.0,India-UK CETA,29/2026-Customs
31010099,All goods,0.0,0.0,0.0,India-UK CETA,29/2026-Customs
31021010,All goods,0.0,0.0,0.0,India-UK CETA,29/2026-Customs
31021090,All goods,0.0,0.0,0.0,India-UK CETA,29/2026-Customs
31022100,All goods,0.0,0.0,0.0,India-UK CETA,29/2026-Customs
31022910,All goods,0.0,0.0,0.0,India-UK CETA,29/2026-Customs
31022990,All goods,0.0,0.0,0.0,India-UK CETA,29/2026-Customs
31023000,All goods,0.0,0.0,0.0,India-UK CETA,29/2026-Customs
31024000,All goods,0.0,0.0,0.0,India-UK CETA,29/2026-Customs
31025000,All goods,0.0,0.0,0.0,India-UK CETA,29/2026-Customs
31026000,All goods,0.0,0.0,0.0,India-UK CETA,29/2026-Customs
31028000,All goods,0.0,0.0,0.0,India-UK CETA,29/2026-Customs
31029010,All goods,0.0,0.0,0.0,India-UK CETA,29/2026-Customs
31029090,All goods,0.0,0.0,0.0,India-UK CETA,29/2026-Customs
31031100,All goods,0.0,0.0,0.0,India-UK CETA,29/2026-Customs
31031900,All goods,0.0,0.0,0.0,India-UK CETA,29/2026-Customs
31039000,All goods,0.0,0.0,0.0,India-UK CETA,29/2026-Customs
31042000,All goods,0.0,0.0,0.0,India-UK CETA,29/2026-Customs
31043000,All goods,0.0,0.0,0.0,India-UK CETA,29/2026-Customs
31049000,All goods,0.0,0.0,0.0,India-UK CETA,29/2026-Customs
31051000,All goods,0.0,0.0,0.0,India-UK CETA,29/2026-Customs
31052000,All goods,0.0,0.0,0.0,India-UK CETA,29/2026-Customs
31053000,All goods,0.0,0.0,0.0,India-UK CETA,29/2026-Customs
31054000,All goods,0.0,0.0,0.0,India-UK CETA,29/2026-Customs
31055100,All goods,0.0,0.0,0.0,India-UK CETA,29/2026-Customs
31055900,All goods,0.0,0.0,0.0,India-UK CETA,29/2026-Customs
31056000,All goods,0.0,0.0,0.0,India-UK CETA,29/2026-Customs
31059010,All goods,0.0,0.0,0.0,India-UK CETA,29/2026-Customs
31059090,All goods,0.0,0.0,0.0,India-UK CETA,29/2026-Customs
32011000,All goods,0.0,0.0,0.0,India-UK CETA,29/2026-Customs
32012000,All goods,0.0,0.0,0.0,India-UK CETA,29/2026-Customs
32019010,All goods,0.0,0.0,0.0,India-UK CETA,29/2026-Customs
32019020,All goods,0.0,0.0,0.0,India-UK CETA,29/2026-Customs
32019030,All goods,0.0,0.0,0.0,India-UK CETA,29/2026-Customs
32019090,All goods,0.0,0.0,0.0,India-UK CETA,29/2026-Customs
32021000,All goods,6.8,0.0,0.0,India-UK CETA,29/2026-Customs
32029010,All goods,0.0,0.0,0.0,India-UK CETA,29/2026-Customs
32029020,All goods,0.0,0.0,0.0,India-UK CETA,29/2026-Customs
32029030,All goods,0.0,0.0,0.0,India-UK CETA,29/2026-Customs
32029090,All goods,0.0,0.0,0.0,India-UK CETA,29/2026-Customs
32030010,All goods,0.0,0.0,0.0,India-UK CETA,29/2026-Customs
32030020,All goods,0.0,0.0,0.0,India-UK CETA,29/2026-Customs
32030030,All goods,0.0,0.0,0.0,India-UK CETA,29/2026-Customs
32030040,All goods,0.0,0.0,0.0,India-UK CETA,29/2026-Customs
32030090,All goods,0.0,0.0,0.0,India-UK CETA,29/2026-Customs
32041111,All goods,0.0,0.0,0.0,India-UK CETA,29/2026-Customs
32041119,All goods,6.8,0.0,0.0,India-UK CETA,29/2026-Customs
32041121,All goods,0.0,0.0,0.0,India-UK CETA,29/2026-Customs
32041129,All goods,0.0,0.0,0.0,India-UK CETA,29/2026-Customs
32041131,All goods,0.0,0.0,0.0,India-UK CETA,29/2026-Customs
32041132,All goods,0.0,0.0,0.0,India-UK CETA,29/2026-Customs
32041133,All goods,0.0,0.0,0.0,India-UK CETA,29/2026-Customs
32041139,All goods,6.8,0.0,0.0,India-UK CETA,29/2026-Customs
32041141,All goods,0.0,0.0,0.0,India-UK CETA,29/2026-Customs
32041142,All goods,0.0,0.0,0.0,India-UK CETA,29/2026-Customs
32041143,All goods,0.0,0.0,0.0,India-UK CETA,29/2026-Customs
32041149,All goods,0.0,0.0,0.0,India-UK CETA,29/2026-Customs
32041151,All goods,0.0,0.0,0.0,India-UK CETA,29/2026-Customs
32041152,All goods,0.0,0.0,0.0,India-UK CETA,29/2026-Customs
32041153,All goods,0.0,0.0,0.0,India-UK CETA,29/2026-Customs
32041154,All goods,0.0,0.0,0.0,India-UK CETA,29/2026-Customs
32041155,All goods,0.0,0.0,0.0,India-UK CETA,29/2026-Customs
32041156,All goods,0.0,0.0,0.0,India-UK CETA,29/2026-Customs
32041159,All goods,6.8,0.0,0.0,India-UK CETA,29/2026-Customs
32041191,All goods,0.0,0.0,0.0,India-UK CETA,29/2026-Customs
32041192,All goods,0.0,0.0,0.0,India-UK CETA,29/2026-Customs
32041193,All goods,0.0,0.0,0.0,India-UK CETA,29/2026-Customs
32041194,All goods,0.0,0.0,0.0,India-UK CETA,29/2026-Customs
32041195,All goods,0.0,0.0,0.0,India-UK CETA,29/2026-Customs
32041196,All goods,0.0,0.0,0.0,India-UK CETA,29/2026-Customs
32041211,All goods,0.0,0.0,0.0,India-UK CETA,29/2026-Customs
32041212,All goods,0.0,0.0,0.0,India-UK CETA,29/2026-Customs
32041213,All goods,6.8,0.0,0.0,India-UK CETA,29/2026-Customs
32041214,All goods,0.0,0.0,0.0,India-UK CETA,29/2026-Customs
32041215,All goods,0.0,0.0,0.0,India-UK CETA,29/2026-Customs
32041216,All goods,6.8,0.0,0.0,India-UK CETA,29/2026-Customs
32041217,All goods,0.0,0.0,0.0,India-UK CETA,29/2026-Customs
32041218,All goods,0.0,0.0,0.0,India-UK CETA,29/2026-Customs
32041219,All goods,0.0,0.0,0.0,India-UK CETA,29/2026-Customs
32041221,All goods,0.0,0.0,0.0,India-UK CETA,29/2026-Customs
32041222,All goods,0.0,0.0,0.0,India-UK CETA,29/2026-Customs
32041223,All goods,0.0,0.0,0.0,India-UK CETA,29/2026-Customs
32041224,All goods,0.0,0.0,0.0,India-UK CETA,29/2026-Customs
32041225,All goods,0.0,0.0,0.0,India-UK CETA,29/2026-Customs
32041229,All goods,0.0,0.0,0.0,India-UK CETA,29/2026-Customs
32041231,All goods,0.0,0.0,0.0,India-UK CETA,29/2026-Customs
32041232,All goods,0.0,0.0,0.0,India-UK CETA,29/2026-Customs
32041239,All goods,0.0,0.0,0.0,India-UK CETA,29/2026-Customs
32041241,All goods,0.0,0.0,0.0,India-UK CETA,29/2026-Customs
32041242,All goods,0.0,0.0,0.0,India-UK CETA,29/2026-Customs
32041243,All goods,0.0,0.0,0.0,India-UK CETA,29/2026-Customs
32041244,All goods,0.0,0.0,0.0,India-UK CETA,29/2026-Customs
32041245,All goods,0.0,0.0,0.0,India-UK CETA,29/2026-Customs
32041246,All goods,0.0,0.0,0.0,India-UK CETA,29/2026-Customs
32041247,All goods,0.0,0.0,0.0,India-UK CETA,29/2026-Customs
32041248,All goods,0.0,0.0,0.0,India-UK CETA,29/2026-Customs
32041251,All goods,0.0,0.0,0.0,India-UK CETA,29/2026-Customs
32041252,All goods,0.0,0.0,0.0,India-UK CETA,29/2026-Customs
32041253,All goods,0.0,0.0,0.0,India-UK CETA,29/2026-Customs
32041254,All goods,0.0,0.0,0.0,India-UK CETA,29/2026-Customs
32041255,All goods,0.0,0.0,0.0,India-UK CETA,29/2026-Customs
32041259,All goods,0.0,0.0,0.0,India-UK CETA,29/2026-Customs
32041261,All goods,0.0,0.0,0.0,India-UK CETA,29/2026-Customs
32041262,All goods,0.0,0.0,0.0,India-UK CETA,29/2026-Customs
32041263,All goods,0.0,0.0,0.0,India-UK CETA,29/2026-Customs
32041264,All goods,0.0,0.0,0.0,India-UK CETA,29/2026-Customs
32041265,All goods,0.0,0.0,0.0,India-UK CETA,29/2026-Customs
32041266,All goods,0.0,0.0,0.0,India-UK CETA,29/2026-Customs
32041267,All goods,0.0,0.0,0.0,India-UK CETA,29/2026-Customs
32041268,All goods,0.0,0.0,0.0,India-UK CETA,29/2026-Customs
32041269,All goods,0.0,0.0,0.0,India-UK CETA,29/2026-Customs
32041291,All goods,0.0,0.0,0.0,India-UK CETA,29/2026-Customs
32041292,All goods,0.0,0.0,0.0,India-UK CETA,29/2026-Customs
32041293,All goods,0.0,0.0,0.0,India-UK CETA,29/2026-Customs
32041294,All goods,6.8,0.0,0.0,India-UK CETA,29/2026-Customs
32041295,All goods,0.0,0.0,0.0,India-UK CETA,29/2026-Customs
32041299,All goods,0.0,0.0,0.0,India-UK CETA,29/2026-Customs
32041310,All goods,0.0,0.0,0.0,India-UK CETA,29/2026-Customs
32041321,All goods,0.0,0.0,0.0,India-UK CETA,29/2026-Customs
32041329,All goods,0.0,0.0,0.0,India-UK CETA,29/2026-Customs
32041331,All goods,0.0,0.0,0.0,India-UK CETA,29/2026-Customs
32041339,All goods,0.0,0.0,0.0,India-UK CETA,29/2026-Customs
32041341,All goods,0.0,0.0,0.0,India-UK CETA,29/2026-Customs
32041342,All goods,0.0,0.0,0.0,India-UK CETA,29/2026-Customs
32041343,All goods,0.0,0.0,0.0,India-UK CETA,29/2026-Customs
32041349,All goods,0.0,0.0,0.0,India-UK CETA,29/2026-Customs
32041351,All goods,0.0,0.0,0.0,India-UK CETA,29/2026-Customs
32041352,All goods,0.0,0.0,0.0,India-UK CETA,29/2026-Customs
32041359,All goods,0.0,0.0,0.0,India-UK CETA,29/2026-Customs
32041361,All goods,0.0,0.0,0.0,India-UK CETA,29/2026-Customs
32041369,All goods,0.0,0.0,0.0,India-UK CETA,29/2026-Customs
32041391,All goods,0.0,0.0,0.0,India-UK CETA,29/2026-Customs
32041392,All goods,0.0,0.0,0.0,India-UK CETA,29/2026-Customs
32041393,All goods,0.0,0.0,0.0,India-UK CETA,29/2026-Customs
32041399,All goods,0.0,0.0,0.0,India-UK CETA,29/2026-Customs
32041411,All goods,0.0,0.0,0.0,India-UK CETA,29/2026-Customs
32041419,All goods,0.0,0.0,0.0,India-UK CETA,29/2026-Customs
32041421,All goods,0.0,0.0,0.0,India-UK CETA,29/2026-Customs
32041429,All goods,0.0,0.0,0.0,India-UK CETA,29/2026-Customs
32041431,All goods,0.0,0.0,0.0,India-UK CETA,29/2026-Customs
32041439,All goods,0.0,0.0,0.0,India-UK CETA,29/2026-Customs
32041440,All goods,0.0,0.0,0.0,India-UK CETA,29/2026-Customs
32041450,All goods,0.0,0.0,0.0,India-UK CETA,29/2026-Customs
32041460,All goods,0.0,0.0,0.0,India-UK CETA,29/2026-Customs
32041470,All goods,0.0,0.0,0.0,India-UK CETA,29/2026-Customs
32041481,All goods,0.0,0.0,0.0,India-UK CETA,29/2026-Customs
32041482,All goods,0.0,0.0,0.0,India-UK CETA,29/2026-Customs
32041483,All goods,0.0,0.0,0.0,India-UK CETA,29/2026-Customs
32041484,All goods,6.8,0.0,0.0,India-UK CETA,29/2026-Customs
32041485,All goods,0.0,0.0,0.0,India-UK CETA,29/2026-Customs
32041486,All goods,0.0,0.0,0.0,India-UK CETA,29/2026-Customs
32041487,All goods,0.0,0.0,0.0,India-UK CETA,29/2026-Customs
32041488,All goods,0.0,0.0,0.0,India-UK CETA,29/2026-Customs
32041489,All goods,0.0,0.0,0.0,India-UK CETA,29/2026-Customs
32041490,All goods,0.0,0.0,0.0,India-UK CETA,29/2026-Customs
32041511,All goods,0.0,0.0,0.0,India-UK CETA,29/2026-Customs
32041512,All goods,0.0,0.0,0.0,India-UK CETA,29/2026-Customs
32041519,All goods,0.0,0.0,0.0,India-UK CETA,29/2026-Customs
32041521,All goods,0.0,0.0,0.0,India-UK CETA,29/2026-Customs
32041522,All goods,0.0,0.0,0.0,India-UK CETA,29/2026-Customs
32041529,All goods,0.0,0.0,0.0,India-UK CETA,29/2026-Customs
32041531,All goods,0.0,0.0,0.0,India-UK CETA,29/2026-Customs
32041539,All goods,0.0,0.0,0.0,India-UK CETA,29/2026-Customs
32041541,All goods,0.0,0.0,0.0,India-UK CETA,29/2026-Customs
32041542,All goods,0.0,0.0,0.0,India-UK CETA,29/2026-Customs
32041549,All goods,0.0,0.0,0.0,India-UK CETA,29/2026-Customs
32041551,All goods,0.0,0.0,0.0,India-UK CETA,29/2026-Customs
32041552,All goods,0.0,0.0,0.0,India-UK CETA,29/2026-Customs
32041553,All goods,0.0,0.0,0.0,India-UK CETA,29/2026-Customs
32041554,All goods,0.0,0.0,0.0,India-UK CETA,29/2026-Customs
32041555,All goods,0.0,0.0,0.0,India-UK CETA,29/2026-Customs
32041556,All goods,0.0,0.0,0.0,India-UK CETA,29/2026-Customs
32041557,All goods,0.0,0.0,0.0,India-UK CETA,29/2026-Customs
32041558,All goods,0.0,0.0,0.0,India-UK CETA,29/2026-Customs
32041559,All goods,0.0,0.0,0.0,India-UK CETA,29/2026-Customs
32041561,All goods,0.0,0.0,0.0,India-UK CETA,29/2026-Customs
32041562,All goods,0.0,0.0,0.0,India-UK CETA,29/2026-Customs
32041563,All goods,0.0,0.0,0.0,India-UK CETA,29/2026-Customs
32041564,All goods,0.0,0.0,0.0,India-UK CETA,29/2026-Customs
32041569,All goods,0.0,0.0,0.0,India-UK CETA,29/2026-Customs
32041571,All goods,0.0,0.0,0.0,India-UK CETA,29/2026-Customs
32041572,All goods,0.0,0.0,0.0,India-UK CETA,29/2026-Customs
32041573,All goods,0.0,0.0,0.0,India-UK CETA,29/2026-Customs
32041579,All goods,0.0,0.0,0.0,India-UK CETA,29/2026-Customs
32041581,All goods,0.0,0.0,0.0,India-UK CETA,29/2026-Customs
32041582,All goods,0.0,0.0,0.0,India-UK CETA,29/2026-Customs
32041583,All goods,0.0,0.0,0.0,India-UK CETA,29/2026-Customs
32041584,All goods,0.0,0.0,0.0,India-UK CETA,29/2026-Customs
32041589,All goods,0.0,0.0,0.0,India-UK CETA,29/2026-Customs
32041591,All goods,0.0,0.0,0.0,India-UK CETA,29/2026-Customs
32041592,All goods,0.0,0.0,0.0,India-UK CETA,29/2026-Customs
32041593,All goods,0.0,0.0,0.0,India-UK CETA,29/2026-Customs
32041594,All goods,0.0,0.0,0.0,India-UK CETA,29/2026-Customs
32041595,All goods,0.0,0.0,0.0,India-UK CETA,29/2026-Customs
32041596,All goods,0.0,0.0,0.0,India-UK CETA,29/2026-Customs
32041597,All goods,0.0,0.0,0.0,India-UK CETA,29/2026-Customs
32041599,All goods,0.0,0.0,0.0,India-UK CETA,29/2026-Customs
32041610,All goods,0.0,0.0,0.0,India-UK CETA,29/2026-Customs
32041620,All goods,0.0,0.0,0.0,India-UK CETA,29/2026-Customs
32041630,All goods,0.0,0.0,0.0,India-UK CETA,29/2026-Customs
32041640,All goods,0.0,0.0,0.0,India-UK CETA,29/2026-Customs
32041650,All goods,0.0,0.0,0.0,India-UK CETA,29/2026-Customs
32041660,All goods,0.0,0.0,0.0,India-UK CETA,29/2026-Customs
32041670,All goods,0.0,0.0,0.0,India-UK CETA,29/2026-Customs
32041680,All goods,0.0,0.0,0.0,India-UK CETA,29/2026-Customs
32041690,All goods,0.0,0.0,0.0,India-UK CETA,29/2026-Customs
32041711,All goods,0.0,0.0,0.0,India-UK CETA,29/2026-Customs
32041720,All goods,0.0,0.0,0.0,India-UK CETA,29/2026-Customs
32041731,All goods,0.0,0.0,0.0,India-UK CETA,29/2026-Customs
32041740,All goods,0.0,0.0,0.0,India-UK CETA,29/2026-Customs
32041751,All goods,0.0,0.0,0.0,India-UK CETA,29/2026-Customs
32041759,All goods,0.0,0.0,0.0,India-UK CETA,29/2026-Customs
32041761,All goods,6.8,0.0,0.0,India-UK CETA,29/2026-Customs
32041769,All goods,0.0,0.0,0.0,India-UK CETA,29/2026-Customs
32041770,All goods,0.0,0.0,0.0,India-UK CETA,29/2026-Customs
32041780,All goods,0.0,0.0,0.0,India-UK CETA,29/2026-Customs
32041800,All goods,6.8,0.0,0.0,India-UK CETA,29/2026-Customs
32041911,All goods,0.0,0.0,0.0,India-UK CETA,29/2026-Customs
32041912,All goods,0.0,0.0,0.0,India-UK CETA,29/2026-Customs
32041913,All goods,0.0,0.0,0.0,India-UK CETA,29/2026-Customs
32041914,All goods,0.0,0.0,0.0,India-UK CETA,29/2026-Customs
32041915,All goods,0.0,0.0,0.0,India-UK CETA,29/2026-Customs
32041916,All goods,0.0,0.0,0.0,India-UK CETA,29/2026-Customs
32041921,All goods,0.0,0.0,0.0,India-UK CETA,29/2026-Customs
32041922,All goods,0.0,0.0,0.0,India-UK CETA,29/2026-Customs
32041923,All goods,0.0,0.0,0.0,India-UK CETA,29/2026-Customs
32041924,All goods,0.0,0.0,0.0,India-UK CETA,29/2026-Customs
32041925,All goods,0.0,0.0,0.0,India-UK CETA,29/2026-Customs
32041929,All goods,0.0,0.0,0.0,India-UK CETA,29/2026-Customs
32041931,All goods,0.0,0.0,0.0,India-UK CETA,29/2026-Customs
32041932,All goods,0.0,0.0,0.0,India-UK CETA,29/2026-Customs
32041933,All goods,0.0,0.0,0.0,India-UK CETA,29/2026-Customs
32041934,All goods,0.0,0.0,0.0,India-UK CETA,29/2026-Customs
32041935,All goods,0.0,0.0,0.0,India-UK CETA,29/2026-Customs
32041936,All goods,0.0,0.0,0.0,India-UK CETA,29/2026-Customs
32041937,All goods,0.0,0.0,0.0,India-UK CETA,29/2026-Customs
32041938,All goods,6.8,0.0,0.0,India-UK CETA,29/2026-Customs
32041941,All goods,0.0,0.0,0.0,India-UK CETA,29/2026-Customs
32041942,All goods,0.0,0.0,0.0,India-UK CETA,29/2026-Customs
32041943,All goods,0.0,0.0,0.0,India-UK CETA,29/2026-Customs
32041944,All goods,0.0,0.0,0.0,India-UK CETA,29/2026-Customs
32041945,All goods,0.0,0.0,0.0,India-UK CETA,29/2026-Customs
32041946,All goods,0.0,0.0,0.0,India-UK CETA,29/2026-Customs
32041947,All goods,0.0,0.0,0.0,India-UK CETA,29/2026-Customs
32041949,All goods,0.0,0.0,0.0,India-UK CETA,29/2026-Customs
32041951,All goods,0.0,0.0,0.0,India-UK CETA,29/2026-Customs
32041952,All goods,0.0,0.0,0.0,India-UK CETA,29/2026-Customs
32041953,All goods,0.0,0.0,0.0,India-UK CETA,29/2026-Customs
32041955,All goods,0.0,0.0,0.0,India-UK CETA,29/2026-Customs
32041956,All goods,6.8,0.0,0.0,India-UK CETA,29/2026-Customs
32041957,All goods,0.0,0.0,0.0,India-UK CETA,29/2026-Customs
32041958,All goods,0.0,0.0,0.0,India-UK CETA,29/2026-Customs
32041959,All goods,0.0,0.0,0.0,India-UK CETA,29/2026-Customs
32041961,All goods,0.0,0.0,0.0,India-UK CETA,29/2026-Customs
32041962,All goods,0.0,0.0,0.0,India-UK CETA,29/2026-Customs
32041963,All goods,0.0,0.0,0.0,India-UK CETA,29/2026-Customs
32041964,All goods,0.0,0.0,0.0,India-UK CETA,29/2026-Customs
32041965,All goods,0.0,0.0,0.0,India-UK CETA,29/2026-Customs
32041966,All goods,0.0,0.0,0.0,India-UK CETA,29/2026-Customs
32041967,All goods,0.0,0.0,0.0,India-UK CETA,29/2026-Customs
32041969,All goods,0.0,0.0,0.0,India-UK CETA,29/2026-Customs
32041971,All goods,6.8,0.0,0.0,India-UK CETA,29/2026-Customs
32041972,All goods,0.0,0.0,0.0,India-UK CETA,29/2026-Customs
32041973,All goods,0.0,0.0,0.0,India-UK CETA,29/2026-Customs
32041974,All goods,0.0,0.0,0.0,India-UK CETA,29/2026-Customs
32041975,All goods,0.0,0.0,0.0,India-UK CETA,29/2026-Customs
32041976,All goods,0.0,0.0,0.0,India-UK CETA,29/2026-Customs
32041977,All goods,0.0,0.0,0.0,India-UK CETA,29/2026-Customs
32041978,All goods,0.0,0.0,0.0,India-UK CETA,29/2026-Customs
32041979,All goods,0.0,0.0,0.0,India-UK CETA,29/2026-Customs
32041981,All goods,0.0,0.0,0.0,India-UK CETA,29/2026-Customs
32041982,All goods,0.0,0.0,0.0,India-UK CETA,29/2026-Customs
32041983,All goods,0.0,0.0,0.0,India-UK CETA,29/2026-Customs
32041984,All goods,0.0,0.0,0.0,India-UK CETA,29/2026-Customs
32041985,All goods,0.0,0.0,0.0,India-UK CETA,29/2026-Customs
32041986,All goods,0.0,0.0,0.0,India-UK CETA,29/2026-Customs
32041987,All goods,0.0,0.0,0.0,India-UK CETA,29/2026-Customs
32041988,All goods,0.0,0.0,0.0,India-UK CETA,29/2026-Customs
32041989,All goods,0.0,0.0,0.0,India-UK CETA,29/2026-Customs
32042010,All goods,0.0,0.0,0.0,India-UK CETA,29/2026-Customs
32042090,All goods,0.0,0.0,0.0,India-UK CETA,29/2026-Customs
32050000,All goods,0.0,0.0,0.0,India-UK CETA,29/2026-Customs
32061110,All goods,9.0,0.0,0.0,India-UK CETA,29/2026-Customs
32062000,All goods,0.0,0.0,0.0,India-UK CETA,29/2026-Customs
32064100,All goods,0.0,0.0,0.0,India-UK CETA,29/2026-Customs
32064200,All goods,0.0,0.0,0.0,India-UK CETA,29/2026-Customs
32064910,All goods,0.0,0.0,0.0,India-UK CETA,29/2026-Customs
32064920,All goods,0.0,0.0,0.0,India-UK CETA,29/2026-Customs
32064930,All goods,0.0,0.0,0.0,India-UK CETA,29/2026-Customs
32064940,All goods,0.0,0.0,0.0,India-UK CETA,29/2026-Customs
32065000,All goods,0.0,0.0,0.0,India-UK CETA,29/2026-Customs
32071010,All goods,0.0,0.0,0.0,India-UK CETA,29/2026-Customs
32071020,All goods,0.0,0.0,0.0,India-UK CETA,29/2026-Customs
32071030,All goods,0.0,0.0,0.0,India-UK CETA,29/2026-Customs
32071040,All goods,0.0,0.0,0.0,India-UK CETA,29/2026-Customs
32071090,All goods,0.0,0.0,0.0,India-UK CETA,29/2026-Customs
32072010,All goods,0.0,0.0,0.0,India-UK CETA,29/2026-Customs
32072020,All goods,0.0,0.0,0.0,India-UK CETA,29/2026-Customs
32073000,All goods,0.0,0.0,0.0,India-UK CETA,29/2026-Customs
32074000,All goods,0.0,0.0,0.0,India-UK CETA,29/2026-Customs
32081010,All goods,0.0,0.0,0.0,India-UK CETA,29/2026-Customs
32081020,All goods,0.0,0.0,0.0,India-UK CETA,29/2026-Customs
32081030,All goods,0.0,0.0,0.0,India-UK CETA,29/2026-Customs
32081090,All goods,0.0,0.0,0.0,India-UK CETA,29/2026-Customs
32082010,All goods,0.0,0.0,0.0,India-UK CETA,29/2026-Customs
32082020,All goods,0.0,0.0,0.0,India-UK CETA,29/2026-Customs
32082030,All goods,0.0,0.0,0.0,India-UK CETA,29/2026-Customs
32082090,All goods,9.0,0.0,0.0,India-UK CETA,29/2026-Customs
32089011,All goods,0.0,0.0,0.0,India-UK CETA,29/2026-Customs
32089019,All goods,9.0,0.0,0.0,India-UK CETA,29/2026-Customs
32089021,All goods,0.0,0.0,0.0,India-UK CETA,29/2026-Customs
32089022,All goods,0.0,0.0,0.0,India-UK CETA,29/2026-Customs
32089029,All goods,0.0,0.0,0.0,India-UK CETA,29/2026-Customs
32089030,All goods,0.0,0.0,0.0,India-UK CETA,29/2026-Customs
32089041,All goods,0.0,0.0,0.0,India-UK CETA,29/2026-Customs
32089049,All goods,0.0,0.0,0.0,India-UK CETA,29/2026-Customs
32089050,All goods,0.0,0.0,0.0,India-UK CETA,29/2026-Customs
32089090,All goods,0.0,0.0,0.0,India-UK CETA,29/2026-Customs
32091010,All goods,0.0,0.0,0.0,India-UK CETA,29/2026-Customs
32091090,All goods,0.0,0.0,0.0,India-UK CETA,29/2026-Customs
32099010,All goods,0.0,0.0,0.0,India-UK CETA,29/2026-Customs
32099020,All goods,0.0,0.0,0.0,India-UK CETA,29/2026-Customs
32099090,All goods,0.0,0.0,0.0,India-UK CETA,29/2026-Customs
32100011,All goods,9.0,0.0,0.0,India-UK CETA,29/2026-Customs
32100012,All goods,9.0,0.0,0.0,India-UK CETA,29/2026-Customs
32100019,All goods,9.0,0.0,0.0,India-UK CETA,29/2026-Customs
32100020,All goods,9.0,0.0,0.0,India-UK CETA,29/2026-Customs
32100030,All goods,9.0,0.0,0.0,India-UK CETA,29/2026-Customs
32100040,All goods,9.0,0.0,0.0,India-UK CETA,29/2026-Customs
32100090,All goods,0.0,0.0,0.0,India-UK CETA,29/2026-Customs
32110000,All goods,0.0,0.0,0.0,India-UK CETA,29/2026-Customs
32121000,All goods,0.0,0.0,0.0,India-UK CETA,29/2026-Customs
32129010,All goods,0.0,0.0,0.0,India-UK CETA,29/2026-Customs
32129020,All goods,0.0,0.0,0.0,India-UK CETA,29/2026-Customs
32129030,All goods,0.0,0.0,0.0,India-UK CETA,29/2026-Customs
32129090,All goods,0.0,0.0,0.0,India-UK CETA,29/2026-Customs
32131000,All goods,0.0,0.0,0.0,India-UK CETA,29/2026-Customs
32139000,All goods,0.0,0.0,0.0,India-UK CETA,29/2026-Customs
32141000,All goods,0.0,0.0,0.0,India-UK CETA,29/2026-Customs
32149010,All goods,0.0,0.0,0.0,India-UK CETA,29/2026-Customs
32149020,All goods,0.0,0.0,0.0,India-UK CETA,29/2026-Customs
32149090,All goods,0.0,0.0,0.0,India-UK CETA,29/2026-Customs
32151110,All goods,0.0,0.0,0.0,India-UK CETA,29/2026-Customs
32151120,All goods,0.0,0.0,0.0,India-UK CETA,29/2026-Customs
32151130,All goods,0.0,0.0,0.0,India-UK CETA,29/2026-Customs
32151140,All goods,0.0,0.0,0.0,India-UK CETA,29/2026-Customs
32151190,All goods,9.0,0.0,0.0,India-UK CETA,29/2026-Customs
32151910,All goods,0.0,0.0,0.0,India-UK CETA,29/2026-Customs
32151920,All goods,0.0,0.0,0.0,India-UK CETA,29/2026-Customs
32151930,All goods,0.0,0.0,0.0,India-UK CETA,29/2026-Customs
32151940,All goods,0.0,0.0,0.0,India-UK CETA,29/2026-Customs
32151990,All goods,0.0,0.0,0.0,India-UK CETA,29/2026-Customs
32159010,All goods,0.0,0.0,0.0,India-UK CETA,29/2026-Customs
32159020,All goods,0.0,0.0,0.0,India-UK CETA,29/2026-Customs
32159030,All goods,0.0,0.0,0.0,India-UK CETA,29/2026-Customs
32159040,All goods,0.0,0.0,0.0,India-UK CETA,29/2026-Customs
32159090,All goods,0.0,0.0,0.0,India-UK CETA,29/2026-Customs
33011200,All goods,18.0,0.0,0.0,India-UK CETA,29/2026-Customs
33011300,All goods,18.0,0.0,0.0,India-UK CETA,29/2026-Customs
33011910,All goods,18.0,0.0,0.0,India-UK CETA,29/2026-Customs
33011990,All goods,18.0,0.0,0.0,India-UK CETA,29/2026-Customs
33012400,All goods,18.0,0.0,0.0,India-UK CETA,29/2026-Customs
33012510,All goods,18.0,0.0,0.0,India-UK CETA,29/2026-Customs
33012520,All goods,18.0,0.0,0.0,India-UK CETA,29/2026-Customs
33012530,All goods,18.0,0.0,0.0,India-UK CETA,29/2026-Customs
33012540,All goods,18.0,0.0,0.0,India-UK CETA,29/2026-Customs
33012590,All goods,18.0,0.0,0.0,India-UK CETA,29/2026-Customs
33012911,All goods,18.0,0.0,0.0,India-UK CETA,29/2026-Customs
33012912,All goods,18.0,0.0,0.0,India-UK CETA,29/2026-Customs
33012913,All goods,18.0,0.0,0.0,India-UK CETA,29/2026-Customs
33012914,All goods,18.0,0.0,0.0,India-UK CETA,29/2026-Customs
33012915,All goods,18.0,0.0,0.0,India-UK CETA,29/2026-Customs
33012916,All goods,18.0,0.0,0.0,India-UK CETA,29/2026-Customs
33012917,All goods,18.0,0.0,0.0,India-UK CETA,29/2026-Customs
33012918,All goods,18.0,0.0,0.0,India-UK CETA,29/2026-Customs
33012921,All goods,18.0,0.0,0.0,India-UK CETA,29/2026-Customs
33012922,All goods,18.0,0.0,0.0,India-UK CETA,29/2026-Customs
33012923,All goods,18.0,0.0,0.0,India-UK CETA,29/2026-Customs
33012924,All goods,18.0,0.0,0.0,India-UK CETA,29/2026-Customs
33012925,All goods,18.0,0.0,0.0,India-UK CETA,29/2026-Customs
33012926,All goods,18.0,0.0,0.0,India-UK CETA,29/2026-Customs
33012927,All goods,18.0,0.0,0.0,India-UK CETA,29/2026-Customs
33012928,All goods,18.0,0.0,0.0,India-UK CETA,29/2026-Customs
33012931,All goods,18.0,0.0,0.0,India-UK CETA,29/2026-Customs
33012932,All goods,18.0,0.0,0.0,India-UK CETA,29/2026-Customs
33012933,All goods,18.0,0.0,0.0,India-UK CETA,29/2026-Customs
33012934,All goods,18.0,0.0,0.0,India-UK CETA,29/2026-Customs
33012935,All goods,18.0,0.0,0.0,India-UK CETA,29/2026-Customs
33012936,All goods,18.0,0.0,0.0,India-UK CETA,29/2026-Customs
33012937,All goods,18.0,0.0,0.0,India-UK CETA,29/2026-Customs
33012938,All goods,18.0,0.0,0.0,India-UK CETA,29/2026-Customs
33012941,All goods,18.0,0.0,0.0,India-UK CETA,29/2026-Customs
33012942,All goods,18.0,0.0,0.0,India-UK CETA,29/2026-Customs
33012943,All goods,18.0,0.0,0.0,India-UK CETA,29/2026-Customs
33012944,All goods,18.0,0.0,0.0,India-UK CETA,29/2026-Customs
33012945,All goods,18.0,0.0,0.0,India-UK CETA,29/2026-Customs
33012946,All goods,18.0,0.0,0.0,India-UK CETA,29/2026-Customs
33012947,All goods,18.0,0.0,0.0,India-UK CETA,29/2026-Customs
33012948,All goods,18.0,0.0,0.0,India-UK CETA,29/2026-Customs
33012949,All goods,18.0,0.0,0.0,India-UK CETA,29/2026-Customs
33012950,All goods,18.0,0.0,0.0,India-UK CETA,29/2026-Customs
33012990,All goods,18.0,0.0,0.0,India-UK CETA,29/2026-Customs
33013010,All goods,18.0,0.0,0.0,India-UK CETA,29/2026-Customs
33013091,All goods,18.0,0.0,0.0,India-UK CETA,29/2026-Customs
33013099,All goods,18.0,0.0,0.0,India-UK CETA,29/2026-Customs
33019011,All goods,18.0,0.0,0.0,India-UK CETA,29/2026-Customs
33019012,All goods,18.0,0.0,0.0,India-UK CETA,29/2026-Customs
33019013,All goods,18.0,0.0,0.0,India-UK CETA,29/2026-Customs
33019014,All goods,18.0,0.0,0.0,India-UK CETA,29/2026-Customs
33019015,All goods,18.0,0.0,0.0,India-UK CETA,29/2026-Customs
33019016,All goods,18.0,0.0,0.0,India-UK CETA,29/2026-Customs
33019017,All goods,18.0,0.0,0.0,India-UK CETA,29/2026-Customs
33019021,All goods,18.0,0.0,0.0,India-UK CETA,29/2026-Customs
33019022,All goods,18.0,0.0,0.0,India-UK CETA,29/2026-Customs
33019023,All goods,18.0,0.0,0.0,India-UK CETA,29/2026-Customs
33019024,All goods,18.0,0.0,0.0,India-UK CETA,29/2026-Customs
33019025,All goods,18.0,0.0,0.0,India-UK CETA,29/2026-Customs
33019029,All goods,18.0,0.0,0.0,India-UK CETA,29/2026-Customs
33019031,All goods,18.0,0.0,0.0,India-UK CETA,29/2026-Customs
33019032,All goods,18.0,0.0,0.0,India-UK CETA,29/2026-Customs
33019033,All goods,18.0,0.0,0.0,India-UK CETA,29/2026-Customs
33019041,All goods,18.0,0.0,0.0,India-UK CETA,29/2026-Customs
33019049,All goods,18.0,0.0,0.0,India-UK CETA,29/2026-Customs
33019051,All goods,18.0,0.0,0.0,India-UK CETA,29/2026-Customs
33019059,All goods,18.0,0.0,0.0,India-UK CETA,29/2026-Customs
33019060,All goods,18.0,0.0,0.0,India-UK CETA,29/2026-Customs
33019071,All goods,18.0,0.0,0.0,India-UK CETA,29/2026-Customs
33019079,All goods,18.0,0.0,0.0,India-UK CETA,29/2026-Customs
33019090,All goods,18.0,0.0,0.0,India-UK CETA,29/2026-Customs
33021011,All goods,19.0,0.0,0.0,India-UK CETA,29/2026-Customs
33021019,All goods,9.6,0.0,0.0,India-UK CETA,29/2026-Customs
33021091,All goods,18.0,0.0,0.0,India-UK CETA,29/2026-Customs
33021099,All goods,9.0,0.0,0.0,India-UK CETA,29/2026-Customs
33029011,All goods,9.0,0.0,0.0,India-UK CETA,29/2026-Customs
33029012,All goods,9.0,0.0,0.0,India-UK CETA,29/2026-Customs
33029019,All goods,9.0,0.0,0.0,India-UK CETA,29/2026-Customs
33029020,All goods,9.0,0.0,0.0,India-UK CETA,29/2026-Customs
33029090,All goods,9.0,0.0,0.0,India-UK CETA,29/2026-Customs
33030010,All goods,18.0,0.0,0.0,India-UK CETA,29/2026-Customs
33030020,All goods,18.0,0.0,0.0,India-UK CETA,29/2026-Customs
33030030,All goods,18.0,0.0,0.0,India-UK CETA,29/2026-Customs
33030040,All goods,18.0,0.0,0.0,India-UK CETA,29/2026-Customs
33030050,All goods,18.0,0.0,0.0,India-UK CETA,29/2026-Customs
33030060,All goods,18.0,0.0,0.0,India-UK CETA,29/2026-Customs
33030090,All goods,18.0,0.0,0.0,India-UK CETA,29/2026-Customs
33041000,All goods,18.0,0.0,0.0,India-UK CETA,29/2026-Customs
33042000,All goods,18.0,0.0,0.0,India-UK CETA,29/2026-Customs
33043000,All goods,18.0,0.0,0.0,India-UK CETA,29/2026-Customs
33049110,All goods,18.0,0.0,0.0,India-UK CETA,29/2026-Customs
33049120,All goods,18.0,0.0,0.0,India-UK CETA,29/2026-Customs
33049190,All goods,18.0,0.0,0.0,India-UK CETA,29/2026-Customs
33049910,All goods,18.0,0.0,0.0,India-UK CETA,29/2026-Customs
33049920,All goods,18.0,0.0,0.0,India-UK CETA,29/2026-Customs
33049930,All goods,18.0,0.0,0.0,India-UK CETA,29/2026-Customs
33049940,All goods,18.0,0.0,0.0,India-UK CETA,29/2026-Customs
33049950,All goods,18.0,0.0,0.0,India-UK CETA,29/2026-Customs
33049990,All goods,18.0,0.0,0.0,India-UK CETA,29/2026-Customs
33051010,All goods,18.0,0.0,0.0,India-UK CETA,29/2026-Customs
33051090,All goods,18.0,0.0,0.0,India-UK CETA,29/2026-Customs
33052000,All goods,18.0,0.0,0.0,India-UK CETA,29/2026-Customs
33053000,All goods,18.0,0.0,0.0,India-UK CETA,29/2026-Customs
33059011,All goods,18.0,0.0,0.0,India-UK CETA,29/2026-Customs
33059019,All goods,18.0,0.0,0.0,India-UK CETA,29/2026-Customs
33059020,All goods,18.0,0.0,0.0,India-UK CETA,29/2026-Customs
33059030,All goods,18.0,0.0,0.0,India-UK CETA,29/2026-Customs
33059040,All goods,18.0,0.0,0.0,India-UK CETA,29/2026-Customs
33059050,All goods,18.0,0.0,0.0,India-UK CETA,29/2026-Customs
33059090,All goods,18.0,0.0,0.0,India-UK CETA,29/2026-Customs
33061010,All goods,18.0,0.0,0.0,India-UK CETA,29/2026-Customs
33061020,All goods,18.0,0.0,0.0,India-UK CETA,29/2026-Customs
33061090,All goods,18.0,0.0,0.0,India-UK CETA,29/2026-Customs
33062000,All goods,18.0,0.0,0.0,India-UK CETA,29/2026-Customs
33069000,All goods,18.0,0.0,0.0,India-UK CETA,29/2026-Customs
33071010,All goods,18.0,0.0,0.0,India-UK CETA,29/2026-Customs
33071090,All goods,18.0,0.0,0.0,India-UK CETA,29/2026-Customs
33072000,All goods,18.0,0.0,0.0,India-UK CETA,29/2026-Customs
33073010,All goods,18.0,0.0,0.0,India-UK CETA,29/2026-Customs
33073090,All goods,18.0,0.0,0.0,India-UK CETA,29/2026-Customs
33074100,All goods,18.0,0.0,0.0,India-UK CETA,29/2026-Customs
33074900,All goods,18.0,0.0,0.0,India-UK CETA,29/2026-Customs
33079010,All goods,18.0,0.0,0.0,India-UK CETA,29/2026-Customs
33079020,All goods,18.0,0.0,0.0,India-UK CETA,29/2026-Customs
33079090,All goods,18.0,0.0,0.0,India-UK CETA,29/2026-Customs
34011110,All goods,0.0,0.0,0.0,India-UK CETA,29/2026-Customs
34011120,All goods,0.0,0.0,0.0,India-UK CETA,29/2026-Customs
34011190,All goods,0.0,0.0,0.0,India-UK CETA,29/2026-Customs
34011911,All goods,9.0,0.0,0.0,India-UK CETA,29/2026-Customs
34011919,All goods,9.0,0.0,0.0,India-UK CETA,29/2026-Customs
34011920,All goods,9.0,0.0,0.0,India-UK CETA,29/2026-Customs
34011930,All goods,9.0,0.0,0.0,India-UK CETA,29/2026-Customs
34011941,All goods,9.0,0.0,0.0,India-UK CETA,29/2026-Customs
34011942,All goods,9.0,0.0,0.0,India-UK CETA,29/2026-Customs
34011990,All goods,9.0,0.0,0.0,India-UK CETA,29/2026-Customs
34012000,All goods,9.0,0.0,0.0,India-UK CETA,29/2026-Customs
34013011,All goods,0.0,0.0,0.0,India-UK CETA,29/2026-Customs
34013012,All goods,0.0,0.0,0.0,India-UK CETA,29/2026-Customs
34013019,All goods,0.0,0.0,0.0,India-UK CETA,29/2026-Customs
34013090,All goods,0.0,0.0,0.0,India-UK CETA,29/2026-Customs
34023100,All goods,0.0,0.0,0.0,India-UK CETA,29/2026-Customs
34023900,All goods,0.0,0.0,0.0,India-UK CETA,29/2026-Customs
34024100,All goods,9.0,0.0,0.0,India-UK CETA,29/2026-Customs
34024200,All goods,9.0,0.0,0.0,India-UK CETA,29/2026-Customs
34024900,All goods,0.0,0.0,0.0,India-UK CETA,29/2026-Customs
34025000,All goods,9.0,0.0,0.0,India-UK CETA,29/2026-Customs
34029011,All goods,0.0,0.0,0.0,India-UK CETA,29/2026-Customs
34029012,All goods,0.0,0.0,0.0,India-UK CETA,29/2026-Customs
34029019,All goods,0.0,0.0,0.0,India-UK CETA,29/2026-Customs
34029020,All goods,0.0,0.0,0.0,India-UK CETA,29/2026-Customs
34029030,All goods,0.0,0.0,0.0,India-UK CETA,29/2026-Customs
34029041,All goods,0.0,0.0,0.0,India-UK CETA,29/2026-Customs
34029042,All goods,0.0,0.0,0.0,India-UK CETA,29/2026-Customs
34029049,All goods,0.0,0.0,0.0,India-UK CETA,29/2026-Customs
34029051,All goods,0.0,0.0,0.0,India-UK CETA,29/2026-Customs
34029052,All goods,0.0,0.0,0.0,India-UK CETA,29/2026-Customs
34029059,All goods,0.0,0.0,0.0,India-UK CETA,29/2026-Customs
34029091,All goods,0.0,0.0,0.0,India-UK CETA,29/2026-Customs
34029092,All goods,0.0,0.0,0.0,India-UK CETA,29/2026-Customs
34029099,All goods,0.0,0.0,0.0,India-UK CETA,29/2026-Customs
34031100,All goods,0.0,0.0,0.0,India-UK CETA,29/2026-Customs
34031900,All goods,0.0,0.0,0.0,India-UK CETA,29/2026-Customs
34039100,All goods,0.0,0.0,0.0,India-UK CETA,29/2026-Customs
34039900,All goods,0.0,0.0,0.0,India-UK CETA,29/2026-Customs
34042000,All goods,0.0,0.0,0.0,India-UK CETA,29/2026-Customs
34049010,All goods,0.0,0.0,0.0,India-UK CETA,29/2026-Customs
34049020,All goods,0.0,0.0,0.0,India-UK CETA,29/2026-Customs
34049031,All goods,0.0,0.0,0.0,India-UK CETA,29/2026-Customs
34049032,All goods,0.0,0.0,0.0,India-UK CETA,29/2026-Customs
34049033,All goods,0.0,0.0,0.0,India-UK CETA,29/2026-Customs
34049039,All goods,0.0,0.0,0.0,India-UK CETA,29/2026-Customs
34049090,All goods,0.0,0.0,0.0,India-UK CETA,29/2026-Customs
34051000,All goods,9.0,0.0,0.0,India-UK CETA,29/2026-Customs
34052000,All goods,9.0,0.0,0.0,India-UK CETA,29/2026-Customs
34053000,All goods,9.0,0.0,0.0,India-UK CETA,29/2026-Customs
34054000,All goods,0.0,0.0,0.0,India-UK CETA,29/2026-Customs
34059010,All goods,0.0,0.0,0.0,India-UK CETA,29/2026-Customs
34059090,All goods,9.0,0.0,0.0,India-UK CETA,29/2026-Customs
34060010,All goods,18.0,6.8,0.0,India-UK CETA,29/2026-Customs
34060090,All goods,18.0,6.8,0.0,India-UK CETA,29/2026-Customs
34070010,All goods,0.0,0.0,0.0,India-UK CETA,29/2026-Customs
34070090,All goods,0.0,0.0,0.0,India-UK CETA,29/2026-Customs
35011000,All goods,18.0,0.0,0.0,India-UK CETA,29/2026-Customs
35019000,All goods,18.0,0.0,0.0,India-UK CETA,29/2026-Customs
35021100,All goods,18.0,0.0,0.0,India-UK CETA,29/2026-Customs
35021900,All goods,18.0,0.0,0.0,India-UK CETA,29/2026-Customs
35022000,All goods,0.0,0.0,0.0,India-UK CETA,29/2026-Customs
35029000,All goods,18.0,0.0,0.0,India-UK CETA,29/2026-Customs
35030010,All goods,16.0,0.0,0.0,India-UK CETA,29/2026-Customs
35030020,All goods,16.0,0.0,0.0,India-UK CETA,29/2026-Customs
35030030,All goods,16.0,0.0,0.0,India-UK CETA,29/2026-Customs
35030090,All goods,16.0,0.0,0.0,India-UK CETA,29/2026-Customs
35040010,All goods,18.0,0.0,0.0,India-UK CETA,29/2026-Customs
35040091,All goods,18.0,0.0,0.0,India-UK CETA,29/2026-Customs
35040099,All goods,18.0,0.0,0.0,India-UK CETA,29/2026-Customs
35051010,All goods,18.0,0.0,0.0,India-UK CETA,29/2026-Customs
35051090,All goods,18.0,0.0,0.0,India-UK CETA,29/2026-Customs
35052000,All goods,18.0,0.0,0.0,India-UK CETA,29/2026-Customs
35061000,All goods,0.0,0.0,0.0,India-UK CETA,29/2026-Customs
35069110,All goods,9.0,0.0,0.0,India-UK CETA,29/2026-Customs
35069190,All goods,9.0,0.0,0.0,India-UK CETA,29/2026-Customs
35069910,All goods,0.0,0.0,0.0,India-UK CETA,29/2026-Customs
35069991,All goods,0.0,0.0,0.0,India-UK CETA,29/2026-Customs
35069999,All goods,0.0,0.0,0.0,India-UK CETA,29/2026-Customs
35071011,All goods,9.0,0.0,0.0,India-UK CETA,29/2026-Customs
35071019,All goods,9.0,0.0,0.0,India-UK CETA,29/2026-Customs
35071091,All goods,9.0,0.0,0.0,India-UK CETA,29/2026-Customs
35071099,All goods,9.0,0.0,0.0,India-UK CETA,29/2026-Customs
35079010,All goods,9.0,0.0,0.0,India-UK CETA,29/2026-Customs
35079020,All goods,0.0,0.0,0.0,India-UK CETA,29/2026-Customs
35079030,All goods,0.0,0.0,0.0,India-UK CETA,29/2026-Customs
35079040,All goods,0.0,0.0,0.0,India-UK CETA,29/2026-Customs
35079050,All goods,0.0,0.0,0.0,India-UK CETA,29/2026-Customs
35079061,All goods,0.0,0.0,0.0,India-UK CETA,29/2026-Customs
35079062,All goods,0.0,0.0,0.0,India-UK CETA,29/2026-Customs
35079069,All goods,9.0,0.0,0.0,India-UK CETA,29/2026-Customs
35079071,All goods,0.0,0.0,0.0,India-UK CETA,29/2026-Customs
35079079,All goods,9.0,0.0,0.0,India-UK CETA,29/2026-Customs
35079091,All goods,9.0,0.0,0.0,India-UK CETA,29/2026-Customs
35079099,All goods,9.0,0.0,0.0,India-UK CETA,29/2026-Customs
36010010,All goods,0.0,0.0,0.0,India-UK CETA,29/2026-Customs
36010020,All goods,0.0,0.0,0.0,India-UK CETA,29/2026-Customs
36010090,All goods,0.0,0.0,0.0,India-UK CETA,29/2026-Customs
36020010,All goods,0.0,0.0,0.0,India-UK CETA,29/2026-Customs
36020090,All goods,0.0,0.0,0.0,India-UK CETA,29/2026-Customs
36031000,All goods,0.0,0.0,0.0,India-UK CETA,29/2026-Customs
36032000,All goods,0.0,0.0,0.0,India-UK CETA,29/2026-Customs
36033000,All goods,0.0,0.0,0.0,India-UK CETA,29/2026-Customs
36034000,All goods,0.0,0.0,0.0,India-UK CETA,29/2026-Customs
36035000,All goods,0.0,0.0,0.0,India-UK CETA,29/2026-Customs
36036000,All goods,0.0,0.0,0.0,India-UK CETA,29/2026-Customs
36041000,All goods,0.0,0.0,0.0,India-UK CETA,29/2026-Customs
36049010,All goods,0.0,0.0,0.0,India-UK CETA,29/2026-Customs
36049090,All goods,0.0,0.0,0.0,India-UK CETA,29/2026-Customs
36050010,All goods,9.6,0.0,0.0,India-UK CETA,29/2026-Customs
36050090,All goods,9.6,0.0,0.0,India-UK CETA,29/2026-Customs
36061000,All goods,0.0,0.0,0.0,India-UK CETA,29/2026-Customs
36069010,All goods,0.0,0.0,0.0,India-UK CETA,29/2026-Customs
36069091,All goods,0.0,0.0,0.0,India-UK CETA,29/2026-Customs
36069092,All goods,0.0,0.0,0.0,India-UK CETA,29/2026-Customs
36069093,All goods,0.0,0.0,0.0,India-UK CETA,29/2026-Customs
36069099,All goods,0.0,0.0,0.0,India-UK CETA,29/2026-Customs
37011010,All goods,0.0,0.0,0.0,India-UK CETA,29/2026-Customs
37011090,All goods,0.0,0.0,0.0,India-UK CETA,29/2026-Customs
37012000,All goods,0.0,0.0,0.0,India-UK CETA,29/2026-Customs
37013000,All goods,0.0,0.0,0.0,India-UK CETA,29/2026-Customs
37019110,All goods,0.0,0.0,0.0,India-UK CETA,29/2026-Customs
37019190,All goods,0.0,0.0,0.0,India-UK CETA,29/2026-Customs
37019910,All goods,0.0,0.0,0.0,India-UK CETA,29/2026-Customs
37019990,All goods,0.0,0.0,0.0,India-UK CETA,29/2026-Customs
37021000,All goods,0.0,0.0,0.0,India-UK CETA,29/2026-Customs
37023110,All goods,0.0,0.0,0.0,India-UK CETA,29/2026-Customs
37023190,All goods,0.0,0.0,0.0,India-UK CETA,29/2026-Customs
37023210,All goods,0.0,0.0,0.0,India-UK CETA,29/2026-Customs
37023290,All goods,0.0,0.0,0.0,India-UK CETA,29/2026-Customs
37023910,All goods,0.0,0.0,0.0,India-UK CETA,29/2026-Customs
37023990,All goods,0.0,0.0,0.0,India-UK CETA,29/2026-Customs
37024110,All goods,0.0,0.0,0.0,India-UK CETA,29/2026-Customs
37024190,All goods,0.0,0.0,0.0,India-UK CETA,29/2026-Customs
37024210,All goods,0.0,0.0,0.0,India-UK CETA,29/2026-Customs
37024220,All goods,0.0,0.0,0.0,India-UK CETA,29/2026-Customs
37024290,All goods,0.0,0.0,0.0,India-UK CETA,29/2026-Customs
37024310,All goods,0.0,0.0,0.0,India-UK CETA,29/2026-Customs
37024320,All goods,0.0,0.0,0.0,India-UK CETA,29/2026-Customs
37024390,All goods,0.0,0.0,0.0,India-UK CETA,29/2026-Customs
37024410,All goods,0.0,0.0,0.0,India-UK CETA,29/2026-Customs
37024420,All goods,0.0,0.0,0.0,India-UK CETA,29/2026-Customs
37024490,All goods,0.0,0.0,0.0,India-UK CETA,29/2026-Customs
37025210,All goods,0.0,0.0,0.0,India-UK CETA,29/2026-Customs
37025220,All goods,0.0,0.0,0.0,India-UK CETA,29/2026-Customs
37025290,All goods,0.0,0.0,0.0,India-UK CETA,29/2026-Customs
37025300,All goods,0.0,0.0,0.0,India-UK CETA,29/2026-Customs
37025410,All goods,0.0,0.0,0.0,India-UK CETA,29/2026-Customs
37025420,All goods,0.0,0.0,0.0,India-UK CETA,29/2026-Customs
37025490,All goods,0.0,0.0,0.0,India-UK CETA,29/2026-Customs
37025510,All goods,0.0,0.0,0.0,India-UK CETA,29/2026-Customs
37025520,All goods,0.0,0.0,0.0,India-UK CETA,29/2026-Customs
37025590,All goods,0.0,0.0,0.0,India-UK CETA,29/2026-Customs
37025610,All goods,0.0,0.0,0.0,India-UK CETA,29/2026-Customs
37025620,All goods,0.0,0.0,0.0,India-UK CETA,29/2026-Customs
37025690,All goods,0.0,0.0,0.0,India-UK CETA,29/2026-Customs
37029611,All goods,0.0,0.0,0.0,India-UK CETA,29/2026-Customs
37029619,All goods,0.0,0.0,0.0,India-UK CETA,29/2026-Customs
37029711,All goods,0.0,0.0,0.0,India-UK CETA,29/2026-Customs
37029719,All goods,0.0,0.0,0.0,India-UK CETA,29/2026-Customs
37029810,All goods,0.0,0.0,0.0,India-UK CETA,29/2026-Customs
37029890,All goods,0.0,0.0,0.0,India-UK CETA,29/2026-Customs
37031010,All goods,0.0,0.0,0.0,India-UK CETA,29/2026-Customs
37031020,All goods,0.0,0.0,0.0,India-UK CETA,29/2026-Customs
37032010,All goods,0.0,0.0,0.0,India-UK CETA,29/2026-Customs
37032020,All goods,0.0,0.0,0.0,India-UK CETA,29/2026-Customs
37039010,All goods,0.0,0.0,0.0,India-UK CETA,29/2026-Customs
37039020,All goods,0.0,0.0,0.0,India-UK CETA,29/2026-Customs
37040010,All goods,0.0,0.0,0.0,India-UK CETA,29/2026-Customs
37040020,All goods,0.0,0.0,0.0,India-UK CETA,29/2026-Customs
37040030,All goods,0.0,0.0,0.0,India-UK CETA,29/2026-Customs
37040090,All goods,0.0,0.0,0.0,India-UK CETA,29/2026-Customs
37050000,All goods,0.0,0.0,0.0,India-UK CETA,29/2026-Customs
37061011,All goods,0.0,0.0,0.0,India-UK CETA,29/2026-Customs
37061012,All goods,0.0,0.0,0.0,India-UK CETA,29/2026-Customs
37061013,All goods,0.0,0.0,0.0,India-UK CETA,29/2026-Customs
37061014,All goods,0.0,0.0,0.0,India-UK CETA,29/2026-Customs
37061015,All goods,0.0,0.0,0.0,India-UK CETA,29/2026-Customs
37061020,All goods,0.0,0.0,0.0,India-UK CETA,29/2026-Customs
37061030,All goods,0.0,0.0,0.0,India-UK CETA,29/2026-Customs
37061041,All goods,0.0,0.0,0.0,India-UK CETA,29/2026-Customs
37061042,All goods,0.0,0.0,0.0,India-UK CETA,29/2026-Customs
37061051,All goods,0.0,0.0,0.0,India-UK CETA,29/2026-Customs
37061052,All goods,0.0,0.0,0.0,India-UK CETA,29/2026-Customs
37061059,All goods,0.0,0.0,0.0,India-UK CETA,29/2026-Customs
37061061,All goods,0.0,0.0,0.0,India-UK CETA,29/2026-Customs
37061062,All goods,0.0,0.0,0.0,India-UK CETA,29/2026-Customs
37061063,All goods,0.0,0.0,0.0,India-UK CETA,29/2026-Customs
37061069,All goods,0.0,0.0,0.0,India-UK CETA,29/2026-Customs
37061070,All goods,0.0,0.0,0.0,India-UK CETA,29/2026-Customs
37061091,All goods,0.0,0.0,0.0,India-UK CETA,29/2026-Customs
37061092,All goods,0.0,0.0,0.0,India-UK CETA,29/2026-Customs
37061099,All goods,0.0,0.0,0.0,India-UK CETA,29/2026-Customs
37069011,All goods,0.0,0.0,0.0,India-UK CETA,29/2026-Customs
37069012,All goods,0.0,0.0,0.0,India-UK CETA,29/2026-Customs
37069013,All goods,0.0,0.0,0.0,India-UK CETA,29/2026-Customs
37069014,All goods,0.0,0.0,0.0,India-UK CETA,29/2026-Customs
37069015,All goods,0.0,0.0,0.0,India-UK CETA,29/2026-Customs
37069020,All goods,0.0,0.0,0.0,India-UK CETA,29/2026-Customs
37069030,All goods,0.0,0.0,0.0,India-UK CETA,29/2026-Customs
37069041,All goods,0.0,0.0,0.0,India-UK CETA,29/2026-Customs
37069042,All goods,0.0,0.0,0.0,India-UK CETA,29/2026-Customs
37069051,All goods,0.0,0.0,0.0,India-UK CETA,29/2026-Customs
37069052,All goods,0.0,0.0,0.0,India-UK CETA,29/2026-Customs
37069059,All goods,0.0,0.0,0.0,India-UK CETA,29/2026-Customs
37069061,All goods,0.0,0.0,0.0,India-UK CETA,29/2026-Customs
37069062,All goods,0.0,0.0,0.0,India-UK CETA,29/2026-Customs
37069063,All goods,0.0,0.0,0.0,India-UK CETA,29/2026-Customs
37069064,All goods,0.0,0.0,0.0,India-UK CETA,29/2026-Customs
37069069,All goods,0.0,0.0,0.0,India-UK CETA,29/2026-Customs
37069070,All goods,0.0,0.0,0.0,India-UK CETA,29/2026-Customs
37069091,All goods,0.0,0.0,0.0,India-UK CETA,29/2026-Customs
37069092,All goods,0.0,0.0,0.0,India-UK CETA,29/2026-Customs
37069099,All goods,0.0,0.0,0.0,India-UK CETA,29/2026-Customs
37071000,All goods,0.0,0.0,0.0,India-UK CETA,29/2026-Customs
37079010,All goods,9.0,0.0,0.0,India-UK CETA,29/2026-Customs
37079090,All goods,0.0,0.0,0.0,India-UK CETA,29/2026-Customs
38011000,All goods,0.0,0.0,0.0,India-UK CETA,29/2026-Customs
38012000,All goods,0.0,0.0,0.0,India-UK CETA,29/2026-Customs
38013000,All goods,0.0,0.0,0.0,India-UK CETA,29/2026-Customs
38019000,All goods,0.0,0.0,0.0,India-UK CETA,29/2026-Customs
38021000,All goods,0.0,0.0,0.0,India-UK CETA,29/2026-Customs
38029011,All goods,0.0,0.0,0.0,India-UK CETA,29/2026-Customs
38029012,All goods,0.0,0.0,0.0,India-UK CETA,29/2026-Customs
38029019,All goods,0.0,0.0,0.0,India-UK CETA,29/2026-Customs
38029020,All goods,0.0,0.0,0.0,India-UK CETA,29/2026-Customs
38030000,All goods,0.0,0.0,0.0,India-UK CETA,29/2026-Customs
38040010,All goods,0.0,0.0,0.0,India-UK CETA,29/2026-Customs
38040020,All goods,0.0,0.0,0.0,India-UK CETA,29/2026-Customs
38040090,All goods,0.0,0.0,0.0,India-UK CETA,29/2026-Customs
38051010,All goods,0.0,0.0,0.0,India-UK CETA,29/2026-Customs
38051020,All goods,0.0,0.0,0.0,India-UK CETA,29/2026-Customs
38051030,All goods,0.0,0.0,0.0,India-UK CETA,29/2026-Customs
38059010,All goods,0.0,0.0,0.0,India-UK CETA,29/2026-Customs
38059020,All goods,0.0,0.0,0.0,India-UK CETA,29/2026-Customs
38059030,All goods,0.0,0.0,0.0,India-UK CETA,29/2026-Customs
38059090,All goods,0.0,0.0,0.0,India-UK CETA,29/2026-Customs
38061010,All goods,0.0,0.0,0.0,India-UK CETA,29/2026-Customs
38061090,All goods,0.0,0.0,0.0,India-UK CETA,29/2026-Customs
38062000,All goods,0.0,0.0,0.0,India-UK CETA,29/2026-Customs
38063000,All goods,0.0,0.0,0.0,India-UK CETA,29/2026-Customs
38069010,All goods,0.0,0.0,0.0,India-UK CETA,29/2026-Customs
38069090,All goods,0.0,0.0,0.0,India-UK CETA,29/2026-Customs
38070010,All goods,0.0,0.0,0.0,India-UK CETA,29/2026-Customs
38070020,All goods,0.0,0.0,0.0,India-UK CETA,29/2026-Customs
38070030,All goods,0.0,0.0,0.0,India-UK CETA,29/2026-Customs
38085200,All goods,0.0,0.0,0.0,India-UK CETA,29/2026-Customs
38086100,All goods,0.0,0.0,0.0,India-UK CETA,29/2026-Customs
38086200,All goods,0.0,0.0,0.0,India-UK CETA,29/2026-Customs
38089111,All goods,0.0,0.0,0.0,India-UK CETA,29/2026-Customs
38089112,All goods,0.0,0.0,0.0,India-UK CETA,29/2026-Customs
38089113,All goods,0.0,0.0,0.0,India-UK CETA,29/2026-Customs
38089121,All goods,0.0,0.0,0.0,India-UK CETA,29/2026-Customs
38089122,All goods,0.0,0.0,0.0,India-UK CETA,29/2026-Customs
38089123,All goods,0.0,0.0,0.0,India-UK CETA,29/2026-Customs
38089124,All goods,0.0,0.0,0.0,India-UK CETA,29/2026-Customs
38089131,All goods,0.0,0.0,0.0,India-UK CETA,29/2026-Customs
38089132,All goods,0.0,0.0,0.0,India-UK CETA,29/2026-Customs
38089133,All goods,0.0,0.0,0.0,India-UK CETA,29/2026-Customs
38089134,All goods,0.0,0.0,0.0,India-UK CETA,29/2026-Customs
38089135,All goods,0.0,0.0,0.0,India-UK CETA,29/2026-Customs
38089136,All goods,0.0,0.0,0.0,India-UK CETA,29/2026-Customs
38089137,All goods,0.0,0.0,0.0,India-UK CETA,29/2026-Customs
38089191,All goods,0.0,0.0,0.0,India-UK CETA,29/2026-Customs
38089192,All goods,0.0,0.0,0.0,India-UK CETA,29/2026-Customs
38089210,All goods,0.0,0.0,0.0,India-UK CETA,29/2026-Customs
38089220,All goods,0.0,0.0,0.0,India-UK CETA,29/2026-Customs
38089230,All goods,0.0,0.0,0.0,India-UK CETA,29/2026-Customs
38089240,All goods,0.0,0.0,0.0,India-UK CETA,29/2026-Customs
38089250,All goods,0.0,0.0,0.0,India-UK CETA,29/2026-Customs
38089310,All goods,0.0,0.0,0.0,India-UK CETA,29/2026-Customs
38089320,All goods,9.0,0.0,0.0,India-UK CETA,29/2026-Customs
38089330,All goods,4.5,0.0,0.0,India-UK CETA,29/2026-Customs
38089341,All goods,9.0,0.0,0.0,India-UK CETA,29/2026-Customs
38089342,All goods,9.0,0.0,0.0,India-UK CETA,29/2026-Customs
38089349,All goods,9.0,0.0,0.0,India-UK CETA,29/2026-Customs
38089350,All goods,9.0,0.0,0.0,India-UK CETA,29/2026-Customs
38089410,All goods,9.0,0.0,0.0,India-UK CETA,29/2026-Customs
38089420,All goods,9.0,0.0,0.0,India-UK CETA,29/2026-Customs
38089490,All goods,9.0,0.0,0.0,India-UK CETA,29/2026-Customs
38089911,All goods,9.0,0.0,0.0,India-UK CETA,29/2026-Customs
38089912,All goods,9.0,0.0,0.0,India-UK CETA,29/2026-Customs
38089991,All goods,9.0,0.0,0.0,India-UK CETA,29/2026-Customs
38089992,All goods,9.0,0.0,0.0,India-UK CETA,29/2026-Customs
38091000,All goods,0.0,0.0,0.0,India-UK CETA,29/2026-Customs
38099110,All goods,6.8,0.0,0.0,India-UK CETA,29/2026-Customs
38099120,All goods,0.0,0.0,0.0,India-UK CETA,29/2026-Customs
38099130,All goods,0.0,0.0,0.0,India-UK CETA,29/2026-Customs
38099140,All goods,0.0,0.0,0.0,India-UK CETA,29/2026-Customs
38099150,All goods,0.0,0.0,0.0,India-UK CETA,29/2026-Customs
38099160,All goods,0.0,0.0,0.0,India-UK CETA,29/2026-Customs
38099170,All goods,0.0,0.0,0.0,India-UK CETA,29/2026-Customs
38099180,All goods,0.0,0.0,0.0,India-UK CETA,29/2026-Customs
38099200,All goods,0.0,0.0,0.0,India-UK CETA,29/2026-Customs
38099310,All goods,0.0,0.0,0.0,India-UK CETA,29/2026-Customs
38099390,All goods,0.0,0.0,0.0,India-UK CETA,29/2026-Customs
38101010,All goods,0.0,0.0,0.0,India-UK CETA,29/2026-Customs
38101020,All goods,0.0,0.0,0.0,India-UK CETA,29/2026-Customs
38101090,All goods,0.0,0.0,0.0,India-UK CETA,29/2026-Customs
38109010,All goods,0.0,0.0,0.0,India-UK CETA,29/2026-Customs
38109090,All goods,0.0,0.0,0.0,India-UK CETA,29/2026-Customs
38111100,All goods,0.0,0.0,0.0,India-UK CETA,29/2026-Customs
38111900,All goods,0.0,0.0,0.0,India-UK CETA,29/2026-Customs
38112100,All goods,0.0,0.0,0.0,India-UK CETA,29/2026-Customs
38112900,All goods,0.0,0.0,0.0,India-UK CETA,29/2026-Customs
38119000,All goods,0.0,0.0,0.0,India-UK CETA,29/2026-Customs
38121000,All goods,0.0,0.0,0.0,India-UK CETA,29/2026-Customs
38122010,All goods,6.8,0.0,0.0,India-UK CETA,29/2026-Customs
38122090,All goods,6.8,0.0,0.0,India-UK CETA,29/2026-Customs
38123100,All goods,0.0,0.0,0.0,India-UK CETA,29/2026-Customs
38123910,All goods,6.8,0.0,0.0,India-UK CETA,29/2026-Customs
38123920,All goods,0.0,0.0,0.0,India-UK CETA,29/2026-Customs
38123930,All goods,0.0,0.0,0.0,India-UK CETA,29/2026-Customs
38123990,All goods,0.0,0.0,0.0,India-UK CETA,29/2026-Customs
38130010,All goods,0.0,0.0,0.0,India-UK CETA,29/2026-Customs
38130020,All goods,0.0,0.0,0.0,India-UK CETA,29/2026-Customs
38130030,All goods,0.0,0.0,0.0,India-UK CETA,29/2026-Customs
38130040,All goods,0.0,0.0,0.0,India-UK CETA,29/2026-Customs
38130090,All goods,0.0,0.0,0.0,India-UK CETA,29/2026-Customs
38140011,All goods,0.0,0.0,0.0,India-UK CETA,29/2026-Customs
38140012,All goods,0.0,0.0,0.0,India-UK CETA,29/2026-Customs
38140013,All goods,0.0,0.0,0.0,India-UK CETA,29/2026-Customs
38140019,All goods,0.0,0.0,0.0,India-UK CETA,29/2026-Customs
38140021,All goods,0.0,0.0,0.0,India-UK CETA,29/2026-Customs
38140022,All goods,0.0,0.0,0.0,India-UK CETA,29/2026-Customs
38140023,All goods,0.0,0.0,0.0,India-UK CETA,29/2026-Customs
38140029,All goods,0.0,0.0,0.0,India-UK CETA,29/2026-Customs
38151100,All goods,6.8,0.0,0.0,India-UK CETA,29/2026-Customs
38151210,All goods,6.8,0.0,0.0,India-UK CETA,29/2026-Customs
38151900,All goods,0.0,0.0,0.0,India-UK CETA,29/2026-Customs
38159000,All goods,6.0,0.0,0.0,India-UK CETA,29/2026-Customs
38160000,All goods,0.0,0.0,0.0,India-UK CETA,29/2026-Customs
38170011,All goods,6.8,0.0,0.0,India-UK CETA,29/2026-Customs
38170020,All goods,0.0,0.0,0.0,India-UK CETA,29/2026-Customs
38180010,All goods,0.0,0.0,0.0,India-UK CETA,29/2026-Customs
38180020,All goods,0.0,0.0,0.0,India-UK CETA,29/2026-Customs
38180030,All goods,0.0,0.0,0.0,India-UK CETA,29/2026-Customs
38180090,All goods,0.0,0.0,0.0,India-UK CETA,29/2026-Customs
38190010,All goods,0.0,0.0,0.0,India-UK CETA,29/2026-Customs
38190090,All goods,0.0,0.0,0.0,India-UK CETA,29/2026-Customs
38200000,All goods,0.0,0.0,0.0,India-UK CETA,29/2026-Customs
38210000,All goods,0.0,0.0,0.0,India-UK CETA,29/2026-Customs
38221100,All goods,9.0,0.0,0.0,India-UK CETA,29/2026-Customs
38221200,All goods,9.0,0.0,0.0,India-UK CETA,29/2026-Customs
38221300,All goods,0.0,0.0,0.0,India-UK CETA,29/2026-Customs
38221910,All goods,9.0,0.0,0.0,India-UK CETA,29/2026-Customs
38221990,All goods,0.0,0.0,0.0,India-UK CETA,29/2026-Customs
38229010,All goods,9.0,0.0,0.0,India-UK CETA,29/2026-Customs
38229090,All goods,9.0,0.0,0.0,India-UK CETA,29/2026-Customs
38231100,All goods,0.0,0.0,0.0,India-UK CETA,29/2026-Customs
38231200,All goods,0.0,0.0,0.0,India-UK CETA,29/2026-Customs
38231300,All goods,0.0,0.0,0.0,India-UK CETA,29/2026-Customs
38231900,All goods,0.0,0.0,0.0,India-UK CETA,29/2026-Customs
38237010,All goods,0.0,0.0,0.0,India-UK CETA,29/2026-Customs
38237020,All goods,0.0,0.0,0.0,India-UK CETA,29/2026-Customs
38237030,All goods,0.0,0.0,0.0,India-UK CETA,29/2026-Customs
38237040,All goods,0.0,0.0,0.0,India-UK CETA,29/2026-Customs
38241000,All goods,0.0,0.0,0.0,India-UK CETA,29/2026-Customs
38243000,All goods,0.0,0.0,0.0,India-UK CETA,29/2026-Customs
38244010,All goods,0.0,0.0,0.0,India-UK CETA,29/2026-Customs
38244090,All goods,0.0,0.0,0.0,India-UK CETA,29/2026-Customs
38245010,All goods,0.0,0.0,0.0,India-UK CETA,29/2026-Customs
38245090,All goods,0.0,0.0,0.0,India-UK CETA,29/2026-Customs
38246010,All goods,0.0,0.0,0.0,India-UK CETA,29/2026-Customs
38246090,All goods,0.0,0.0,0.0,India-UK CETA,29/2026-Customs
38248100,All goods,0.0,0.0,0.0,India-UK CETA,29/2026-Customs
38248200,All goods,0.0,0.0,0.0,India-UK CETA,29/2026-Customs
38248300,All goods,0.0,0.0,0.0,India-UK CETA,29/2026-Customs
38248400,All goods,0.0,0.0,0.0,India-UK CETA,29/2026-Customs
38248500,All goods,0.0,0.0,0.0,India-UK CETA,29/2026-Customs
38248600,All goods,0.0,0.0,0.0,India-UK CETA,29/2026-Customs
38248700,All goods,0.0,0.0,0.0,India-UK CETA,29/2026-Customs
38248800,All goods,0.0,0.0,0.0,India-UK CETA,29/2026-Customs
38248900,All goods,6.8,0.0,0.0,India-UK CETA,29/2026-Customs
38249100,All goods,0.0,0.0,0.0,India-UK CETA,29/2026-Customs
38249200,All goods,6.8,0.0,0.0,India-UK CETA,29/2026-Customs
38249900,All goods,6.8,0.0,0.0,India-UK CETA,29/2026-Customs
38251000,All goods,0.0,0.0,0.0,India-UK CETA,29/2026-Customs
38252000,All goods,0.0,0.0,0.0,India-UK CETA,29/2026-Customs
38253000,All goods,0.0,0.0,0.0,India-UK CETA,29/2026-Customs
38254100,All goods,0.0,0.0,0.0,India-UK CETA,29/2026-Customs
38254900,All goods,0.0,0.0,0.0,India-UK CETA,29/2026-Customs
38255000,All goods,0.0,0.0,0.0,India-UK CETA,29/2026-Customs
38256100,All goods,0.0,0.0,0.0,India-UK CETA,29/2026-Customs
38256900,All goods,0.0,0.0,0.0,India-UK CETA,29/2026-Customs
38259000,All goods,0.0,0.0,0.0,India-UK CETA,29/2026-Customs
38260000,All goods,0.0,0.0,0.0,India-UK CETA,29/2026-Customs
38271100,All goods,0.0,0.0,0.0,India-UK CETA,29/2026-Customs
38271200,All goods,0.0,0.0,0.0,India-UK CETA,29/2026-Customs
38271300,All goods,0.0,0.0,0.0,India-UK CETA,29/2026-Customs
38271400,All goods,0.0,0.0,0.0,India-UK CETA,29/2026-Customs
38272000,All goods,0.0,0.0,0.0,India-UK CETA,29/2026-Customs
38273100,All goods,0.0,0.0,0.0,India-UK CETA,29/2026-Customs
38273200,All goods,0.0,0.0,0.0,India-UK CETA,29/2026-Customs
38273900,All goods,0.0,0.0,0.0,India-UK CETA,29/2026-Customs
38274000,All goods,0.0,0.0,0.0,India-UK CETA,29/2026-Customs
38275100,All goods,6.8,0.0,0.0,India-UK CETA,29/2026-Customs
38275900,All goods,6.8,0.0,0.0,India-UK CETA,29/2026-Customs
38276100,All goods,6.8,0.0,0.0,India-UK CETA,29/2026-Customs
38276200,All goods,6.8,0.0,0.0,India-UK CETA,29/2026-Customs
38276300,All goods,6.8,0.0,0.0,India-UK CETA,29/2026-Customs
38276400,All goods,6.8,0.0,0.0,India-UK CETA,29/2026-Customs
38276500,All goods,6.8,0.0,0.0,India-UK CETA,29/2026-Customs
38276800,All goods,6.8,0.0,0.0,India-UK CETA,29/2026-Customs
38276900,All goods,6.8,0.0,0.0,India-UK CETA,29/2026-Customs
38279000,All goods,0.0,0.0,0.0,India-UK CETA,29/2026-Customs
39013000,All goods,0.0,0.0,0.0,India-UK CETA,29/2026-Customs
39022000,All goods,0.0,0.0,0.0,India-UK CETA,29/2026-Customs
39032000,All goods,0.0,0.0,0.0,India-UK CETA,29/2026-Customs
39033000,All goods,0.0,0.0,0.0,India-UK CETA,29/2026-Customs
39039020,All goods,0.0,0.0,0.0,India-UK CETA,29/2026-Customs
39041010,All goods,7.1,0.0,0.0,India-UK CETA,29/2026-Customs
39041020,All goods,7.1,0.0,0.0,India-UK CETA,29/2026-Customs
39043010,All goods,0.0,0.0,0.0,India-UK CETA,29/2026-Customs
39043090,All goods,0.0,0.0,0.0,India-UK CETA,29/2026-Customs
39044000,All goods,0.0,0.0,0.0,India-UK CETA,29/2026-Customs
39045010,All goods,0.0,0.0,0.0,India-UK CETA,29/2026-Customs
39045090,All goods,0.0,0.0,0.0,India-UK CETA,29/2026-Customs
39046910,All goods,0.0,0.0,0.0,India-UK CETA,29/2026-Customs
39049010,All goods,0.0,0.0,0.0,India-UK CETA,29/2026-Customs
39051210,All goods,0.0,0.0,0.0,India-UK CETA,29/2026-Customs
39051220,All goods,0.0,0.0,0.0,India-UK CETA,29/2026-Customs
39051910,All goods,0.0,0.0,0.0,India-UK CETA,29/2026-Customs
39051920,All goods,0.0,0.0,0.0,India-UK CETA,29/2026-Customs
39053000,All goods,0.0,0.0,0.0,India-UK CETA,29/2026-Customs
39059100,All goods,0.0,0.0,0.0,India-UK CETA,29/2026-Customs
39059910,All goods,0.0,0.0,0.0,India-UK CETA,29/2026-Customs
39061010,All goods,0.0,0.0,0.0,India-UK CETA,29/2026-Customs
39069040,All goods,6.8,0.0,0.0,India-UK CETA,29/2026-Customs
39069050,All goods,0.0,0.0,0.0,India-UK CETA,29/2026-Customs
39069060,All goods,0.0,0.0,0.0,India-UK CETA,29/2026-Customs
39069070,All goods,0.0,0.0,0.0,India-UK CETA,29/2026-Customs
39071000,All goods,0.0,0.0,0.0,India-UK CETA,29/2026-Customs
39074000,All goods,0.0,0.0,0.0,India-UK CETA,29/2026-Customs
39076190,All goods,0.0,0.0,0.0,India-UK CETA,29/2026-Customs
39076990,All goods,0.0,0.0,0.0,India-UK CETA,29/2026-Customs
39077000,All goods,0.0,0.0,0.0,India-UK CETA,29/2026-Customs
39079110,All goods,0.0,0.0,0.0,India-UK CETA,29/2026-Customs
39079130,All goods,0.0,0.0,0.0,India-UK CETA,29/2026-Customs
39081021,All goods,0.0,0.0,0.0,India-UK CETA,29/2026-Customs
39081031,All goods,0.0,0.0,0.0,India-UK CETA,29/2026-Customs
39081041,All goods,0.0,0.0,0.0,India-UK CETA,29/2026-Customs
39081051,All goods,0.0,0.0,0.0,India-UK CETA,29/2026-Customs
39081061,All goods,0.0,0.0,0.0,India-UK CETA,29/2026-Customs
39081071,All goods,0.0,0.0,0.0,India-UK CETA,29/2026-Customs
39092010,All goods,0.0,0.0,0.0,India-UK CETA,29/2026-Customs
39092090,All goods,0.0,0.0,0.0,India-UK CETA,29/2026-Customs
39093100,All goods,0.0,0.0,0.0,India-UK CETA,29/2026-Customs
39093910,All goods,0.0,0.0,0.0,India-UK CETA,29/2026-Customs
39094010,All goods,6.8,0.0,0.0,India-UK CETA,29/2026-Customs
39094040,All goods,0.0,0.0,0.0,India-UK CETA,29/2026-Customs
39094050,All goods,0.0,0.0,0.0,India-UK CETA,29/2026-Customs
39094060,All goods,0.0,0.0,0.0,India-UK CETA,29/2026-Customs
39100010,All goods,6.8,0.0,0.0,India-UK CETA,29/2026-Customs
39100020,All goods,6.8,0.0,0.0,India-UK CETA,29/2026-Customs
39111010,All goods,0.0,0.0,0.0,India-UK CETA,29/2026-Customs
39119010,All goods,0.0,0.0,0.0,India-UK CETA,29/2026-Customs
39121110,All goods,0.0,0.0,0.0,India-UK CETA,29/2026-Customs
39121120,All goods,0.0,0.0,0.0,India-UK CETA,29/2026-Customs
39121130,All goods,0.0,0.0,0.0,India-UK CETA,29/2026-Customs
39121140,All goods,0.0,0.0,0.0,India-UK CETA,29/2026-Customs
39121190,All goods,0.0,0.0,0.0,India-UK CETA,29/2026-Customs
39121210,All goods,0.0,0.0,0.0,India-UK CETA,29/2026-Customs
39121220,All goods,0.0,0.0,0.0,India-UK CETA,29/2026-Customs
39121230,All goods,0.0,0.0,0.0,India-UK CETA,29/2026-Customs
39121290,All goods,0.0,0.0,0.0,India-UK CETA,29/2026-Customs
39122011,All goods,0.0,0.0,0.0,India-UK CETA,29/2026-Customs
39122019,All goods,0.0,0.0,0.0,India-UK CETA,29/2026-Customs
39122021,All goods,0.0,0.0,0.0,India-UK CETA,29/2026-Customs
39122029,All goods,0.0,0.0,0.0,India-UK CETA,29/2026-Customs
39123100,All goods,0.0,0.0,0.0,India-UK CETA,29/2026-Customs
39123911,All goods,0.0,0.0,0.0,India-UK CETA,29/2026-Customs
39123912,All goods,0.0,0.0,0.0,India-UK CETA,29/2026-Customs
39123921,All goods,0.0,0.0,0.0,India-UK CETA,29/2026-Customs
39123922,All goods,0.0,0.0,0.0,India-UK CETA,29/2026-Customs
39129010,All goods,0.0,0.0,0.0,India-UK CETA,29/2026-Customs
39129020,All goods,0.0,0.0,0.0,India-UK CETA,29/2026-Customs
39131010,All goods,0.0,0.0,0.0,India-UK CETA,29/2026-Customs
39139011,All goods,0.0,0.0,0.0,India-UK CETA,29/2026-Customs
39139020,All goods,0.0,0.0,0.0,India-UK CETA,29/2026-Customs
39139030,All goods,0.0,0.0,0.0,India-UK CETA,29/2026-Customs
39139090,All goods,0.0,0.0,0.0,India-UK CETA,29/2026-Customs
39140010,All goods,0.0,0.0,0.0,India-UK CETA,29/2026-Customs
39140020,All goods,0.0,0.0,0.0,India-UK CETA,29/2026-Customs
39161010,All goods,9.0,0.0,0.0,India-UK CETA,29/2026-Customs
39161020,All goods,9.0,0.0,0.0,India-UK CETA,29/2026-Customs
39161090,All goods,9.0,0.0,0.0,India-UK CETA,29/2026-Customs
39162011,All goods,9.0,0.0,0.0,India-UK CETA,29/2026-Customs
39162019,All goods,9.0,0.0,0.0,India-UK CETA,29/2026-Customs
39162091,All goods,9.0,0.0,0.0,India-UK CETA,29/2026-Customs
39162099,All goods,9.0,0.0,0.0,India-UK CETA,29/2026-Customs
39169010,All goods,9.0,0.0,0.0,India-UK CETA,29/2026-Customs
39169021,All goods,9.0,0.0,0.0,India-UK CETA,29/2026-Customs
39169022,All goods,9.0,0.0,0.0,India-UK CETA,29/2026-Customs
39169023,All goods,9.0,0.0,0.0,India-UK CETA,29/2026-Customs
39169024,All goods,9.0,0.0,0.0,India-UK CETA,29/2026-Customs
39169025,All goods,9.0,0.0,0.0,India-UK CETA,29/2026-Customs
39169026,All goods,9.0,0.0,0.0,India-UK CETA,29/2026-Customs
39169027,All goods,9.0,0.0,0.0,India-UK CETA,29/2026-Customs
39169028,All goods,9.0,0.0,0.0,India-UK CETA,29/2026-Customs
39169031,All goods,9.0,0.0,0.0,India-UK CETA,29/2026-Customs
39169032,All goods,9.0,0.0,0.0,India-UK CETA,29/2026-Customs
39169040,All goods,9.0,0.0,0.0,India-UK CETA,29/2026-Customs
39169050,All goods,9.0,0.0,0.0,India-UK CETA,29/2026-Customs
39169060,All goods,9.0,0.0,0.0,India-UK CETA,29/2026-Customs
39169070,All goods,9.0,0.0,0.0,India-UK CETA,29/2026-Customs
39169080,All goods,9.0,0.0,0.0,India-UK CETA,29/2026-Customs
39169090,All goods,9.0,0.0,0.0,India-UK CETA,29/2026-Customs
39171010,All goods,0.0,0.0,0.0,India-UK CETA,29/2026-Customs
39171020,All goods,0.0,0.0,0.0,India-UK CETA,29/2026-Customs
39172110,All goods,9.0,0.0,0.0,India-UK CETA,29/2026-Customs
39172190,All goods,9.0,0.0,0.0,India-UK CETA,29/2026-Customs
39172200,All goods,9.0,0.0,0.0,India-UK CETA,29/2026-Customs
39172310,All goods,9.0,0.0,0.0,India-UK CETA,29/2026-Customs
39172390,All goods,9.0,0.0,0.0,India-UK CETA,29/2026-Customs
39172910,All goods,9.0,0.0,0.0,India-UK CETA,29/2026-Customs
39172920,All goods,9.0,0.0,0.0,India-UK CETA,29/2026-Customs
39172930,All goods,9.0,0.0,0.0,India-UK CETA,29/2026-Customs
39172940,All goods,9.0,0.0,0.0,India-UK CETA,29/2026-Customs
39172950,All goods,9.0,0.0,0.0,India-UK CETA,29/2026-Customs
39172990,All goods,9.0,0.0,0.0,India-UK CETA,29/2026-Customs
39173100,All goods,9.0,0.0,0.0,India-UK CETA,29/2026-Customs
39173210,All goods,9.0,0.0,0.0,India-UK CETA,29/2026-Customs
39173220,All goods,9.0,0.0,0.0,India-UK CETA,29/2026-Customs
39173290,All goods,9.0,0.0,0.0,India-UK CETA,29/2026-Customs
39173300,All goods,9.0,0.0,0.0,India-UK CETA,29/2026-Customs
39173910,All goods,9.0,0.0,0.0,India-UK CETA,29/2026-Customs
39173920,All goods,9.0,0.0,0.0,India-UK CETA,29/2026-Customs
39173990,All goods,9.0,0.0,0.0,India-UK CETA,29/2026-Customs
39174000,All goods,9.0,0.0,0.0,India-UK CETA,29/2026-Customs
39181010,All goods,13.6,0.0,0.0,India-UK CETA,29/2026-Customs
39181090,All goods,13.6,0.0,0.0,India-UK CETA,29/2026-Customs
39189010,All goods,13.6,0.0,0.0,India-UK CETA,29/2026-Customs
39189020,All goods,13.6,0.0,0.0,India-UK CETA,29/2026-Customs
39189090,All goods,13.6,0.0,0.0,India-UK CETA,29/2026-Customs
39191000,All goods,9.0,0.0,0.0,India-UK CETA,29/2026-Customs
39199010,All goods,9.0,0.0,0.0,India-UK CETA,29/2026-Customs
39199020,All goods,9.0,0.0,0.0,India-UK CETA,29/2026-Customs
39199090,All goods,13.6,0.0,0.0,India-UK CETA,29/2026-Customs
39201011,All goods,9.0,0.0,0.0,India-UK CETA,29/2026-Customs
39201012,All goods,9.0,0.0,0.0,India-UK CETA,29/2026-Customs
39201013,All goods,9.0,0.0,0.0,India-UK CETA,29/2026-Customs
39201019,All goods,9.0,0.0,0.0,India-UK CETA,29/2026-Customs
39201091,All goods,9.0,0.0,0.0,India-UK CETA,29/2026-Customs
39201092,All goods,9.0,0.0,0.0,India-UK CETA,29/2026-Customs
39201093,All goods,9.0,0.0,0.0,India-UK CETA,29/2026-Customs
39201099,All goods,9.0,0.0,0.0,India-UK CETA,29/2026-Customs
39202010,All goods,9.0,0.0,0.0,India-UK CETA,29/2026-Customs
39202020,All goods,9.0,0.0,0.0,India-UK CETA,29/2026-Customs
39202090,All goods,9.0,0.0,0.0,India-UK CETA,29/2026-Customs
39203010,All goods,9.0,0.0,0.0,India-UK CETA,29/2026-Customs
39203020,All goods,9.0,0.0,0.0,India-UK CETA,29/2026-Customs
39203090,All goods,9.0,0.0,0.0,India-UK CETA,29/2026-Customs
39204300,All goods,9.0,0.0,0.0,India-UK CETA,29/2026-Customs
39204900,All goods,9.0,0.0,0.0,India-UK CETA,29/2026-Customs
39205111,All goods,0.0,0.0,0.0,India-UK CETA,29/2026-Customs
39205112,All goods,0.0,0.0,0.0,India-UK CETA,29/2026-Customs
39205119,All goods,0.0,0.0,0.0,India-UK CETA,29/2026-Customs
39205191,All goods,0.0,0.0,0.0,India-UK CETA,29/2026-Customs
39205192,All goods,0.0,0.0,0.0,India-UK CETA,29/2026-Customs
39205199,All goods,9.0,0.0,0.0,India-UK CETA,29/2026-Customs
39205911,All goods,9.0,0.0,0.0,India-UK CETA,29/2026-Customs
39205912,All goods,9.0,0.0,0.0,India-UK CETA,29/2026-Customs
39205919,All goods,9.0,0.0,0.0,India-UK CETA,29/2026-Customs
39205991,All goods,9.0,0.0,0.0,India-UK CETA,29/2026-Customs
39205992,All goods,9.0,0.0,0.0,India-UK CETA,29/2026-Customs
39205999,All goods,9.0,0.0,0.0,India-UK CETA,29/2026-Customs
39206110,All goods,9.0,0.0,0.0,India-UK CETA,29/2026-Customs
39206120,All goods,9.0,0.0,0.0,India-UK CETA,29/2026-Customs
39206190,All goods,9.0,0.0,0.0,India-UK CETA,29/2026-Customs
39206210,All goods,9.0,0.0,0.0,India-UK CETA,29/2026-Customs
39206220,All goods,9.0,0.0,0.0,India-UK CETA,29/2026-Customs
39206290,All goods,9.0,0.0,0.0,India-UK CETA,29/2026-Customs
39206310,All goods,9.0,0.0,0.0,India-UK CETA,29/2026-Customs
39206320,All goods,9.0,0.0,0.0,India-UK CETA,29/2026-Customs
39206390,All goods,9.0,0.0,0.0,India-UK CETA,29/2026-Customs
39206911,All goods,9.0,0.0,0.0,India-UK CETA,29/2026-Customs
39206912,All goods,9.0,0.0,0.0,India-UK CETA,29/2026-Customs
39206919,All goods,9.0,0.0,0.0,India-UK CETA,29/2026-Customs
39206921,All goods,9.0,0.0,0.0,India-UK CETA,29/2026-Customs
39206922,All goods,9.0,0.0,0.0,India-UK CETA,29/2026-Customs
39206929,All goods,9.0,0.0,0.0,India-UK CETA,29/2026-Customs
39206931,All goods,9.0,0.0,0.0,India-UK CETA,29/2026-Customs
39206932,All goods,9.0,0.0,0.0,India-UK CETA,29/2026-Customs
39206939,All goods,9.0,0.0,0.0,India-UK CETA,29/2026-Customs
39206991,All goods,9.0,0.0,0.0,India-UK CETA,29/2026-Customs
39206992,All goods,9.0,0.0,0.0,India-UK CETA,29/2026-Customs
39206999,All goods,9.0,0.0,0.0,India-UK CETA,29/2026-Customs
39207111,All goods,9.0,0.0,0.0,India-UK CETA,29/2026-Customs
39207119,All goods,9.0,0.0,0.0,India-UK CETA,29/2026-Customs
39207121,All goods,9.0,0.0,0.0,India-UK CETA,29/2026-Customs
39207129,All goods,9.0,0.0,0.0,India-UK CETA,29/2026-Customs
39207191,All goods,9.0,0.0,0.0,India-UK CETA,29/2026-Customs
39207192,All goods,9.0,0.0,0.0,India-UK CETA,29/2026-Customs
39207199,All goods,9.0,0.0,0.0,India-UK CETA,29/2026-Customs
39207311,All goods,9.0,0.0,0.0,India-UK CETA,29/2026-Customs
39207312,All goods,9.0,0.0,0.0,India-UK CETA,29/2026-Customs
39207319,All goods,9.0,0.0,0.0,India-UK CETA,29/2026-Customs
39207321,All goods,9.0,0.0,0.0,India-UK CETA,29/2026-Customs
39207322,All goods,9.0,0.0,0.0,India-UK CETA,29/2026-Customs
39207329,All goods,9.0,0.0,0.0,India-UK CETA,29/2026-Customs
39207391,All goods,9.0,0.0,0.0,India-UK CETA,29/2026-Customs
39207392,All goods,9.0,0.0,0.0,India-UK CETA,29/2026-Customs
39207399,All goods,9.0,0.0,0.0,India-UK CETA,29/2026-Customs
39207911,All goods,0.0,0.0,0.0,India-UK CETA,29/2026-Customs
39207912,All goods,0.0,0.0,0.0,India-UK CETA,29/2026-Customs
39207919,All goods,0.0,0.0,0.0,India-UK CETA,29/2026-Customs
39207991,All goods,0.0,0.0,0.0,India-UK CETA,29/2026-Customs
39207992,All goods,0.0,0.0,0.0,India-UK CETA,29/2026-Customs
39207999,All goods,0.0,0.0,0.0,India-UK CETA,29/2026-Customs
39209110,All goods,9.0,0.0,0.0,India-UK CETA,29/2026-Customs
39209120,All goods,9.0,0.0,0.0,India-UK CETA,29/2026-Customs
39209190,All goods,9.0,0.0,0.0,India-UK CETA,29/2026-Customs
39209211,All goods,9.0,0.0,0.0,India-UK CETA,29/2026-Customs
39209212,All goods,9.0,0.0,0.0,India-UK CETA,29/2026-Customs
39209219,All goods,9.0,0.0,0.0,India-UK CETA,29/2026-Customs
39209291,All goods,9.0,0.0,0.0,India-UK CETA,29/2026-Customs
39209292,All goods,9.0,0.0,0.0,India-UK CETA,29/2026-Customs
39209299,All goods,9.0,0.0,0.0,India-UK CETA,29/2026-Customs
39209310,All goods,9.0,0.0,0.0,India-UK CETA,29/2026-Customs
39209320,All goods,9.0,0.0,0.0,India-UK CETA,29/2026-Customs
39209390,All goods,9.0,0.0,0.0,India-UK CETA,29/2026-Customs
39209410,All goods,9.0,0.0,0.0,India-UK CETA,29/2026-Customs
39209420,All goods,9.0,0.0,0.0,India-UK CETA,29/2026-Customs
39209490,All goods,9.0,0.0,0.0,India-UK CETA,29/2026-Customs
39209911,All goods,9.0,0.0,0.0,India-UK CETA,29/2026-Customs
39209912,All goods,9.0,0.0,0.0,India-UK CETA,29/2026-Customs
39209919,All goods,9.0,0.0,0.0,India-UK CETA,29/2026-Customs
39209921,All goods,9.0,0.0,0.0,India-UK CETA,29/2026-Customs
39209922,All goods,9.0,0.0,0.0,India-UK CETA,29/2026-Customs
39209929,All goods,9.0,0.0,0.0,India-UK CETA,29/2026-Customs
39209931,All goods,9.0,0.0,0.0,India-UK CETA,29/2026-Customs
39209932,All goods,9.0,0.0,0.0,India-UK CETA,29/2026-Customs
39209939,All goods,9.0,0.0,0.0,India-UK CETA,29/2026-Customs
39209941,All goods,9.0,0.0,0.0,India-UK CETA,29/2026-Customs
39209942,All goods,9.0,0.0,0.0,India-UK CETA,29/2026-Customs
39209949,All goods,9.0,0.0,0.0,India-UK CETA,29/2026-Customs
39209951,All goods,9.0,0.0,0.0,India-UK CETA,29/2026-Customs
39209952,All goods,9.0,0.0,0.0,India-UK CETA,29/2026-Customs
39209959,All goods,9.0,0.0,0.0,India-UK CETA,29/2026-Customs
39209960,All goods,9.0,0.0,0.0,India-UK CETA,29/2026-Customs
39209991,All goods,9.0,0.0,0.0,India-UK CETA,29/2026-Customs
39209992,All goods,9.0,0.0,0.0,India-UK CETA,29/2026-Customs
39209999,All goods,13.6,0.0,0.0,India-UK CETA,29/2026-Customs
39211100,All goods,9.0,0.0,0.0,India-UK CETA,29/2026-Customs
39211200,All goods,9.0,0.0,0.0,India-UK CETA,29/2026-Customs
39211310,All goods,9.0,0.0,0.0,India-UK CETA,29/2026-Customs
39211390,All goods,9.0,0.0,0.0,India-UK CETA,29/2026-Customs
39211400,All goods,0.0,0.0,0.0,India-UK CETA,29/2026-Customs
39211900,All goods,9.0,0.0,0.0,India-UK CETA,29/2026-Customs
39219010,All goods,9.0,0.0,0.0,India-UK CETA,29/2026-Customs
39219021,All goods,9.0,0.0,0.0,India-UK CETA,29/2026-Customs
39219022,All goods,9.0,0.0,0.0,India-UK CETA,29/2026-Customs
39219023,All goods,9.0,0.0,0.0,India-UK CETA,29/2026-Customs
39219024,All goods,9.0,0.0,0.0,India-UK CETA,29/2026-Customs
39219025,All goods,9.0,0.0,0.0,India-UK CETA,29/2026-Customs
39219026,All goods,9.0,0.0,0.0,India-UK CETA,29/2026-Customs
39219027,All goods,9.0,0.0,0.0,India-UK CETA,29/2026-Customs
39219029,All goods,9.0,0.0,0.0,India-UK CETA,29/2026-Customs
39219031,All goods,9.0,0.0,0.0,India-UK CETA,29/2026-Customs
39219032,All goods,9.0,0.0,0.0,India-UK CETA,29/2026-Customs
39219033,All goods,9.0,0.0,0.0,India-UK CETA,29/2026-Customs
39219034,All goods,9.0,0.0,0.0,India-UK CETA,29/2026-Customs
39219035,All goods,9.0,0.0,0.0,India-UK CETA,29/2026-Customs
39219036,All goods,9.0,0.0,0.0,India-UK CETA,29/2026-Customs
39219039,All goods,9.0,0.0,0.0,India-UK CETA,29/2026-Customs
39219091,All goods,9.0,0.0,0.0,India-UK CETA,29/2026-Customs
39219092,All goods,9.0,0.0,0.0,India-UK CETA,29/2026-Customs
39219093,All goods,9.0,0.0,0.0,India-UK CETA,29/2026-Customs
39219094,All goods,9.0,0.0,0.0,India-UK CETA,29/2026-Customs
39219095,All goods,9.0,0.0,0.0,India-UK CETA,29/2026-Customs
39219096,All goods,9.0,0.0,0.0,India-UK CETA,29/2026-Customs
39219099,All goods,9.0,0.0,0.0,India-UK CETA,29/2026-Customs
39221000,All goods,13.6,0.0,0.0,India-UK CETA,29/2026-Customs
39222000,All goods,13.6,0.0,0.0,India-UK CETA,29/2026-Customs
39229000,All goods,13.6,0.0,0.0,India-UK CETA,29/2026-Customs
39231010,All goods,13.6,0.0,0.0,India-UK CETA,29/2026-Customs
39231020,All goods,13.6,0.0,0.0,India-UK CETA,29/2026-Customs
39231030,All goods,13.6,0.0,0.0,India-UK CETA,29/2026-Customs
39231040,All goods,13.6,0.0,0.0,India-UK CETA,29/2026-Customs
39231090,All goods,13.6,0.0,0.0,India-UK CETA,29/2026-Customs
39232100,All goods,13.6,0.0,0.0,India-UK CETA,29/2026-Customs
39232910,All goods,13.6,0.0,0.0,India-UK CETA,29/2026-Customs
39232991,All goods,13.6,0.0,0.0,India-UK CETA,29/2026-Customs
39232999,All goods,13.6,0.0,0.0,India-UK CETA,29/2026-Customs
39233010,All goods,13.6,0.0,0.0,India-UK CETA,29/2026-Customs
39233090,All goods,13.6,0.0,0.0,India-UK CETA,29/2026-Customs
39234000,All goods,13.6,0.0,0.0,India-UK CETA,29/2026-Customs
39235010,All goods,13.6,0.0,0.0,India-UK CETA,29/2026-Customs
39235090,All goods,13.6,0.0,0.0,India-UK CETA,29/2026-Customs
39239010,All goods,13.6,0.0,0.0,India-UK CETA,29/2026-Customs
39239020,All goods,13.6,0.0,0.0,India-UK CETA,29/2026-Customs
39239090,All goods,13.6,0.0,0.0,India-UK CETA,29/2026-Customs
39241010,All goods,13.6,0.0,0.0,India-UK CETA,29/2026-Customs
39241090,All goods,13.6,0.0,0.0,India-UK CETA,29/2026-Customs
39249010,All goods,13.6,0.0,0.0,India-UK CETA,29/2026-Customs
39249020,All goods,13.6,0.0,0.0,India-UK CETA,29/2026-Customs
39249090,All goods,13.6,0.0,0.0,India-UK CETA,29/2026-Customs
39251000,All goods,13.6,0.0,0.0,India-UK CETA,29/2026-Customs
39252000,All goods,13.6,0.0,0.0,India-UK CETA,29/2026-Customs
39253000,All goods,13.6,0.0,0.0,India-UK CETA,29/2026-Customs
39259010,All goods,13.6,0.0,0.0,India-UK CETA,29/2026-Customs
39259090,All goods,13.6,0.0,0.0,India-UK CETA,29/2026-Customs
39261011,All goods,13.6,0.0,0.0,India-UK CETA,29/2026-Customs
39261019,All goods,13.6,0.0,0.0,India-UK CETA,29/2026-Customs
39261091,All goods,13.6,0.0,0.0,India-UK CETA,29/2026-Customs
39261099,All goods,13.6,0.0,0.0,India-UK CETA,29/2026-Customs
39262011,All goods,13.6,0.0,0.0,India-UK CETA,29/2026-Customs
39262019,All goods,13.6,0.0,0.0,India-UK CETA,29/2026-Customs
39262021,All goods,13.6,0.0,0.0,India-UK CETA,29/2026-Customs
39262029,All goods,13.6,0.0,0.0,India-UK CETA,29/2026-Customs
39262031,All goods,13.6,0.0,0.0,India-UK CETA,29/2026-Customs
39262039,All goods,13.6,0.0,0.0,India-UK CETA,29/2026-Customs
39262041,All goods,13.6,0.0,0.0,India-UK CETA,29/2026-Customs
39262049,All goods,13.6,0.0,0.0,India-UK CETA,29/2026-Customs
39262091,All goods,13.6,0.0,0.0,India-UK CETA,29/2026-Customs
39262099,All goods,13.6,0.0,0.0,India-UK CETA,29/2026-Customs
39263010,All goods,13.6,0.0,0.0,India-UK CETA,29/2026-Customs
39263090,All goods,13.6,0.0,0.0,India-UK CETA,29/2026-Customs
39264011,All goods,13.6,0.0,0.0,India-UK CETA,29/2026-Customs
39264019,All goods,13.6,0.0,0.0,India-UK CETA,29/2026-Customs
39264021,All goods,13.6,0.0,0.0,India-UK CETA,29/2026-Customs
39264029,All goods,13.6,0.0,0.0,India-UK CETA,29/2026-Customs
39264031,All goods,13.6,0.0,0.0,India-UK CETA,29/2026-Customs
39264039,All goods,13.6,0.0,0.0,India-UK CETA,29/2026-Customs
39264041,All goods,13.6,0.0,0.0,India-UK CETA,29/2026-Customs
39264049,All goods,13.6,0.0,0.0,India-UK CETA,29/2026-Customs
39264051,All goods,13.6,0.0,0.0,India-UK CETA,29/2026-Customs
39264059,All goods,13.6,0.0,0.0,India-UK CETA,29/2026-Customs
39264060,All goods,13.6,0.0,0.0,India-UK CETA,29/2026-Customs
39264091,All goods,13.6,0.0,0.0,India-UK CETA,29/2026-Customs
39264099,All goods,13.6,0.0,0.0,India-UK CETA,29/2026-Customs
39269010,All goods,13.6,0.0,0.0,India-UK CETA,29/2026-Customs
39269021,All goods,13.6,0.0,0.0,India-UK CETA,29/2026-Customs
39269029,All goods,13.6,0.0,0.0,India-UK CETA,29/2026-Customs
39269031,All goods,13.6,0.0,0.0,India-UK CETA,29/2026-Customs
39269039,All goods,13.6,0.0,0.0,India-UK CETA,29/2026-Customs
39269041,All goods,13.6,0.0,0.0,India-UK CETA,29/2026-Customs
39269049,All goods,13.6,0.0,0.0,India-UK CETA,29/2026-Customs
39269051,All goods,13.6,0.0,0.0,India-UK CETA,29/2026-Customs
39269059,All goods,13.6,0.0,0.0,India-UK CETA,29/2026-Customs
39269061,All goods,13.6,0.0,0.0,India-UK CETA,29/2026-Customs
39269069,All goods,13.6,0.0,0.0,India-UK CETA,29/2026-Customs
39269071,All goods,13.6,0.0,0.0,India-UK CETA,29/2026-Customs
39269079,All goods,13.6,0.0,0.0,India-UK CETA,29/2026-Customs
39269080,All goods,13.6,0.0,0.0,India-UK CETA,29/2026-Customs
39269091,All goods,13.6,0.0,0.0,India-UK CETA,29/2026-Customs
39269099,All goods,13.6,0.0,0.0,India-UK CETA,29/2026-Customs
40011010,All goods,63.0,0.0,0.0,India-UK CETA,29/2026-Customs
40011020,All goods,63.0,0.0,0.0,India-UK CETA,29/2026-Customs
40012100,All goods,22.3% or Rs.26.9/- per kg which ever is lower,0.0,0.0,India-UK CETA,29/2026-Customs
40012200,All goods,22.3% or Rs.26.9/- per kg which ever is lower,0.0,0.0,India-UK CETA,29/2026-Customs
40012910,All goods,22.3% or Rs.26.9/- per kg which ever is lower,0.0,0.0,India-UK CETA,29/2026-Customs
40012920,All goods,22.3% or Rs.26.9/- per kg which ever is lower,0.0,0.0,India-UK CETA,29/2026-Customs
40012930,All goods,22.3% or Rs.26.9/- per kg which ever is lower,0.0,0.0,India-UK CETA,29/2026-Customs
40012940,All goods,22.3% or Rs.26.9/- per kg which ever is lower,0.0,0.0,India-UK CETA,29/2026-Customs
40012990,All goods,22.3% or Rs.26.9/- per kg which ever is lower,0.0,0.0,India-UK CETA,29/2026-Customs
40013000,All goods,0.0,0.0,0.0,India-UK CETA,29/2026-Customs
40021100,All goods,0.0,0.0,0.0,India-UK CETA,29/2026-Customs
40021910,All goods,0.0,0.0,0.0,India-UK CETA,29/2026-Customs
40021920,All goods,0.0,0.0,0.0,India-UK CETA,29/2026-Customs
40021930,All goods,0.0,0.0,0.0,India-UK CETA,29/2026-Customs
40021990,All goods,0.0,0.0,0.0,India-UK CETA,29/2026-Customs
40022000,All goods,0.0,0.0,0.0,India-UK CETA,29/2026-Customs
40023100,All goods,0.0,0.0,0.0,India-UK CETA,29/2026-Customs
40023900,All goods,0.0,0.0,0.0,India-UK CETA,29/2026-Customs
40024100,All goods,0.0,0.0,0.0,India-UK CETA,29/2026-Customs
40024900,All goods,0.0,0.0,0.0,India-UK CETA,29/2026-Customs
40025100,All goods,0.0,0.0,0.0,India-UK CETA,29/2026-Customs
40025900,All goods,0.0,0.0,0.0,India-UK CETA,29/2026-Customs
40026000,All goods,0.0,0.0,0.0,India-UK CETA,29/2026-Customs
40027000,All goods,0.0,0.0,0.0,India-UK CETA,29/2026-Customs
40028010,All goods,0.0,0.0,0.0,India-UK CETA,29/2026-Customs
40028020,All goods,0.0,0.0,0.0,India-UK CETA,29/2026-Customs
40028090,All goods,0.0,0.0,0.0,India-UK CETA,29/2026-Customs
40029100,All goods,0.0,0.0,0.0,India-UK CETA,29/2026-Customs
40029910,All goods,0.0,0.0,0.0,India-UK CETA,29/2026-Customs
40029920,All goods,0.0,0.0,0.0,India-UK CETA,29/2026-Customs
40029990,All goods,0.0,0.0,0.0,India-UK CETA,29/2026-Customs
40030000,All goods,9.0,0.0,0.0,India-UK CETA,29/2026-Customs
40040000,All goods,0.0,0.0,0.0,India-UK CETA,29/2026-Customs
40051000,All goods,22.3% or Rs.26.9/- per kg which ever is lower,0.0,0.0,India-UK CETA,29/2026-Customs
40052010,All goods,0.0,0.0,0.0,India-UK CETA,29/2026-Customs
40052090,All goods,0.0,0.0,0.0,India-UK CETA,29/2026-Customs
40059110,All goods,0.0,0.0,0.0,India-UK CETA,29/2026-Customs
40059190,All goods,0.0,0.0,0.0,India-UK CETA,29/2026-Customs
40059910,All goods,0.0,0.0,0.0,India-UK CETA,29/2026-Customs
40059990,All goods,0.0,0.0,0.0,India-UK CETA,29/2026-Customs
40061000,All goods,9.0,0.0,0.0,India-UK CETA,29/2026-Customs
40069010,All goods,9.0,0.0,0.0,India-UK CETA,29/2026-Customs
40069090,All goods,9.0,0.0,0.0,India-UK CETA,29/2026-Customs
40070010,All goods,9.0,0.0,0.0,India-UK CETA,29/2026-Customs
40070020,All goods,9.0,0.0,0.0,India-UK CETA,29/2026-Customs
40070090,All goods,9.0,0.0,0.0,India-UK CETA,29/2026-Customs
40081110,All goods,9.0,0.0,0.0,India-UK CETA,29/2026-Customs
40081190,All goods,9.0,0.0,0.0,India-UK CETA,29/2026-Customs
40081910,All goods,9.0,0.0,0.0,India-UK CETA,29/2026-Customs
40081990,All goods,9.0,0.0,0.0,India-UK CETA,29/2026-Customs
40082110,All goods,9.0,0.0,0.0,India-UK CETA,29/2026-Customs
40082120,All goods,9.0,0.0,0.0,India-UK CETA,29/2026-Customs
40082190,All goods,9.0,0.0,0.0,India-UK CETA,29/2026-Customs
40082910,All goods,9.0,0.0,0.0,India-UK CETA,29/2026-Customs
40082920,All goods,9.0,0.0,0.0,India-UK CETA,29/2026-Customs
40082930,All goods,9.0,0.0,0.0,India-UK CETA,29/2026-Customs
40082940,All goods,9.0,0.0,0.0,India-UK CETA,29/2026-Customs
40082990,All goods,9.0,0.0,0.0,India-UK CETA,29/2026-Customs
40091100,All goods,9.0,0.0,0.0,India-UK CETA,29/2026-Customs
40091200,All goods,9.0,0.0,0.0,India-UK CETA,29/2026-Customs
40092100,All goods,9.0,0.0,0.0,India-UK CETA,29/2026-Customs
40092200,All goods,9.0,0.0,0.0,India-UK CETA,29/2026-Customs
40093100,All goods,9.0,0.0,0.0,India-UK CETA,29/2026-Customs
40093200,All goods,9.0,0.0,0.0,India-UK CETA,29/2026-Customs
40094100,All goods,9.0,0.0,0.0,India-UK CETA,29/2026-Customs
40094200,All goods,9.0,0.0,0.0,India-UK CETA,29/2026-Customs
40101110,All goods,9.0,0.0,0.0,India-UK CETA,29/2026-Customs
40101190,All goods,9.0,0.0,0.0,India-UK CETA,29/2026-Customs
40101210,All goods,9.0,0.0,0.0,India-UK CETA,29/2026-Customs
40101290,All goods,9.0,0.0,0.0,India-UK CETA,29/2026-Customs
40101910,All goods,9.0,0.0,0.0,India-UK CETA,29/2026-Customs
40101990,All goods,9.0,0.0,0.0,India-UK CETA,29/2026-Customs
40103110,All goods,9.0,0.0,0.0,India-UK CETA,29/2026-Customs
40103190,All goods,9.0,0.0,0.0,India-UK CETA,29/2026-Customs
40103210,All goods,9.0,0.0,0.0,India-UK CETA,29/2026-Customs
40103290,All goods,9.0,0.0,0.0,India-UK CETA,29/2026-Customs
40103310,All goods,9.0,0.0,0.0,India-UK CETA,29/2026-Customs
40103390,All goods,9.0,0.0,0.0,India-UK CETA,29/2026-Customs
40103410,All goods,9.0,0.0,0.0,India-UK CETA,29/2026-Customs
40103490,All goods,9.0,0.0,0.0,India-UK CETA,29/2026-Customs
40103510,All goods,9.0,0.0,0.0,India-UK CETA,29/2026-Customs
40103590,All goods,9.0,0.0,0.0,India-UK CETA,29/2026-Customs
40103610,All goods,9.0,0.0,0.0,India-UK CETA,29/2026-Customs
40103690,All goods,9.0,0.0,0.0,India-UK CETA,29/2026-Customs
40103911,All goods,9.0,0.0,0.0,India-UK CETA,29/2026-Customs
40103912,All goods,9.0,0.0,0.0,India-UK CETA,29/2026-Customs
40103919,All goods,9.0,0.0,0.0,India-UK CETA,29/2026-Customs
40103991,All goods,9.0,0.0,0.0,India-UK CETA,29/2026-Customs
40103992,All goods,9.0,0.0,0.0,India-UK CETA,29/2026-Customs
40103999,All goods,9.0,0.0,0.0,India-UK CETA,29/2026-Customs
40111010,All goods,13.6,0.0,0.0,India-UK CETA,29/2026-Customs
40111090,All goods,9.0,0.0,0.0,India-UK CETA,29/2026-Customs
40112010,All goods,13.6,0.0,0.0,India-UK CETA,29/2026-Customs
40112090,All goods,9.0,0.0,0.0,India-UK CETA,29/2026-Customs
40113000,All goods,0.0,0.0,0.0,India-UK CETA,29/2026-Customs
40114010,All goods,9.0,0.0,0.0,India-UK CETA,29/2026-Customs
40114020,All goods,9.0,0.0,0.0,India-UK CETA,29/2026-Customs
40114090,All goods,9.0,0.0,0.0,India-UK CETA,29/2026-Customs
40115010,All goods,9.0,0.0,0.0,India-UK CETA,29/2026-Customs
40115090,All goods,9.0,0.0,0.0,India-UK CETA,29/2026-Customs
40117000,All goods,9.0,0.0,0.0,India-UK CETA,29/2026-Customs
40118000,All goods,9.0,0.0,0.0,India-UK CETA,29/2026-Customs
40119000,All goods,9.0,0.0,0.0,India-UK CETA,29/2026-Customs
40121100,All goods,9.0,0.0,0.0,India-UK CETA,29/2026-Customs
40121200,All goods,9.0,0.0,0.0,India-UK CETA,29/2026-Customs
40121300,All goods,9.0,0.0,0.0,India-UK CETA,29/2026-Customs
40121910,All goods,9.0,0.0,0.0,India-UK CETA,29/2026-Customs
40121990,All goods,9.0,0.0,0.0,India-UK CETA,29/2026-Customs
40122010,All goods,9.0,0.0,0.0,India-UK CETA,29/2026-Customs
40122020,All goods,9.0,0.0,0.0,India-UK CETA,29/2026-Customs
40122090,All goods,9.0,0.0,0.0,India-UK CETA,29/2026-Customs
40129010,All goods,9.0,0.0,0.0,India-UK CETA,29/2026-Customs
40129020,All goods,9.0,0.0,0.0,India-UK CETA,29/2026-Customs
40129030,All goods,9.0,0.0,0.0,India-UK CETA,29/2026-Customs
40129041,All goods,9.0,0.0,0.0,India-UK CETA,29/2026-Customs
40129049,All goods,9.0,0.0,0.0,India-UK CETA,29/2026-Customs
40129050,All goods,9.0,0.0,0.0,India-UK CETA,29/2026-Customs
40129090,All goods,9.0,0.0,0.0,India-UK CETA,29/2026-Customs
40131010,All goods,9.0,0.0,0.0,India-UK CETA,29/2026-Customs
40131020,All goods,9.0,0.0,0.0,India-UK CETA,29/2026-Customs
40132000,All goods,9.0,0.0,0.0,India-UK CETA,29/2026-Customs
40139010,All goods,9.0,0.0,0.0,India-UK CETA,29/2026-Customs
40139020,All goods,9.0,0.0,0.0,India-UK CETA,29/2026-Customs
40139030,All goods,9.0,0.0,0.0,India-UK CETA,29/2026-Customs
40139041,All goods,9.0,0.0,0.0,India-UK CETA,29/2026-Customs
40139049,All goods,9.0,0.0,0.0,India-UK CETA,29/2026-Customs
40139050,All goods,9.0,0.0,0.0,India-UK CETA,29/2026-Customs
40139090,All goods,9.0,0.0,0.0,India-UK CETA,29/2026-Customs
40141010,All goods,0.0,0.0,0.0,India-UK CETA,29/2026-Customs
40141020,All goods,0.0,0.0,0.0,India-UK CETA,29/2026-Customs
40149010,All goods,9.0,0.0,0.0,India-UK CETA,29/2026-Customs
40149020,All goods,9.0,0.0,0.0,India-UK CETA,29/2026-Customs
40149030,All goods,9.0,0.0,0.0,India-UK CETA,29/2026-Customs
40149090,All goods,9.0,0.0,0.0,India-UK CETA,29/2026-Customs
40151200,All goods,8.2,0.0,0.0,India-UK CETA,29/2026-Customs
40151900,All goods,9.0,0.0,0.0,India-UK CETA,29/2026-Customs
40159010,All goods,9.0,0.0,0.0,India-UK CETA,29/2026-Customs
40159020,All goods,9.0,0.0,0.0,India-UK CETA,29/2026-Customs
40159030,All goods,9.0,0.0,0.0,India-UK CETA,29/2026-Customs
40159091,All goods,9.0,0.0,0.0,India-UK CETA,29/2026-Customs
40159099,All goods,9.0,0.0,0.0,India-UK CETA,29/2026-Customs
40161000,All goods,9.0,0.0,0.0,India-UK CETA,29/2026-Customs
40169100,All goods,9.0,0.0,0.0,India-UK CETA,29/2026-Customs
40169200,All goods,9.0,0.0,0.0,India-UK CETA,29/2026-Customs
40169310,All goods,9.0,0.0,0.0,India-UK CETA,29/2026-Customs
40169320,All goods,9.0,0.0,0.0,India-UK CETA,29/2026-Customs
40169330,All goods,9.0,0.0,0.0,India-UK CETA,29/2026-Customs
40169340,All goods,9.0,0.0,0.0,India-UK CETA,29/2026-Customs
40169350,All goods,9.0,0.0,0.0,India-UK CETA,29/2026-Customs
40169360,All goods,9.0,0.0,0.0,India-UK CETA,29/2026-Customs
40169390,All goods,9.0,0.0,0.0,India-UK CETA,29/2026-Customs
40169400,All goods,9.0,0.0,0.0,India-UK CETA,29/2026-Customs
40169510,All goods,9.0,0.0,0.0,India-UK CETA,29/2026-Customs
40169590,Other articles of vulcanized rubber other than hard rubber [other than (i) natural rubber latex made balloons (ii) microphone rubber case for cellular mobile phones (iii) sensor rubber case/ sealing gasket including cases from rubbers like SBR/EPDM/CR/CS/Silicone and all other individual rubbers and comboinations of rubbers for cellular mobuile phones],9.0,0.0,0.0,India-UK CETA,29/2026-Customs
40169590,Following articles of vulcanized rubber other than hard rubber (i) natural rubber latex made balloons (ii) microphone rubber case for cellular mobile phones (iii) sensor rubber case/ sealing gasket including cases from rubbers like SBR/EPDM/CR/CS/Silicone and all other individual rubbers and comboinations of rubbers for cellular mobuile phones],18.0,0.0,0.0,India-UK CETA,29/2026-Customs
40169910,All goods,9.0,0.0,0.0,India-UK CETA,29/2026-Customs
40169920,All goods,9.0,0.0,0.0,India-UK CETA,29/2026-Customs
40169930,All goods,9.0,0.0,0.0,India-UK CETA,29/2026-Customs
40169940,All goods,9.0,0.0,0.0,India-UK CETA,29/2026-Customs
40169950,All goods,9.0,0.0,0.0,India-UK CETA,29/2026-Customs
40169960,All goods,9.0,0.0,0.0,India-UK CETA,29/2026-Customs
40169970,All goods,9.0,0.0,0.0,India-UK CETA,29/2026-Customs
40169980,All goods,9.0,0.0,0.0,India-UK CETA,29/2026-Customs
40169990,Other articles of vulcanized rubber other than hard rubber [other than (i) natural rubber latex made balloons (ii) microphone rubber case for cellular mobile phones (iii) sensor rubber case/ sealing gasket including cases from rubbers like SBR/EPDM/CR/CS/Silicone and all other individual rubbers and comboinations of rubbers for cellular mobuile phones],9.0,0.0,0.0,India-UK CETA,29/2026-Customs
40169990,Following articles of vulcanized rubber other than hard rubber (i) natural rubber latex made balloons (ii) microphone rubber case for cellular mobile phones (iii) sensor rubber case/ sealing gasket including cases from rubbers like SBR/EPDM/CR/CS/Silicone and all other individual rubbers and comboinations of rubbers for cellular mobuile phones],18.0,0.0,0.0,India-UK CETA,29/2026-Customs
40170010,All goods,9.0,0.0,0.0,India-UK CETA,29/2026-Customs
40170020,All goods,9.0,0.0,0.0,India-UK CETA,29/2026-Customs
40170030,All goods,9.0,0.0,0.0,India-UK CETA,29/2026-Customs
40170040,All goods,9.0,0.0,0.0,India-UK CETA,29/2026-Customs
40170050,All goods,9.0,0.0,0.0,India-UK CETA,29/2026-Customs
40170090,All goods,9.0,0.0,0.0,India-UK CETA,29/2026-Customs
41012010,All goods,0.0,0.0,0.0,India-UK CETA,29/2026-Customs
41012020,All goods,0.0,0.0,0.0,India-UK CETA,29/2026-Customs
41012090,All goods,0.0,0.0,0.0,India-UK CETA,29/2026-Customs
41015010,All goods,0.0,0.0,0.0,India-UK CETA,29/2026-Customs
41015020,All goods,0.0,0.0,0.0,India-UK CETA,29/2026-Customs
41015090,All goods,0.0,0.0,0.0,India-UK CETA,29/2026-Customs
41019010,All goods,0.0,0.0,0.0,India-UK CETA,29/2026-Customs
41019020,All goods,0.0,0.0,0.0,India-UK CETA,29/2026-Customs
41019090,All goods,0.0,0.0,0.0,India-UK CETA,29/2026-Customs
41021010,All goods,0.0,0.0,0.0,India-UK CETA,29/2026-Customs
41021020,All goods,0.0,0.0,0.0,India-UK CETA,29/2026-Customs
41021030,All goods,0.0,0.0,0.0,India-UK CETA,29/2026-Customs
41022110,All goods,0.0,0.0,0.0,India-UK CETA,29/2026-Customs
41022120,All goods,0.0,0.0,0.0,India-UK CETA,29/2026-Customs
41022130,All goods,0.0,0.0,0.0,India-UK CETA,29/2026-Customs
41022910,All goods,0.0,0.0,0.0,India-UK CETA,29/2026-Customs
41022920,All goods,0.0,0.0,0.0,India-UK CETA,29/2026-Customs
41032000,All goods,0.0,0.0,0.0,India-UK CETA,29/2026-Customs
41033000,All goods,0.0,0.0,0.0,India-UK CETA,29/2026-Customs
41039000,All goods,0.0,0.0,0.0,India-UK CETA,29/2026-Customs
41041110,All goods,0.0,0.0,0.0,India-UK CETA,29/2026-Customs
41041190,All goods,0.0,0.0,0.0,India-UK CETA,29/2026-Customs
41041910,All goods,0.0,0.0,0.0,India-UK CETA,29/2026-Customs
41041990,All goods,0.0,0.0,0.0,India-UK CETA,29/2026-Customs
41044100,All goods,0.0,0.0,0.0,India-UK CETA,29/2026-Customs
41044900,All goods,0.0,0.0,0.0,India-UK CETA,29/2026-Customs
41051010,All goods,0.0,0.0,0.0,India-UK CETA,29/2026-Customs
41051090,All goods,0.0,0.0,0.0,India-UK CETA,29/2026-Customs
41053000,All goods,0.0,0.0,0.0,India-UK CETA,29/2026-Customs
41062110,All goods,0.0,0.0,0.0,India-UK CETA,29/2026-Customs
41062190,All goods,0.0,0.0,0.0,India-UK CETA,29/2026-Customs
41062200,All goods,0.0,0.0,0.0,India-UK CETA,29/2026-Customs
41063110,All goods,0.0,0.0,0.0,India-UK CETA,29/2026-Customs
41063190,All goods,0.0,0.0,0.0,India-UK CETA,29/2026-Customs
41063200,All goods,0.0,0.0,0.0,India-UK CETA,29/2026-Customs
41064000,All goods,0.0,0.0,0.0,India-UK CETA,29/2026-Customs
41069110,All goods,0.0,0.0,0.0,India-UK CETA,29/2026-Customs
41069190,All goods,0.0,0.0,0.0,India-UK CETA,29/2026-Customs
41069200,All goods,0.0,0.0,0.0,India-UK CETA,29/2026-Customs
41071100,All goods,0.0,0.0,0.0,India-UK CETA,29/2026-Customs
41071200,All goods,0.0,0.0,0.0,India-UK CETA,29/2026-Customs
41071900,All goods,0.0,0.0,0.0,India-UK CETA,29/2026-Customs
41079100,All goods,0.0,0.0,0.0,India-UK CETA,29/2026-Customs
41079200,All goods,0.0,0.0,0.0,India-UK CETA,29/2026-Customs
41079900,All goods,0.0,0.0,0.0,India-UK CETA,29/2026-Customs
41120000,All goods,0.0,0.0,0.0,India-UK CETA,29/2026-Customs
41131000,All goods,0.0,0.0,0.0,India-UK CETA,29/2026-Customs
41132000,All goods,0.0,0.0,0.0,India-UK CETA,29/2026-Customs
41133000,All goods,0.0,0.0,0.0,India-UK CETA,29/2026-Customs
41139000,All goods,0.0,0.0,0.0,India-UK CETA,29/2026-Customs
41141000,All goods,0.0,0.0,0.0,India-UK CETA,29/2026-Customs
41142010,All goods,0.0,0.0,0.0,India-UK CETA,29/2026-Customs
41142020,All goods,0.0,0.0,0.0,India-UK CETA,29/2026-Customs
41151000,All goods,0.0,0.0,0.0,India-UK CETA,29/2026-Customs
41152010,All goods,0.0,0.0,0.0,India-UK CETA,29/2026-Customs
41152090,All goods,0.0,0.0,0.0,India-UK CETA,29/2026-Customs
42010000,All goods,9.0,0.0,0.0,India-UK CETA,29/2026-Customs
42021110,All goods,13.6,0.0,0.0,India-UK CETA,29/2026-Customs
42021120,All goods,13.6,0.0,0.0,India-UK CETA,29/2026-Customs
42021130,All goods,13.6,0.0,0.0,India-UK CETA,29/2026-Customs
42021140,All goods,13.6,0.0,0.0,India-UK CETA,29/2026-Customs
42021150,All goods,13.6,0.0,0.0,India-UK CETA,29/2026-Customs
42021160,All goods,13.6,0.0,0.0,India-UK CETA,29/2026-Customs
42021170,All goods,13.6,0.0,0.0,India-UK CETA,29/2026-Customs
42021190,All goods,13.6,0.0,0.0,India-UK CETA,29/2026-Customs
42021210,All goods,13.6,0.0,0.0,India-UK CETA,29/2026-Customs
42021220,All goods,13.6,0.0,0.0,India-UK CETA,29/2026-Customs
42021230,All goods,13.6,0.0,0.0,India-UK CETA,29/2026-Customs
42021240,All goods,13.6,0.0,0.0,India-UK CETA,29/2026-Customs
42021250,All goods,13.6,0.0,0.0,India-UK CETA,29/2026-Customs
42021260,All goods,13.6,0.0,0.0,India-UK CETA,29/2026-Customs
42021270,All goods,13.6,0.0,0.0,India-UK CETA,29/2026-Customs
42021280,All goods,13.6,0.0,0.0,India-UK CETA,29/2026-Customs
42021290,All goods,13.6,0.0,0.0,India-UK CETA,29/2026-Customs
42021910,All goods,13.6,0.0,0.0,India-UK CETA,29/2026-Customs
42021920,All goods,13.6,0.0,0.0,India-UK CETA,29/2026-Customs
42021930,All goods,13.6,0.0,0.0,India-UK CETA,29/2026-Customs
42021940,All goods,13.6,0.0,0.0,India-UK CETA,29/2026-Customs
42021950,All goods,13.6,0.0,0.0,India-UK CETA,29/2026-Customs
42021960,All goods,13.6,0.0,0.0,India-UK CETA,29/2026-Customs
42021990,All goods,13.6,0.0,0.0,India-UK CETA,29/2026-Customs
42022110,All goods,13.6,0.0,0.0,India-UK CETA,29/2026-Customs
42022120,All goods,13.6,0.0,0.0,India-UK CETA,29/2026-Customs
42022190,All goods,13.6,0.0,0.0,India-UK CETA,29/2026-Customs
42022210,All goods,13.6,0.0,0.0,India-UK CETA,29/2026-Customs
42022220,All goods,13.6,0.0,0.0,India-UK CETA,29/2026-Customs
42022230,All goods,13.6,0.0,0.0,India-UK CETA,29/2026-Customs
42022240,All goods,13.6,0.0,0.0,India-UK CETA,29/2026-Customs
42022290,All goods,13.6,0.0,0.0,India-UK CETA,29/2026-Customs
42022910,All goods,13.6,0.0,0.0,India-UK CETA,29/2026-Customs
42022990,All goods,13.6,0.0,0.0,India-UK CETA,29/2026-Customs
42023110,All goods,13.6,0.0,0.0,India-UK CETA,29/2026-Customs
42023120,All goods,13.6,0.0,0.0,India-UK CETA,29/2026-Customs
42023190,All goods,13.6,0.0,0.0,India-UK CETA,29/2026-Customs
42023210,All goods,13.6,0.0,0.0,India-UK CETA,29/2026-Customs
42023290,All goods,13.6,0.0,0.0,India-UK CETA,29/2026-Customs
42023910,All goods,13.6,0.0,0.0,India-UK CETA,29/2026-Customs
42023990,All goods,13.6,0.0,0.0,India-UK CETA,29/2026-Customs
42029100,All goods,13.6,0.0,0.0,India-UK CETA,29/2026-Customs
42029200,All goods,13.6,0.0,0.0,India-UK CETA,29/2026-Customs
42029900,All goods,13.6,0.0,0.0,India-UK CETA,29/2026-Customs
42031010,All goods,9.0,0.0,0.0,India-UK CETA,29/2026-Customs
42031090,All goods,0.0,0.0,0.0,India-UK CETA,29/2026-Customs
42032110,All goods,0.0,0.0,0.0,India-UK CETA,29/2026-Customs
42032120,All goods,0.0,0.0,0.0,India-UK CETA,29/2026-Customs
42032910,All goods,0.0,0.0,0.0,India-UK CETA,29/2026-Customs
42032920,All goods,0.0,0.0,0.0,India-UK CETA,29/2026-Customs
42032930,All goods,0.0,0.0,0.0,India-UK CETA,29/2026-Customs
42033000,All goods,0.0,0.0,0.0,India-UK CETA,29/2026-Customs
42034010,All goods,0.0,0.0,0.0,India-UK CETA,29/2026-Customs
42034020,All goods,0.0,0.0,0.0,India-UK CETA,29/2026-Customs
42034090,All goods,0.0,0.0,0.0,India-UK CETA,29/2026-Customs
42050011,All goods,0.0,0.0,0.0,India-UK CETA,29/2026-Customs
42050019,All goods,0.0,0.0,0.0,India-UK CETA,29/2026-Customs
42050020,All goods,0.0,0.0,0.0,India-UK CETA,29/2026-Customs
42050090,All goods,0.0,0.0,0.0,India-UK CETA,29/2026-Customs
42060010,All goods,0.0,0.0,0.0,India-UK CETA,29/2026-Customs
42060090,All goods,0.0,0.0,0.0,India-UK CETA,29/2026-Customs
43011000,All goods,0.0,0.0,0.0,India-UK CETA,29/2026-Customs
43013000,All goods,0.0,0.0,0.0,India-UK CETA,29/2026-Customs
43016000,All goods,0.0,0.0,0.0,India-UK CETA,29/2026-Customs
43018000,All goods,0.0,0.0,0.0,India-UK CETA,29/2026-Customs
43019000,All goods,0.0,0.0,0.0,India-UK CETA,29/2026-Customs
43021100,All goods,0.0,0.0,0.0,India-UK CETA,29/2026-Customs
43021910,All goods,0.0,0.0,0.0,India-UK CETA,29/2026-Customs
43021920,All goods,0.0,0.0,0.0,India-UK CETA,29/2026-Customs
43021930,All goods,0.0,0.0,0.0,India-UK CETA,29/2026-Customs
43021940,All goods,0.0,0.0,0.0,India-UK CETA,29/2026-Customs
43021990,All goods,0.0,0.0,0.0,India-UK CETA,29/2026-Customs
43022000,All goods,0.0,0.0,0.0,India-UK CETA,29/2026-Customs
43023000,All goods,0.0,0.0,0.0,India-UK CETA,29/2026-Customs
43031010,All goods,0.0,0.0,0.0,India-UK CETA,29/2026-Customs
43031020,All goods,0.0,0.0,0.0,India-UK CETA,29/2026-Customs
43031090,All goods,0.0,0.0,0.0,India-UK CETA,29/2026-Customs
43039010,All goods,0.0,0.0,0.0,India-UK CETA,29/2026-Customs
43039020,All goods,0.0,0.0,0.0,India-UK CETA,29/2026-Customs
43039090,All goods,0.0,0.0,0.0,India-UK CETA,29/2026-Customs
43040011,All goods,0.0,0.0,0.0,India-UK CETA,29/2026-Customs
43040019,All goods,0.0,0.0,0.0,India-UK CETA,29/2026-Customs
43040020,All goods,0.0,0.0,0.0,India-UK CETA,29/2026-Customs
44011110,All goods,0.0,0.0,0.0,India-UK CETA,29/2026-Customs
44011190,All goods,0.0,0.0,0.0,India-UK CETA,29/2026-Customs
44011210,All goods,0.0,0.0,0.0,India-UK CETA,29/2026-Customs
44011290,All goods,0.0,0.0,0.0,India-UK CETA,29/2026-Customs
44012100,All goods,0.0,0.0,0.0,India-UK CETA,29/2026-Customs
44012200,All goods,0.0,0.0,0.0,India-UK CETA,29/2026-Customs
44013100,All goods,0.0,0.0,0.0,India-UK CETA,29/2026-Customs
44014100,All goods,0.0,0.0,0.0,India-UK CETA,29/2026-Customs
44014900,All goods,0.0,0.0,0.0,India-UK CETA,29/2026-Customs
44021000,All goods,0.0,0.0,0.0,India-UK CETA,29/2026-Customs
44022010,All goods,0.0,0.0,0.0,India-UK CETA,29/2026-Customs
44022090,All goods,0.0,0.0,0.0,India-UK CETA,29/2026-Customs
44029000,All goods,0.0,0.0,0.0,India-UK CETA,29/2026-Customs
44031100,All goods,0.0,0.0,0.0,India-UK CETA,29/2026-Customs
44031200,All goods,0.0,0.0,0.0,India-UK CETA,29/2026-Customs
44032110,All goods,0.0,0.0,0.0,India-UK CETA,29/2026-Customs
44032120,All goods,0.0,0.0,0.0,India-UK CETA,29/2026-Customs
44032190,All goods,0.0,0.0,0.0,India-UK CETA,29/2026-Customs
44032210,All goods,0.0,0.0,0.0,India-UK CETA,29/2026-Customs
44032220,All goods,0.0,0.0,0.0,India-UK CETA,29/2026-Customs
44032290,All goods,0.0,0.0,0.0,India-UK CETA,29/2026-Customs
44032310,All goods,0.0,0.0,0.0,India-UK CETA,29/2026-Customs
44032320,All goods,0.0,0.0,0.0,India-UK CETA,29/2026-Customs
44032390,All goods,0.0,0.0,0.0,India-UK CETA,29/2026-Customs
44032410,All goods,0.0,0.0,0.0,India-UK CETA,29/2026-Customs
44032420,All goods,0.0,0.0,0.0,India-UK CETA,29/2026-Customs
44032490,All goods,0.0,0.0,0.0,India-UK CETA,29/2026-Customs
44032510,All goods,0.0,0.0,0.0,India-UK CETA,29/2026-Customs
44032520,All goods,0.0,0.0,0.0,India-UK CETA,29/2026-Customs
44032590,All goods,0.0,0.0,0.0,India-UK CETA,29/2026-Customs
44032610,All goods,0.0,0.0,0.0,India-UK CETA,29/2026-Customs
44032620,All goods,0.0,0.0,0.0,India-UK CETA,29/2026-Customs
44032690,All goods,0.0,0.0,0.0,India-UK CETA,29/2026-Customs
44034100,All goods,0.0,0.0,0.0,India-UK CETA,29/2026-Customs
44034200,All goods,0.0,0.0,0.0,India-UK CETA,29/2026-Customs
44034900,All goods,0.0,0.0,0.0,India-UK CETA,29/2026-Customs
44039100,All goods,0.0,0.0,0.0,India-UK CETA,29/2026-Customs
44039300,All goods,0.0,0.0,0.0,India-UK CETA,29/2026-Customs
44039400,All goods,0.0,0.0,0.0,India-UK CETA,29/2026-Customs
44039500,All goods,0.0,0.0,0.0,India-UK CETA,29/2026-Customs
44039600,All goods,0.0,0.0,0.0,India-UK CETA,29/2026-Customs
44039700,All goods,0.0,0.0,0.0,India-UK CETA,29/2026-Customs
44039800,All goods,0.0,0.0,0.0,India-UK CETA,29/2026-Customs
44039911,All goods,0.0,0.0,0.0,India-UK CETA,29/2026-Customs
44039912,All goods,0.0,0.0,0.0,India-UK CETA,29/2026-Customs
44039913,All goods,0.0,0.0,0.0,India-UK CETA,29/2026-Customs
44039914,All goods,0.0,0.0,0.0,India-UK CETA,29/2026-Customs
44039915,All goods,0.0,0.0,0.0,India-UK CETA,29/2026-Customs
44039916,All goods,0.0,0.0,0.0,India-UK CETA,29/2026-Customs
44039917,All goods,0.0,0.0,0.0,India-UK CETA,29/2026-Customs
44039918,All goods,4.8,0.0,0.0,India-UK CETA,29/2026-Customs
44039919,All goods,0.0,0.0,0.0,India-UK CETA,29/2026-Customs
44039921,All goods,0.0,0.0,0.0,India-UK CETA,29/2026-Customs
44039922,All goods,0.0,0.0,0.0,India-UK CETA,29/2026-Customs
44039923,All goods,0.0,0.0,0.0,India-UK CETA,29/2026-Customs
44039924,All goods,0.0,0.0,0.0,India-UK CETA,29/2026-Customs
44039925,All goods,0.0,0.0,0.0,India-UK CETA,29/2026-Customs
44039927,All goods,0.0,0.0,0.0,India-UK CETA,29/2026-Customs
44039928,All goods,0.0,0.0,0.0,India-UK CETA,29/2026-Customs
44039990,All goods,0.0,0.0,0.0,India-UK CETA,29/2026-Customs
44041000,All goods,0.0,0.0,0.0,India-UK CETA,29/2026-Customs
44042020,All goods,0.0,0.0,0.0,India-UK CETA,29/2026-Customs
44042090,All goods,0.0,0.0,0.0,India-UK CETA,29/2026-Customs
44050000,All goods,0.0,0.0,0.0,India-UK CETA,29/2026-Customs
44061100,All goods,0.0,0.0,0.0,India-UK CETA,29/2026-Customs
44061200,All goods,0.0,0.0,0.0,India-UK CETA,29/2026-Customs
44069100,All goods,0.0,0.0,0.0,India-UK CETA,29/2026-Customs
44069200,All goods,0.0,0.0,0.0,India-UK CETA,29/2026-Customs
44071100,All goods,0.0,0.0,0.0,India-UK CETA,29/2026-Customs
44071200,All goods,0.0,0.0,0.0,India-UK CETA,29/2026-Customs
44071300,All goods,0.0,0.0,0.0,India-UK CETA,29/2026-Customs
44071400,All goods,0.0,0.0,0.0,India-UK CETA,29/2026-Customs
44071910,All goods,0.0,0.0,0.0,India-UK CETA,29/2026-Customs
44071990,All goods,0.0,0.0,0.0,India-UK CETA,29/2026-Customs
44072100,All goods,0.0,0.0,0.0,India-UK CETA,29/2026-Customs
44072200,All goods,0.0,0.0,0.0,India-UK CETA,29/2026-Customs
44072300,All goods,0.0,0.0,0.0,India-UK CETA,29/2026-Customs
44072500,All goods,0.0,0.0,0.0,India-UK CETA,29/2026-Customs
44072600,All goods,0.0,0.0,0.0,India-UK CETA,29/2026-Customs
44072700,All goods,0.0,0.0,0.0,India-UK CETA,29/2026-Customs
44072800,All goods,0.0,0.0,0.0,India-UK CETA,29/2026-Customs
44072900,All goods,0.0,0.0,0.0,India-UK CETA,29/2026-Customs
44079100,All goods,0.0,0.0,0.0,India-UK CETA,29/2026-Customs
44079200,All goods,0.0,0.0,0.0,India-UK CETA,29/2026-Customs
44079300,All goods,0.0,0.0,0.0,India-UK CETA,29/2026-Customs
44079400,All goods,0.0,0.0,0.0,India-UK CETA,29/2026-Customs
44079500,All goods,0.0,0.0,0.0,India-UK CETA,29/2026-Customs
44079600,All goods,0.0,0.0,0.0,India-UK CETA,29/2026-Customs
44079700,All goods,0.0,0.0,0.0,India-UK CETA,29/2026-Customs
44079920,All goods,0.0,0.0,0.0,India-UK CETA,29/2026-Customs
44079990,All goods,0.0,0.0,0.0,India-UK CETA,29/2026-Customs
44081010,All goods,0.0,0.0,0.0,India-UK CETA,29/2026-Customs
44081020,All goods,0.0,0.0,0.0,India-UK CETA,29/2026-Customs
44081030,All goods,0.0,0.0,0.0,India-UK CETA,29/2026-Customs
44081090,All goods,0.0,0.0,0.0,India-UK CETA,29/2026-Customs
44083110,All goods,0.0,0.0,0.0,India-UK CETA,29/2026-Customs
44083120,All goods,0.0,0.0,0.0,India-UK CETA,29/2026-Customs
44083130,All goods,0.0,0.0,0.0,India-UK CETA,29/2026-Customs
44083190,All goods,0.0,0.0,0.0,India-UK CETA,29/2026-Customs
44083910,All goods,0.0,0.0,0.0,India-UK CETA,29/2026-Customs
44083920,All goods,0.0,0.0,0.0,India-UK CETA,29/2026-Customs
44083930,All goods,0.0,0.0,0.0,India-UK CETA,29/2026-Customs
44083990,All goods,0.0,0.0,0.0,India-UK CETA,29/2026-Customs
44089010,All goods,0.0,0.0,0.0,India-UK CETA,29/2026-Customs
44089020,All goods,0.0,0.0,0.0,India-UK CETA,29/2026-Customs
44089090,All goods,0.0,0.0,0.0,India-UK CETA,29/2026-Customs
44091010,All goods,0.0,0.0,0.0,India-UK CETA,29/2026-Customs
44091020,All goods,0.0,0.0,0.0,India-UK CETA,29/2026-Customs
44091090,All goods,0.0,0.0,0.0,India-UK CETA,29/2026-Customs
44092100,All goods,0.0,0.0,0.0,India-UK CETA,29/2026-Customs
44092200,All goods,0.0,0.0,0.0,India-UK CETA,29/2026-Customs
44092910,All goods,0.0,0.0,0.0,India-UK CETA,29/2026-Customs
44092920,All goods,0.0,0.0,0.0,India-UK CETA,29/2026-Customs
44092990,All goods,0.0,0.0,0.0,India-UK CETA,29/2026-Customs
44101110,All goods,0.0,0.0,0.0,India-UK CETA,29/2026-Customs
44101120,All goods,0.0,0.0,0.0,India-UK CETA,29/2026-Customs
44101130,All goods,0.0,0.0,0.0,India-UK CETA,29/2026-Customs
44101190,All goods,0.0,0.0,0.0,India-UK CETA,29/2026-Customs
44101210,All goods,0.0,0.0,0.0,India-UK CETA,29/2026-Customs
44101290,All goods,0.0,0.0,0.0,India-UK CETA,29/2026-Customs
44101900,All goods,0.0,0.0,0.0,India-UK CETA,29/2026-Customs
44109010,All goods,0.0,0.0,0.0,India-UK CETA,29/2026-Customs
44109020,All goods,0.0,0.0,0.0,India-UK CETA,29/2026-Customs
44109030,All goods,0.0,0.0,0.0,India-UK CETA,29/2026-Customs
44109040,All goods,0.0,0.0,0.0,India-UK CETA,29/2026-Customs
44109050,All goods,0.0,0.0,0.0,India-UK CETA,29/2026-Customs
44109090,All goods,0.0,0.0,0.0,India-UK CETA,29/2026-Customs
44111200,All goods,0.0,0.0,0.0,India-UK CETA,29/2026-Customs
44111300,All goods,0.0,0.0,0.0,India-UK CETA,29/2026-Customs
44111400,All goods,0.0,0.0,0.0,India-UK CETA,29/2026-Customs
44119211,All goods,0.0,0.0,0.0,India-UK CETA,29/2026-Customs
44119219,All goods,0.0,0.0,0.0,India-UK CETA,29/2026-Customs
44119221,All goods,0.0,0.0,0.0,India-UK CETA,29/2026-Customs
44119229,All goods,0.0,0.0,0.0,India-UK CETA,29/2026-Customs
44119311,All goods,0.0,0.0,0.0,India-UK CETA,29/2026-Customs
44119319,All goods,0.0,0.0,0.0,India-UK CETA,29/2026-Customs
44119321,All goods,0.0,0.0,0.0,India-UK CETA,29/2026-Customs
44119329,All goods,0.0,0.0,0.0,India-UK CETA,29/2026-Customs
44119411,All goods,0.0,0.0,0.0,India-UK CETA,29/2026-Customs
44119419,All goods,0.0,0.0,0.0,India-UK CETA,29/2026-Customs
44119421,All goods,0.0,0.0,0.0,India-UK CETA,29/2026-Customs
44119422,All goods,0.0,0.0,0.0,India-UK CETA,29/2026-Customs
44119423,All goods,0.0,0.0,0.0,India-UK CETA,29/2026-Customs
44119429,All goods,0.0,0.0,0.0,India-UK CETA,29/2026-Customs
44121000,All goods,0.0,0.0,0.0,India-UK CETA,29/2026-Customs
44123110,All goods,0.0,0.0,0.0,India-UK CETA,29/2026-Customs
44123120,All goods,0.0,0.0,0.0,India-UK CETA,29/2026-Customs
44123130,All goods,0.0,0.0,0.0,India-UK CETA,29/2026-Customs
44123140,All goods,0.0,0.0,0.0,India-UK CETA,29/2026-Customs
44123150,All goods,0.0,0.0,0.0,India-UK CETA,29/2026-Customs
44123190,All goods,0.0,0.0,0.0,India-UK CETA,29/2026-Customs
44123310,All goods,0.0,0.0,0.0,India-UK CETA,29/2026-Customs
44123320,All goods,0.0,0.0,0.0,India-UK CETA,29/2026-Customs
44123330,All goods,0.0,0.0,0.0,India-UK CETA,29/2026-Customs
44123340,All goods,0.0,0.0,0.0,India-UK CETA,29/2026-Customs
44123390,All goods,0.0,0.0,0.0,India-UK CETA,29/2026-Customs
44123410,All goods,0.0,0.0,0.0,India-UK CETA,29/2026-Customs
44123420,All goods,0.0,0.0,0.0,India-UK CETA,29/2026-Customs
44123430,All goods,0.0,0.0,0.0,India-UK CETA,29/2026-Customs
44123440,All goods,0.0,0.0,0.0,India-UK CETA,29/2026-Customs
44123490,All goods,0.0,0.0,0.0,India-UK CETA,29/2026-Customs
44123910,All goods,0.0,0.0,0.0,India-UK CETA,29/2026-Customs
44123920,All goods,0.0,0.0,0.0,India-UK CETA,29/2026-Customs
44123930,All goods,0.0,0.0,0.0,India-UK CETA,29/2026-Customs
44123940,All goods,0.0,0.0,0.0,India-UK CETA,29/2026-Customs
44123990,All goods,0.0,0.0,0.0,India-UK CETA,29/2026-Customs
44124100,All goods,0.0,0.0,0.0,India-UK CETA,29/2026-Customs
44124200,All goods,0.0,0.0,0.0,India-UK CETA,29/2026-Customs
44124900,All goods,0.0,0.0,0.0,India-UK CETA,29/2026-Customs
44125100,All goods,0.0,0.0,0.0,India-UK CETA,29/2026-Customs
44125200,All goods,0.0,0.0,0.0,India-UK CETA,29/2026-Customs
44125900,All goods,0.0,0.0,0.0,India-UK CETA,29/2026-Customs
44129110,All goods,0.0,0.0,0.0,India-UK CETA,29/2026-Customs
44129120,All goods,0.0,0.0,0.0,India-UK CETA,29/2026-Customs
44129130,All goods,0.0,0.0,0.0,India-UK CETA,29/2026-Customs
44129140,All goods,0.0,0.0,0.0,India-UK CETA,29/2026-Customs
44129190,All goods,0.0,0.0,0.0,India-UK CETA,29/2026-Customs
44129210,All goods,0.0,0.0,0.0,India-UK CETA,29/2026-Customs
44129220,All goods,0.0,0.0,0.0,India-UK CETA,29/2026-Customs
44129230,All goods,0.0,0.0,0.0,India-UK CETA,29/2026-Customs
44129240,All goods,0.0,0.0,0.0,India-UK CETA,29/2026-Customs
44129290,All goods,0.0,0.0,0.0,India-UK CETA,29/2026-Customs
44129910,All goods,0.0,0.0,0.0,India-UK CETA,29/2026-Customs
44129920,All goods,0.0,0.0,0.0,India-UK CETA,29/2026-Customs
44129930,All goods,0.0,0.0,0.0,India-UK CETA,29/2026-Customs
44129940,All goods,0.0,0.0,0.0,India-UK CETA,29/2026-Customs
44129990,All goods,0.0,0.0,0.0,India-UK CETA,29/2026-Customs
44130000,All goods,0.0,0.0,0.0,India-UK CETA,29/2026-Customs
44141000,All goods,0.0,0.0,0.0,India-UK CETA,29/2026-Customs
44149000,All goods,0.0,0.0,0.0,India-UK CETA,29/2026-Customs
44151000,All goods,0.0,0.0,0.0,India-UK CETA,29/2026-Customs
44152000,All goods,0.0,0.0,0.0,India-UK CETA,29/2026-Customs
44160010,All goods,0.0,0.0,0.0,India-UK CETA,29/2026-Customs
44160020,All goods,0.0,0.0,0.0,India-UK CETA,29/2026-Customs
44160091,All goods,0.0,0.0,0.0,India-UK CETA,29/2026-Customs
44160099,All goods,0.0,0.0,0.0,India-UK CETA,29/2026-Customs
44170000,All goods,0.0,0.0,0.0,India-UK CETA,29/2026-Customs
44181100,All goods,0.0,0.0,0.0,India-UK CETA,29/2026-Customs
44181900,All goods,0.0,0.0,0.0,India-UK CETA,29/2026-Customs
44183000,All goods,0.0,0.0,0.0,India-UK CETA,29/2026-Customs
44184000,All goods,0.0,0.0,0.0,India-UK CETA,29/2026-Customs
44185000,All goods,0.0,0.0,0.0,India-UK CETA,29/2026-Customs
44187300,All goods,0.0,0.0,0.0,India-UK CETA,29/2026-Customs
44187400,All goods,0.0,0.0,0.0,India-UK CETA,29/2026-Customs
44187500,All goods,0.0,0.0,0.0,India-UK CETA,29/2026-Customs
44187900,All goods,0.0,0.0,0.0,India-UK CETA,29/2026-Customs
44188100,All goods,0.0,0.0,0.0,India-UK CETA,29/2026-Customs
44188200,All goods,0.0,0.0,0.0,India-UK CETA,29/2026-Customs
44188300,All goods,0.0,0.0,0.0,India-UK CETA,29/2026-Customs
44188900,All goods,0.0,0.0,0.0,India-UK CETA,29/2026-Customs
44189100,All goods,0.0,0.0,0.0,India-UK CETA,29/2026-Customs
44189200,All goods,0.0,0.0,0.0,India-UK CETA,29/2026-Customs
44189900,All goods,0.0,0.0,0.0,India-UK CETA,29/2026-Customs
44191100,All goods,0.0,0.0,0.0,India-UK CETA,29/2026-Customs
44191200,All goods,0.0,0.0,0.0,India-UK CETA,29/2026-Customs
44191900,All goods,0.0,0.0,0.0,India-UK CETA,29/2026-Customs
44192000,All goods,0.0,0.0,0.0,India-UK CETA,29/2026-Customs
44199010,All goods,0.0,0.0,0.0,India-UK CETA,29/2026-Customs
44199020,All goods,0.0,0.0,0.0,India-UK CETA,29/2026-Customs
44199090,All goods,0.0,0.0,0.0,India-UK CETA,29/2026-Customs
44201100,All goods,0.0,0.0,0.0,India-UK CETA,29/2026-Customs
44201900,All goods,0.0,0.0,0.0,India-UK CETA,29/2026-Customs
44209010,All goods,0.0,0.0,0.0,India-UK CETA,29/2026-Customs
44209090,All goods,0.0,0.0,0.0,India-UK CETA,29/2026-Customs
44211000,All goods,0.0,0.0,0.0,India-UK CETA,29/2026-Customs
44212000,All goods,0.0,0.0,0.0,India-UK CETA,29/2026-Customs
44219111,All goods,0.0,0.0,0.0,India-UK CETA,29/2026-Customs
44219112,All goods,0.0,0.0,0.0,India-UK CETA,29/2026-Customs
44219113,All goods,0.0,0.0,0.0,India-UK CETA,29/2026-Customs
44219114,All goods,0.0,0.0,0.0,India-UK CETA,29/2026-Customs
44219119,All goods,0.0,0.0,0.0,India-UK CETA,29/2026-Customs
44219120,All goods,0.0,0.0,0.0,India-UK CETA,29/2026-Customs
44219130,All goods,0.0,0.0,0.0,India-UK CETA,29/2026-Customs
44219140,All goods,0.0,0.0,0.0,India-UK CETA,29/2026-Customs
44219150,All goods,0.0,0.0,0.0,India-UK CETA,29/2026-Customs
44219160,All goods,0.0,0.0,0.0,India-UK CETA,29/2026-Customs
44219170,All goods,0.0,0.0,0.0,India-UK CETA,29/2026-Customs
44219190,All goods,0.0,0.0,0.0,India-UK CETA,29/2026-Customs
44219911,All goods,0.0,0.0,0.0,India-UK CETA,29/2026-Customs
44219912,All goods,0.0,0.0,0.0,India-UK CETA,29/2026-Customs
44219913,All goods,0.0,0.0,0.0,India-UK CETA,29/2026-Customs
44219914,All goods,0.0,0.0,0.0,India-UK CETA,29/2026-Customs
44219919,All goods,0.0,0.0,0.0,India-UK CETA,29/2026-Customs
44219920,All goods,0.0,0.0,0.0,India-UK CETA,29/2026-Customs
44219930,All goods,0.0,0.0,0.0,India-UK CETA,29/2026-Customs
44219940,All goods,0.0,0.0,0.0,India-UK CETA,29/2026-Customs
44219950,All goods,0.0,0.0,0.0,India-UK CETA,29/2026-Customs
44219960,All goods,0.0,0.0,0.0,India-UK CETA,29/2026-Customs
44219970,All goods,0.0,0.0,0.0,India-UK CETA,29/2026-Customs
44219990,All goods,0.0,0.0,0.0,India-UK CETA,29/2026-Customs
45011000,All goods,0.0,0.0,0.0,India-UK CETA,29/2026-Customs
45019000,All goods,0.0,0.0,0.0,India-UK CETA,29/2026-Customs
45020000,All goods,0.0,0.0,0.0,India-UK CETA,29/2026-Customs
45031000,All goods,0.0,0.0,0.0,India-UK CETA,29/2026-Customs
45039010,All goods,0.0,0.0,0.0,India-UK CETA,29/2026-Customs
45039090,All goods,0.0,0.0,0.0,India-UK CETA,29/2026-Customs
45041010,All goods,0.0,0.0,0.0,India-UK CETA,29/2026-Customs
45041020,All goods,0.0,0.0,0.0,India-UK CETA,29/2026-Customs
45041090,All goods,0.0,0.0,0.0,India-UK CETA,29/2026-Customs
45049000,All goods,0.0,0.0,0.0,India-UK CETA,29/2026-Customs
46012100,All goods,8.0,0.0,0.0,India-UK CETA,29/2026-Customs
46012200,All goods,8.0,0.0,0.0,India-UK CETA,29/2026-Customs
46012900,All goods,8.0,0.0,0.0,India-UK CETA,29/2026-Customs
46019200,All goods,8.0,0.0,0.0,India-UK CETA,29/2026-Customs
46019300,All goods,8.0,0.0,0.0,India-UK CETA,29/2026-Customs
46019400,All goods,8.0,0.0,0.0,India-UK CETA,29/2026-Customs
46019900,All goods,8.0,0.0,0.0,India-UK CETA,29/2026-Customs
46021100,All goods,0.0,0.0,0.0,India-UK CETA,29/2026-Customs
46021200,All goods,0.0,0.0,0.0,India-UK CETA,29/2026-Customs
46021911,All goods,0.0,0.0,0.0,India-UK CETA,29/2026-Customs
46021919,All goods,0.0,0.0,0.0,India-UK CETA,29/2026-Customs
46021990,All goods,0.0,0.0,0.0,India-UK CETA,29/2026-Customs
46029000,All goods,0.0,0.0,0.0,India-UK CETA,29/2026-Customs
47010000,All goods,0.0,0.0,0.0,India-UK CETA,29/2026-Customs
47020010,All goods,0.0,0.0,0.0,India-UK CETA,29/2026-Customs
47020090,All goods,0.0,0.0,0.0,India-UK CETA,29/2026-Customs
47031100,All goods,0.0,0.0,0.0,India-UK CETA,29/2026-Customs
47031900,All goods,0.0,0.0,0.0,India-UK CETA,29/2026-Customs
47032100,All goods,0.0,0.0,0.0,India-UK CETA,29/2026-Customs
47032900,All goods,0.0,0.0,0.0,India-UK CETA,29/2026-Customs
47041100,All goods,0.0,0.0,0.0,India-UK CETA,29/2026-Customs
47041900,All goods,0.0,0.0,0.0,India-UK CETA,29/2026-Customs
47042100,All goods,0.0,0.0,0.0,India-UK CETA,29/2026-Customs
47042900,All goods,0.0,0.0,0.0,India-UK CETA,29/2026-Customs
47050000,All goods,0.0,0.0,0.0,India-UK CETA,29/2026-Customs
47061000,All goods,0.0,0.0,0.0,India-UK CETA,29/2026-Customs
47062000,All goods,0.0,0.0,0.0,India-UK CETA,29/2026-Customs
47063000,All goods,0.0,0.0,0.0,India-UK CETA,29/2026-Customs
47069100,All goods,0.0,0.0,0.0,India-UK CETA,29/2026-Customs
47069200,All goods,0.0,0.0,0.0,India-UK CETA,29/2026-Customs
47069300,All goods,0.0,0.0,0.0,India-UK CETA,29/2026-Customs
47071000,All goods,0.0,0.0,0.0,India-UK CETA,29/2026-Customs
47072000,All goods,0.0,0.0,0.0,India-UK CETA,29/2026-Customs
47073000,All goods,0.0,0.0,0.0,India-UK CETA,29/2026-Customs
47079000,All goods,9.0,0.0,0.0,India-UK CETA,29/2026-Customs
48021010,All goods,9.0,0.0,0.0,India-UK CETA,29/2026-Customs
48021020,All goods,9.0,0.0,0.0,India-UK CETA,29/2026-Customs
48022010,All goods,9.0,0.0,0.0,India-UK CETA,29/2026-Customs
48022090,All goods,9.0,0.0,0.0,India-UK CETA,29/2026-Customs
48024000,All goods,9.0,0.0,0.0,India-UK CETA,29/2026-Customs
48025410,All goods,9.0,0.0,0.0,India-UK CETA,29/2026-Customs
48025420,All goods,9.0,0.0,0.0,India-UK CETA,29/2026-Customs
48025430,All goods,9.0,0.0,0.0,India-UK CETA,29/2026-Customs
48025440,All goods,9.0,0.0,0.0,India-UK CETA,29/2026-Customs
48025450,All goods,9.0,0.0,0.0,India-UK CETA,29/2026-Customs
48025490,All goods,9.0,0.0,0.0,India-UK CETA,29/2026-Customs
48025510,All goods,9.0,0.0,0.0,India-UK CETA,29/2026-Customs
48025520,All goods,9.0,0.0,0.0,India-UK CETA,29/2026-Customs
48025530,All goods,9.0,0.0,0.0,India-UK CETA,29/2026-Customs
48025540,All goods,9.0,0.0,0.0,India-UK CETA,29/2026-Customs
48025550,All goods,9.0,0.0,0.0,India-UK CETA,29/2026-Customs
48025560,All goods,9.0,0.0,0.0,India-UK CETA,29/2026-Customs
48025570,All goods,9.0,0.0,0.0,India-UK CETA,29/2026-Customs
48025590,All goods,9.0,0.0,0.0,India-UK CETA,29/2026-Customs
48025610,All goods,9.0,0.0,0.0,India-UK CETA,29/2026-Customs
48025620,All goods,9.0,0.0,0.0,India-UK CETA,29/2026-Customs
48025630,All goods,9.0,0.0,0.0,India-UK CETA,29/2026-Customs
48025640,All goods,9.0,0.0,0.0,India-UK CETA,29/2026-Customs
48025650,All goods,9.0,0.0,0.0,India-UK CETA,29/2026-Customs
48025660,All goods,9.0,0.0,0.0,India-UK CETA,29/2026-Customs
48025670,All goods,9.0,0.0,0.0,India-UK CETA,29/2026-Customs
48025690,All goods,9.0,0.0,0.0,India-UK CETA,29/2026-Customs
48026110,All goods,9.0,0.0,0.0,India-UK CETA,29/2026-Customs
48026120,All goods,9.0,0.0,0.0,India-UK CETA,29/2026-Customs
48026130,All goods,9.0,0.0,0.0,India-UK CETA,29/2026-Customs
48026140,All goods,9.0,0.0,0.0,India-UK CETA,29/2026-Customs
48026150,All goods,9.0,0.0,0.0,India-UK CETA,29/2026-Customs
48026160,All goods,9.0,0.0,0.0,India-UK CETA,29/2026-Customs
48026190,All goods,9.0,0.0,0.0,India-UK CETA,29/2026-Customs
48026210,All goods,9.0,0.0,0.0,India-UK CETA,29/2026-Customs
48026220,All goods,9.0,0.0,0.0,India-UK CETA,29/2026-Customs
48026230,All goods,9.0,0.0,0.0,India-UK CETA,29/2026-Customs
48026240,All goods,9.0,0.0,0.0,India-UK CETA,29/2026-Customs
48026250,All goods,9.0,0.0,0.0,India-UK CETA,29/2026-Customs
48026260,All goods,9.0,0.0,0.0,India-UK CETA,29/2026-Customs
48026290,All goods,9.0,0.0,0.0,India-UK CETA,29/2026-Customs
48026910,All goods,9.0,0.0,0.0,India-UK CETA,29/2026-Customs
48026920,All goods,9.0,0.0,0.0,India-UK CETA,29/2026-Customs
48026930,All goods,9.0,0.0,0.0,India-UK CETA,29/2026-Customs
48026940,All goods,9.0,0.0,0.0,India-UK CETA,29/2026-Customs
48026950,All goods,9.0,0.0,0.0,India-UK CETA,29/2026-Customs
48026960,All goods,9.0,0.0,0.0,India-UK CETA,29/2026-Customs
48026990,All goods,9.0,0.0,0.0,India-UK CETA,29/2026-Customs
48041100,All goods,9.0,0.0,0.0,India-UK CETA,29/2026-Customs
48041900,All goods,9.0,0.0,0.0,India-UK CETA,29/2026-Customs
48042100,All goods,9.0,0.0,0.0,India-UK CETA,29/2026-Customs
48042900,All goods,9.0,0.0,0.0,India-UK CETA,29/2026-Customs
48043100,All goods,9.0,0.0,0.0,India-UK CETA,29/2026-Customs
48044100,All goods,9.0,0.0,0.0,India-UK CETA,29/2026-Customs
48044200,All goods,9.0,0.0,0.0,India-UK CETA,29/2026-Customs
48044900,All goods,9.0,0.0,0.0,India-UK CETA,29/2026-Customs
48045100,All goods,9.0,0.0,0.0,India-UK CETA,29/2026-Customs
48045200,All goods,9.0,0.0,0.0,India-UK CETA,29/2026-Customs
48045900,All goods,9.0,0.0,0.0,India-UK CETA,29/2026-Customs
48051100,All goods,9.0,0.0,0.0,India-UK CETA,29/2026-Customs
48051200,All goods,9.0,0.0,0.0,India-UK CETA,29/2026-Customs
48051900,All goods,9.0,0.0,0.0,India-UK CETA,29/2026-Customs
48052400,All goods,9.0,0.0,0.0,India-UK CETA,29/2026-Customs
48052500,All goods,9.0,0.0,0.0,India-UK CETA,29/2026-Customs
48053000,All goods,9.0,0.0,0.0,India-UK CETA,29/2026-Customs
48055000,All goods,9.0,0.0,0.0,India-UK CETA,29/2026-Customs
48061000,All goods,9.0,0.0,0.0,India-UK CETA,29/2026-Customs
48062000,All goods,9.0,0.0,0.0,India-UK CETA,29/2026-Customs
48064010,All goods,9.0,0.0,0.0,India-UK CETA,29/2026-Customs
48064090,All goods,9.0,0.0,0.0,India-UK CETA,29/2026-Customs
48070010,All goods,9.0,0.0,0.0,India-UK CETA,29/2026-Customs
48070090,All goods,9.0,0.0,0.0,India-UK CETA,29/2026-Customs
48092000,All goods,9.0,0.0,0.0,India-UK CETA,29/2026-Customs
48099000,All goods,9.0,0.0,0.0,India-UK CETA,29/2026-Customs
48101310,All goods,9.0,0.0,0.0,India-UK CETA,29/2026-Customs
48101330,All goods,9.6,0.0,0.0,India-UK CETA,29/2026-Customs
48101910,All goods,9.0,0.0,0.0,India-UK CETA,29/2026-Customs
48101920,All goods,9.6,0.0,0.0,India-UK CETA,29/2026-Customs
48101930,All goods,9.0,0.0,0.0,India-UK CETA,29/2026-Customs
48102900,All goods,9.0,0.0,0.0,India-UK CETA,29/2026-Customs
48103100,All goods,9.0,0.0,0.0,India-UK CETA,29/2026-Customs
48103200,All goods,9.0,0.0,0.0,India-UK CETA,29/2026-Customs
48103910,All goods,9.0,0.0,0.0,India-UK CETA,29/2026-Customs
48103920,All goods,9.0,0.0,0.0,India-UK CETA,29/2026-Customs
48103930,All goods,9.0,0.0,0.0,India-UK CETA,29/2026-Customs
48109900,All goods,9.0,0.0,0.0,India-UK CETA,29/2026-Customs
48111000,All goods,9.0,0.0,0.0,India-UK CETA,29/2026-Customs
48114900,All goods,9.0,0.0,0.0,India-UK CETA,29/2026-Customs
48115110,All goods,9.0,0.0,0.0,India-UK CETA,29/2026-Customs
48115190,All goods,9.0,0.0,0.0,India-UK CETA,29/2026-Customs
48115910,All goods,9.6,0.0,0.0,India-UK CETA,29/2026-Customs
48115990,All goods,9.6,0.0,0.0,India-UK CETA,29/2026-Customs
48132000,All goods,9.0,0.0,0.0,India-UK CETA,29/2026-Customs
48139010,All goods,9.0,0.0,0.0,India-UK CETA,29/2026-Customs
48139090,All goods,9.0,0.0,0.0,India-UK CETA,29/2026-Customs
48142000,All goods,9.0,0.0,0.0,India-UK CETA,29/2026-Customs
48149000,All goods,9.0,0.0,0.0,India-UK CETA,29/2026-Customs
48162010,All goods,9.0,0.0,0.0,India-UK CETA,29/2026-Customs
48162020,All goods,9.0,0.0,0.0,India-UK CETA,29/2026-Customs
48162090,All goods,9.0,0.0,0.0,India-UK CETA,29/2026-Customs
48169010,All goods,9.0,0.0,0.0,India-UK CETA,29/2026-Customs
48169020,All goods,9.0,0.0,0.0,India-UK CETA,29/2026-Customs
48169090,All goods,9.0,0.0,0.0,India-UK CETA,29/2026-Customs
48171000,All goods,9.0,0.0,0.0,India-UK CETA,29/2026-Customs
48183000,All goods,9.0,0.0,0.0,India-UK CETA,29/2026-Customs
48185000,All goods,9.0,0.0,0.0,India-UK CETA,29/2026-Customs
48189000,All goods,9.0,0.0,0.0,India-UK CETA,29/2026-Customs
48193000,All goods,9.0,0.0,0.0,India-UK CETA,29/2026-Customs
48195010,All goods,9.0,0.0,0.0,India-UK CETA,29/2026-Customs
48195090,All goods,9.0,0.0,0.0,India-UK CETA,29/2026-Customs
48196000,All goods,9.0,0.0,0.0,India-UK CETA,29/2026-Customs
48201010,All goods,9.0,0.0,0.0,India-UK CETA,29/2026-Customs
48201020,All goods,9.0,0.0,0.0,India-UK CETA,29/2026-Customs
48201090,All goods,9.0,0.0,0.0,India-UK CETA,29/2026-Customs
48202000,All goods,9.0,0.0,0.0,India-UK CETA,29/2026-Customs
48204000,All goods,9.0,0.0,0.0,India-UK CETA,29/2026-Customs
48205000,All goods,9.0,0.0,0.0,India-UK CETA,29/2026-Customs
48209010,All goods,9.0,0.0,0.0,India-UK CETA,29/2026-Customs
48209090,All goods,9.0,0.0,0.0,India-UK CETA,29/2026-Customs
48221000,All goods,9.0,0.0,0.0,India-UK CETA,29/2026-Customs
48229010,All goods,9.0,0.0,0.0,India-UK CETA,29/2026-Customs
48229090,All goods,9.0,0.0,0.0,India-UK CETA,29/2026-Customs
48236100,All goods,9.0,0.0,0.0,India-UK CETA,29/2026-Customs
48237010,All goods,9.0,0.0,0.0,India-UK CETA,29/2026-Customs
48237020,All goods,9.0,0.0,0.0,India-UK CETA,29/2026-Customs
48237030,All goods,9.0,0.0,0.0,India-UK CETA,29/2026-Customs
48237090,All goods,9.0,0.0,0.0,India-UK CETA,29/2026-Customs
48239011,All goods,9.0,0.0,0.0,India-UK CETA,29/2026-Customs
48239012,All goods,9.0,0.0,0.0,India-UK CETA,29/2026-Customs
48239013,All goods,9.0,0.0,0.0,India-UK CETA,29/2026-Customs
48239014,All goods,9.0,0.0,0.0,India-UK CETA,29/2026-Customs
48239015,All goods,9.0,0.0,0.0,India-UK CETA,29/2026-Customs
48239016,All goods,9.0,0.0,0.0,India-UK CETA,29/2026-Customs
48239017,All goods,9.0,0.0,0.0,India-UK CETA,29/2026-Customs
48239018,All goods,9.0,0.0,0.0,India-UK CETA,29/2026-Customs
48239019,All goods,9.0,0.0,0.0,India-UK CETA,29/2026-Customs
48239021,All goods,9.0,0.0,0.0,India-UK CETA,29/2026-Customs
48239022,All goods,9.0,0.0,0.0,India-UK CETA,29/2026-Customs
48239023,All goods,9.0,0.0,0.0,India-UK CETA,29/2026-Customs
48239030,All goods,9.0,0.0,0.0,India-UK CETA,29/2026-Customs
49011010,All goods,0.0,0.0,0.0,India-UK CETA,29/2026-Customs
49011020,All goods,9.0,0.0,0.0,India-UK CETA,29/2026-Customs
49019100,All goods,0.0,0.0,0.0,India-UK CETA,29/2026-Customs
49019900,All goods,4.0,0.0,0.0,India-UK CETA,29/2026-Customs
49021010,All goods,0.0,0.0,0.0,India-UK CETA,29/2026-Customs
49021020,All goods,0.0,0.0,0.0,India-UK CETA,29/2026-Customs
49029010,All goods,0.0,0.0,0.0,India-UK CETA,29/2026-Customs
49029020,All goods,0.0,0.0,0.0,India-UK CETA,29/2026-Customs
49030010,All goods,0.0,0.0,0.0,India-UK CETA,29/2026-Customs
49030020,All goods,0.0,0.0,0.0,India-UK CETA,29/2026-Customs
49040000,All goods,0.0,0.0,0.0,India-UK CETA,29/2026-Customs
49052000,All goods,0.0,0.0,0.0,India-UK CETA,29/2026-Customs
49059010,All goods,0.0,0.0,0.0,India-UK CETA,29/2026-Customs
49059020,All goods,0.0,0.0,0.0,India-UK CETA,29/2026-Customs
49059090,All goods,0.0,0.0,0.0,India-UK CETA,29/2026-Customs
49060000,All goods,0.0,0.0,0.0,India-UK CETA,29/2026-Customs
49070010,All goods,0.0,0.0,0.0,India-UK CETA,29/2026-Customs
49070020,All goods,0.0,0.0,0.0,India-UK CETA,29/2026-Customs
49070030,All goods,0.0,0.0,0.0,India-UK CETA,29/2026-Customs
49070090,All goods,0.0,0.0,0.0,India-UK CETA,29/2026-Customs
49081000,All goods,0.0,0.0,0.0,India-UK CETA,29/2026-Customs
49089000,All goods,0.0,0.0,0.0,India-UK CETA,29/2026-Customs
49090010,All goods,0.0,0.0,0.0,India-UK CETA,29/2026-Customs
49090090,All goods,0.0,0.0,0.0,India-UK CETA,29/2026-Customs
49100010,All goods,0.0,0.0,0.0,India-UK CETA,29/2026-Customs
49100090,All goods,0.0,0.0,0.0,India-UK CETA,29/2026-Customs
49111010,All goods,0.0,0.0,0.0,India-UK CETA,29/2026-Customs
49111020,All goods,0.0,0.0,0.0,India-UK CETA,29/2026-Customs
49111030,All goods,0.0,0.0,0.0,India-UK CETA,29/2026-Customs
49111090,All goods,0.0,0.0,0.0,India-UK CETA,29/2026-Customs
49119100,All goods,0.0,0.0,0.0,India-UK CETA,29/2026-Customs
49119910,All goods,0.0,0.0,0.0,India-UK CETA,29/2026-Customs
49119920,All goods,0.0,0.0,0.0,India-UK CETA,29/2026-Customs
49119990,All goods,0.0,0.0,0.0,India-UK CETA,29/2026-Customs
50010000,All goods,0.0,0.0,0.0,India-UK CETA,29/2026-Customs
50020010,All goods,0.0,0.0,0.0,India-UK CETA,29/2026-Customs
50020020,All goods,0.0,0.0,0.0,India-UK CETA,29/2026-Customs
50020030,All goods,0.0,0.0,0.0,India-UK CETA,29/2026-Customs
50030010,All goods,0.0,0.0,0.0,India-UK CETA,29/2026-Customs
50030020,All goods,0.0,0.0,0.0,India-UK CETA,29/2026-Customs
50030030,All goods,0.0,0.0,0.0,India-UK CETA,29/2026-Customs
50030040,All goods,0.0,0.0,0.0,India-UK CETA,29/2026-Customs
50030090,All goods,0.0,0.0,0.0,India-UK CETA,29/2026-Customs
50040010,All goods,0.0,0.0,0.0,India-UK CETA,29/2026-Customs
50040090,All goods,0.0,0.0,0.0,India-UK CETA,29/2026-Customs
50050011,All goods,0.0,0.0,0.0,India-UK CETA,29/2026-Customs
50050012,All goods,0.0,0.0,0.0,India-UK CETA,29/2026-Customs
50050021,All goods,0.0,0.0,0.0,India-UK CETA,29/2026-Customs
50050022,All goods,0.0,0.0,0.0,India-UK CETA,29/2026-Customs
50060011,All goods,0.0,0.0,0.0,India-UK CETA,29/2026-Customs
50060019,All goods,0.0,0.0,0.0,India-UK CETA,29/2026-Customs
50060021,All goods,0.0,0.0,0.0,India-UK CETA,29/2026-Customs
50060029,All goods,0.0,0.0,0.0,India-UK CETA,29/2026-Customs
50060031,All goods,0.0,0.0,0.0,India-UK CETA,29/2026-Customs
50060032,All goods,0.0,0.0,0.0,India-UK CETA,29/2026-Customs
50060033,All goods,0.0,0.0,0.0,India-UK CETA,29/2026-Customs
50060039,All goods,0.0,0.0,0.0,India-UK CETA,29/2026-Customs
50060090,All goods,0.0,0.0,0.0,India-UK CETA,29/2026-Customs
50071000,All goods,0.0,0.0,0.0,India-UK CETA,29/2026-Customs
50072010,All goods,0.0,0.0,0.0,India-UK CETA,29/2026-Customs
50072090,All goods,0.0,0.0,0.0,India-UK CETA,29/2026-Customs
50079010,All goods,0.0,0.0,0.0,India-UK CETA,29/2026-Customs
50079090,All goods,0.0,0.0,0.0,India-UK CETA,29/2026-Customs
51011100,All goods,0.0,0.0,0.0,India-UK CETA,29/2026-Customs
51011900,All goods,0.0,0.0,0.0,India-UK CETA,29/2026-Customs
51012100,All goods,0.0,0.0,0.0,India-UK CETA,29/2026-Customs
51012900,All goods,0.0,0.0,0.0,India-UK CETA,29/2026-Customs
51013000,All goods,0.0,0.0,0.0,India-UK CETA,29/2026-Customs
51021110,All goods,0.0,0.0,0.0,India-UK CETA,29/2026-Customs
51021190,All goods,0.0,0.0,0.0,India-UK CETA,29/2026-Customs
51021910,All goods,0.0,0.0,0.0,India-UK CETA,29/2026-Customs
51021990,All goods,0.0,0.0,0.0,India-UK CETA,29/2026-Customs
51022010,All goods,0.0,0.0,0.0,India-UK CETA,29/2026-Customs
51022090,All goods,0.0,0.0,0.0,India-UK CETA,29/2026-Customs
51031010,All goods,0.0,0.0,0.0,India-UK CETA,29/2026-Customs
51031090,All goods,0.0,0.0,0.0,India-UK CETA,29/2026-Customs
51032010,All goods,0.0,0.0,0.0,India-UK CETA,29/2026-Customs
51032020,All goods,0.0,0.0,0.0,India-UK CETA,29/2026-Customs
51032090,All goods,0.0,0.0,0.0,India-UK CETA,29/2026-Customs
51033000,All goods,0.0,0.0,0.0,India-UK CETA,29/2026-Customs
51040010,All goods,0.0,0.0,0.0,India-UK CETA,29/2026-Customs
51040090,All goods,0.0,0.0,0.0,India-UK CETA,29/2026-Customs
51051000,All goods,0.0,0.0,0.0,India-UK CETA,29/2026-Customs
51052100,All goods,0.0,0.0,0.0,India-UK CETA,29/2026-Customs
51052910,All goods,0.0,0.0,0.0,India-UK CETA,29/2026-Customs
51052990,All goods,0.0,0.0,0.0,India-UK CETA,29/2026-Customs
51053100,All goods,0.0,0.0,0.0,India-UK CETA,29/2026-Customs
51053900,All goods,0.0,0.0,0.0,India-UK CETA,29/2026-Customs
51054000,All goods,0.0,0.0,0.0,India-UK CETA,29/2026-Customs
51061010,All goods,0.0,0.0,0.0,India-UK CETA,29/2026-Customs
51061020,All goods,0.0,0.0,0.0,India-UK CETA,29/2026-Customs
51061090,All goods,0.0,0.0,0.0,India-UK CETA,29/2026-Customs
51062010,All goods,0.0,0.0,0.0,India-UK CETA,29/2026-Customs
51062020,All goods,0.0,0.0,0.0,India-UK CETA,29/2026-Customs
51062090,All goods,0.0,0.0,0.0,India-UK CETA,29/2026-Customs
51071010,All goods,0.0,0.0,0.0,India-UK CETA,29/2026-Customs
51071020,All goods,0.0,0.0,0.0,India-UK CETA,29/2026-Customs
51071030,All goods,0.0,0.0,0.0,India-UK CETA,29/2026-Customs
51071040,All goods,0.0,0.0,0.0,India-UK CETA,29/2026-Customs
51071090,All goods,0.0,0.0,0.0,India-UK CETA,29/2026-Customs
51072010,All goods,0.0,0.0,0.0,India-UK CETA,29/2026-Customs
51072020,All goods,0.0,0.0,0.0,India-UK CETA,29/2026-Customs
51072030,All goods,0.0,0.0,0.0,India-UK CETA,29/2026-Customs
51072040,All goods,0.0,0.0,0.0,India-UK CETA,29/2026-Customs
51072090,All goods,0.0,0.0,0.0,India-UK CETA,29/2026-Customs
51081000,All goods,0.0,0.0,0.0,India-UK CETA,29/2026-Customs
51082000,All goods,0.0,0.0,0.0,India-UK CETA,29/2026-Customs
51091010,All goods,0.0,0.0,0.0,India-UK CETA,29/2026-Customs
51091090,All goods,0.0,0.0,0.0,India-UK CETA,29/2026-Customs
51099000,All goods,0.0,0.0,0.0,India-UK CETA,29/2026-Customs
51100010,All goods,0.0,0.0,0.0,India-UK CETA,29/2026-Customs
51100020,All goods,0.0,0.0,0.0,India-UK CETA,29/2026-Customs
51111110,All goods,0.0,0.0,0.0,India-UK CETA,29/2026-Customs
51111120,All goods,0.0,0.0,0.0,India-UK CETA,29/2026-Customs
51111130,All goods,0.0,0.0,0.0,India-UK CETA,29/2026-Customs
51111140,All goods,0.0,0.0,0.0,India-UK CETA,29/2026-Customs
51111190,All goods,0.0,0.0,0.0,India-UK CETA,29/2026-Customs
51111910,All goods,0.0,0.0,0.0,India-UK CETA,29/2026-Customs
51111920,All goods,0.0,0.0,0.0,India-UK CETA,29/2026-Customs
51111930,All goods,0.0,0.0,0.0,India-UK CETA,29/2026-Customs
51111940,All goods,0.0,0.0,0.0,India-UK CETA,29/2026-Customs
51111990,All goods,0.0,0.0,0.0,India-UK CETA,29/2026-Customs
51112010,All goods,0.0,0.0,0.0,India-UK CETA,29/2026-Customs
51112020,All goods,0.0,0.0,0.0,India-UK CETA,29/2026-Customs
51112030,All goods,0.0,0.0,0.0,India-UK CETA,29/2026-Customs
51112040,All goods,0.0,0.0,0.0,India-UK CETA,29/2026-Customs
51112090,All goods,0.0,0.0,0.0,India-UK CETA,29/2026-Customs
51113010,All goods,0.0,0.0,0.0,India-UK CETA,29/2026-Customs
51113020,All goods,0.0,0.0,0.0,India-UK CETA,29/2026-Customs
51113030,All goods,0.0,0.0,0.0,India-UK CETA,29/2026-Customs
51113040,All goods,0.0,0.0,0.0,India-UK CETA,29/2026-Customs
51113090,All goods,0.0,0.0,0.0,India-UK CETA,29/2026-Customs
51119010,All goods,0.0,0.0,0.0,India-UK CETA,29/2026-Customs
51119020,All goods,0.0,0.0,0.0,India-UK CETA,29/2026-Customs
51119030,All goods,0.0,0.0,0.0,India-UK CETA,29/2026-Customs
51119040,All goods,0.0,0.0,0.0,India-UK CETA,29/2026-Customs
51119090,All goods,0.0,0.0,0.0,India-UK CETA,29/2026-Customs
51121110,All goods,0.0,0.0,0.0,India-UK CETA,29/2026-Customs
51121120,All goods,0.0,0.0,0.0,India-UK CETA,29/2026-Customs
51121130,All goods,0.0,0.0,0.0,India-UK CETA,29/2026-Customs
51121140,All goods,0.0,0.0,0.0,India-UK CETA,29/2026-Customs
51121190,All goods,0.0,0.0,0.0,India-UK CETA,29/2026-Customs
51121910,All goods,0.0,0.0,0.0,India-UK CETA,29/2026-Customs
51121920,All goods,0.0,0.0,0.0,India-UK CETA,29/2026-Customs
51121930,All goods,0.0,0.0,0.0,India-UK CETA,29/2026-Customs
51121940,All goods,0.0,0.0,0.0,India-UK CETA,29/2026-Customs
51121990,All goods,0.0,0.0,0.0,India-UK CETA,29/2026-Customs
51122010,All goods,0.0,0.0,0.0,India-UK CETA,29/2026-Customs
51122020,All goods,0.0,0.0,0.0,India-UK CETA,29/2026-Customs
51122030,All goods,0.0,0.0,0.0,India-UK CETA,29/2026-Customs
51122040,All goods,0.0,0.0,0.0,India-UK CETA,29/2026-Customs
51122090,All goods,0.0,0.0,0.0,India-UK CETA,29/2026-Customs
51123010,All goods,0.0,0.0,0.0,India-UK CETA,29/2026-Customs
51123020,All goods,0.0,0.0,0.0,India-UK CETA,29/2026-Customs
51123030,All goods,0.0,0.0,0.0,India-UK CETA,29/2026-Customs
51123040,All goods,0.0,0.0,0.0,India-UK CETA,29/2026-Customs
51123090,All goods,0.0,0.0,0.0,India-UK CETA,29/2026-Customs
51129010,All goods,0.0,0.0,0.0,India-UK CETA,29/2026-Customs
51129020,All goods,0.0,0.0,0.0,India-UK CETA,29/2026-Customs
51129030,All goods,0.0,0.0,0.0,India-UK CETA,29/2026-Customs
51129040,All goods,0.0,0.0,0.0,India-UK CETA,29/2026-Customs
51129050,All goods,0.0,0.0,0.0,India-UK CETA,29/2026-Customs
51129090,All goods,0.0,0.0,0.0,India-UK CETA,29/2026-Customs
51130010,All goods,0.0,0.0,0.0,India-UK CETA,29/2026-Customs
51130020,All goods,0.0,0.0,0.0,India-UK CETA,29/2026-Customs
51130030,All goods,0.0,0.0,0.0,India-UK CETA,29/2026-Customs
51130040,All goods,0.0,0.0,0.0,India-UK CETA,29/2026-Customs
51130090,All goods,0.0,0.0,0.0,India-UK CETA,29/2026-Customs
52010011,All goods,0.0,0.0,0.0,India-UK CETA,29/2026-Customs
52010012,All goods,0.0,0.0,0.0,India-UK CETA,29/2026-Customs
52010013,All goods,0.0,0.0,0.0,India-UK CETA,29/2026-Customs
52010014,All goods,0.0,0.0,0.0,India-UK CETA,29/2026-Customs
52010015,All goods,0.0,0.0,0.0,India-UK CETA,29/2026-Customs
52010019,All goods,0.0,0.0,0.0,India-UK CETA,29/2026-Customs
52010021,All goods,0.0,0.0,0.0,India-UK CETA,29/2026-Customs
52010022,All goods,0.0,0.0,0.0,India-UK CETA,29/2026-Customs
52010023,All goods,0.0,0.0,0.0,India-UK CETA,29/2026-Customs
52010024,All goods,0.0,0.0,0.0,India-UK CETA,29/2026-Customs
52010025,All goods,0.0,0.0,0.0,India-UK CETA,29/2026-Customs
52021000,All goods,0.0,0.0,0.0,India-UK CETA,29/2026-Customs
52029100,All goods,0.0,0.0,0.0,India-UK CETA,29/2026-Customs
52029900,All goods,0.0,0.0,0.0,India-UK CETA,29/2026-Customs
52030000,All goods,0.0,0.0,0.0,India-UK CETA,29/2026-Customs
52041110,All goods,0.0,0.0,0.0,India-UK CETA,29/2026-Customs
52041120,All goods,0.0,0.0,0.0,India-UK CETA,29/2026-Customs
52041130,All goods,0.0,0.0,0.0,India-UK CETA,29/2026-Customs
52041140,All goods,0.0,0.0,0.0,India-UK CETA,29/2026-Customs
52041190,All goods,0.0,0.0,0.0,India-UK CETA,29/2026-Customs
52041900,All goods,0.0,0.0,0.0,India-UK CETA,29/2026-Customs
52042010,All goods,0.0,0.0,0.0,India-UK CETA,29/2026-Customs
52042020,All goods,0.0,0.0,0.0,India-UK CETA,29/2026-Customs
52042030,All goods,0.0,0.0,0.0,India-UK CETA,29/2026-Customs
52042040,All goods,0.0,0.0,0.0,India-UK CETA,29/2026-Customs
52042090,All goods,0.0,0.0,0.0,India-UK CETA,29/2026-Customs
52051110,All goods,0.0,0.0,0.0,India-UK CETA,29/2026-Customs
52051120,All goods,0.0,0.0,0.0,India-UK CETA,29/2026-Customs
52051130,All goods,0.0,0.0,0.0,India-UK CETA,29/2026-Customs
52051190,All goods,0.0,0.0,0.0,India-UK CETA,29/2026-Customs
52051210,All goods,0.0,0.0,0.0,India-UK CETA,29/2026-Customs
52051220,All goods,0.0,0.0,0.0,India-UK CETA,29/2026-Customs
52051230,All goods,0.0,0.0,0.0,India-UK CETA,29/2026-Customs
52051290,All goods,0.0,0.0,0.0,India-UK CETA,29/2026-Customs
52051310,All goods,0.0,0.0,0.0,India-UK CETA,29/2026-Customs
52051320,All goods,0.0,0.0,0.0,India-UK CETA,29/2026-Customs
52051330,All goods,0.0,0.0,0.0,India-UK CETA,29/2026-Customs
52051390,All goods,0.0,0.0,0.0,India-UK CETA,29/2026-Customs
52051410,All goods,0.0,0.0,0.0,India-UK CETA,29/2026-Customs
52051420,All goods,0.0,0.0,0.0,India-UK CETA,29/2026-Customs
52051430,All goods,0.0,0.0,0.0,India-UK CETA,29/2026-Customs
52051490,All goods,0.0,0.0,0.0,India-UK CETA,29/2026-Customs
52051510,All goods,0.0,0.0,0.0,India-UK CETA,29/2026-Customs
52051520,All goods,0.0,0.0,0.0,India-UK CETA,29/2026-Customs
52051530,All goods,0.0,0.0,0.0,India-UK CETA,29/2026-Customs
52051590,All goods,0.0,0.0,0.0,India-UK CETA,29/2026-Customs
52052110,All goods,0.0,0.0,0.0,India-UK CETA,29/2026-Customs
52052120,All goods,0.0,0.0,0.0,India-UK CETA,29/2026-Customs
52052130,All goods,0.0,0.0,0.0,India-UK CETA,29/2026-Customs
52052190,All goods,0.0,0.0,0.0,India-UK CETA,29/2026-Customs
52052210,All goods,0.0,0.0,0.0,India-UK CETA,29/2026-Customs
52052220,All goods,0.0,0.0,0.0,India-UK CETA,29/2026-Customs
52052290,All goods,0.0,0.0,0.0,India-UK CETA,29/2026-Customs
52052310,All goods,0.0,0.0,0.0,India-UK CETA,29/2026-Customs
52052320,All goods,0.0,0.0,0.0,India-UK CETA,29/2026-Customs
52052390,All goods,0.0,0.0,0.0,India-UK CETA,29/2026-Customs
52052410,All goods,0.0,0.0,0.0,India-UK CETA,29/2026-Customs
52052420,All goods,0.0,0.0,0.0,India-UK CETA,29/2026-Customs
52052490,All goods,0.0,0.0,0.0,India-UK CETA,29/2026-Customs
52052610,All goods,0.0,0.0,0.0,India-UK CETA,29/2026-Customs
52052620,All goods,0.0,0.0,0.0,India-UK CETA,29/2026-Customs
52052690,All goods,0.0,0.0,0.0,India-UK CETA,29/2026-Customs
52052710,All goods,0.0,0.0,0.0,India-UK CETA,29/2026-Customs
52052720,All goods,0.0,0.0,0.0,India-UK CETA,29/2026-Customs
52052790,All goods,0.0,0.0,0.0,India-UK CETA,29/2026-Customs
52052810,All goods,0.0,0.0,0.0,India-UK CETA,29/2026-Customs
52052820,All goods,0.0,0.0,0.0,India-UK CETA,29/2026-Customs
52052890,All goods,0.0,0.0,0.0,India-UK CETA,29/2026-Customs
52053110,All goods,0.0,0.0,0.0,India-UK CETA,29/2026-Customs
52053120,All goods,0.0,0.0,0.0,India-UK CETA,29/2026-Customs
52053130,All goods,0.0,0.0,0.0,India-UK CETA,29/2026-Customs
52053190,All goods,0.0,0.0,0.0,India-UK CETA,29/2026-Customs
52053210,All goods,0.0,0.0,0.0,India-UK CETA,29/2026-Customs
52053220,All goods,0.0,0.0,0.0,India-UK CETA,29/2026-Customs
52053290,All goods,0.0,0.0,0.0,India-UK CETA,29/2026-Customs
52053310,All goods,0.0,0.0,0.0,India-UK CETA,29/2026-Customs
52053320,All goods,0.0,0.0,0.0,India-UK CETA,29/2026-Customs
52053330,All goods,0.0,0.0,0.0,India-UK CETA,29/2026-Customs
52053390,All goods,0.0,0.0,0.0,India-UK CETA,29/2026-Customs
52053410,All goods,0.0,0.0,0.0,India-UK CETA,29/2026-Customs
52053420,All goods,0.0,0.0,0.0,India-UK CETA,29/2026-Customs
52053430,All goods,0.0,0.0,0.0,India-UK CETA,29/2026-Customs
52053490,All goods,0.0,0.0,0.0,India-UK CETA,29/2026-Customs
52053510,All goods,0.0,0.0,0.0,India-UK CETA,29/2026-Customs
52053590,All goods,0.0,0.0,0.0,India-UK CETA,29/2026-Customs
52054110,All goods,0.0,0.0,0.0,India-UK CETA,29/2026-Customs
52054120,All goods,0.0,0.0,0.0,India-UK CETA,29/2026-Customs
52054130,All goods,0.0,0.0,0.0,India-UK CETA,29/2026-Customs
52054190,All goods,0.0,0.0,0.0,India-UK CETA,29/2026-Customs
52054210,All goods,0.0,0.0,0.0,India-UK CETA,29/2026-Customs
52054290,All goods,0.0,0.0,0.0,India-UK CETA,29/2026-Customs
52054310,All goods,0.0,0.0,0.0,India-UK CETA,29/2026-Customs
52054320,All goods,0.0,0.0,0.0,India-UK CETA,29/2026-Customs
52054390,All goods,0.0,0.0,0.0,India-UK CETA,29/2026-Customs
52054410,All goods,0.0,0.0,0.0,India-UK CETA,29/2026-Customs
52054420,All goods,0.0,0.0,0.0,India-UK CETA,29/2026-Customs
52054490,All goods,0.0,0.0,0.0,India-UK CETA,29/2026-Customs
52054610,All goods,0.0,0.0,0.0,India-UK CETA,29/2026-Customs
52054620,All goods,0.0,0.0,0.0,India-UK CETA,29/2026-Customs
52054630,All goods,0.0,0.0,0.0,India-UK CETA,29/2026-Customs
52054690,All goods,0.0,0.0,0.0,India-UK CETA,29/2026-Customs
52054710,All goods,0.0,0.0,0.0,India-UK CETA,29/2026-Customs
52054720,All goods,0.0,0.0,0.0,India-UK CETA,29/2026-Customs
52054730,All goods,0.0,0.0,0.0,India-UK CETA,29/2026-Customs
52054790,All goods,0.0,0.0,0.0,India-UK CETA,29/2026-Customs
52054810,All goods,0.0,0.0,0.0,India-UK CETA,29/2026-Customs
52054820,All goods,0.0,0.0,0.0,India-UK CETA,29/2026-Customs
52054830,All goods,0.0,0.0,0.0,India-UK CETA,29/2026-Customs
52054890,All goods,0.0,0.0,0.0,India-UK CETA,29/2026-Customs
52061100,All goods,0.0,0.0,0.0,India-UK CETA,29/2026-Customs
52061200,All goods,0.0,0.0,0.0,India-UK CETA,29/2026-Customs
52061300,All goods,0.0,0.0,0.0,India-UK CETA,29/2026-Customs
52061400,All goods,0.0,0.0,0.0,India-UK CETA,29/2026-Customs
52061500,All goods,0.0,0.0,0.0,India-UK CETA,29/2026-Customs
52062100,All goods,0.0,0.0,0.0,India-UK CETA,29/2026-Customs
52062200,All goods,0.0,0.0,0.0,India-UK CETA,29/2026-Customs
52062300,All goods,0.0,0.0,0.0,India-UK CETA,29/2026-Customs
52062400,All goods,0.0,0.0,0.0,India-UK CETA,29/2026-Customs
52062500,All goods,0.0,0.0,0.0,India-UK CETA,29/2026-Customs
52063100,All goods,0.0,0.0,0.0,India-UK CETA,29/2026-Customs
52063200,All goods,0.0,0.0,0.0,India-UK CETA,29/2026-Customs
52063300,All goods,0.0,0.0,0.0,India-UK CETA,29/2026-Customs
52063400,All goods,0.0,0.0,0.0,India-UK CETA,29/2026-Customs
52063500,All goods,0.0,0.0,0.0,India-UK CETA,29/2026-Customs
52064100,All goods,0.0,0.0,0.0,India-UK CETA,29/2026-Customs
52064200,All goods,0.0,0.0,0.0,India-UK CETA,29/2026-Customs
52064300,All goods,0.0,0.0,0.0,India-UK CETA,29/2026-Customs
52064400,All goods,0.0,0.0,0.0,India-UK CETA,29/2026-Customs
52064500,All goods,0.0,0.0,0.0,India-UK CETA,29/2026-Customs
52071000,All goods,0.0,0.0,0.0,India-UK CETA,29/2026-Customs
52079000,All goods,0.0,0.0,0.0,India-UK CETA,29/2026-Customs
52081110,All goods,0.0,0.0,0.0,India-UK CETA,29/2026-Customs
52081120,All goods,0.0,0.0,0.0,India-UK CETA,29/2026-Customs
52081130,All goods,0.0,0.0,0.0,India-UK CETA,29/2026-Customs
52081140,All goods,0.0,0.0,0.0,India-UK CETA,29/2026-Customs
52081190,All goods,0.0,0.0,0.0,India-UK CETA,29/2026-Customs
52081210,All goods,0.0,0.0,0.0,India-UK CETA,29/2026-Customs
52081220,All goods,0.0,0.0,0.0,India-UK CETA,29/2026-Customs
52081230,All goods,0.0,0.0,0.0,India-UK CETA,29/2026-Customs
52081240,All goods,0.0,0.0,0.0,India-UK CETA,29/2026-Customs
52081250,All goods,0.0,0.0,0.0,India-UK CETA,29/2026-Customs
52081260,All goods,0.0,0.0,0.0,India-UK CETA,29/2026-Customs
52081290,All goods,0.0,0.0,0.0,India-UK CETA,29/2026-Customs
52081310,All goods,0.0,0.0,0.0,India-UK CETA,29/2026-Customs
52081320,All goods,0.0,0.0,0.0,India-UK CETA,29/2026-Customs
52081390,All goods,0.0,0.0,0.0,India-UK CETA,29/2026-Customs
52081910,All goods,0.0,0.0,0.0,India-UK CETA,29/2026-Customs
52081990,All goods,0.0,0.0,0.0,India-UK CETA,29/2026-Customs
52082110,All goods,0.0,0.0,0.0,India-UK CETA,29/2026-Customs
52082120,All goods,0.0,0.0,0.0,India-UK CETA,29/2026-Customs
52082130,All goods,0.0,0.0,0.0,India-UK CETA,29/2026-Customs
52082140,All goods,0.0,0.0,0.0,India-UK CETA,29/2026-Customs
52082150,All goods,0.0,0.0,0.0,India-UK CETA,29/2026-Customs
52082160,All goods,0.0,0.0,0.0,India-UK CETA,29/2026-Customs
52082170,All goods,0.0,0.0,0.0,India-UK CETA,29/2026-Customs
52082180,All goods,0.0,0.0,0.0,India-UK CETA,29/2026-Customs
52082190,All goods,0.0,0.0,0.0,India-UK CETA,29/2026-Customs
52082210,All goods,0.0,0.0,0.0,India-UK CETA,29/2026-Customs
52082220,All goods,0.0,0.0,0.0,India-UK CETA,29/2026-Customs
52082230,All goods,0.0,0.0,0.0,India-UK CETA,29/2026-Customs
52082240,All goods,0.0,0.0,0.0,India-UK CETA,29/2026-Customs
52082250,All goods,0.0,0.0,0.0,India-UK CETA,29/2026-Customs
52082260,All goods,0.0,0.0,0.0,India-UK CETA,29/2026-Customs
52082270,All goods,0.0,0.0,0.0,India-UK CETA,29/2026-Customs
52082280,All goods,0.0,0.0,0.0,India-UK CETA,29/2026-Customs
52082290,All goods,0.0,0.0,0.0,India-UK CETA,29/2026-Customs
52082310,All goods,0.0,0.0,0.0,India-UK CETA,29/2026-Customs
52082320,All goods,0.0,0.0,0.0,India-UK CETA,29/2026-Customs
52082330,All goods,0.0,0.0,0.0,India-UK CETA,29/2026-Customs
52082390,All goods,0.0,0.0,0.0,India-UK CETA,29/2026-Customs
52082910,All goods,0.0,0.0,0.0,India-UK CETA,29/2026-Customs
52082920,All goods,0.0,0.0,0.0,India-UK CETA,29/2026-Customs
52082990,All goods,0.0,0.0,0.0,India-UK CETA,29/2026-Customs
52083110,All goods,0.0,0.0,0.0,India-UK CETA,29/2026-Customs
52083121,All goods,0.0,0.0,0.0,India-UK CETA,29/2026-Customs
52083129,All goods,0.0,0.0,0.0,India-UK CETA,29/2026-Customs
52083130,All goods,0.0,0.0,0.0,India-UK CETA,29/2026-Customs
52083140,All goods,0.0,0.0,0.0,India-UK CETA,29/2026-Customs
52083150,All goods,0.0,0.0,0.0,India-UK CETA,29/2026-Customs
52083160,All goods,0.0,0.0,0.0,India-UK CETA,29/2026-Customs
52083170,All goods,0.0,0.0,0.0,India-UK CETA,29/2026-Customs
52083180,All goods,0.0,0.0,0.0,India-UK CETA,29/2026-Customs
52083190,All goods,0.0,0.0,0.0,India-UK CETA,29/2026-Customs
52083210,All goods,0.0,0.0,0.0,India-UK CETA,29/2026-Customs
52083220,All goods,0.0,0.0,0.0,India-UK CETA,29/2026-Customs
52083230,All goods,0.0,0.0,0.0,India-UK CETA,29/2026-Customs
52083240,All goods,0.0,0.0,0.0,India-UK CETA,29/2026-Customs
52083250,All goods,0.0,0.0,0.0,India-UK CETA,29/2026-Customs
52083260,All goods,0.0,0.0,0.0,India-UK CETA,29/2026-Customs
52083270,All goods,0.0,0.0,0.0,India-UK CETA,29/2026-Customs
52083280,All goods,0.0,0.0,0.0,India-UK CETA,29/2026-Customs
52083290,All goods,0.0,0.0,0.0,India-UK CETA,29/2026-Customs
52083310,All goods,0.0,0.0,0.0,India-UK CETA,29/2026-Customs
52083320,All goods,0.0,0.0,0.0,India-UK CETA,29/2026-Customs
52083330,All goods,0.0,0.0,0.0,India-UK CETA,29/2026-Customs
52083390,All goods,0.0,0.0,0.0,India-UK CETA,29/2026-Customs
52083910,All goods,0.0,0.0,0.0,India-UK CETA,29/2026-Customs
52083990,All goods,0.0,0.0,0.0,India-UK CETA,29/2026-Customs
52084110,All goods,0.0,0.0,0.0,India-UK CETA,29/2026-Customs
52084121,All goods,0.0,0.0,0.0,India-UK CETA,29/2026-Customs
52084129,All goods,0.0,0.0,0.0,India-UK CETA,29/2026-Customs
52084130,All goods,0.0,0.0,0.0,India-UK CETA,29/2026-Customs
52084140,All goods,0.0,0.0,0.0,India-UK CETA,29/2026-Customs
52084150,All goods,0.0,0.0,0.0,India-UK CETA,29/2026-Customs
52084190,All goods,0.0,0.0,0.0,India-UK CETA,29/2026-Customs
52084210,All goods,0.0,0.0,0.0,India-UK CETA,29/2026-Customs
52084220,All goods,0.0,0.0,0.0,India-UK CETA,29/2026-Customs
52084230,All goods,0.0,0.0,0.0,India-UK CETA,29/2026-Customs
52084240,All goods,0.0,0.0,0.0,India-UK CETA,29/2026-Customs
52084250,All goods,0.0,0.0,0.0,India-UK CETA,29/2026-Customs
52084260,All goods,0.0,0.0,0.0,India-UK CETA,29/2026-Customs
52084290,All goods,0.0,0.0,0.0,India-UK CETA,29/2026-Customs
52084310,All goods,0.0,0.0,0.0,India-UK CETA,29/2026-Customs
52084320,All goods,0.0,0.0,0.0,India-UK CETA,29/2026-Customs
52084330,All goods,0.0,0.0,0.0,India-UK CETA,29/2026-Customs
52084340,All goods,0.0,0.0,0.0,India-UK CETA,29/2026-Customs
52084390,All goods,0.0,0.0,0.0,India-UK CETA,29/2026-Customs
52084910,All goods,0.0,0.0,0.0,India-UK CETA,29/2026-Customs
52084921,All goods,0.0,0.0,0.0,India-UK CETA,29/2026-Customs
52084929,All goods,0.0,0.0,0.0,India-UK CETA,29/2026-Customs
52084990,All goods,0.0,0.0,0.0,India-UK CETA,29/2026-Customs
52085110,All goods,0.0,0.0,0.0,India-UK CETA,29/2026-Customs
52085120,All goods,0.0,0.0,0.0,India-UK CETA,29/2026-Customs
52085130,All goods,0.0,0.0,0.0,India-UK CETA,29/2026-Customs
52085140,All goods,0.0,0.0,0.0,India-UK CETA,29/2026-Customs
52085150,All goods,0.0,0.0,0.0,India-UK CETA,29/2026-Customs
52085160,All goods,0.0,0.0,0.0,India-UK CETA,29/2026-Customs
52085170,All goods,0.0,0.0,0.0,India-UK CETA,29/2026-Customs
52085180,All goods,0.0,0.0,0.0,India-UK CETA,29/2026-Customs
52085190,All goods,0.0,0.0,0.0,India-UK CETA,29/2026-Customs
52085210,All goods,0.0,0.0,0.0,India-UK CETA,29/2026-Customs
52085220,All goods,0.0,0.0,0.0,India-UK CETA,29/2026-Customs
52085230,All goods,0.0,0.0,0.0,India-UK CETA,29/2026-Customs
52085240,All goods,0.0,0.0,0.0,India-UK CETA,29/2026-Customs
52085250,All goods,0.0,0.0,0.0,India-UK CETA,29/2026-Customs
52085260,All goods,0.0,0.0,0.0,India-UK CETA,29/2026-Customs
52085270,All goods,0.0,0.0,0.0,India-UK CETA,29/2026-Customs
52085280,All goods,0.0,0.0,0.0,India-UK CETA,29/2026-Customs
52085290,All goods,0.0,0.0,0.0,India-UK CETA,29/2026-Customs
52085910,All goods,0.0,0.0,0.0,India-UK CETA,29/2026-Customs
52085920,All goods,0.0,0.0,0.0,India-UK CETA,29/2026-Customs
52085990,All goods,0.0,0.0,0.0,India-UK CETA,29/2026-Customs
52091111,All goods,0.0,0.0,0.0,India-UK CETA,29/2026-Customs
52091112,All goods,0.0,0.0,0.0,India-UK CETA,29/2026-Customs
52091113,All goods,0.0,0.0,0.0,India-UK CETA,29/2026-Customs
52091114,All goods,0.0,0.0,0.0,India-UK CETA,29/2026-Customs
52091119,All goods,0.0,0.0,0.0,India-UK CETA,29/2026-Customs
52091190,All goods,0.0,0.0,0.0,India-UK CETA,29/2026-Customs
52091210,All goods,0.0,0.0,0.0,India-UK CETA,29/2026-Customs
52091220,All goods,0.0,0.0,0.0,India-UK CETA,29/2026-Customs
52091230,All goods,0.0,0.0,0.0,India-UK CETA,29/2026-Customs
52091240,All goods,0.0,0.0,0.0,India-UK CETA,29/2026-Customs
52091250,All goods,0.0,0.0,0.0,India-UK CETA,29/2026-Customs
52091260,All goods,0.0,0.0,0.0,India-UK CETA,29/2026-Customs
52091270,All goods,0.0,0.0,0.0,India-UK CETA,29/2026-Customs
52091290,All goods,0.0,0.0,0.0,India-UK CETA,29/2026-Customs
52091900,All goods,0.0,0.0,0.0,India-UK CETA,29/2026-Customs
52092110,All goods,0.0,0.0,0.0,India-UK CETA,29/2026-Customs
52092120,All goods,0.0,0.0,0.0,India-UK CETA,29/2026-Customs
52092130,All goods,0.0,0.0,0.0,India-UK CETA,29/2026-Customs
52092140,All goods,0.0,0.0,0.0,India-UK CETA,29/2026-Customs
52092150,All goods,0.0,0.0,0.0,India-UK CETA,29/2026-Customs
52092160,All goods,0.0,0.0,0.0,India-UK CETA,29/2026-Customs
52092170,All goods,0.0,0.0,0.0,India-UK CETA,29/2026-Customs
52092180,All goods,0.0,0.0,0.0,India-UK CETA,29/2026-Customs
52092190,All goods,0.0,0.0,0.0,India-UK CETA,29/2026-Customs
52092210,All goods,0.0,0.0,0.0,India-UK CETA,29/2026-Customs
52092220,All goods,0.0,0.0,0.0,India-UK CETA,29/2026-Customs
52092230,All goods,0.0,0.0,0.0,India-UK CETA,29/2026-Customs
52092290,All goods,0.0,0.0,0.0,India-UK CETA,29/2026-Customs
52092910,All goods,0.0,0.0,0.0,India-UK CETA,29/2026-Customs
52092920,All goods,0.0,0.0,0.0,India-UK CETA,29/2026-Customs
52092990,All goods,0.0,0.0,0.0,India-UK CETA,29/2026-Customs
52093110,All goods,0.0,0.0,0.0,India-UK CETA,29/2026-Customs
52093120,All goods,0.0,0.0,0.0,India-UK CETA,29/2026-Customs
52093130,All goods,0.0,0.0,0.0,India-UK CETA,29/2026-Customs
52093140,All goods,0.0,0.0,0.0,India-UK CETA,29/2026-Customs
52093150,All goods,0.0,0.0,0.0,India-UK CETA,29/2026-Customs
52093160,All goods,0.0,0.0,0.0,India-UK CETA,29/2026-Customs
52093170,All goods,0.0,0.0,0.0,India-UK CETA,29/2026-Customs
52093180,All goods,0.0,0.0,0.0,India-UK CETA,29/2026-Customs
52093190,All goods,0.0,0.0,0.0,India-UK CETA,29/2026-Customs
52093210,All goods,0.0,0.0,0.0,India-UK CETA,29/2026-Customs
52093220,All goods,0.0,0.0,0.0,India-UK CETA,29/2026-Customs
52093230,All goods,0.0,0.0,0.0,India-UK CETA,29/2026-Customs
52093290,All goods,0.0,0.0,0.0,India-UK CETA,29/2026-Customs
52093910,All goods,0.0,0.0,0.0,India-UK CETA,29/2026-Customs
52093990,All goods,0.0,0.0,0.0,India-UK CETA,29/2026-Customs
52094110,All goods,0.0,0.0,0.0,India-UK CETA,29/2026-Customs
52094120,All goods,0.0,0.0,0.0,India-UK CETA,29/2026-Customs
52094130,All goods,0.0,0.0,0.0,India-UK CETA,29/2026-Customs
52094140,All goods,0.0,0.0,0.0,India-UK CETA,29/2026-Customs
52094150,All goods,0.0,0.0,0.0,India-UK CETA,29/2026-Customs
52094160,All goods,0.0,0.0,0.0,India-UK CETA,29/2026-Customs
52094170,All goods,0.0,0.0,0.0,India-UK CETA,29/2026-Customs
52094190,All goods,0.0,0.0,0.0,India-UK CETA,29/2026-Customs
52094200,All goods,0.0,0.0,0.0,India-UK CETA,29/2026-Customs
52094310,All goods,0.0,0.0,0.0,India-UK CETA,29/2026-Customs
52094320,All goods,0.0,0.0,0.0,India-UK CETA,29/2026-Customs
52094330,All goods,0.0,0.0,0.0,India-UK CETA,29/2026-Customs
52094340,All goods,0.0,0.0,0.0,India-UK CETA,29/2026-Customs
52094390,All goods,0.0,0.0,0.0,India-UK CETA,29/2026-Customs
52094910,All goods,0.0,0.0,0.0,India-UK CETA,29/2026-Customs
52094990,All goods,0.0,0.0,0.0,India-UK CETA,29/2026-Customs
52095111,All goods,0.0,0.0,0.0,India-UK CETA,29/2026-Customs
52095119,All goods,0.0,0.0,0.0,India-UK CETA,29/2026-Customs
52095120,All goods,0.0,0.0,0.0,India-UK CETA,29/2026-Customs
52095130,All goods,0.0,0.0,0.0,India-UK CETA,29/2026-Customs
52095140,All goods,0.0,0.0,0.0,India-UK CETA,29/2026-Customs
52095150,All goods,0.0,0.0,0.0,India-UK CETA,29/2026-Customs
52095160,All goods,0.0,0.0,0.0,India-UK CETA,29/2026-Customs
52095170,All goods,0.0,0.0,0.0,India-UK CETA,29/2026-Customs
52095190,All goods,0.0,0.0,0.0,India-UK CETA,29/2026-Customs
52095210,All goods,0.0,0.0,0.0,India-UK CETA,29/2026-Customs
52095220,All goods,0.0,0.0,0.0,India-UK CETA,29/2026-Customs
52095290,All goods,0.0,0.0,0.0,India-UK CETA,29/2026-Customs
52095910,All goods,0.0,0.0,0.0,India-UK CETA,29/2026-Customs
52095990,All goods,0.0,0.0,0.0,India-UK CETA,29/2026-Customs
52101110,All goods,0.0,0.0,0.0,India-UK CETA,29/2026-Customs
52101120,All goods,0.0,0.0,0.0,India-UK CETA,29/2026-Customs
52101190,All goods,0.0,0.0,0.0,India-UK CETA,29/2026-Customs
52101900,All goods,0.0,0.0,0.0,India-UK CETA,29/2026-Customs
52102110,All goods,0.0,0.0,0.0,India-UK CETA,29/2026-Customs
52102120,All goods,0.0,0.0,0.0,India-UK CETA,29/2026-Customs
52102130,All goods,0.0,0.0,0.0,India-UK CETA,29/2026-Customs
52102140,All goods,0.0,0.0,0.0,India-UK CETA,29/2026-Customs
52102150,All goods,0.0,0.0,0.0,India-UK CETA,29/2026-Customs
52102190,All goods,0.0,0.0,0.0,India-UK CETA,29/2026-Customs
52102910,All goods,0.0,0.0,0.0,India-UK CETA,29/2026-Customs
52102920,All goods,0.0,0.0,0.0,India-UK CETA,29/2026-Customs
52102990,All goods,0.0,0.0,0.0,India-UK CETA,29/2026-Customs
52103110,All goods,0.0,0.0,0.0,India-UK CETA,29/2026-Customs
52103120,All goods,0.0,0.0,0.0,India-UK CETA,29/2026-Customs
52103130,All goods,0.0,0.0,0.0,India-UK CETA,29/2026-Customs
52103140,All goods,0.0,0.0,0.0,India-UK CETA,29/2026-Customs
52103150,All goods,0.0,0.0,0.0,India-UK CETA,29/2026-Customs
52103160,All goods,0.0,0.0,0.0,India-UK CETA,29/2026-Customs
52103190,All goods,0.0,0.0,0.0,India-UK CETA,29/2026-Customs
52103210,All goods,0.0,0.0,0.0,India-UK CETA,29/2026-Customs
52103220,All goods,0.0,0.0,0.0,India-UK CETA,29/2026-Customs
52103230,All goods,0.0,0.0,0.0,India-UK CETA,29/2026-Customs
52103290,All goods,0.0,0.0,0.0,India-UK CETA,29/2026-Customs
52103910,All goods,0.0,0.0,0.0,India-UK CETA,29/2026-Customs
52103990,All goods,0.0,0.0,0.0,India-UK CETA,29/2026-Customs
52104110,All goods,0.0,0.0,0.0,India-UK CETA,29/2026-Customs
52104120,All goods,0.0,0.0,0.0,India-UK CETA,29/2026-Customs
52104130,All goods,0.0,0.0,0.0,India-UK CETA,29/2026-Customs
52104140,All goods,0.0,0.0,0.0,India-UK CETA,29/2026-Customs
52104150,All goods,0.0,0.0,0.0,India-UK CETA,29/2026-Customs
52104160,All goods,0.0,0.0,0.0,India-UK CETA,29/2026-Customs
52104170,All goods,0.0,0.0,0.0,India-UK CETA,29/2026-Customs
52104190,All goods,0.0,0.0,0.0,India-UK CETA,29/2026-Customs
52104910,All goods,0.0,0.0,0.0,India-UK CETA,29/2026-Customs
52104990,All goods,0.0,0.0,0.0,India-UK CETA,29/2026-Customs
52105110,All goods,0.0,0.0,0.0,India-UK CETA,29/2026-Customs
52105120,All goods,0.0,0.0,0.0,India-UK CETA,29/2026-Customs
52105130,All goods,0.0,0.0,0.0,India-UK CETA,29/2026-Customs
52105140,All goods,0.0,0.0,0.0,India-UK CETA,29/2026-Customs
52105150,All goods,0.0,0.0,0.0,India-UK CETA,29/2026-Customs
52105190,All goods,0.0,0.0,0.0,India-UK CETA,29/2026-Customs
52105910,All goods,0.0,0.0,0.0,India-UK CETA,29/2026-Customs
52105990,All goods,0.0,0.0,0.0,India-UK CETA,29/2026-Customs
52111110,All goods,0.0,0.0,0.0,India-UK CETA,29/2026-Customs
52111120,All goods,0.0,0.0,0.0,India-UK CETA,29/2026-Customs
52111190,All goods,0.0,0.0,0.0,India-UK CETA,29/2026-Customs
52111210,All goods,0.0,0.0,0.0,India-UK CETA,29/2026-Customs
52111220,All goods,0.0,0.0,0.0,India-UK CETA,29/2026-Customs
52111230,All goods,0.0,0.0,0.0,India-UK CETA,29/2026-Customs
52111290,All goods,0.0,0.0,0.0,India-UK CETA,29/2026-Customs
52111900,All goods,0.0,0.0,0.0,India-UK CETA,29/2026-Customs
52112010,All goods,0.0,0.0,0.0,India-UK CETA,29/2026-Customs
52112020,All goods,0.0,0.0,0.0,India-UK CETA,29/2026-Customs
52112030,All goods,0.0,0.0,0.0,India-UK CETA,29/2026-Customs
52112040,All goods,0.0,0.0,0.0,India-UK CETA,29/2026-Customs
52112050,All goods,0.0,0.0,0.0,India-UK CETA,29/2026-Customs
52112060,All goods,0.0,0.0,0.0,India-UK CETA,29/2026-Customs
52112091,All goods,0.0,0.0,0.0,India-UK CETA,29/2026-Customs
52112092,All goods,0.0,0.0,0.0,India-UK CETA,29/2026-Customs
52112099,All goods,0.0,0.0,0.0,India-UK CETA,29/2026-Customs
52113110,All goods,0.0,0.0,0.0,India-UK CETA,29/2026-Customs
52113120,All goods,0.0,0.0,0.0,India-UK CETA,29/2026-Customs
52113130,All goods,0.0,0.0,0.0,India-UK CETA,29/2026-Customs
52113140,All goods,0.0,0.0,0.0,India-UK CETA,29/2026-Customs
52113150,All goods,0.0,0.0,0.0,India-UK CETA,29/2026-Customs
52113190,All goods,0.0,0.0,0.0,India-UK CETA,29/2026-Customs
52113210,All goods,0.0,0.0,0.0,India-UK CETA,29/2026-Customs
52113220,All goods,0.0,0.0,0.0,India-UK CETA,29/2026-Customs
52113230,All goods,0.0,0.0,0.0,India-UK CETA,29/2026-Customs
52113240,All goods,0.0,0.0,0.0,India-UK CETA,29/2026-Customs
52113290,All goods,0.0,0.0,0.0,India-UK CETA,29/2026-Customs
52113910,All goods,0.0,0.0,0.0,India-UK CETA,29/2026-Customs
52113990,All goods,0.0,0.0,0.0,India-UK CETA,29/2026-Customs
52114110,All goods,0.0,0.0,0.0,India-UK CETA,29/2026-Customs
52114120,All goods,0.0,0.0,0.0,India-UK CETA,29/2026-Customs
52114130,All goods,0.0,0.0,0.0,India-UK CETA,29/2026-Customs
52114140,All goods,0.0,0.0,0.0,India-UK CETA,29/2026-Customs
52114150,All goods,0.0,0.0,0.0,India-UK CETA,29/2026-Customs
52114160,All goods,0.0,0.0,0.0,India-UK CETA,29/2026-Customs
52114170,All goods,0.0,0.0,0.0,India-UK CETA,29/2026-Customs
52114190,All goods,0.0,0.0,0.0,India-UK CETA,29/2026-Customs
52114200,All goods,0.0,0.0,0.0,India-UK CETA,29/2026-Customs
52114310,All goods,0.0,0.0,0.0,India-UK CETA,29/2026-Customs
52114320,All goods,0.0,0.0,0.0,India-UK CETA,29/2026-Customs
52114330,All goods,0.0,0.0,0.0,India-UK CETA,29/2026-Customs
52114340,All goods,0.0,0.0,0.0,India-UK CETA,29/2026-Customs
52114390,All goods,0.0,0.0,0.0,India-UK CETA,29/2026-Customs
52114910,All goods,0.0,0.0,0.0,India-UK CETA,29/2026-Customs
52114990,All goods,0.0,0.0,0.0,India-UK CETA,29/2026-Customs
52115110,All goods,0.0,0.0,0.0,India-UK CETA,29/2026-Customs
52115120,All goods,0.0,0.0,0.0,India-UK CETA,29/2026-Customs
52115130,All goods,0.0,0.0,0.0,India-UK CETA,29/2026-Customs
52115140,All goods,0.0,0.0,0.0,India-UK CETA,29/2026-Customs
52115150,All goods,0.0,0.0,0.0,India-UK CETA,29/2026-Customs
52115190,All goods,0.0,0.0,0.0,India-UK CETA,29/2026-Customs
52115210,All goods,0.0,0.0,0.0,India-UK CETA,29/2026-Customs
52115220,All goods,0.0,0.0,0.0,India-UK CETA,29/2026-Customs
52115230,All goods,0.0,0.0,0.0,India-UK CETA,29/2026-Customs
52115290,All goods,0.0,0.0,0.0,India-UK CETA,29/2026-Customs
52115910,All goods,0.0,0.0,0.0,India-UK CETA,29/2026-Customs
52115990,All goods,0.0,0.0,0.0,India-UK CETA,29/2026-Customs
52121100,All goods,0.0,0.0,0.0,India-UK CETA,29/2026-Customs
52121200,All goods,0.0,0.0,0.0,India-UK CETA,29/2026-Customs
52121300,All goods,0.0,0.0,0.0,India-UK CETA,29/2026-Customs
52121400,All goods,0.0,0.0,0.0,India-UK CETA,29/2026-Customs
52121500,All goods,0.0,0.0,0.0,India-UK CETA,29/2026-Customs
52122100,All goods,0.0,0.0,0.0,India-UK CETA,29/2026-Customs
52122200,All goods,0.0,0.0,0.0,India-UK CETA,29/2026-Customs
52122300,All goods,0.0,0.0,0.0,India-UK CETA,29/2026-Customs
52122400,All goods,0.0,0.0,0.0,India-UK CETA,29/2026-Customs
52122500,All goods,0.0,0.0,0.0,India-UK CETA,29/2026-Customs
53011000,All goods,0.0,0.0,0.0,India-UK CETA,29/2026-Customs
53012100,All goods,0.0,0.0,0.0,India-UK CETA,29/2026-Customs
53012900,All goods,0.0,0.0,0.0,India-UK CETA,29/2026-Customs
53013000,All goods,0.0,0.0,0.0,India-UK CETA,29/2026-Customs
53021000,All goods,0.0,0.0,0.0,India-UK CETA,29/2026-Customs
53029000,All goods,0.0,0.0,0.0,India-UK CETA,29/2026-Customs
53031010,All goods,0.0,0.0,0.0,India-UK CETA,29/2026-Customs
53031090,All goods,0.0,0.0,0.0,India-UK CETA,29/2026-Customs
53039010,All goods,0.0,0.0,0.0,India-UK CETA,29/2026-Customs
53039090,All goods,0.0,0.0,0.0,India-UK CETA,29/2026-Customs
53050010,All goods,0.0,0.0,0.0,India-UK CETA,29/2026-Customs
53050030,All goods,0.0,0.0,0.0,India-UK CETA,29/2026-Customs
53050040,All goods,0.0,0.0,0.0,India-UK CETA,29/2026-Customs
53050050,All goods,0.0,0.0,0.0,India-UK CETA,29/2026-Customs
53050090,All goods,0.0,0.0,0.0,India-UK CETA,29/2026-Customs
53061010,All goods,0.0,0.0,0.0,India-UK CETA,29/2026-Customs
53061090,All goods,0.0,0.0,0.0,India-UK CETA,29/2026-Customs
53062010,All goods,0.0,0.0,0.0,India-UK CETA,29/2026-Customs
53062090,All goods,0.0,0.0,0.0,India-UK CETA,29/2026-Customs
53071010,All goods,0.0,0.0,0.0,India-UK CETA,29/2026-Customs
53071090,All goods,0.0,0.0,0.0,India-UK CETA,29/2026-Customs
53072000,All goods,0.0,0.0,0.0,India-UK CETA,29/2026-Customs
53081010,All goods,0.0,0.0,0.0,India-UK CETA,29/2026-Customs
53081020,All goods,0.0,0.0,0.0,India-UK CETA,29/2026-Customs
53081090,All goods,0.0,0.0,0.0,India-UK CETA,29/2026-Customs
53082000,All goods,0.0,0.0,0.0,India-UK CETA,29/2026-Customs
53089010,All goods,0.0,0.0,0.0,India-UK CETA,29/2026-Customs
53089090,All goods,0.0,0.0,0.0,India-UK CETA,29/2026-Customs
53091110,All goods,0.0,0.0,0.0,India-UK CETA,29/2026-Customs
53091120,All goods,0.0,0.0,0.0,India-UK CETA,29/2026-Customs
53091910,All goods,0.0,0.0,0.0,India-UK CETA,29/2026-Customs
53091920,All goods,0.0,0.0,0.0,India-UK CETA,29/2026-Customs
53091990,All goods,0.0,0.0,0.0,India-UK CETA,29/2026-Customs
53092110,All goods,0.0,0.0,0.0,India-UK CETA,29/2026-Customs
53092120,All goods,0.0,0.0,0.0,India-UK CETA,29/2026-Customs
53092910,All goods,0.0,0.0,0.0,India-UK CETA,29/2026-Customs
53092920,All goods,0.0,0.0,0.0,India-UK CETA,29/2026-Customs
53092990,All goods,0.0,0.0,0.0,India-UK CETA,29/2026-Customs
53101011,All goods,0.0,0.0,0.0,India-UK CETA,29/2026-Customs
53101012,All goods,0.0,0.0,0.0,India-UK CETA,29/2026-Customs
53101013,All goods,0.0,0.0,0.0,India-UK CETA,29/2026-Customs
53101014,All goods,0.0,0.0,0.0,India-UK CETA,29/2026-Customs
53101019,All goods,0.0,0.0,0.0,India-UK CETA,29/2026-Customs
53101091,All goods,0.0,0.0,0.0,India-UK CETA,29/2026-Customs
53101092,All goods,0.0,0.0,0.0,India-UK CETA,29/2026-Customs
53101093,All goods,0.0,0.0,0.0,India-UK CETA,29/2026-Customs
53101099,All goods,0.0,0.0,0.0,India-UK CETA,29/2026-Customs
53109010,All goods,0.0,0.0,0.0,India-UK CETA,29/2026-Customs
53109020,All goods,0.0,0.0,0.0,India-UK CETA,29/2026-Customs
53109091,All goods,0.0,0.0,0.0,India-UK CETA,29/2026-Customs
53109092,All goods,0.0,0.0,0.0,India-UK CETA,29/2026-Customs
53109093,All goods,0.0,0.0,0.0,India-UK CETA,29/2026-Customs
53109099,All goods,0.0,0.0,0.0,India-UK CETA,29/2026-Customs
53110011,All goods,0.0,0.0,0.0,India-UK CETA,29/2026-Customs
53110012,All goods,0.0,0.0,0.0,India-UK CETA,29/2026-Customs
53110013,All goods,0.0,0.0,0.0,India-UK CETA,29/2026-Customs
53110014,All goods,0.0,0.0,0.0,India-UK CETA,29/2026-Customs
53110015,All goods,0.0,0.0,0.0,India-UK CETA,29/2026-Customs
53110019,All goods,0.0,0.0,0.0,India-UK CETA,29/2026-Customs
53110021,All goods,0.0,0.0,0.0,India-UK CETA,29/2026-Customs
53110022,All goods,0.0,0.0,0.0,India-UK CETA,29/2026-Customs
53110023,All goods,0.0,0.0,0.0,India-UK CETA,29/2026-Customs
53110024,All goods,0.0,0.0,0.0,India-UK CETA,29/2026-Customs
53110029,All goods,0.0,0.0,0.0,India-UK CETA,29/2026-Customs
54011000,All goods,0.0,0.0,0.0,India-UK CETA,29/2026-Customs
54012000,All goods,0.0,0.0,0.0,India-UK CETA,29/2026-Customs
54021100,All goods,0.0,0.0,0.0,India-UK CETA,29/2026-Customs
54021910,All goods,0.0,0.0,0.0,India-UK CETA,29/2026-Customs
54021920,All goods,0.0,0.0,0.0,India-UK CETA,29/2026-Customs
54021990,All goods,0.0,0.0,0.0,India-UK CETA,29/2026-Customs
54022010,All goods,0.0,0.0,0.0,India-UK CETA,29/2026-Customs
54022090,All goods,0.0,0.0,0.0,India-UK CETA,29/2026-Customs
54023100,All goods,0.0,0.0,0.0,India-UK CETA,29/2026-Customs
54023200,All goods,0.0,0.0,0.0,India-UK CETA,29/2026-Customs
54023300,All goods,0.0,0.0,0.0,India-UK CETA,29/2026-Customs
54023400,All goods,0.0,0.0,0.0,India-UK CETA,29/2026-Customs
54023910,All goods,0.0,0.0,0.0,India-UK CETA,29/2026-Customs
54023920,All goods,0.0,0.0,0.0,India-UK CETA,29/2026-Customs
54023990,All goods,0.0,0.0,0.0,India-UK CETA,29/2026-Customs
54024400,All goods,0.0,0.0,0.0,India-UK CETA,29/2026-Customs
54024500,All goods,0.0,0.0,0.0,India-UK CETA,29/2026-Customs
54024600,All goods,0.0,0.0,0.0,India-UK CETA,29/2026-Customs
54024700,All goods,0.0,0.0,0.0,India-UK CETA,29/2026-Customs
54024800,All goods,0.0,0.0,0.0,India-UK CETA,29/2026-Customs
54024900,All goods,0.0,0.0,0.0,India-UK CETA,29/2026-Customs
54025100,All goods,0.0,0.0,0.0,India-UK CETA,29/2026-Customs
54025210,All goods,0.0,0.0,0.0,India-UK CETA,29/2026-Customs
54025290,All goods,0.0,0.0,0.0,India-UK CETA,29/2026-Customs
54025300,All goods,0.0,0.0,0.0,India-UK CETA,29/2026-Customs
54025900,All goods,0.0,0.0,0.0,India-UK CETA,29/2026-Customs
54026100,All goods,0.0,0.0,0.0,India-UK CETA,29/2026-Customs
54026200,All goods,0.0,0.0,0.0,India-UK CETA,29/2026-Customs
54026300,All goods,0.0,0.0,0.0,India-UK CETA,29/2026-Customs
54026910,All goods,0.0,0.0,0.0,India-UK CETA,29/2026-Customs
54026920,All goods,0.0,0.0,0.0,India-UK CETA,29/2026-Customs
54026940,All goods,0.0,0.0,0.0,India-UK CETA,29/2026-Customs
54026950,All goods,0.0,0.0,0.0,India-UK CETA,29/2026-Customs
54026960,All goods,0.0,0.0,0.0,India-UK CETA,29/2026-Customs
54026990,All goods,0.0,0.0,0.0,India-UK CETA,29/2026-Customs
54031010,All goods,0.0,0.0,0.0,India-UK CETA,29/2026-Customs
54031020,All goods,0.0,0.0,0.0,India-UK CETA,29/2026-Customs
54031090,All goods,0.0,0.0,0.0,India-UK CETA,29/2026-Customs
54033100,All goods,0.0,0.0,0.0,India-UK CETA,29/2026-Customs
54033200,All goods,0.0,0.0,0.0,India-UK CETA,29/2026-Customs
54033300,All goods,0.0,0.0,0.0,India-UK CETA,29/2026-Customs
54033910,All goods,0.0,0.0,0.0,India-UK CETA,29/2026-Customs
54033990,All goods,0.0,0.0,0.0,India-UK CETA,29/2026-Customs
54034110,All goods,0.0,0.0,0.0,India-UK CETA,29/2026-Customs
54034120,All goods,0.0,0.0,0.0,India-UK CETA,29/2026-Customs
54034130,All goods,0.0,0.0,0.0,India-UK CETA,29/2026-Customs
54034140,All goods,0.0,0.0,0.0,India-UK CETA,29/2026-Customs
54034150,All goods,0.0,0.0,0.0,India-UK CETA,29/2026-Customs
54034160,All goods,0.0,0.0,0.0,India-UK CETA,29/2026-Customs
54034170,All goods,0.0,0.0,0.0,India-UK CETA,29/2026-Customs
54034180,All goods,0.0,0.0,0.0,India-UK CETA,29/2026-Customs
54034190,All goods,0.0,0.0,0.0,India-UK CETA,29/2026-Customs
54034210,All goods,0.0,0.0,0.0,India-UK CETA,29/2026-Customs
54034220,All goods,0.0,0.0,0.0,India-UK CETA,29/2026-Customs
54034230,All goods,0.0,0.0,0.0,India-UK CETA,29/2026-Customs
54034240,All goods,0.0,0.0,0.0,India-UK CETA,29/2026-Customs
54034250,All goods,0.0,0.0,0.0,India-UK CETA,29/2026-Customs
54034290,All goods,0.0,0.0,0.0,India-UK CETA,29/2026-Customs
54034911,All goods,0.0,0.0,0.0,India-UK CETA,29/2026-Customs
54034912,All goods,0.0,0.0,0.0,India-UK CETA,29/2026-Customs
54034913,All goods,0.0,0.0,0.0,India-UK CETA,29/2026-Customs
54034914,All goods,0.0,0.0,0.0,India-UK CETA,29/2026-Customs
54034915,All goods,0.0,0.0,0.0,India-UK CETA,29/2026-Customs
54034919,All goods,0.0,0.0,0.0,India-UK CETA,29/2026-Customs
54034990,All goods,0.0,0.0,0.0,India-UK CETA,29/2026-Customs
54041100,All goods,0.0,0.0,0.0,India-UK CETA,29/2026-Customs
54041200,All goods,0.0,0.0,0.0,India-UK CETA,29/2026-Customs
54041910,All goods,0.0,0.0,0.0,India-UK CETA,29/2026-Customs
54041920,All goods,0.0,0.0,0.0,India-UK CETA,29/2026-Customs
54041990,All goods,0.0,0.0,0.0,India-UK CETA,29/2026-Customs
54049010,All goods,0.0,0.0,0.0,India-UK CETA,29/2026-Customs
54049020,All goods,0.0,0.0,0.0,India-UK CETA,29/2026-Customs
54049090,All goods,0.0,0.0,0.0,India-UK CETA,29/2026-Customs
54050000,All goods,0.0,0.0,0.0,India-UK CETA,29/2026-Customs
54060010,All goods,0.0,0.0,0.0,India-UK CETA,29/2026-Customs
54060020,All goods,0.0,0.0,0.0,India-UK CETA,29/2026-Customs
54071011,All goods,0.0,0.0,0.0,India-UK CETA,29/2026-Customs
54071012,All goods,0.0,0.0,0.0,India-UK CETA,29/2026-Customs
54071013,All goods,0.0,0.0,0.0,India-UK CETA,29/2026-Customs
54071014,All goods,0.0,0.0,0.0,India-UK CETA,29/2026-Customs
54071015,All goods,0.0,0.0,0.0,India-UK CETA,29/2026-Customs
54071016,All goods,0.0,0.0,0.0,India-UK CETA,29/2026-Customs
54071019,All goods,0.0,0.0,0.0,India-UK CETA,29/2026-Customs
54071021,All goods,0.0,0.0,0.0,India-UK CETA,29/2026-Customs
54071022,All goods,0.0,0.0,0.0,India-UK CETA,29/2026-Customs
54071023,All goods,0.0,0.0,0.0,India-UK CETA,29/2026-Customs
54071024,All goods,0.0,0.0,0.0,India-UK CETA,29/2026-Customs
54071025,All goods,0.0,0.0,0.0,India-UK CETA,29/2026-Customs
54071026,All goods,0.0,0.0,0.0,India-UK CETA,29/2026-Customs
54071029,All goods,0.0,0.0,0.0,India-UK CETA,29/2026-Customs
54071031,All goods,0.0,0.0,0.0,India-UK CETA,29/2026-Customs
54071032,All goods,0.0,0.0,0.0,India-UK CETA,29/2026-Customs
54071033,All goods,0.0,0.0,0.0,India-UK CETA,29/2026-Customs
54071034,All goods,0.0,0.0,0.0,India-UK CETA,29/2026-Customs
54071035,All goods,0.0,0.0,0.0,India-UK CETA,29/2026-Customs
54071036,All goods,0.0,0.0,0.0,India-UK CETA,29/2026-Customs
54071039,All goods,0.0,0.0,0.0,India-UK CETA,29/2026-Customs
54071041,All goods,0.0,0.0,0.0,India-UK CETA,29/2026-Customs
54071042,All goods,0.0,0.0,0.0,India-UK CETA,29/2026-Customs
54071043,All goods,0.0,0.0,0.0,India-UK CETA,29/2026-Customs
54071044,All goods,0.0,0.0,0.0,India-UK CETA,29/2026-Customs
54071045,All goods,0.0,0.0,0.0,India-UK CETA,29/2026-Customs
54071046,All goods,0.0,0.0,0.0,India-UK CETA,29/2026-Customs
54071049,All goods,0.0,0.0,0.0,India-UK CETA,29/2026-Customs
54071091,All goods,0.0,0.0,0.0,India-UK CETA,29/2026-Customs
54071092,All goods,0.0,0.0,0.0,India-UK CETA,29/2026-Customs
54071093,All goods,0.0,0.0,0.0,India-UK CETA,29/2026-Customs
54071094,All goods,0.0,0.0,0.0,India-UK CETA,29/2026-Customs
54071095,All goods,0.0,0.0,0.0,India-UK CETA,29/2026-Customs
54071096,All goods,0.0,0.0,0.0,India-UK CETA,29/2026-Customs
54071099,All goods,0.0,0.0,0.0,India-UK CETA,29/2026-Customs
54072010,All goods,0.0,0.0,0.0,India-UK CETA,29/2026-Customs
54072020,All goods,0.0,0.0,0.0,India-UK CETA,29/2026-Customs
54072030,All goods,0.0,0.0,0.0,India-UK CETA,29/2026-Customs
54072040,All goods,0.0,0.0,0.0,India-UK CETA,29/2026-Customs
54072090,All goods,0.0,0.0,0.0,India-UK CETA,29/2026-Customs
54073010,All goods,0.0,0.0,0.0,India-UK CETA,29/2026-Customs
54073020,All goods,0.0,0.0,0.0,India-UK CETA,29/2026-Customs
54073030,All goods,0.0,0.0,0.0,India-UK CETA,29/2026-Customs
54073040,All goods,0.0,0.0,0.0,India-UK CETA,29/2026-Customs
54073090,All goods,0.0,0.0,0.0,India-UK CETA,29/2026-Customs
54074111,All goods,0.0,0.0,0.0,India-UK CETA,29/2026-Customs
54074112,All goods,0.0,0.0,0.0,India-UK CETA,29/2026-Customs
54074113,All goods,0.0,0.0,0.0,India-UK CETA,29/2026-Customs
54074114,All goods,0.0,0.0,0.0,India-UK CETA,29/2026-Customs
54074119,All goods,0.0,0.0,0.0,India-UK CETA,29/2026-Customs
54074121,All goods,0.0,0.0,0.0,India-UK CETA,29/2026-Customs
54074122,All goods,0.0,0.0,0.0,India-UK CETA,29/2026-Customs
54074123,All goods,0.0,0.0,0.0,India-UK CETA,29/2026-Customs
54074124,All goods,0.0,0.0,0.0,India-UK CETA,29/2026-Customs
54074129,All goods,0.0,0.0,0.0,India-UK CETA,29/2026-Customs
54074210,All goods,0.0,0.0,0.0,India-UK CETA,29/2026-Customs
54074220,All goods,0.0,0.0,0.0,India-UK CETA,29/2026-Customs
54074230,All goods,0.0,0.0,0.0,India-UK CETA,29/2026-Customs
54074240,All goods,0.0,0.0,0.0,India-UK CETA,29/2026-Customs
54074290,All goods,0.0,0.0,0.0,India-UK CETA,29/2026-Customs
54074300,All goods,0.0,0.0,0.0,India-UK CETA,29/2026-Customs
54074410,All goods,0.0,0.0,0.0,India-UK CETA,29/2026-Customs
54074420,All goods,0.0,0.0,0.0,India-UK CETA,29/2026-Customs
54074430,All goods,0.0,0.0,0.0,India-UK CETA,29/2026-Customs
54074440,All goods,0.0,0.0,0.0,India-UK CETA,29/2026-Customs
54074490,All goods,0.0,0.0,0.0,India-UK CETA,29/2026-Customs
54075111,All goods,0.0,0.0,0.0,India-UK CETA,29/2026-Customs
54075119,All goods,0.0,0.0,0.0,India-UK CETA,29/2026-Customs
54075121,All goods,0.0,0.0,0.0,India-UK CETA,29/2026-Customs
54075129,All goods,0.0,0.0,0.0,India-UK CETA,29/2026-Customs
54075210,All goods,0.0,0.0,0.0,India-UK CETA,29/2026-Customs
54075220,All goods,0.0,0.0,0.0,India-UK CETA,29/2026-Customs
54075230,All goods,0.0,0.0,0.0,India-UK CETA,29/2026-Customs
54075240,All goods,0.0,0.0,0.0,India-UK CETA,29/2026-Customs
54075290,All goods,0.0,0.0,0.0,India-UK CETA,29/2026-Customs
54075300,All goods,0.0,0.0,0.0,India-UK CETA,29/2026-Customs
54075410,All goods,0.0,0.0,0.0,India-UK CETA,29/2026-Customs
54075420,All goods,0.0,0.0,0.0,India-UK CETA,29/2026-Customs
54075430,All goods,0.0,0.0,0.0,India-UK CETA,29/2026-Customs
54075490,All goods,0.0,0.0,0.0,India-UK CETA,29/2026-Customs
54076110,All goods,0.0,0.0,0.0,India-UK CETA,29/2026-Customs
54076120,All goods,0.0,0.0,0.0,India-UK CETA,29/2026-Customs
54076190,All goods,0.0,0.0,0.0,India-UK CETA,29/2026-Customs
54076900,All goods,0.0,0.0,0.0,India-UK CETA,29/2026-Customs
54077110,All goods,0.0,0.0,0.0,India-UK CETA,29/2026-Customs
54077120,All goods,0.0,0.0,0.0,India-UK CETA,29/2026-Customs
54077200,All goods,0.0,0.0,0.0,India-UK CETA,29/2026-Customs
54077300,All goods,0.0,0.0,0.0,India-UK CETA,29/2026-Customs
54077400,All goods,0.0,0.0,0.0,India-UK CETA,29/2026-Customs
54078111,All goods,0.0,0.0,0.0,India-UK CETA,29/2026-Customs
54078112,All goods,0.0,0.0,0.0,India-UK CETA,29/2026-Customs
54078113,All goods,0.0,0.0,0.0,India-UK CETA,29/2026-Customs
54078114,All goods,0.0,0.0,0.0,India-UK CETA,29/2026-Customs
54078115,All goods,0.0,0.0,0.0,India-UK CETA,29/2026-Customs
54078116,All goods,0.0,0.0,0.0,India-UK CETA,29/2026-Customs
54078119,All goods,0.0,0.0,0.0,India-UK CETA,29/2026-Customs
54078121,All goods,0.0,0.0,0.0,India-UK CETA,29/2026-Customs
54078122,All goods,0.0,0.0,0.0,India-UK CETA,29/2026-Customs
54078123,All goods,0.0,0.0,0.0,India-UK CETA,29/2026-Customs
54078124,All goods,0.0,0.0,0.0,India-UK CETA,29/2026-Customs
54078125,All goods,0.0,0.0,0.0,India-UK CETA,29/2026-Customs
54078126,All goods,0.0,0.0,0.0,India-UK CETA,29/2026-Customs
54078129,All goods,0.0,0.0,0.0,India-UK CETA,29/2026-Customs
54078210,All goods,0.0,0.0,0.0,India-UK CETA,29/2026-Customs
54078220,All goods,0.0,0.0,0.0,India-UK CETA,29/2026-Customs
54078230,All goods,0.0,0.0,0.0,India-UK CETA,29/2026-Customs
54078240,All goods,0.0,0.0,0.0,India-UK CETA,29/2026-Customs
54078250,All goods,0.0,0.0,0.0,India-UK CETA,29/2026-Customs
54078260,All goods,0.0,0.0,0.0,India-UK CETA,29/2026-Customs
54078290,All goods,0.0,0.0,0.0,India-UK CETA,29/2026-Customs
54078300,All goods,0.0,0.0,0.0,India-UK CETA,29/2026-Customs
54078410,All goods,0.0,0.0,0.0,India-UK CETA,29/2026-Customs
54078420,All goods,0.0,0.0,0.0,India-UK CETA,29/2026-Customs
54078430,All goods,0.0,0.0,0.0,India-UK CETA,29/2026-Customs
54078440,All goods,0.0,0.0,0.0,India-UK CETA,29/2026-Customs
54078450,All goods,0.0,0.0,0.0,India-UK CETA,29/2026-Customs
54078460,All goods,0.0,0.0,0.0,India-UK CETA,29/2026-Customs
54078470,All goods,0.0,0.0,0.0,India-UK CETA,29/2026-Customs
54078490,All goods,0.0,0.0,0.0,India-UK CETA,29/2026-Customs
54079110,All goods,0.0,0.0,0.0,India-UK CETA,29/2026-Customs
54079120,All goods,0.0,0.0,0.0,India-UK CETA,29/2026-Customs
54079200,All goods,0.0,0.0,0.0,India-UK CETA,29/2026-Customs
54079300,All goods,0.0,0.0,0.0,India-UK CETA,29/2026-Customs
54079400,All goods,0.0,0.0,0.0,India-UK CETA,29/2026-Customs
54081000,All goods,0.0,0.0,0.0,India-UK CETA,29/2026-Customs
54082110,All goods,0.0,0.0,0.0,India-UK CETA,29/2026-Customs
54082120,All goods,0.0,0.0,0.0,India-UK CETA,29/2026-Customs
54082211,All goods,0.0,0.0,0.0,India-UK CETA,29/2026-Customs
54082212,All goods,0.0,0.0,0.0,India-UK CETA,29/2026-Customs
54082213,All goods,0.0,0.0,0.0,India-UK CETA,29/2026-Customs
54082214,All goods,0.0,0.0,0.0,India-UK CETA,29/2026-Customs
54082215,All goods,0.0,0.0,0.0,India-UK CETA,29/2026-Customs
54082216,All goods,0.0,0.0,0.0,India-UK CETA,29/2026-Customs
54082217,All goods,0.0,0.0,0.0,India-UK CETA,29/2026-Customs
54082218,All goods,0.0,0.0,0.0,India-UK CETA,29/2026-Customs
54082219,All goods,0.0,0.0,0.0,India-UK CETA,29/2026-Customs
54082220,All goods,0.0,0.0,0.0,India-UK CETA,29/2026-Customs
54082290,All goods,0.0,0.0,0.0,India-UK CETA,29/2026-Customs
54082300,All goods,0.0,0.0,0.0,India-UK CETA,29/2026-Customs
54082411,All goods,0.0,0.0,0.0,India-UK CETA,29/2026-Customs
54082412,All goods,0.0,0.0,0.0,India-UK CETA,29/2026-Customs
54082413,All goods,0.0,0.0,0.0,India-UK CETA,29/2026-Customs
54082414,All goods,0.0,0.0,0.0,India-UK CETA,29/2026-Customs
54082415,All goods,0.0,0.0,0.0,India-UK CETA,29/2026-Customs
54082416,All goods,0.0,0.0,0.0,India-UK CETA,29/2026-Customs
54082417,All goods,0.0,0.0,0.0,India-UK CETA,29/2026-Customs
54082418,All goods,0.0,0.0,0.0,India-UK CETA,29/2026-Customs
54082419,All goods,0.0,0.0,0.0,India-UK CETA,29/2026-Customs
54082490,All goods,0.0,0.0,0.0,India-UK CETA,29/2026-Customs
54083110,All goods,0.0,0.0,0.0,India-UK CETA,29/2026-Customs
54083120,All goods,0.0,0.0,0.0,India-UK CETA,29/2026-Customs
54083211,All goods,0.0,0.0,0.0,India-UK CETA,29/2026-Customs
54083212,All goods,0.0,0.0,0.0,India-UK CETA,29/2026-Customs
54083213,All goods,0.0,0.0,0.0,India-UK CETA,29/2026-Customs
54083214,All goods,0.0,0.0,0.0,India-UK CETA,29/2026-Customs
54083215,All goods,0.0,0.0,0.0,India-UK CETA,29/2026-Customs
54083219,All goods,0.0,0.0,0.0,India-UK CETA,29/2026-Customs
54083290,All goods,0.0,0.0,0.0,India-UK CETA,29/2026-Customs
54083300,All goods,0.0,0.0,0.0,India-UK CETA,29/2026-Customs
54083411,All goods,0.0,0.0,0.0,India-UK CETA,29/2026-Customs
54083412,All goods,0.0,0.0,0.0,India-UK CETA,29/2026-Customs
54083413,All goods,0.0,0.0,0.0,India-UK CETA,29/2026-Customs
54083414,All goods,0.0,0.0,0.0,India-UK CETA,29/2026-Customs
54083415,All goods,0.0,0.0,0.0,India-UK CETA,29/2026-Customs
54083416,All goods,0.0,0.0,0.0,India-UK CETA,29/2026-Customs
54083417,All goods,0.0,0.0,0.0,India-UK CETA,29/2026-Customs
54083418,All goods,0.0,0.0,0.0,India-UK CETA,29/2026-Customs
54083419,All goods,0.0,0.0,0.0,India-UK CETA,29/2026-Customs
54083420,All goods,0.0,0.0,0.0,India-UK CETA,29/2026-Customs
54083490,All goods,0.0,0.0,0.0,India-UK CETA,29/2026-Customs
55011100,All goods,0.0,0.0,0.0,India-UK CETA,29/2026-Customs
55011900,All goods,0.0,0.0,0.0,India-UK CETA,29/2026-Customs
55012000,All goods,0.0,0.0,0.0,India-UK CETA,29/2026-Customs
55013000,All goods,0.0,0.0,0.0,India-UK CETA,29/2026-Customs
55014000,All goods,0.0,0.0,0.0,India-UK CETA,29/2026-Customs
55019010,All goods,0.0,0.0,0.0,India-UK CETA,29/2026-Customs
55019090,All goods,0.0,0.0,0.0,India-UK CETA,29/2026-Customs
55021010,All goods,0.0,0.0,0.0,India-UK CETA,29/2026-Customs
55021090,All goods,0.0,0.0,0.0,India-UK CETA,29/2026-Customs
55029010,All goods,0.0,0.0,0.0,India-UK CETA,29/2026-Customs
55029090,All goods,0.0,0.0,0.0,India-UK CETA,29/2026-Customs
55031110,All goods,0.0,0.0,0.0,India-UK CETA,29/2026-Customs
55031120,All goods,0.0,0.0,0.0,India-UK CETA,29/2026-Customs
55031190,All goods,0.0,0.0,0.0,India-UK CETA,29/2026-Customs
55031910,All goods,0.0,0.0,0.0,India-UK CETA,29/2026-Customs
55031920,All goods,0.0,0.0,0.0,India-UK CETA,29/2026-Customs
55031930,All goods,0.0,0.0,0.0,India-UK CETA,29/2026-Customs
55031990,All goods,0.0,0.0,0.0,India-UK CETA,29/2026-Customs
55032000,All goods,0.0,0.0,0.0,India-UK CETA,29/2026-Customs
55033010,All goods,0.0,0.0,0.0,India-UK CETA,29/2026-Customs
55033090,All goods,0.0,0.0,0.0,India-UK CETA,29/2026-Customs
55034000,All goods,0.0,0.0,0.0,India-UK CETA,29/2026-Customs
55039010,All goods,0.0,0.0,0.0,India-UK CETA,29/2026-Customs
55039020,All goods,0.0,0.0,0.0,India-UK CETA,29/2026-Customs
55039030,All goods,0.0,0.0,0.0,India-UK CETA,29/2026-Customs
55039090,All goods,0.0,0.0,0.0,India-UK CETA,29/2026-Customs
55041011,All goods,0.0,0.0,0.0,India-UK CETA,29/2026-Customs
55041019,All goods,0.0,0.0,0.0,India-UK CETA,29/2026-Customs
55041021,All goods,0.0,0.0,0.0,India-UK CETA,29/2026-Customs
55041029,All goods,0.0,0.0,0.0,India-UK CETA,29/2026-Customs
55041090,All goods,0.0,0.0,0.0,India-UK CETA,29/2026-Customs
55049010,All goods,0.0,0.0,0.0,India-UK CETA,29/2026-Customs
55049020,All goods,0.0,0.0,0.0,India-UK CETA,29/2026-Customs
55049030,All goods,0.0,0.0,0.0,India-UK CETA,29/2026-Customs
55051010,All goods,0.0,0.0,0.0,India-UK CETA,29/2026-Customs
55051090,All goods,0.0,0.0,0.0,India-UK CETA,29/2026-Customs
55052000,All goods,0.0,0.0,0.0,India-UK CETA,29/2026-Customs
55061000,All goods,0.0,0.0,0.0,India-UK CETA,29/2026-Customs
55062000,All goods,0.0,0.0,0.0,India-UK CETA,29/2026-Customs
55063000,All goods,0.0,0.0,0.0,India-UK CETA,29/2026-Customs
55064000,All goods,0.0,0.0,0.0,India-UK CETA,29/2026-Customs
55069010,All goods,0.0,0.0,0.0,India-UK CETA,29/2026-Customs
55069090,All goods,0.0,0.0,0.0,India-UK CETA,29/2026-Customs
55070010,All goods,0.0,0.0,0.0,India-UK CETA,29/2026-Customs
55070020,All goods,0.0,0.0,0.0,India-UK CETA,29/2026-Customs
55070030,All goods,0.0,0.0,0.0,India-UK CETA,29/2026-Customs
55070040,All goods,0.0,0.0,0.0,India-UK CETA,29/2026-Customs
55070090,All goods,0.0,0.0,0.0,India-UK CETA,29/2026-Customs
55081000,All goods,0.0,0.0,0.0,India-UK CETA,29/2026-Customs
55082000,All goods,0.0,0.0,0.0,India-UK CETA,29/2026-Customs
55091100,All goods,0.0,0.0,0.0,India-UK CETA,29/2026-Customs
55091200,All goods,0.0,0.0,0.0,India-UK CETA,29/2026-Customs
55092100,All goods,0.0,0.0,0.0,India-UK CETA,29/2026-Customs
55092200,All goods,0.0,0.0,0.0,India-UK CETA,29/2026-Customs
55093100,All goods,0.0,0.0,0.0,India-UK CETA,29/2026-Customs
55093200,All goods,0.0,0.0,0.0,India-UK CETA,29/2026-Customs
55094110,All goods,0.0,0.0,0.0,India-UK CETA,29/2026-Customs
55094120,All goods,0.0,0.0,0.0,India-UK CETA,29/2026-Customs
55094130,All goods,0.0,0.0,0.0,India-UK CETA,29/2026-Customs
55094190,All goods,0.0,0.0,0.0,India-UK CETA,29/2026-Customs
55094210,All goods,0.0,0.0,0.0,India-UK CETA,29/2026-Customs
55094220,All goods,0.0,0.0,0.0,India-UK CETA,29/2026-Customs
55094230,All goods,0.0,0.0,0.0,India-UK CETA,29/2026-Customs
55094290,All goods,0.0,0.0,0.0,India-UK CETA,29/2026-Customs
55095100,All goods,0.0,0.0,0.0,India-UK CETA,29/2026-Customs
55095200,All goods,0.0,0.0,0.0,India-UK CETA,29/2026-Customs
55095300,All goods,0.0,0.0,0.0,India-UK CETA,29/2026-Customs
55095900,All goods,0.0,0.0,0.0,India-UK CETA,29/2026-Customs
55096100,All goods,0.0,0.0,0.0,India-UK CETA,29/2026-Customs
55096200,All goods,0.0,0.0,0.0,India-UK CETA,29/2026-Customs
55096900,All goods,0.0,0.0,0.0,India-UK CETA,29/2026-Customs
55099100,All goods,0.0,0.0,0.0,India-UK CETA,29/2026-Customs
55099200,All goods,0.0,0.0,0.0,India-UK CETA,29/2026-Customs
55099910,All goods,0.0,0.0,0.0,India-UK CETA,29/2026-Customs
55099990,All goods,0.0,0.0,0.0,India-UK CETA,29/2026-Customs
55101110,All goods,0.0,0.0,0.0,India-UK CETA,29/2026-Customs
55101120,All goods,0.0,0.0,0.0,India-UK CETA,29/2026-Customs
55101190,All goods,0.0,0.0,0.0,India-UK CETA,29/2026-Customs
55101210,All goods,0.0,0.0,0.0,India-UK CETA,29/2026-Customs
55101220,All goods,0.0,0.0,0.0,India-UK CETA,29/2026-Customs
55101290,All goods,0.0,0.0,0.0,India-UK CETA,29/2026-Customs
55102010,All goods,0.0,0.0,0.0,India-UK CETA,29/2026-Customs
55102020,All goods,0.0,0.0,0.0,India-UK CETA,29/2026-Customs
55102090,All goods,0.0,0.0,0.0,India-UK CETA,29/2026-Customs
55103010,All goods,0.0,0.0,0.0,India-UK CETA,29/2026-Customs
55103020,All goods,0.0,0.0,0.0,India-UK CETA,29/2026-Customs
55103090,All goods,0.0,0.0,0.0,India-UK CETA,29/2026-Customs
55109010,All goods,0.0,0.0,0.0,India-UK CETA,29/2026-Customs
55109020,All goods,0.0,0.0,0.0,India-UK CETA,29/2026-Customs
55109030,All goods,0.0,0.0,0.0,India-UK CETA,29/2026-Customs
55109090,All goods,0.0,0.0,0.0,India-UK CETA,29/2026-Customs
55111000,All goods,0.0,0.0,0.0,India-UK CETA,29/2026-Customs
55112000,All goods,0.0,0.0,0.0,India-UK CETA,29/2026-Customs
55113010,All goods,0.0,0.0,0.0,India-UK CETA,29/2026-Customs
55113090,All goods,0.0,0.0,0.0,India-UK CETA,29/2026-Customs
55121110,All goods,0.0,0.0,0.0,India-UK CETA,29/2026-Customs
55121120,All goods,0.0,0.0,0.0,India-UK CETA,29/2026-Customs
55121910,All goods,0.0,0.0,0.0,India-UK CETA,29/2026-Customs
55121920,All goods,0.0,0.0,0.0,India-UK CETA,29/2026-Customs
55121990,All goods,0.0,0.0,0.0,India-UK CETA,29/2026-Customs
55122110,All goods,0.0,0.0,0.0,India-UK CETA,29/2026-Customs
55122120,All goods,0.0,0.0,0.0,India-UK CETA,29/2026-Customs
55122910,All goods,0.0,0.0,0.0,India-UK CETA,29/2026-Customs
55122920,All goods,0.0,0.0,0.0,India-UK CETA,29/2026-Customs
55122990,All goods,0.0,0.0,0.0,India-UK CETA,29/2026-Customs
55129110,All goods,0.0,0.0,0.0,India-UK CETA,29/2026-Customs
55129120,All goods,0.0,0.0,0.0,India-UK CETA,29/2026-Customs
55129910,All goods,0.0,0.0,0.0,India-UK CETA,29/2026-Customs
55129920,All goods,0.0,0.0,0.0,India-UK CETA,29/2026-Customs
55129990,All goods,0.0,0.0,0.0,India-UK CETA,29/2026-Customs
55131110,All goods,0.0,0.0,0.0,India-UK CETA,29/2026-Customs
55131120,All goods,0.0,0.0,0.0,India-UK CETA,29/2026-Customs
55131210,All goods,0.0,0.0,0.0,India-UK CETA,29/2026-Customs
55131220,All goods,0.0,0.0,0.0,India-UK CETA,29/2026-Customs
55131310,All goods,0.0,0.0,0.0,India-UK CETA,29/2026-Customs
55131320,All goods,0.0,0.0,0.0,India-UK CETA,29/2026-Customs
55131910,All goods,0.0,0.0,0.0,India-UK CETA,29/2026-Customs
55131920,All goods,0.0,0.0,0.0,India-UK CETA,29/2026-Customs
55132100,All goods,0.0,0.0,0.0,India-UK CETA,29/2026-Customs
55132300,All goods,0.0,0.0,0.0,India-UK CETA,29/2026-Customs
55132900,All goods,0.0,0.0,0.0,India-UK CETA,29/2026-Customs
55133100,All goods,0.0,0.0,0.0,India-UK CETA,29/2026-Customs
55133900,All goods,0.0,0.0,0.0,India-UK CETA,29/2026-Customs
55134100,All goods,0.0,0.0,0.0,India-UK CETA,29/2026-Customs
55134900,All goods,0.0,0.0,0.0,India-UK CETA,29/2026-Customs
55141110,All goods,0.0,0.0,0.0,India-UK CETA,29/2026-Customs
55141120,All goods,0.0,0.0,0.0,India-UK CETA,29/2026-Customs
55141210,All goods,0.0,0.0,0.0,India-UK CETA,29/2026-Customs
55141220,All goods,0.0,0.0,0.0,India-UK CETA,29/2026-Customs
55141910,All goods,0.0,0.0,0.0,India-UK CETA,29/2026-Customs
55141920,All goods,0.0,0.0,0.0,India-UK CETA,29/2026-Customs
55142100,All goods,0.0,0.0,0.0,India-UK CETA,29/2026-Customs
55142200,All goods,0.0,0.0,0.0,India-UK CETA,29/2026-Customs
55142300,All goods,0.0,0.0,0.0,India-UK CETA,29/2026-Customs
55142900,All goods,0.0,0.0,0.0,India-UK CETA,29/2026-Customs
55143011,All goods,0.0,0.0,0.0,India-UK CETA,29/2026-Customs
55143012,All goods,0.0,0.0,0.0,India-UK CETA,29/2026-Customs
55143013,All goods,0.0,0.0,0.0,India-UK CETA,29/2026-Customs
55143019,All goods,0.0,0.0,0.0,India-UK CETA,29/2026-Customs
55144100,All goods,0.0,0.0,0.0,India-UK CETA,29/2026-Customs
55144200,All goods,0.0,0.0,0.0,India-UK CETA,29/2026-Customs
55144300,All goods,0.0,0.0,0.0,India-UK CETA,29/2026-Customs
55144900,All goods,0.0,0.0,0.0,India-UK CETA,29/2026-Customs
55151110,All goods,0.0,0.0,0.0,India-UK CETA,29/2026-Customs
55151120,All goods,0.0,0.0,0.0,India-UK CETA,29/2026-Customs
55151130,All goods,0.0,0.0,0.0,India-UK CETA,29/2026-Customs
55151140,All goods,0.0,0.0,0.0,India-UK CETA,29/2026-Customs
55151190,All goods,0.0,0.0,0.0,India-UK CETA,29/2026-Customs
55151210,All goods,0.0,0.0,0.0,India-UK CETA,29/2026-Customs
55151220,All goods,0.0,0.0,0.0,India-UK CETA,29/2026-Customs
55151230,All goods,0.0,0.0,0.0,India-UK CETA,29/2026-Customs
55151240,All goods,0.0,0.0,0.0,India-UK CETA,29/2026-Customs
55151290,All goods,0.0,0.0,0.0,India-UK CETA,29/2026-Customs
55151310,All goods,0.0,0.0,0.0,India-UK CETA,29/2026-Customs
55151320,All goods,0.0,0.0,0.0,India-UK CETA,29/2026-Customs
55151330,All goods,0.0,0.0,0.0,India-UK CETA,29/2026-Customs
55151340,All goods,0.0,0.0,0.0,India-UK CETA,29/2026-Customs
55151390,All goods,0.0,0.0,0.0,India-UK CETA,29/2026-Customs
55151910,All goods,0.0,0.0,0.0,India-UK CETA,29/2026-Customs
55151920,All goods,0.0,0.0,0.0,India-UK CETA,29/2026-Customs
55151930,All goods,0.0,0.0,0.0,India-UK CETA,29/2026-Customs
55151940,All goods,0.0,0.0,0.0,India-UK CETA,29/2026-Customs
55151990,All goods,0.0,0.0,0.0,India-UK CETA,29/2026-Customs
55152110,All goods,0.0,0.0,0.0,India-UK CETA,29/2026-Customs
55152120,All goods,0.0,0.0,0.0,India-UK CETA,29/2026-Customs
55152130,All goods,0.0,0.0,0.0,India-UK CETA,29/2026-Customs
55152140,All goods,0.0,0.0,0.0,India-UK CETA,29/2026-Customs
55152190,All goods,0.0,0.0,0.0,India-UK CETA,29/2026-Customs
55152210,All goods,0.0,0.0,0.0,India-UK CETA,29/2026-Customs
55152220,All goods,0.0,0.0,0.0,India-UK CETA,29/2026-Customs
55152230,All goods,0.0,0.0,0.0,India-UK CETA,29/2026-Customs
55152240,All goods,0.0,0.0,0.0,India-UK CETA,29/2026-Customs
55152290,All goods,0.0,0.0,0.0,India-UK CETA,29/2026-Customs
55152910,All goods,0.0,0.0,0.0,India-UK CETA,29/2026-Customs
55152920,All goods,0.0,0.0,0.0,India-UK CETA,29/2026-Customs
55152930,All goods,0.0,0.0,0.0,India-UK CETA,29/2026-Customs
55152940,All goods,0.0,0.0,0.0,India-UK CETA,29/2026-Customs
55152990,All goods,0.0,0.0,0.0,India-UK CETA,29/2026-Customs
55159110,All goods,0.0,0.0,0.0,India-UK CETA,29/2026-Customs
55159120,All goods,0.0,0.0,0.0,India-UK CETA,29/2026-Customs
55159130,All goods,0.0,0.0,0.0,India-UK CETA,29/2026-Customs
55159140,All goods,0.0,0.0,0.0,India-UK CETA,29/2026-Customs
55159190,All goods,0.0,0.0,0.0,India-UK CETA,29/2026-Customs
55159910,All goods,0.0,0.0,0.0,India-UK CETA,29/2026-Customs
55159920,All goods,0.0,0.0,0.0,India-UK CETA,29/2026-Customs
55159930,All goods,0.0,0.0,0.0,India-UK CETA,29/2026-Customs
55159940,All goods,0.0,0.0,0.0,India-UK CETA,29/2026-Customs
55159950,All goods,0.0,0.0,0.0,India-UK CETA,29/2026-Customs
55159990,All goods,0.0,0.0,0.0,India-UK CETA,29/2026-Customs
55161110,All goods,0.0,0.0,0.0,India-UK CETA,29/2026-Customs
55161120,All goods,0.0,0.0,0.0,India-UK CETA,29/2026-Customs
55161200,All goods,0.0,0.0,0.0,India-UK CETA,29/2026-Customs
55161300,All goods,0.0,0.0,0.0,India-UK CETA,29/2026-Customs
55161410,All goods,0.0,0.0,0.0,India-UK CETA,29/2026-Customs
55161420,All goods,0.0,0.0,0.0,India-UK CETA,29/2026-Customs
55161490,All goods,0.0,0.0,0.0,India-UK CETA,29/2026-Customs
55162110,All goods,0.0,0.0,0.0,India-UK CETA,29/2026-Customs
55162120,All goods,0.0,0.0,0.0,India-UK CETA,29/2026-Customs
55162200,All goods,0.0,0.0,0.0,India-UK CETA,29/2026-Customs
55162300,All goods,0.0,0.0,0.0,India-UK CETA,29/2026-Customs
55162400,All goods,0.0,0.0,0.0,India-UK CETA,29/2026-Customs
55163110,All goods,0.0,0.0,0.0,India-UK CETA,29/2026-Customs
55163120,All goods,0.0,0.0,0.0,India-UK CETA,29/2026-Customs
55163200,All goods,0.0,0.0,0.0,India-UK CETA,29/2026-Customs
55163300,All goods,0.0,0.0,0.0,India-UK CETA,29/2026-Customs
55163400,All goods,0.0,0.0,0.0,India-UK CETA,29/2026-Customs
55164110,All goods,0.0,0.0,0.0,India-UK CETA,29/2026-Customs
55164120,All goods,0.0,0.0,0.0,India-UK CETA,29/2026-Customs
55164200,All goods,0.0,0.0,0.0,India-UK CETA,29/2026-Customs
55164300,All goods,0.0,0.0,0.0,India-UK CETA,29/2026-Customs
55164400,All goods,0.0,0.0,0.0,India-UK CETA,29/2026-Customs
55169110,All goods,0.0,0.0,0.0,India-UK CETA,29/2026-Customs
55169120,All goods,0.0,0.0,0.0,India-UK CETA,29/2026-Customs
55169200,All goods,0.0,0.0,0.0,India-UK CETA,29/2026-Customs
55169300,All goods,0.0,0.0,0.0,India-UK CETA,29/2026-Customs
55169400,All goods,0.0,0.0,0.0,India-UK CETA,29/2026-Customs
56012110,All goods,0.0,0.0,0.0,India-UK CETA,29/2026-Customs
56012190,All goods,0.0,0.0,0.0,India-UK CETA,29/2026-Customs
56012200,All goods,0.0,0.0,0.0,India-UK CETA,29/2026-Customs
56012900,All goods,0.0,0.0,0.0,India-UK CETA,29/2026-Customs
56013000,All goods,0.0,0.0,0.0,India-UK CETA,29/2026-Customs
56021000,All goods,0.0,0.0,0.0,India-UK CETA,29/2026-Customs
56022100,All goods,0.0,0.0,0.0,India-UK CETA,29/2026-Customs
56022910,All goods,0.0,0.0,0.0,India-UK CETA,29/2026-Customs
56022920,All goods,0.0,0.0,0.0,India-UK CETA,29/2026-Customs
56022990,All goods,0.0,0.0,0.0,India-UK CETA,29/2026-Customs
56029010,All goods,0.0,0.0,0.0,India-UK CETA,29/2026-Customs
56029090,All goods,0.0,0.0,0.0,India-UK CETA,29/2026-Customs
56031110,All goods,0.0,0.0,0.0,India-UK CETA,29/2026-Customs
56031190,All goods,0.0,0.0,0.0,India-UK CETA,29/2026-Customs
56031200,All goods,0.0,0.0,0.0,India-UK CETA,29/2026-Customs
56031300,All goods,0.0,0.0,0.0,India-UK CETA,29/2026-Customs
56031400,All goods,0.0,0.0,0.0,India-UK CETA,29/2026-Customs
56039100,All goods,0.0,0.0,0.0,India-UK CETA,29/2026-Customs
56039200,All goods,0.0,0.0,0.0,India-UK CETA,29/2026-Customs
56039310,All goods,0.0,0.0,0.0,India-UK CETA,29/2026-Customs
56039390,All goods,0.0,0.0,0.0,India-UK CETA,29/2026-Customs
56039410,All goods,0.0,0.0,0.0,India-UK CETA,29/2026-Customs
56039420,All goods,0.0,0.0,0.0,India-UK CETA,29/2026-Customs
56039490,All goods,0.0,0.0,0.0,India-UK CETA,29/2026-Customs
56041000,All goods,0.0,0.0,0.0,India-UK CETA,29/2026-Customs
56049000,All goods,0.0,0.0,0.0,India-UK CETA,29/2026-Customs
56050010,All goods,0.0,0.0,0.0,India-UK CETA,29/2026-Customs
56050020,All goods,0.0,0.0,0.0,India-UK CETA,29/2026-Customs
56050090,All goods,0.0,0.0,0.0,India-UK CETA,29/2026-Customs
56060010,All goods,0.0,0.0,0.0,India-UK CETA,29/2026-Customs
56060020,All goods,0.0,0.0,0.0,India-UK CETA,29/2026-Customs
56060030,All goods,0.0,0.0,0.0,India-UK CETA,29/2026-Customs
56060090,All goods,0.0,0.0,0.0,India-UK CETA,29/2026-Customs
56072100,All goods,0.0,0.0,0.0,India-UK CETA,29/2026-Customs
56072900,All goods,0.0,0.0,0.0,India-UK CETA,29/2026-Customs
56074100,All goods,0.0,0.0,0.0,India-UK CETA,29/2026-Customs
56074900,All goods,0.0,0.0,0.0,India-UK CETA,29/2026-Customs
56075010,All goods,0.0,0.0,0.0,India-UK CETA,29/2026-Customs
56075020,All goods,0.0,0.0,0.0,India-UK CETA,29/2026-Customs
56075030,All goods,0.0,0.0,0.0,India-UK CETA,29/2026-Customs
56075040,All goods,0.0,0.0,0.0,India-UK CETA,29/2026-Customs
56075090,All goods,0.0,0.0,0.0,India-UK CETA,29/2026-Customs
56079010,All goods,0.0,0.0,0.0,India-UK CETA,29/2026-Customs
56079020,All goods,0.0,0.0,0.0,India-UK CETA,29/2026-Customs
56079090,All goods,0.0,0.0,0.0,India-UK CETA,29/2026-Customs
56081110,All goods,0.0,0.0,0.0,India-UK CETA,29/2026-Customs
56081190,All goods,0.0,0.0,0.0,India-UK CETA,29/2026-Customs
56081900,All goods,0.0,0.0,0.0,India-UK CETA,29/2026-Customs
56089010,All goods,0.0,0.0,0.0,India-UK CETA,29/2026-Customs
56089020,All goods,0.0,0.0,0.0,India-UK CETA,29/2026-Customs
56089090,All goods,0.0,0.0,0.0,India-UK CETA,29/2026-Customs
56090010,All goods,0.0,0.0,0.0,India-UK CETA,29/2026-Customs
56090020,All goods,0.0,0.0,0.0,India-UK CETA,29/2026-Customs
56090030,All goods,0.0,0.0,0.0,India-UK CETA,29/2026-Customs
56090090,All goods,0.0,0.0,0.0,India-UK CETA,29/2026-Customs
57011010,All goods,0.0,0.0,0.0,India-UK CETA,29/2026-Customs
57011090,All goods,0.0,0.0,0.0,India-UK CETA,29/2026-Customs
57019011,All goods,0.0,0.0,0.0,India-UK CETA,29/2026-Customs
57019019,All goods,0.0,0.0,0.0,India-UK CETA,29/2026-Customs
57019020,All goods,0.0,0.0,0.0,India-UK CETA,29/2026-Customs
57019031,All goods,0.0,0.0,0.0,India-UK CETA,29/2026-Customs
57019039,All goods,0.0,0.0,0.0,India-UK CETA,29/2026-Customs
57019090,All goods,0.0,0.0,0.0,India-UK CETA,29/2026-Customs
57021000,All goods,0.0,0.0,0.0,India-UK CETA,29/2026-Customs
57022010,All goods,0.0,0.0,0.0,India-UK CETA,29/2026-Customs
57022020,All goods,0.0,0.0,0.0,India-UK CETA,29/2026-Customs
57022090,All goods,0.0,0.0,0.0,India-UK CETA,29/2026-Customs
57023110,All goods,0.0,0.0,0.0,India-UK CETA,29/2026-Customs
57023120,All goods,0.0,0.0,0.0,India-UK CETA,29/2026-Customs
57023130,All goods,0.0,0.0,0.0,India-UK CETA,29/2026-Customs
57023140,All goods,0.0,0.0,0.0,India-UK CETA,29/2026-Customs
57023190,All goods,0.0,0.0,0.0,India-UK CETA,29/2026-Customs
57023210,All goods,0.0,0.0,0.0,India-UK CETA,29/2026-Customs
57023220,All goods,0.0,0.0,0.0,India-UK CETA,29/2026-Customs
57023290,All goods,0.0,0.0,0.0,India-UK CETA,29/2026-Customs
57023910,All goods,0.0,0.0,0.0,India-UK CETA,29/2026-Customs
57023920,All goods,0.0,0.0,0.0,India-UK CETA,29/2026-Customs
57023990,All goods,0.0,0.0,0.0,India-UK CETA,29/2026-Customs
57024110,All goods,0.0,0.0,0.0,India-UK CETA,29/2026-Customs
57024120,All goods,0.0,0.0,0.0,India-UK CETA,29/2026-Customs
57024130,All goods,0.0,0.0,0.0,India-UK CETA,29/2026-Customs
57024190,All goods,0.0,0.0,0.0,India-UK CETA,29/2026-Customs
57024210,All goods,0.0,0.0,0.0,India-UK CETA,29/2026-Customs
57024220,All goods,0.0,0.0,0.0,India-UK CETA,29/2026-Customs
57024230,All goods,0.0,0.0,0.0,India-UK CETA,29/2026-Customs
57024290,All goods,0.0,0.0,0.0,India-UK CETA,29/2026-Customs
57024910,All goods,0.0,0.0,0.0,India-UK CETA,29/2026-Customs
57024920,All goods,0.0,0.0,0.0,India-UK CETA,29/2026-Customs
57024990,All goods,0.0,0.0,0.0,India-UK CETA,29/2026-Customs
57025021,All goods,0.0,0.0,0.0,India-UK CETA,29/2026-Customs
57025022,All goods,0.0,0.0,0.0,India-UK CETA,29/2026-Customs
57025029,All goods,0.0,0.0,0.0,India-UK CETA,29/2026-Customs
57025031,All goods,0.0,0.0,0.0,India-UK CETA,29/2026-Customs
57025032,All goods,0.0,0.0,0.0,India-UK CETA,29/2026-Customs
57025033,All goods,0.0,0.0,0.0,India-UK CETA,29/2026-Customs
57025039,All goods,0.0,0.0,0.0,India-UK CETA,29/2026-Customs
57029110,All goods,0.0,0.0,0.0,India-UK CETA,29/2026-Customs
57029120,All goods,0.0,0.0,0.0,India-UK CETA,29/2026-Customs
57029130,All goods,0.0,0.0,0.0,India-UK CETA,29/2026-Customs
57029190,All goods,0.0,0.0,0.0,India-UK CETA,29/2026-Customs
57029210,All goods,0.0,0.0,0.0,India-UK CETA,29/2026-Customs
57029220,All goods,0.0,0.0,0.0,India-UK CETA,29/2026-Customs
57029290,All goods,0.0,0.0,0.0,India-UK CETA,29/2026-Customs
57029910,All goods,0.0,0.0,0.0,India-UK CETA,29/2026-Customs
57029920,All goods,0.0,0.0,0.0,India-UK CETA,29/2026-Customs
57029990,All goods,0.0,0.0,0.0,India-UK CETA,29/2026-Customs
57031010,All goods,0.0,0.0,0.0,India-UK CETA,29/2026-Customs
57031020,All goods,0.0,0.0,0.0,India-UK CETA,29/2026-Customs
57031090,All goods,0.0,0.0,0.0,India-UK CETA,29/2026-Customs
57032100,All goods,0.0,0.0,0.0,India-UK CETA,29/2026-Customs
57032910,All goods,0.0,0.0,0.0,India-UK CETA,29/2026-Customs
57032921,All goods,0.0,0.0,0.0,India-UK CETA,29/2026-Customs
57032922,All goods,"18% or Rs. 63 per sq. metre, whichever is higher",0.0,0.0,India-UK CETA,29/2026-Customs
57032929,All goods,"18% or Rs. 63 per sq. metre, whichever is higher",0.0,0.0,India-UK CETA,29/2026-Customs
57032990,All goods,"18% or Rs. 63 per sq. metre, whichever is higher",0.0,0.0,India-UK CETA,29/2026-Customs
57033100,All goods,0.0,0.0,0.0,India-UK CETA,29/2026-Customs
57033910,All goods,0.0,0.0,0.0,India-UK CETA,29/2026-Customs
57033920,All goods,0.0,0.0,0.0,India-UK CETA,29/2026-Customs
57033931,All goods,0.0,0.0,0.0,India-UK CETA,29/2026-Customs
57033932,All goods,0.0,0.0,0.0,India-UK CETA,29/2026-Customs
57033933,All goods,0.0,0.0,0.0,India-UK CETA,29/2026-Customs
57033939,All goods,0.0,0.0,0.0,India-UK CETA,29/2026-Customs
57033990,All goods,0.0,0.0,0.0,India-UK CETA,29/2026-Customs
57039010,All goods,0.0,0.0,0.0,India-UK CETA,29/2026-Customs
57039020,All goods,0.0,0.0,0.0,India-UK CETA,29/2026-Customs
57039090,All goods,0.0,0.0,0.0,India-UK CETA,29/2026-Customs
57041000,All goods,0.0,0.0,0.0,India-UK CETA,29/2026-Customs
57042010,All goods,0.0,0.0,0.0,India-UK CETA,29/2026-Customs
57042020,All goods,0.0,0.0,0.0,India-UK CETA,29/2026-Customs
57042090,All goods,0.0,0.0,0.0,India-UK CETA,29/2026-Customs
57049010,All goods,0.0,0.0,0.0,India-UK CETA,29/2026-Customs
57049020,All goods,0.0,0.0,0.0,India-UK CETA,29/2026-Customs
57049090,All goods,0.0,0.0,0.0,India-UK CETA,29/2026-Customs
57050011,All goods,0.0,0.0,0.0,India-UK CETA,29/2026-Customs
57050019,All goods,0.0,0.0,0.0,India-UK CETA,29/2026-Customs
57050021,All goods,0.0,0.0,0.0,India-UK CETA,29/2026-Customs
57050022,All goods,0.0,0.0,0.0,India-UK CETA,29/2026-Customs
57050023,All goods,0.0,0.0,0.0,India-UK CETA,29/2026-Customs
57050024,All goods,0.0,0.0,0.0,India-UK CETA,29/2026-Customs
57050029,All goods,0.0,0.0,0.0,India-UK CETA,29/2026-Customs
57050031,All goods,0.0,0.0,0.0,India-UK CETA,29/2026-Customs
57050032,All goods,0.0,0.0,0.0,India-UK CETA,29/2026-Customs
57050039,All goods,0.0,0.0,0.0,India-UK CETA,29/2026-Customs
57050041,All goods,0.0,0.0,0.0,India-UK CETA,29/2026-Customs
57050042,All goods,0.0,0.0,0.0,India-UK CETA,29/2026-Customs
57050049,All goods,0.0,0.0,0.0,India-UK CETA,29/2026-Customs
57050090,All goods,0.0,0.0,0.0,India-UK CETA,29/2026-Customs
58011000,All goods,0.0,0.0,0.0,India-UK CETA,29/2026-Customs
58012100,All goods,0.0,0.0,0.0,India-UK CETA,29/2026-Customs
58012210,All goods,0.0,0.0,0.0,India-UK CETA,29/2026-Customs
58012290,All goods,0.0,0.0,0.0,India-UK CETA,29/2026-Customs
58012300,All goods,0.0,0.0,0.0,India-UK CETA,29/2026-Customs
58012600,All goods,0.0,0.0,0.0,India-UK CETA,29/2026-Customs
58012710,All goods,0.0,0.0,0.0,India-UK CETA,29/2026-Customs
58012720,All goods,0.0,0.0,0.0,India-UK CETA,29/2026-Customs
58012790,All goods,0.0,0.0,0.0,India-UK CETA,29/2026-Customs
58013100,All goods,0.0,0.0,0.0,India-UK CETA,29/2026-Customs
58013200,All goods,0.0,0.0,0.0,India-UK CETA,29/2026-Customs
58013300,All goods,0.0,0.0,0.0,India-UK CETA,29/2026-Customs
58013610,All goods,0.0,0.0,0.0,India-UK CETA,29/2026-Customs
58013690,All goods,0.0,0.0,0.0,India-UK CETA,29/2026-Customs
58013710,All goods,0.0,0.0,0.0,India-UK CETA,29/2026-Customs
58013720,All goods,0.0,0.0,0.0,India-UK CETA,29/2026-Customs
58013790,All goods,0.0,0.0,0.0,India-UK CETA,29/2026-Customs
58019010,All goods,0.0,0.0,0.0,India-UK CETA,29/2026-Customs
58019090,All goods,0.0,0.0,0.0,India-UK CETA,29/2026-Customs
58021010,All goods,0.0,0.0,0.0,India-UK CETA,29/2026-Customs
58021020,All goods,0.0,0.0,0.0,India-UK CETA,29/2026-Customs
58021030,All goods,0.0,0.0,0.0,India-UK CETA,29/2026-Customs
58021040,All goods,0.0,0.0,0.0,India-UK CETA,29/2026-Customs
58021050,All goods,0.0,0.0,0.0,India-UK CETA,29/2026-Customs
58021060,All goods,0.0,0.0,0.0,India-UK CETA,29/2026-Customs
58021090,All goods,0.0,0.0,0.0,India-UK CETA,29/2026-Customs
58022000,All goods,0.0,0.0,0.0,India-UK CETA,29/2026-Customs
58023000,All goods,0.0,0.0,0.0,India-UK CETA,29/2026-Customs
58030011,All goods,0.0,0.0,0.0,India-UK CETA,29/2026-Customs
58030012,All goods,0.0,0.0,0.0,India-UK CETA,29/2026-Customs
58030013,All goods,0.0,0.0,0.0,India-UK CETA,29/2026-Customs
58030014,All goods,0.0,0.0,0.0,India-UK CETA,29/2026-Customs
58030015,All goods,0.0,0.0,0.0,India-UK CETA,29/2026-Customs
58030019,All goods,0.0,0.0,0.0,India-UK CETA,29/2026-Customs
58030091,All goods,0.0,0.0,0.0,India-UK CETA,29/2026-Customs
58030092,All goods,0.0,0.0,0.0,India-UK CETA,29/2026-Customs
58030093,All goods,0.0,0.0,0.0,India-UK CETA,29/2026-Customs
58030099,All goods,0.0,0.0,0.0,India-UK CETA,29/2026-Customs
58041010,All goods,0.0,0.0,0.0,India-UK CETA,29/2026-Customs
58041090,All goods,0.0,0.0,0.0,India-UK CETA,29/2026-Customs
58042100,All goods,0.0,0.0,0.0,India-UK CETA,29/2026-Customs
58042910,All goods,0.0,0.0,0.0,India-UK CETA,29/2026-Customs
58042990,All goods,0.0,0.0,0.0,India-UK CETA,29/2026-Customs
58043000,All goods,0.0,0.0,0.0,India-UK CETA,29/2026-Customs
58050010,All goods,0.0,0.0,0.0,India-UK CETA,29/2026-Customs
58050020,All goods,0.0,0.0,0.0,India-UK CETA,29/2026-Customs
58050090,All goods,0.0,0.0,0.0,India-UK CETA,29/2026-Customs
58061000,All goods,0.0,0.0,0.0,India-UK CETA,29/2026-Customs
58062000,All goods,0.0,0.0,0.0,India-UK CETA,29/2026-Customs
58063110,All goods,0.0,0.0,0.0,India-UK CETA,29/2026-Customs
58063120,All goods,0.0,0.0,0.0,India-UK CETA,29/2026-Customs
58063190,All goods,0.0,0.0,0.0,India-UK CETA,29/2026-Customs
58063200,All goods,0.0,0.0,0.0,India-UK CETA,29/2026-Customs
58063910,All goods,0.0,0.0,0.0,India-UK CETA,29/2026-Customs
58063920,All goods,0.0,0.0,0.0,India-UK CETA,29/2026-Customs
58063930,All goods,0.0,0.0,0.0,India-UK CETA,29/2026-Customs
58063990,All goods,0.0,0.0,0.0,India-UK CETA,29/2026-Customs
58064000,All goods,0.0,0.0,0.0,India-UK CETA,29/2026-Customs
58071010,All goods,0.0,0.0,0.0,India-UK CETA,29/2026-Customs
58071020,All goods,0.0,0.0,0.0,India-UK CETA,29/2026-Customs
58071090,All goods,0.0,0.0,0.0,India-UK CETA,29/2026-Customs
58079010,All goods,0.0,0.0,0.0,India-UK CETA,29/2026-Customs
58079090,All goods,0.0,0.0,0.0,India-UK CETA,29/2026-Customs
58081010,All goods,0.0,0.0,0.0,India-UK CETA,29/2026-Customs
58081090,All goods,0.0,0.0,0.0,India-UK CETA,29/2026-Customs
58089010,All goods,0.0,0.0,0.0,India-UK CETA,29/2026-Customs
58089020,All goods,0.0,0.0,0.0,India-UK CETA,29/2026-Customs
58089030,All goods,0.0,0.0,0.0,India-UK CETA,29/2026-Customs
58089040,All goods,0.0,0.0,0.0,India-UK CETA,29/2026-Customs
58089050,All goods,0.0,0.0,0.0,India-UK CETA,29/2026-Customs
58089060,All goods,0.0,0.0,0.0,India-UK CETA,29/2026-Customs
58089090,All goods,0.0,0.0,0.0,India-UK CETA,29/2026-Customs
58090010,All goods,0.0,0.0,0.0,India-UK CETA,29/2026-Customs
58090090,All goods,0.0,0.0,0.0,India-UK CETA,29/2026-Customs
58101000,All goods,0.0,0.0,0.0,India-UK CETA,29/2026-Customs
58109110,All goods,0.0,0.0,0.0,India-UK CETA,29/2026-Customs
58109190,All goods,0.0,0.0,0.0,India-UK CETA,29/2026-Customs
58109210,All goods,0.0,0.0,0.0,India-UK CETA,29/2026-Customs
58109220,All goods,0.0,0.0,0.0,India-UK CETA,29/2026-Customs
58109290,All goods,0.0,0.0,0.0,India-UK CETA,29/2026-Customs
58109910,All goods,0.0,0.0,0.0,India-UK CETA,29/2026-Customs
58109990,All goods,0.0,0.0,0.0,India-UK CETA,29/2026-Customs
58110010,All goods,0.0,0.0,0.0,India-UK CETA,29/2026-Customs
58110020,All goods,0.0,0.0,0.0,India-UK CETA,29/2026-Customs
58110090,All goods,0.0,0.0,0.0,India-UK CETA,29/2026-Customs
59011010,All goods,0.0,0.0,0.0,India-UK CETA,29/2026-Customs
59011020,All goods,0.0,0.0,0.0,India-UK CETA,29/2026-Customs
59011090,All goods,0.0,0.0,0.0,India-UK CETA,29/2026-Customs
59019010,All goods,0.0,0.0,0.0,India-UK CETA,29/2026-Customs
59019020,All goods,0.0,0.0,0.0,India-UK CETA,29/2026-Customs
59019090,All goods,0.0,0.0,0.0,India-UK CETA,29/2026-Customs
59021010,All goods,0.0,0.0,0.0,India-UK CETA,29/2026-Customs
59021090,All goods,0.0,0.0,0.0,India-UK CETA,29/2026-Customs
59022010,All goods,0.0,0.0,0.0,India-UK CETA,29/2026-Customs
59022090,All goods,0.0,0.0,0.0,India-UK CETA,29/2026-Customs
59029010,All goods,0.0,0.0,0.0,India-UK CETA,29/2026-Customs
59029090,All goods,0.0,0.0,0.0,India-UK CETA,29/2026-Customs
59031010,All goods,0.0,0.0,0.0,India-UK CETA,29/2026-Customs
59031090,All goods,0.0,0.0,0.0,India-UK CETA,29/2026-Customs
59032010,All goods,0.0,0.0,0.0,India-UK CETA,29/2026-Customs
59032090,All goods,0.0,0.0,0.0,India-UK CETA,29/2026-Customs
59039010,All goods,0.0,0.0,0.0,India-UK CETA,29/2026-Customs
59039020,All goods,0.0,0.0,0.0,India-UK CETA,29/2026-Customs
59039090,All goods,0.0,0.0,0.0,India-UK CETA,29/2026-Customs
59041000,All goods,0.0,0.0,0.0,India-UK CETA,29/2026-Customs
59049010,All goods,0.0,0.0,0.0,India-UK CETA,29/2026-Customs
59049090,All goods,0.0,0.0,0.0,India-UK CETA,29/2026-Customs
59050010,All goods,0.0,0.0,0.0,India-UK CETA,29/2026-Customs
59050090,All goods,0.0,0.0,0.0,India-UK CETA,29/2026-Customs
59061000,All goods,0.0,0.0,0.0,India-UK CETA,29/2026-Customs
59069110,All goods,0.0,0.0,0.0,India-UK CETA,29/2026-Customs
59069190,All goods,0.0,0.0,0.0,India-UK CETA,29/2026-Customs
59069910,All goods,0.0,0.0,0.0,India-UK CETA,29/2026-Customs
59069920,All goods,0.0,0.0,0.0,India-UK CETA,29/2026-Customs
59069990,All goods,0.0,0.0,0.0,India-UK CETA,29/2026-Customs
59070011,All goods,0.0,0.0,0.0,India-UK CETA,29/2026-Customs
59070012,All goods,0.0,0.0,0.0,India-UK CETA,29/2026-Customs
59070019,All goods,0.0,0.0,0.0,India-UK CETA,29/2026-Customs
59070091,All goods,0.0,0.0,0.0,India-UK CETA,29/2026-Customs
59070092,All goods,0.0,0.0,0.0,India-UK CETA,29/2026-Customs
59070093,All goods,0.0,0.0,0.0,India-UK CETA,29/2026-Customs
59070099,All goods,0.0,0.0,0.0,India-UK CETA,29/2026-Customs
59080010,All goods,0.0,0.0,0.0,India-UK CETA,29/2026-Customs
59080020,All goods,0.0,0.0,0.0,India-UK CETA,29/2026-Customs
59080090,All goods,0.0,0.0,0.0,India-UK CETA,29/2026-Customs
59090010,All goods,0.0,0.0,0.0,India-UK CETA,29/2026-Customs
59090020,All goods,0.0,0.0,0.0,India-UK CETA,29/2026-Customs
59090090,All goods,0.0,0.0,0.0,India-UK CETA,29/2026-Customs
59100010,All goods,0.0,0.0,0.0,India-UK CETA,29/2026-Customs
59100020,All goods,0.0,0.0,0.0,India-UK CETA,29/2026-Customs
59100030,All goods,0.0,0.0,0.0,India-UK CETA,29/2026-Customs
59100040,All goods,0.0,0.0,0.0,India-UK CETA,29/2026-Customs
59100050,All goods,0.0,0.0,0.0,India-UK CETA,29/2026-Customs
59100060,All goods,0.0,0.0,0.0,India-UK CETA,29/2026-Customs
59100090,All goods,0.0,0.0,0.0,India-UK CETA,29/2026-Customs
59111000,All goods,0.0,0.0,0.0,India-UK CETA,29/2026-Customs
59112000,All goods,0.0,0.0,0.0,India-UK CETA,29/2026-Customs
59113110,All goods,0.0,0.0,0.0,India-UK CETA,29/2026-Customs
59113120,All goods,0.0,0.0,0.0,India-UK CETA,29/2026-Customs
59113130,All goods,0.0,0.0,0.0,India-UK CETA,29/2026-Customs
59113140,All goods,0.0,0.0,0.0,India-UK CETA,29/2026-Customs
59113150,All goods,0.0,0.0,0.0,India-UK CETA,29/2026-Customs
59113190,All goods,0.0,0.0,0.0,India-UK CETA,29/2026-Customs
59113210,All goods,0.0,0.0,0.0,India-UK CETA,29/2026-Customs
59113220,All goods,0.0,0.0,0.0,India-UK CETA,29/2026-Customs
59113230,All goods,0.0,0.0,0.0,India-UK CETA,29/2026-Customs
59113240,All goods,0.0,0.0,0.0,India-UK CETA,29/2026-Customs
59113250,All goods,0.0,0.0,0.0,India-UK CETA,29/2026-Customs
59113290,All goods,0.0,0.0,0.0,India-UK CETA,29/2026-Customs
59114000,All goods,0.0,0.0,0.0,India-UK CETA,29/2026-Customs
59119010,All goods,0.0,0.0,0.0,India-UK CETA,29/2026-Customs
59119020,All goods,0.0,0.0,0.0,India-UK CETA,29/2026-Customs
59119031,All goods,0.0,0.0,0.0,India-UK CETA,29/2026-Customs
59119032,All goods,0.0,0.0,0.0,India-UK CETA,29/2026-Customs
59119039,All goods,0.0,0.0,0.0,India-UK CETA,29/2026-Customs
59119040,All goods,0.0,0.0,0.0,India-UK CETA,29/2026-Customs
59119090,All goods,0.0,0.0,0.0,India-UK CETA,29/2026-Customs
60011010,All goods,0.0,0.0,0.0,India-UK CETA,29/2026-Customs
60011020,All goods,0.0,0.0,0.0,India-UK CETA,29/2026-Customs
60011090,All goods,0.0,0.0,0.0,India-UK CETA,29/2026-Customs
60012100,All goods,0.0,0.0,0.0,India-UK CETA,29/2026-Customs
60012200,All goods,0.0,0.0,0.0,India-UK CETA,29/2026-Customs
60012900,All goods,0.0,0.0,0.0,India-UK CETA,29/2026-Customs
60019100,All goods,0.0,0.0,0.0,India-UK CETA,29/2026-Customs
60019200,All goods,0.0,0.0,0.0,India-UK CETA,29/2026-Customs
60019910,All goods,0.0,0.0,0.0,India-UK CETA,29/2026-Customs
60019990,All goods,0.0,0.0,0.0,India-UK CETA,29/2026-Customs
60024000,All goods,0.0,0.0,0.0,India-UK CETA,29/2026-Customs
60029000,All goods,0.0,0.0,0.0,India-UK CETA,29/2026-Customs
60031000,All goods,0.0,0.0,0.0,India-UK CETA,29/2026-Customs
60032000,All goods,0.0,0.0,0.0,India-UK CETA,29/2026-Customs
60033000,All goods,0.0,0.0,0.0,India-UK CETA,29/2026-Customs
60034000,All goods,0.0,0.0,0.0,India-UK CETA,29/2026-Customs
60039000,All goods,0.0,0.0,0.0,India-UK CETA,29/2026-Customs
60041000,All goods,0.0,0.0,0.0,India-UK CETA,29/2026-Customs
60049000,All goods,0.0,0.0,0.0,India-UK CETA,29/2026-Customs
60052100,All goods,0.0,0.0,0.0,India-UK CETA,29/2026-Customs
60052200,All goods,0.0,0.0,0.0,India-UK CETA,29/2026-Customs
60052300,All goods,0.0,0.0,0.0,India-UK CETA,29/2026-Customs
60052400,All goods,0.0,0.0,0.0,India-UK CETA,29/2026-Customs
60053500,All goods,0.0,0.0,0.0,India-UK CETA,29/2026-Customs
60053600,All goods,0.0,0.0,0.0,India-UK CETA,29/2026-Customs
60053710,All goods,18.0,0.0,0.0,India-UK CETA,29/2026-Customs
60053790,All goods,18.0,0.0,0.0,India-UK CETA,29/2026-Customs
60053800,All goods,0.0,0.0,0.0,India-UK CETA,29/2026-Customs
60053900,All goods,0.0,0.0,0.0,India-UK CETA,29/2026-Customs
60054100,All goods,0.0,0.0,0.0,India-UK CETA,29/2026-Customs
60054200,All goods,0.0,0.0,0.0,India-UK CETA,29/2026-Customs
60054300,All goods,0.0,0.0,0.0,India-UK CETA,29/2026-Customs
60054400,All goods,0.0,0.0,0.0,India-UK CETA,29/2026-Customs
60059000,All goods,0.0,0.0,0.0,India-UK CETA,29/2026-Customs
60061000,All goods,0.0,0.0,0.0,India-UK CETA,29/2026-Customs
60062100,All goods,0.0,0.0,0.0,India-UK CETA,29/2026-Customs
60062200,All goods,0.0,0.0,0.0,India-UK CETA,29/2026-Customs
60062300,All goods,0.0,0.0,0.0,India-UK CETA,29/2026-Customs
60062400,All goods,0.0,0.0,0.0,India-UK CETA,29/2026-Customs
60063100,All goods,0.0,0.0,0.0,India-UK CETA,29/2026-Customs
60063200,All goods,0.0,0.0,0.0,India-UK CETA,29/2026-Customs
60063300,All goods,0.0,0.0,0.0,India-UK CETA,29/2026-Customs
60063400,All goods,0.0,0.0,0.0,India-UK CETA,29/2026-Customs
60064100,All goods,0.0,0.0,0.0,India-UK CETA,29/2026-Customs
60064200,All goods,0.0,0.0,0.0,India-UK CETA,29/2026-Customs
60064300,All goods,0.0,0.0,0.0,India-UK CETA,29/2026-Customs
60064400,All goods,0.0,0.0,0.0,India-UK CETA,29/2026-Customs
60069000,All goods,0.0,0.0,0.0,India-UK CETA,29/2026-Customs
61012000,All goods,0.0,0.0,0.0,India-UK CETA,29/2026-Customs
61013010,All goods,0.0,0.0,0.0,India-UK CETA,29/2026-Customs
61013020,All goods,0.0,0.0,0.0,India-UK CETA,29/2026-Customs
61019010,All goods,0.0,0.0,0.0,India-UK CETA,29/2026-Customs
61019090,All goods,0.0,0.0,0.0,India-UK CETA,29/2026-Customs
61021000,All goods,0.0,0.0,0.0,India-UK CETA,29/2026-Customs
61022000,All goods,0.0,0.0,0.0,India-UK CETA,29/2026-Customs
61023010,All goods,0.0,0.0,0.0,India-UK CETA,29/2026-Customs
61023020,All goods,0.0,0.0,0.0,India-UK CETA,29/2026-Customs
61029010,All goods,0.0,0.0,0.0,India-UK CETA,29/2026-Customs
61029090,All goods,0.0,0.0,0.0,India-UK CETA,29/2026-Customs
61031010,All goods,0.0,0.0,0.0,India-UK CETA,29/2026-Customs
61031020,All goods,0.0,0.0,0.0,India-UK CETA,29/2026-Customs
61031030,All goods,0.0,0.0,0.0,India-UK CETA,29/2026-Customs
61031090,All goods,0.0,0.0,0.0,India-UK CETA,29/2026-Customs
61032200,All goods,0.0,0.0,0.0,India-UK CETA,29/2026-Customs
61032300,All goods,0.0,0.0,0.0,India-UK CETA,29/2026-Customs
61032910,All goods,0.0,0.0,0.0,India-UK CETA,29/2026-Customs
61032920,All goods,0.0,0.0,0.0,India-UK CETA,29/2026-Customs
61032990,All goods,0.0,0.0,0.0,India-UK CETA,29/2026-Customs
61033100,All goods,0.0,0.0,0.0,India-UK CETA,29/2026-Customs
61033200,All goods,0.0,0.0,0.0,India-UK CETA,29/2026-Customs
61033300,All goods,0.0,0.0,0.0,India-UK CETA,29/2026-Customs
61033910,All goods,0.0,0.0,0.0,India-UK CETA,29/2026-Customs
61033920,All goods,0.0,0.0,0.0,India-UK CETA,29/2026-Customs
61033990,All goods,0.0,0.0,0.0,India-UK CETA,29/2026-Customs
61034100,All goods,0.0,0.0,0.0,India-UK CETA,29/2026-Customs
61034200,All goods,0.0,0.0,0.0,India-UK CETA,29/2026-Customs
61034300,All goods,0.0,0.0,0.0,India-UK CETA,29/2026-Customs
61034910,All goods,0.0,0.0,0.0,India-UK CETA,29/2026-Customs
61034920,All goods,0.0,0.0,0.0,India-UK CETA,29/2026-Customs
61034990,All goods,0.0,0.0,0.0,India-UK CETA,29/2026-Customs
61041300,All goods,0.0,0.0,0.0,India-UK CETA,29/2026-Customs
61041910,All goods,0.0,0.0,0.0,India-UK CETA,29/2026-Customs
61041920,All goods,0.0,0.0,0.0,India-UK CETA,29/2026-Customs
61041990,All goods,0.0,0.0,0.0,India-UK CETA,29/2026-Customs
61042200,All goods,0.0,0.0,0.0,India-UK CETA,29/2026-Customs
61042300,All goods,0.0,0.0,0.0,India-UK CETA,29/2026-Customs
61042910,All goods,0.0,0.0,0.0,India-UK CETA,29/2026-Customs
61042920,All goods,0.0,0.0,0.0,India-UK CETA,29/2026-Customs
61042990,All goods,0.0,0.0,0.0,India-UK CETA,29/2026-Customs
61043100,All goods,0.0,0.0,0.0,India-UK CETA,29/2026-Customs
61043200,All goods,0.0,0.0,0.0,India-UK CETA,29/2026-Customs
61043300,All goods,0.0,0.0,0.0,India-UK CETA,29/2026-Customs
61043910,All goods,0.0,0.0,0.0,India-UK CETA,29/2026-Customs
61043920,All goods,0.0,0.0,0.0,India-UK CETA,29/2026-Customs
61043990,All goods,0.0,0.0,0.0,India-UK CETA,29/2026-Customs
61044100,All goods,0.0,0.0,0.0,India-UK CETA,29/2026-Customs
61044200,All goods,0.0,0.0,0.0,India-UK CETA,29/2026-Customs
61044300,All goods,0.0,0.0,0.0,India-UK CETA,29/2026-Customs
61044400,All goods,0.0,0.0,0.0,India-UK CETA,29/2026-Customs
61044910,All goods,0.0,0.0,0.0,India-UK CETA,29/2026-Customs
61044990,All goods,0.0,0.0,0.0,India-UK CETA,29/2026-Customs
61045100,All goods,0.0,0.0,0.0,India-UK CETA,29/2026-Customs
61045200,All goods,0.0,0.0,0.0,India-UK CETA,29/2026-Customs
61045300,All goods,0.0,0.0,0.0,India-UK CETA,29/2026-Customs
61045910,All goods,0.0,0.0,0.0,India-UK CETA,29/2026-Customs
61045920,All goods,0.0,0.0,0.0,India-UK CETA,29/2026-Customs
61045990,All goods,0.0,0.0,0.0,India-UK CETA,29/2026-Customs
61046100,All goods,0.0,0.0,0.0,India-UK CETA,29/2026-Customs
61046200,All goods,0.0,0.0,0.0,India-UK CETA,29/2026-Customs
61046300,All goods,0.0,0.0,0.0,India-UK CETA,29/2026-Customs
61046910,All goods,0.0,0.0,0.0,India-UK CETA,29/2026-Customs
61046920,All goods,0.0,0.0,0.0,India-UK CETA,29/2026-Customs
61046990,All goods,0.0,0.0,0.0,India-UK CETA,29/2026-Customs
61051010,All goods,0.0,0.0,0.0,India-UK CETA,29/2026-Customs
61051020,All goods,"18% or Rs. 74.7 per piece, whichever is higher",0.0,0.0,India-UK CETA,29/2026-Customs
61051090,All goods,0.0,0.0,0.0,India-UK CETA,29/2026-Customs
61052010,All goods,0.0,0.0,0.0,India-UK CETA,29/2026-Customs
61052020,All goods,0.0,0.0,0.0,India-UK CETA,29/2026-Customs
61059010,All goods,0.0,0.0,0.0,India-UK CETA,29/2026-Customs
61059090,All goods,0.0,0.0,0.0,India-UK CETA,29/2026-Customs
61061000,All goods,0.0,0.0,0.0,India-UK CETA,29/2026-Customs
61062010,All goods,0.0,0.0,0.0,India-UK CETA,29/2026-Customs
61062020,All goods,0.0,0.0,0.0,India-UK CETA,29/2026-Customs
61069010,All goods,0.0,0.0,0.0,India-UK CETA,29/2026-Customs
61069020,All goods,0.0,0.0,0.0,India-UK CETA,29/2026-Customs
61069090,All goods,0.0,0.0,0.0,India-UK CETA,29/2026-Customs
61071100,All goods,0.0,0.0,0.0,India-UK CETA,29/2026-Customs
61071210,All goods,0.0,0.0,0.0,India-UK CETA,29/2026-Customs
61071220,All goods,0.0,0.0,0.0,India-UK CETA,29/2026-Customs
61071910,All goods,0.0,0.0,0.0,India-UK CETA,29/2026-Customs
61071990,All goods,0.0,0.0,0.0,India-UK CETA,29/2026-Customs
61072100,All goods,0.0,0.0,0.0,India-UK CETA,29/2026-Customs
61072210,All goods,0.0,0.0,0.0,India-UK CETA,29/2026-Customs
61072220,All goods,0.0,0.0,0.0,India-UK CETA,29/2026-Customs
61072910,All goods,0.0,0.0,0.0,India-UK CETA,29/2026-Customs
61072920,All goods,0.0,0.0,0.0,India-UK CETA,29/2026-Customs
61072990,All goods,0.0,0.0,0.0,India-UK CETA,29/2026-Customs
61079110,All goods,0.0,0.0,0.0,India-UK CETA,29/2026-Customs
61079190,All goods,0.0,0.0,0.0,India-UK CETA,29/2026-Customs
61079910,All goods,0.0,0.0,0.0,India-UK CETA,29/2026-Customs
61079920,All goods,0.0,0.0,0.0,India-UK CETA,29/2026-Customs
61079990,All goods,0.0,0.0,0.0,India-UK CETA,29/2026-Customs
61081110,All goods,0.0,0.0,0.0,India-UK CETA,29/2026-Customs
61081120,All goods,0.0,0.0,0.0,India-UK CETA,29/2026-Customs
61081910,All goods,0.0,0.0,0.0,India-UK CETA,29/2026-Customs
61081920,All goods,0.0,0.0,0.0,India-UK CETA,29/2026-Customs
61081990,All goods,0.0,0.0,0.0,India-UK CETA,29/2026-Customs
61082100,All goods,0.0,0.0,0.0,India-UK CETA,29/2026-Customs
61082210,All goods,0.0,0.0,0.0,India-UK CETA,29/2026-Customs
61082220,All goods,0.0,0.0,0.0,India-UK CETA,29/2026-Customs
61082910,All goods,0.0,0.0,0.0,India-UK CETA,29/2026-Customs
61082990,All goods,0.0,0.0,0.0,India-UK CETA,29/2026-Customs
61083100,All goods,0.0,0.0,0.0,India-UK CETA,29/2026-Customs
61083210,All goods,0.0,0.0,0.0,India-UK CETA,29/2026-Customs
61083220,All goods,0.0,0.0,0.0,India-UK CETA,29/2026-Customs
61083910,All goods,0.0,0.0,0.0,India-UK CETA,29/2026-Customs
61083990,All goods,0.0,0.0,0.0,India-UK CETA,29/2026-Customs
61089100,All goods,0.0,0.0,0.0,India-UK CETA,29/2026-Customs
61089210,All goods,0.0,0.0,0.0,India-UK CETA,29/2026-Customs
61089220,All goods,0.0,0.0,0.0,India-UK CETA,29/2026-Customs
61089910,All goods,0.0,0.0,0.0,India-UK CETA,29/2026-Customs
61089920,All goods,0.0,0.0,0.0,India-UK CETA,29/2026-Customs
61089990,All goods,0.0,0.0,0.0,India-UK CETA,29/2026-Customs
61091000,All goods,"18% or Rs. 40.5 per piece, whichever is higher",0.0,0.0,India-UK CETA,29/2026-Customs
61099010,All goods,"18% or Rs. 45 per piece, whichever is higher",0.0,0.0,India-UK CETA,29/2026-Customs
61099020,All goods,0.0,0.0,0.0,India-UK CETA,29/2026-Customs
61099030,All goods,0.0,0.0,0.0,India-UK CETA,29/2026-Customs
61099040,All goods,0.0,0.0,0.0,India-UK CETA,29/2026-Customs
61099090,All goods,0.0,0.0,0.0,India-UK CETA,29/2026-Customs
61101110,All goods,0.0,0.0,0.0,India-UK CETA,29/2026-Customs
61101120,All goods,0.0,0.0,0.0,India-UK CETA,29/2026-Customs
61101190,All goods,0.0,0.0,0.0,India-UK CETA,29/2026-Customs
61101200,All goods,0.0,0.0,0.0,India-UK CETA,29/2026-Customs
61101900,All goods,0.0,0.0,0.0,India-UK CETA,29/2026-Customs
61102000,All goods,"18% or Rs. 76.5 per piece, whichever is higher",0.0,0.0,India-UK CETA,29/2026-Customs
61103010,All goods,"18% or Rs. 99 per piece, whichever is higher",0.0,0.0,India-UK CETA,29/2026-Customs
61103020,All goods,"18% or Rs. 99 per piece, whichever is higher",0.0,0.0,India-UK CETA,29/2026-Customs
61109000,All goods,"18% or Rs. 94.5 per piece, whichever is higher",0.0,0.0,India-UK CETA,29/2026-Customs
61112000,All goods,18.0,0.0,0.0,India-UK CETA,29/2026-Customs
61113000,All goods,0.0,0.0,0.0,India-UK CETA,29/2026-Customs
61119010,All goods,0.0,0.0,0.0,India-UK CETA,29/2026-Customs
61119020,All goods,0.0,0.0,0.0,India-UK CETA,29/2026-Customs
61119090,All goods,0.0,0.0,0.0,India-UK CETA,29/2026-Customs
61121100,All goods,0.0,0.0,0.0,India-UK CETA,29/2026-Customs
61121200,All goods,0.0,0.0,0.0,India-UK CETA,29/2026-Customs
61121910,All goods,0.0,0.0,0.0,India-UK CETA,29/2026-Customs
61121920,All goods,0.0,0.0,0.0,India-UK CETA,29/2026-Customs
61121930,All goods,0.0,0.0,0.0,India-UK CETA,29/2026-Customs
61121990,All goods,0.0,0.0,0.0,India-UK CETA,29/2026-Customs
61122010,All goods,0.0,0.0,0.0,India-UK CETA,29/2026-Customs
61122020,All goods,0.0,0.0,0.0,India-UK CETA,29/2026-Customs
61122030,All goods,0.0,0.0,0.0,India-UK CETA,29/2026-Customs
61122040,All goods,0.0,0.0,0.0,India-UK CETA,29/2026-Customs
61122050,All goods,0.0,0.0,0.0,India-UK CETA,29/2026-Customs
61122090,All goods,0.0,0.0,0.0,India-UK CETA,29/2026-Customs
61123100,All goods,0.0,0.0,0.0,India-UK CETA,29/2026-Customs
61123910,All goods,0.0,0.0,0.0,India-UK CETA,29/2026-Customs
61123920,All goods,0.0,0.0,0.0,India-UK CETA,29/2026-Customs
61123990,All goods,0.0,0.0,0.0,India-UK CETA,29/2026-Customs
61124100,All goods,0.0,0.0,0.0,India-UK CETA,29/2026-Customs
61124910,All goods,0.0,0.0,0.0,India-UK CETA,29/2026-Customs
61124920,All goods,0.0,0.0,0.0,India-UK CETA,29/2026-Customs
61124990,All goods,0.0,0.0,0.0,India-UK CETA,29/2026-Customs
61130000,All goods,0.0,0.0,0.0,India-UK CETA,29/2026-Customs
61142000,All goods,0.0,0.0,0.0,India-UK CETA,29/2026-Customs
61143010,All goods,0.0,0.0,0.0,India-UK CETA,29/2026-Customs
61143020,All goods,0.0,0.0,0.0,India-UK CETA,29/2026-Customs
61149010,All goods,0.0,0.0,0.0,India-UK CETA,29/2026-Customs
61149090,All goods,0.0,0.0,0.0,India-UK CETA,29/2026-Customs
61151000,All goods,0.0,0.0,0.0,India-UK CETA,29/2026-Customs
61152100,All goods,0.0,0.0,0.0,India-UK CETA,29/2026-Customs
61152200,All goods,0.0,0.0,0.0,India-UK CETA,29/2026-Customs
61152910,All goods,0.0,0.0,0.0,India-UK CETA,29/2026-Customs
61152920,All goods,0.0,0.0,0.0,India-UK CETA,29/2026-Customs
61152930,All goods,0.0,0.0,0.0,India-UK CETA,29/2026-Customs
61152990,All goods,0.0,0.0,0.0,India-UK CETA,29/2026-Customs
61153000,All goods,0.0,0.0,0.0,India-UK CETA,29/2026-Customs
61159400,All goods,0.0,0.0,0.0,India-UK CETA,29/2026-Customs
61159500,All goods,0.0,0.0,0.0,India-UK CETA,29/2026-Customs
61159600,All goods,0.0,0.0,0.0,India-UK CETA,29/2026-Customs
61159910,All goods,0.0,0.0,0.0,India-UK CETA,29/2026-Customs
61159990,All goods,0.0,0.0,0.0,India-UK CETA,29/2026-Customs
61161000,All goods,0.0,0.0,0.0,India-UK CETA,29/2026-Customs
61169100,All goods,0.0,0.0,0.0,India-UK CETA,29/2026-Customs
61169200,All goods,0.0,0.0,0.0,India-UK CETA,29/2026-Customs
61169300,All goods,0.0,0.0,0.0,India-UK CETA,29/2026-Customs
61169910,All goods,0.0,0.0,0.0,India-UK CETA,29/2026-Customs
61169990,All goods,0.0,0.0,0.0,India-UK CETA,29/2026-Customs
61171010,All goods,0.0,0.0,0.0,India-UK CETA,29/2026-Customs
61171020,All goods,0.0,0.0,0.0,India-UK CETA,29/2026-Customs
61171030,All goods,0.0,0.0,0.0,India-UK CETA,29/2026-Customs
61171040,All goods,0.0,0.0,0.0,India-UK CETA,29/2026-Customs
61171090,All goods,0.0,0.0,0.0,India-UK CETA,29/2026-Customs
61178010,All goods,0.0,0.0,0.0,India-UK CETA,29/2026-Customs
61178020,All goods,0.0,0.0,0.0,India-UK CETA,29/2026-Customs
61178030,All goods,0.0,0.0,0.0,India-UK CETA,29/2026-Customs
61178040,All goods,0.0,0.0,0.0,India-UK CETA,29/2026-Customs
61178090,All goods,0.0,0.0,0.0,India-UK CETA,29/2026-Customs
61179000,All goods,0.0,0.0,0.0,India-UK CETA,29/2026-Customs
62012010,All goods,0.0,0.0,0.0,India-UK CETA,29/2026-Customs
62012090,All goods,0.0,0.0,0.0,India-UK CETA,29/2026-Customs
62013010,All goods,0.0,0.0,0.0,India-UK CETA,29/2026-Customs
62013090,All goods,16.0,0.0,0.0,India-UK CETA,29/2026-Customs
62014010,All goods,0.0,0.0,0.0,India-UK CETA,29/2026-Customs
62014090,All goods,16.0,0.0,0.0,India-UK CETA,29/2026-Customs
62019010,All goods,0.0,0.0,0.0,India-UK CETA,29/2026-Customs
62019090,All goods,0.0,0.0,0.0,India-UK CETA,29/2026-Customs
62022010,All goods,0.0,0.0,0.0,India-UK CETA,29/2026-Customs
62022090,All goods,0.0,0.0,0.0,India-UK CETA,29/2026-Customs
62023010,All goods,0.0,0.0,0.0,India-UK CETA,29/2026-Customs
62023090,All goods,0.0,0.0,0.0,India-UK CETA,29/2026-Customs
62024010,All goods,0.0,0.0,0.0,India-UK CETA,29/2026-Customs
62024090,All goods,16.0,0.0,0.0,India-UK CETA,29/2026-Customs
62029010,All goods,0.0,0.0,0.0,India-UK CETA,29/2026-Customs
62029090,All goods,0.0,0.0,0.0,India-UK CETA,29/2026-Customs
62031100,All goods,0.0,0.0,0.0,India-UK CETA,29/2026-Customs
62031200,All goods,0.0,0.0,0.0,India-UK CETA,29/2026-Customs
62031910,All goods,0.0,0.0,0.0,India-UK CETA,29/2026-Customs
62031990,All goods,0.0,0.0,0.0,India-UK CETA,29/2026-Customs
62032200,All goods,0.0,0.0,0.0,India-UK CETA,29/2026-Customs
62032300,All goods,0.0,0.0,0.0,India-UK CETA,29/2026-Customs
62032911,All goods,0.0,0.0,0.0,India-UK CETA,29/2026-Customs
62032919,All goods,0.0,0.0,0.0,India-UK CETA,29/2026-Customs
62032990,All goods,0.0,0.0,0.0,India-UK CETA,29/2026-Customs
62033110,All goods,0.0,0.0,0.0,India-UK CETA,29/2026-Customs
62033190,All goods,0.0,0.0,0.0,India-UK CETA,29/2026-Customs
62033200,All goods,0.0,0.0,0.0,India-UK CETA,29/2026-Customs
62033300,All goods,0.0,0.0,0.0,India-UK CETA,29/2026-Customs
62033911,All goods,0.0,0.0,0.0,India-UK CETA,29/2026-Customs
62033919,All goods,0.0,0.0,0.0,India-UK CETA,29/2026-Customs
62033990,All goods,0.0,0.0,0.0,India-UK CETA,29/2026-Customs
62034100,All goods,0.0,0.0,0.0,India-UK CETA,29/2026-Customs
62034210,All goods,0.0,0.0,0.0,India-UK CETA,29/2026-Customs
62034290,All goods,0.0,0.0,0.0,India-UK CETA,29/2026-Customs
62034300,All goods,0.0,0.0,0.0,India-UK CETA,29/2026-Customs
62034910,All goods,0.0,0.0,0.0,India-UK CETA,29/2026-Customs
62034990,All goods,0.0,0.0,0.0,India-UK CETA,29/2026-Customs
62041100,All goods,0.0,0.0,0.0,India-UK CETA,29/2026-Customs
62041210,All goods,0.0,0.0,0.0,India-UK CETA,29/2026-Customs
62041290,All goods,0.0,0.0,0.0,India-UK CETA,29/2026-Customs
62041310,All goods,0.0,0.0,0.0,India-UK CETA,29/2026-Customs
62041390,All goods,0.0,0.0,0.0,India-UK CETA,29/2026-Customs
62041911,All goods,0.0,0.0,0.0,India-UK CETA,29/2026-Customs
62041912,All goods,0.0,0.0,0.0,India-UK CETA,29/2026-Customs
62041919,All goods,0.0,0.0,0.0,India-UK CETA,29/2026-Customs
62041991,All goods,0.0,0.0,0.0,India-UK CETA,29/2026-Customs
62041999,All goods,0.0,0.0,0.0,India-UK CETA,29/2026-Customs
62042100,All goods,0.0,0.0,0.0,India-UK CETA,29/2026-Customs
62042210,All goods,0.0,0.0,0.0,India-UK CETA,29/2026-Customs
62042220,All goods,0.0,0.0,0.0,India-UK CETA,29/2026-Customs
62042290,All goods,0.0,0.0,0.0,India-UK CETA,29/2026-Customs
62042310,All goods,0.0,0.0,0.0,India-UK CETA,29/2026-Customs
62042390,All goods,0.0,0.0,0.0,India-UK CETA,29/2026-Customs
62042912,All goods,0.0,0.0,0.0,India-UK CETA,29/2026-Customs
62042913,All goods,0.0,0.0,0.0,India-UK CETA,29/2026-Customs
62042919,All goods,0.0,0.0,0.0,India-UK CETA,29/2026-Customs
62042991,All goods,0.0,0.0,0.0,India-UK CETA,29/2026-Customs
62042999,All goods,0.0,0.0,0.0,India-UK CETA,29/2026-Customs
62043110,All goods,0.0,0.0,0.0,India-UK CETA,29/2026-Customs
62043190,All goods,0.0,0.0,0.0,India-UK CETA,29/2026-Customs
62043210,All goods,0.0,0.0,0.0,India-UK CETA,29/2026-Customs
62043290,All goods,0.0,0.0,0.0,India-UK CETA,29/2026-Customs
62043310,All goods,0.0,0.0,0.0,India-UK CETA,29/2026-Customs
62043390,All goods,0.0,0.0,0.0,India-UK CETA,29/2026-Customs
62043912,All goods,0.0,0.0,0.0,India-UK CETA,29/2026-Customs
62043913,All goods,0.0,0.0,0.0,India-UK CETA,29/2026-Customs
62043919,All goods,0.0,0.0,0.0,India-UK CETA,29/2026-Customs
62043991,All goods,0.0,0.0,0.0,India-UK CETA,29/2026-Customs
62043999,All goods,0.0,0.0,0.0,India-UK CETA,29/2026-Customs
62044110,All goods,0.0,0.0,0.0,India-UK CETA,29/2026-Customs
62044120,All goods,0.0,0.0,0.0,India-UK CETA,29/2026-Customs
62044190,All goods,0.0,0.0,0.0,India-UK CETA,29/2026-Customs
62044210,All goods,0.0,0.0,0.0,India-UK CETA,29/2026-Customs
62044220,All goods,0.0,0.0,0.0,India-UK CETA,29/2026-Customs
62044230,All goods,0.0,0.0,0.0,India-UK CETA,29/2026-Customs
62044290,All goods,0.0,0.0,0.0,India-UK CETA,29/2026-Customs
62044310,All goods,0.0,0.0,0.0,India-UK CETA,29/2026-Customs
62044320,All goods,0.0,0.0,0.0,India-UK CETA,29/2026-Customs
62044390,All goods,0.0,0.0,0.0,India-UK CETA,29/2026-Customs
62044410,All goods,0.0,0.0,0.0,India-UK CETA,29/2026-Customs
62044490,All goods,0.0,0.0,0.0,India-UK CETA,29/2026-Customs
62044911,All goods,0.0,0.0,0.0,India-UK CETA,29/2026-Customs
62044912,All goods,0.0,0.0,0.0,India-UK CETA,29/2026-Customs
62044919,All goods,0.0,0.0,0.0,India-UK CETA,29/2026-Customs
62044991,All goods,0.0,0.0,0.0,India-UK CETA,29/2026-Customs
62044999,All goods,0.0,0.0,0.0,India-UK CETA,29/2026-Customs
62045100,All goods,0.0,0.0,0.0,India-UK CETA,29/2026-Customs
62045210,All goods,0.0,0.0,0.0,India-UK CETA,29/2026-Customs
62045290,All goods,0.0,0.0,0.0,India-UK CETA,29/2026-Customs
62045310,All goods,0.0,0.0,0.0,India-UK CETA,29/2026-Customs
62045390,All goods,0.0,0.0,0.0,India-UK CETA,29/2026-Customs
62045911,All goods,0.0,0.0,0.0,India-UK CETA,29/2026-Customs
62045919,All goods,0.0,0.0,0.0,India-UK CETA,29/2026-Customs
62045991,All goods,0.0,0.0,0.0,India-UK CETA,29/2026-Customs
62045999,All goods,0.0,0.0,0.0,India-UK CETA,29/2026-Customs
62046110,All goods,0.0,0.0,0.0,India-UK CETA,29/2026-Customs
62046190,All goods,0.0,0.0,0.0,India-UK CETA,29/2026-Customs
62046210,All goods,0.0,0.0,0.0,India-UK CETA,29/2026-Customs
62046290,All goods,0.0,0.0,0.0,India-UK CETA,29/2026-Customs
62046300,All goods,0.0,0.0,0.0,India-UK CETA,29/2026-Customs
62046911,All goods,0.0,0.0,0.0,India-UK CETA,29/2026-Customs
62046919,All goods,0.0,0.0,0.0,India-UK CETA,29/2026-Customs
62046990,All goods,0.0,0.0,0.0,India-UK CETA,29/2026-Customs
62052010,All goods,0.0,0.0,0.0,India-UK CETA,29/2026-Customs
62052020,All goods,0.0,0.0,0.0,India-UK CETA,29/2026-Customs
62052090,All goods,0.0,0.0,0.0,India-UK CETA,29/2026-Customs
62053010,All goods,0.0,0.0,0.0,India-UK CETA,29/2026-Customs
62053090,All goods,0.0,0.0,0.0,India-UK CETA,29/2026-Customs
62059011,All goods,0.0,0.0,0.0,India-UK CETA,29/2026-Customs
62059012,All goods,0.0,0.0,0.0,India-UK CETA,29/2026-Customs
62059019,All goods,0.0,0.0,0.0,India-UK CETA,29/2026-Customs
62059090,All goods,0.0,0.0,0.0,India-UK CETA,29/2026-Customs
62061010,All goods,0.0,0.0,0.0,India-UK CETA,29/2026-Customs
62061090,All goods,0.0,0.0,0.0,India-UK CETA,29/2026-Customs
62062000,All goods,0.0,0.0,0.0,India-UK CETA,29/2026-Customs
62063010,All goods,0.0,0.0,0.0,India-UK CETA,29/2026-Customs
62063090,All goods,0.0,0.0,0.0,India-UK CETA,29/2026-Customs
62064000,All goods,0.0,0.0,0.0,India-UK CETA,29/2026-Customs
62069000,All goods,0.0,0.0,0.0,India-UK CETA,29/2026-Customs
62071100,All goods,0.0,0.0,0.0,India-UK CETA,29/2026-Customs
62071910,All goods,0.0,0.0,0.0,India-UK CETA,29/2026-Customs
62071920,All goods,0.0,0.0,0.0,India-UK CETA,29/2026-Customs
62071930,All goods,0.0,0.0,0.0,India-UK CETA,29/2026-Customs
62071990,All goods,0.0,0.0,0.0,India-UK CETA,29/2026-Customs
62072110,All goods,0.0,0.0,0.0,India-UK CETA,29/2026-Customs
62072190,All goods,0.0,0.0,0.0,India-UK CETA,29/2026-Customs
62072200,All goods,0.0,0.0,0.0,India-UK CETA,29/2026-Customs
62072900,All goods,0.0,0.0,0.0,India-UK CETA,29/2026-Customs
62079110,All goods,0.0,0.0,0.0,India-UK CETA,29/2026-Customs
62079120,All goods,0.0,0.0,0.0,India-UK CETA,29/2026-Customs
62079190,All goods,0.0,0.0,0.0,India-UK CETA,29/2026-Customs
62079911,All goods,0.0,0.0,0.0,India-UK CETA,29/2026-Customs
62079919,All goods,0.0,0.0,0.0,India-UK CETA,29/2026-Customs
62079921,All goods,0.0,0.0,0.0,India-UK CETA,29/2026-Customs
62079929,All goods,0.0,0.0,0.0,India-UK CETA,29/2026-Customs
62079990,All goods,0.0,0.0,0.0,India-UK CETA,29/2026-Customs
62081100,All goods,0.0,0.0,0.0,India-UK CETA,29/2026-Customs
62081910,All goods,0.0,0.0,0.0,India-UK CETA,29/2026-Customs
62081990,All goods,0.0,0.0,0.0,India-UK CETA,29/2026-Customs
62082110,All goods,0.0,0.0,0.0,India-UK CETA,29/2026-Customs
62082190,All goods,0.0,0.0,0.0,India-UK CETA,29/2026-Customs
62082200,All goods,0.0,0.0,0.0,India-UK CETA,29/2026-Customs
62082910,All goods,0.0,0.0,0.0,India-UK CETA,29/2026-Customs
62082920,All goods,0.0,0.0,0.0,India-UK CETA,29/2026-Customs
62082990,All goods,0.0,0.0,0.0,India-UK CETA,29/2026-Customs
62089110,All goods,0.0,0.0,0.0,India-UK CETA,29/2026-Customs
62089190,All goods,0.0,0.0,0.0,India-UK CETA,29/2026-Customs
62089210,All goods,0.0,0.0,0.0,India-UK CETA,29/2026-Customs
62089290,All goods,0.0,0.0,0.0,India-UK CETA,29/2026-Customs
62089910,All goods,0.0,0.0,0.0,India-UK CETA,29/2026-Customs
62089920,All goods,0.0,0.0,0.0,India-UK CETA,29/2026-Customs
62089990,All goods,0.0,0.0,0.0,India-UK CETA,29/2026-Customs
62092010,All goods,0.0,0.0,0.0,India-UK CETA,29/2026-Customs
62092090,All goods,0.0,0.0,0.0,India-UK CETA,29/2026-Customs
62093000,All goods,0.0,0.0,0.0,India-UK CETA,29/2026-Customs
62099010,All goods,0.0,0.0,0.0,India-UK CETA,29/2026-Customs
62099090,All goods,0.0,0.0,0.0,India-UK CETA,29/2026-Customs
62101010,All goods,0.0,0.0,0.0,India-UK CETA,29/2026-Customs
62101020,All goods,0.0,0.0,0.0,India-UK CETA,29/2026-Customs
62101090,All goods,0.0,0.0,0.0,India-UK CETA,29/2026-Customs
62102010,All goods,0.0,0.0,0.0,India-UK CETA,29/2026-Customs
62102020,All goods,0.0,0.0,0.0,India-UK CETA,29/2026-Customs
62102030,All goods,0.0,0.0,0.0,India-UK CETA,29/2026-Customs
62102090,All goods,0.0,0.0,0.0,India-UK CETA,29/2026-Customs
62103010,All goods,0.0,0.0,0.0,India-UK CETA,29/2026-Customs
62103020,All goods,0.0,0.0,0.0,India-UK CETA,29/2026-Customs
62103030,All goods,0.0,0.0,0.0,India-UK CETA,29/2026-Customs
62103090,All goods,0.0,0.0,0.0,India-UK CETA,29/2026-Customs
62104010,All goods,0.0,0.0,0.0,India-UK CETA,29/2026-Customs
62104020,All goods,0.0,0.0,0.0,India-UK CETA,29/2026-Customs
62104030,All goods,0.0,0.0,0.0,India-UK CETA,29/2026-Customs
62104040,All goods,0.0,0.0,0.0,India-UK CETA,29/2026-Customs
62104050,All goods,0.0,0.0,0.0,India-UK CETA,29/2026-Customs
62104060,All goods,0.0,0.0,0.0,India-UK CETA,29/2026-Customs
62104070,All goods,0.0,0.0,0.0,India-UK CETA,29/2026-Customs
62104080,All goods,0.0,0.0,0.0,India-UK CETA,29/2026-Customs
62104090,All goods,0.0,0.0,0.0,India-UK CETA,29/2026-Customs
62105000,All goods,0.0,0.0,0.0,India-UK CETA,29/2026-Customs
62111100,All goods,0.0,0.0,0.0,India-UK CETA,29/2026-Customs
62111200,All goods,0.0,0.0,0.0,India-UK CETA,29/2026-Customs
62112000,All goods,0.0,0.0,0.0,India-UK CETA,29/2026-Customs
62113200,All goods,0.0,0.0,0.0,India-UK CETA,29/2026-Customs
62113300,All goods,0.0,0.0,0.0,India-UK CETA,29/2026-Customs
62113911,All goods,0.0,0.0,0.0,India-UK CETA,29/2026-Customs
62113919,All goods,0.0,0.0,0.0,India-UK CETA,29/2026-Customs
62113990,All goods,0.0,0.0,0.0,India-UK CETA,29/2026-Customs
62114211,All goods,0.0,0.0,0.0,India-UK CETA,29/2026-Customs
62114219,All goods,0.0,0.0,0.0,India-UK CETA,29/2026-Customs
62114291,All goods,0.0,0.0,0.0,India-UK CETA,29/2026-Customs
62114299,All goods,0.0,0.0,0.0,India-UK CETA,29/2026-Customs
62114310,All goods,0.0,0.0,0.0,India-UK CETA,29/2026-Customs
62114390,All goods,0.0,0.0,0.0,India-UK CETA,29/2026-Customs
62114910,All goods,0.0,0.0,0.0,India-UK CETA,29/2026-Customs
62114921,All goods,0.0,0.0,0.0,India-UK CETA,29/2026-Customs
62114922,All goods,0.0,0.0,0.0,India-UK CETA,29/2026-Customs
62114929,All goods,0.0,0.0,0.0,India-UK CETA,29/2026-Customs
62114991,All goods,0.0,0.0,0.0,India-UK CETA,29/2026-Customs
62114999,All goods,0.0,0.0,0.0,India-UK CETA,29/2026-Customs
62121000,All goods,0.0,0.0,0.0,India-UK CETA,29/2026-Customs
62122000,All goods,0.0,0.0,0.0,India-UK CETA,29/2026-Customs
62123000,All goods,0.0,0.0,0.0,India-UK CETA,29/2026-Customs
62129010,All goods,0.0,0.0,0.0,India-UK CETA,29/2026-Customs
62129090,All goods,0.0,0.0,0.0,India-UK CETA,29/2026-Customs
62132000,All goods,0.0,0.0,0.0,India-UK CETA,29/2026-Customs
62139010,All goods,0.0,0.0,0.0,India-UK CETA,29/2026-Customs
62139090,All goods,0.0,0.0,0.0,India-UK CETA,29/2026-Customs
62141010,All goods,0.0,0.0,0.0,India-UK CETA,29/2026-Customs
62141020,All goods,0.0,0.0,0.0,India-UK CETA,29/2026-Customs
62141030,All goods,0.0,0.0,0.0,India-UK CETA,29/2026-Customs
62141040,All goods,0.0,0.0,0.0,India-UK CETA,29/2026-Customs
62141090,All goods,0.0,0.0,0.0,India-UK CETA,29/2026-Customs
62142010,All goods,0.0,0.0,0.0,India-UK CETA,29/2026-Customs
62142021,All goods,0.0,0.0,0.0,India-UK CETA,29/2026-Customs
62142029,All goods,0.0,0.0,0.0,India-UK CETA,29/2026-Customs
62142031,All goods,0.0,0.0,0.0,India-UK CETA,29/2026-Customs
62142039,All goods,0.0,0.0,0.0,India-UK CETA,29/2026-Customs
62142090,All goods,0.0,0.0,0.0,India-UK CETA,29/2026-Customs
62143010,All goods,0.0,0.0,0.0,India-UK CETA,29/2026-Customs
62143090,All goods,0.0,0.0,0.0,India-UK CETA,29/2026-Customs
62144010,All goods,0.0,0.0,0.0,India-UK CETA,29/2026-Customs
62144090,All goods,0.0,0.0,0.0,India-UK CETA,29/2026-Customs
62149010,All goods,0.0,0.0,0.0,India-UK CETA,29/2026-Customs
62149021,All goods,0.0,0.0,0.0,India-UK CETA,29/2026-Customs
62149022,All goods,0.0,0.0,0.0,India-UK CETA,29/2026-Customs
62149029,All goods,0.0,0.0,0.0,India-UK CETA,29/2026-Customs
62149031,All goods,0.0,0.0,0.0,India-UK CETA,29/2026-Customs
62149032,All goods,0.0,0.0,0.0,India-UK CETA,29/2026-Customs
62149039,All goods,0.0,0.0,0.0,India-UK CETA,29/2026-Customs
62149041,All goods,0.0,0.0,0.0,India-UK CETA,29/2026-Customs
62149049,All goods,0.0,0.0,0.0,India-UK CETA,29/2026-Customs
62149051,All goods,0.0,0.0,0.0,India-UK CETA,29/2026-Customs
62149059,All goods,0.0,0.0,0.0,India-UK CETA,29/2026-Customs
62149061,All goods,0.0,0.0,0.0,India-UK CETA,29/2026-Customs
62149069,All goods,0.0,0.0,0.0,India-UK CETA,29/2026-Customs
62149091,All goods,0.0,0.0,0.0,India-UK CETA,29/2026-Customs
62149099,All goods,0.0,0.0,0.0,India-UK CETA,29/2026-Customs
62151010,All goods,0.0,0.0,0.0,India-UK CETA,29/2026-Customs
62151090,All goods,0.0,0.0,0.0,India-UK CETA,29/2026-Customs
62152000,All goods,0.0,0.0,0.0,India-UK CETA,29/2026-Customs
62159010,All goods,0.0,0.0,0.0,India-UK CETA,29/2026-Customs
62159090,All goods,0.0,0.0,0.0,India-UK CETA,29/2026-Customs
62160010,All goods,0.0,0.0,0.0,India-UK CETA,29/2026-Customs
62160020,All goods,0.0,0.0,0.0,India-UK CETA,29/2026-Customs
62160090,All goods,0.0,0.0,0.0,India-UK CETA,29/2026-Customs
62171010,All goods,0.0,0.0,0.0,India-UK CETA,29/2026-Customs
62171020,All goods,0.0,0.0,0.0,India-UK CETA,29/2026-Customs
62171030,All goods,0.0,0.0,0.0,India-UK CETA,29/2026-Customs
62171040,All goods,0.0,0.0,0.0,India-UK CETA,29/2026-Customs
62171050,All goods,0.0,0.0,0.0,India-UK CETA,29/2026-Customs
62171060,All goods,0.0,0.0,0.0,India-UK CETA,29/2026-Customs
62171070,All goods,0.0,0.0,0.0,India-UK CETA,29/2026-Customs
62171090,All goods,0.0,0.0,0.0,India-UK CETA,29/2026-Customs
62179010,All goods,0.0,0.0,0.0,India-UK CETA,29/2026-Customs
62179020,All goods,0.0,0.0,0.0,India-UK CETA,29/2026-Customs
62179030,All goods,0.0,0.0,0.0,India-UK CETA,29/2026-Customs
62179040,All goods,0.0,0.0,0.0,India-UK CETA,29/2026-Customs
62179090,All goods,0.0,0.0,0.0,India-UK CETA,29/2026-Customs
63011000,All goods,0.0,0.0,0.0,India-UK CETA,29/2026-Customs
63012000,All goods,0.0,0.0,0.0,India-UK CETA,29/2026-Customs
63013000,All goods,0.0,0.0,0.0,India-UK CETA,29/2026-Customs
63014000,All goods,0.0,0.0,0.0,India-UK CETA,29/2026-Customs
63019010,All goods,0.0,0.0,0.0,India-UK CETA,29/2026-Customs
63019090,All goods,0.0,0.0,0.0,India-UK CETA,29/2026-Customs
63021010,All goods,0.0,0.0,0.0,India-UK CETA,29/2026-Customs
63021090,All goods,0.0,0.0,0.0,India-UK CETA,29/2026-Customs
63022110,All goods,0.0,0.0,0.0,India-UK CETA,29/2026-Customs
63022190,All goods,0.0,0.0,0.0,India-UK CETA,29/2026-Customs
63022200,All goods,0.0,0.0,0.0,India-UK CETA,29/2026-Customs
63022900,All goods,0.0,0.0,0.0,India-UK CETA,29/2026-Customs
63023100,All goods,0.0,0.0,0.0,India-UK CETA,29/2026-Customs
63023200,All goods,0.0,0.0,0.0,India-UK CETA,29/2026-Customs
63023900,All goods,0.0,0.0,0.0,India-UK CETA,29/2026-Customs
63024010,All goods,0.0,0.0,0.0,India-UK CETA,29/2026-Customs
63024020,All goods,0.0,0.0,0.0,India-UK CETA,29/2026-Customs
63024030,All goods,0.0,0.0,0.0,India-UK CETA,29/2026-Customs
63024040,All goods,0.0,0.0,0.0,India-UK CETA,29/2026-Customs
63024090,All goods,0.0,0.0,0.0,India-UK CETA,29/2026-Customs
63025110,All goods,0.0,0.0,0.0,India-UK CETA,29/2026-Customs
63025190,All goods,0.0,0.0,0.0,India-UK CETA,29/2026-Customs
63025300,All goods,0.0,0.0,0.0,India-UK CETA,29/2026-Customs
63025900,All goods,0.0,0.0,0.0,India-UK CETA,29/2026-Customs
63026010,All goods,0.0,0.0,0.0,India-UK CETA,29/2026-Customs
63026090,All goods,0.0,0.0,0.0,India-UK CETA,29/2026-Customs
63029110,All goods,0.0,0.0,0.0,India-UK CETA,29/2026-Customs
63029190,All goods,0.0,0.0,0.0,India-UK CETA,29/2026-Customs
63029300,All goods,0.0,0.0,0.0,India-UK CETA,29/2026-Customs
63029900,All goods,0.0,0.0,0.0,India-UK CETA,29/2026-Customs
63031200,All goods,0.0,0.0,0.0,India-UK CETA,29/2026-Customs
63031900,All goods,0.0,0.0,0.0,India-UK CETA,29/2026-Customs
63039100,All goods,0.0,0.0,0.0,India-UK CETA,29/2026-Customs
63039200,All goods,0.0,0.0,0.0,India-UK CETA,29/2026-Customs
63039910,All goods,0.0,0.0,0.0,India-UK CETA,29/2026-Customs
63039990,All goods,0.0,0.0,0.0,India-UK CETA,29/2026-Customs
63041100,All goods,0.0,0.0,0.0,India-UK CETA,29/2026-Customs
63041910,All goods,0.0,0.0,0.0,India-UK CETA,29/2026-Customs
63041920,All goods,0.0,0.0,0.0,India-UK CETA,29/2026-Customs
63041930,All goods,0.0,0.0,0.0,India-UK CETA,29/2026-Customs
63041940,All goods,0.0,0.0,0.0,India-UK CETA,29/2026-Customs
63041990,All goods,0.0,0.0,0.0,India-UK CETA,29/2026-Customs
63042000,All goods,0.0,0.0,0.0,India-UK CETA,29/2026-Customs
63049110,All goods,0.0,0.0,0.0,India-UK CETA,29/2026-Customs
63049120,All goods,0.0,0.0,0.0,India-UK CETA,29/2026-Customs
63049190,All goods,0.0,0.0,0.0,India-UK CETA,29/2026-Customs
63049211,All goods,0.0,0.0,0.0,India-UK CETA,29/2026-Customs
63049219,All goods,0.0,0.0,0.0,India-UK CETA,29/2026-Customs
63049221,All goods,0.0,0.0,0.0,India-UK CETA,29/2026-Customs
63049229,All goods,0.0,0.0,0.0,India-UK CETA,29/2026-Customs
63049231,All goods,0.0,0.0,0.0,India-UK CETA,29/2026-Customs
63049239,All goods,0.0,0.0,0.0,India-UK CETA,29/2026-Customs
63049241,All goods,0.0,0.0,0.0,India-UK CETA,29/2026-Customs
63049249,All goods,0.0,0.0,0.0,India-UK CETA,29/2026-Customs
63049250,All goods,0.0,0.0,0.0,India-UK CETA,29/2026-Customs
63049260,All goods,0.0,0.0,0.0,India-UK CETA,29/2026-Customs
63049270,All goods,0.0,0.0,0.0,India-UK CETA,29/2026-Customs
63049281,All goods,0.0,0.0,0.0,India-UK CETA,29/2026-Customs
63049289,All goods,0.0,0.0,0.0,India-UK CETA,29/2026-Customs
63049291,All goods,0.0,0.0,0.0,India-UK CETA,29/2026-Customs
63049299,All goods,0.0,0.0,0.0,India-UK CETA,29/2026-Customs
63049300,All goods,0.0,0.0,0.0,India-UK CETA,29/2026-Customs
63049910,All goods,0.0,0.0,0.0,India-UK CETA,29/2026-Customs
63049991,All goods,0.0,0.0,0.0,India-UK CETA,29/2026-Customs
63049992,All goods,0.0,0.0,0.0,India-UK CETA,29/2026-Customs
63049999,All goods,0.0,0.0,0.0,India-UK CETA,29/2026-Customs
63051010,All goods,0.0,0.0,0.0,India-UK CETA,29/2026-Customs
63051020,All goods,0.0,0.0,0.0,India-UK CETA,29/2026-Customs
63051030,All goods,0.0,0.0,0.0,India-UK CETA,29/2026-Customs
63051040,All goods,0.0,0.0,0.0,India-UK CETA,29/2026-Customs
63051050,All goods,0.0,0.0,0.0,India-UK CETA,29/2026-Customs
63051060,All goods,0.0,0.0,0.0,India-UK CETA,29/2026-Customs
63051070,All goods,0.0,0.0,0.0,India-UK CETA,29/2026-Customs
63051080,All goods,0.0,0.0,0.0,India-UK CETA,29/2026-Customs
63051090,All goods,0.0,0.0,0.0,India-UK CETA,29/2026-Customs
63052000,All goods,0.0,0.0,0.0,India-UK CETA,29/2026-Customs
63053200,All goods,0.0,0.0,0.0,India-UK CETA,29/2026-Customs
63053300,All goods,0.0,0.0,0.0,India-UK CETA,29/2026-Customs
63053900,All goods,0.0,0.0,0.0,India-UK CETA,29/2026-Customs
63059000,All goods,0.0,0.0,0.0,India-UK CETA,29/2026-Customs
63061200,All goods,0.0,0.0,0.0,India-UK CETA,29/2026-Customs
63061910,All goods,0.0,0.0,0.0,India-UK CETA,29/2026-Customs
63061920,All goods,0.0,0.0,0.0,India-UK CETA,29/2026-Customs
63061930,All goods,0.0,0.0,0.0,India-UK CETA,29/2026-Customs
63061990,All goods,0.0,0.0,0.0,India-UK CETA,29/2026-Customs
63062200,All goods,0.0,0.0,0.0,India-UK CETA,29/2026-Customs
63062910,All goods,0.0,0.0,0.0,India-UK CETA,29/2026-Customs
63062990,All goods,0.0,0.0,0.0,India-UK CETA,29/2026-Customs
63063000,All goods,0.0,0.0,0.0,India-UK CETA,29/2026-Customs
63064000,All goods,0.0,0.0,0.0,India-UK CETA,29/2026-Customs
63069010,All goods,0.0,0.0,0.0,India-UK CETA,29/2026-Customs
63069090,All goods,0.0,0.0,0.0,India-UK CETA,29/2026-Customs
63071010,All goods,0.0,0.0,0.0,India-UK CETA,29/2026-Customs
63071020,All goods,0.0,0.0,0.0,India-UK CETA,29/2026-Customs
63071030,All goods,0.0,0.0,0.0,India-UK CETA,29/2026-Customs
63071090,All goods,0.0,0.0,0.0,India-UK CETA,29/2026-Customs
63072010,All goods,0.0,0.0,0.0,India-UK CETA,29/2026-Customs
63072090,All goods,0.0,0.0,0.0,India-UK CETA,29/2026-Customs
63079011,All goods,0.0,0.0,0.0,India-UK CETA,29/2026-Customs
63079012,All goods,0.0,0.0,0.0,India-UK CETA,29/2026-Customs
63079013,All goods,0.0,0.0,0.0,India-UK CETA,29/2026-Customs
63079019,All goods,0.0,0.0,0.0,India-UK CETA,29/2026-Customs
63079020,All goods,0.0,0.0,0.0,India-UK CETA,29/2026-Customs
63079091,All goods,0.0,0.0,0.0,India-UK CETA,29/2026-Customs
63079092,All goods,0.0,0.0,0.0,India-UK CETA,29/2026-Customs
63079099,All goods,0.0,0.0,0.0,India-UK CETA,29/2026-Customs
63080000,All goods,0.0,0.0,0.0,India-UK CETA,29/2026-Customs
63101010,All goods,0.0,0.0,0.0,India-UK CETA,29/2026-Customs
63101020,All goods,0.0,0.0,0.0,India-UK CETA,29/2026-Customs
63101030,All goods,0.0,0.0,0.0,India-UK CETA,29/2026-Customs
63101090,All goods,0.0,0.0,0.0,India-UK CETA,29/2026-Customs
63109010,All goods,0.0,0.0,0.0,India-UK CETA,29/2026-Customs
63109020,All goods,0.0,0.0,0.0,India-UK CETA,29/2026-Customs
63109030,All goods,0.0,0.0,0.0,India-UK CETA,29/2026-Customs
63109040,All goods,0.0,0.0,0.0,India-UK CETA,29/2026-Customs
63109090,All goods,0.0,0.0,0.0,India-UK CETA,29/2026-Customs
64011010,All goods,18.0,16.7,0.0,India-UK CETA,29/2026-Customs
64011090,All goods,18.0,16.7,0.0,India-UK CETA,29/2026-Customs
64019210,All goods,18.0,16.7,0.0,India-UK CETA,29/2026-Customs
64019290,All goods,18.0,16.7,0.0,India-UK CETA,29/2026-Customs
64019910,All goods,18.0,16.7,0.0,India-UK CETA,29/2026-Customs
64019990,All goods,18.0,16.7,0.0,India-UK CETA,29/2026-Customs
64021210,All goods,18.0,16.7,0.0,India-UK CETA,29/2026-Customs
64021290,All goods,18.0,16.7,0.0,India-UK CETA,29/2026-Customs
64021910,All goods,18.0,16.7,0.0,India-UK CETA,29/2026-Customs
64021990,All goods,18.0,16.7,0.0,India-UK CETA,29/2026-Customs
64022010,All goods,18.0,16.7,0.0,India-UK CETA,29/2026-Customs
64022090,All goods,18.0,16.7,0.0,India-UK CETA,29/2026-Customs
64029110,All goods,18.0,16.7,0.0,India-UK CETA,29/2026-Customs
64029190,All goods,18.0,16.7,0.0,India-UK CETA,29/2026-Customs
64029910,All goods,18.0,16.7,0.0,India-UK CETA,29/2026-Customs
64029990,All goods,18.0,16.7,0.0,India-UK CETA,29/2026-Customs
64031200,All goods,0.0,0.0,0.0,India-UK CETA,29/2026-Customs
64031910,All goods,0.0,0.0,0.0,India-UK CETA,29/2026-Customs
64031920,All goods,0.0,0.0,0.0,India-UK CETA,29/2026-Customs
64031990,All goods,0.0,0.0,0.0,India-UK CETA,29/2026-Customs
64032011,All goods,0.0,0.0,0.0,India-UK CETA,29/2026-Customs
64032012,All goods,0.0,0.0,0.0,India-UK CETA,29/2026-Customs
64032013,All goods,0.0,0.0,0.0,India-UK CETA,29/2026-Customs
64032019,All goods,0.0,0.0,0.0,India-UK CETA,29/2026-Customs
64032021,All goods,0.0,0.0,0.0,India-UK CETA,29/2026-Customs
64032022,All goods,0.0,0.0,0.0,India-UK CETA,29/2026-Customs
64032023,All goods,0.0,0.0,0.0,India-UK CETA,29/2026-Customs
64032029,All goods,0.0,0.0,0.0,India-UK CETA,29/2026-Customs
64032030,All goods,0.0,0.0,0.0,India-UK CETA,29/2026-Customs
64032040,All goods,0.0,0.0,0.0,India-UK CETA,29/2026-Customs
64032090,All goods,0.0,0.0,0.0,India-UK CETA,29/2026-Customs
64034000,All goods,0.0,0.0,0.0,India-UK CETA,29/2026-Customs
64035111,All goods,0.0,0.0,0.0,India-UK CETA,29/2026-Customs
64035112,All goods,0.0,0.0,0.0,India-UK CETA,29/2026-Customs
64035113,All goods,0.0,0.0,0.0,India-UK CETA,29/2026-Customs
64035119,All goods,0.0,0.0,0.0,India-UK CETA,29/2026-Customs
64035190,All goods,0.0,0.0,0.0,India-UK CETA,29/2026-Customs
64035910,All goods,0.0,0.0,0.0,India-UK CETA,29/2026-Customs
64035920,All goods,0.0,0.0,0.0,India-UK CETA,29/2026-Customs
64035930,All goods,0.0,0.0,0.0,India-UK CETA,29/2026-Customs
64035990,All goods,0.0,0.0,0.0,India-UK CETA,29/2026-Customs
64039110,All goods,0.0,0.0,0.0,India-UK CETA,29/2026-Customs
64039120,All goods,0.0,0.0,0.0,India-UK CETA,29/2026-Customs
64039190,All goods,0.0,0.0,0.0,India-UK CETA,29/2026-Customs
64039910,All goods,0.0,0.0,0.0,India-UK CETA,29/2026-Customs
64039920,All goods,0.0,0.0,0.0,India-UK CETA,29/2026-Customs
64039990,All goods,0.0,0.0,0.0,India-UK CETA,29/2026-Customs
64041110,All goods,0.0,0.0,0.0,India-UK CETA,29/2026-Customs
64041120,All goods,0.0,0.0,0.0,India-UK CETA,29/2026-Customs
64041190,All goods,0.0,0.0,0.0,India-UK CETA,29/2026-Customs
64041910,All goods,0.0,0.0,0.0,India-UK CETA,29/2026-Customs
64041920,All goods,0.0,0.0,0.0,India-UK CETA,29/2026-Customs
64041990,All goods,0.0,0.0,0.0,India-UK CETA,29/2026-Customs
64042000,All goods,0.0,0.0,0.0,India-UK CETA,29/2026-Customs
64051000,All goods,0.0,0.0,0.0,India-UK CETA,29/2026-Customs
64052000,All goods,0.0,0.0,0.0,India-UK CETA,29/2026-Customs
64059000,All goods,0.0,0.0,0.0,India-UK CETA,29/2026-Customs
64061010,All goods,0.0,0.0,0.0,India-UK CETA,29/2026-Customs
64061020,All goods,0.0,0.0,0.0,India-UK CETA,29/2026-Customs
64061030,All goods,0.0,0.0,0.0,India-UK CETA,29/2026-Customs
64061040,All goods,0.0,0.0,0.0,India-UK CETA,29/2026-Customs
64061090,All goods,0.0,0.0,0.0,India-UK CETA,29/2026-Customs
64062000,All goods,0.0,0.0,0.0,India-UK CETA,29/2026-Customs
64069010,All goods,0.0,0.0,0.0,India-UK CETA,29/2026-Customs
64069020,All goods,0.0,0.0,0.0,India-UK CETA,29/2026-Customs
64069030,All goods,0.0,0.0,0.0,India-UK CETA,29/2026-Customs
64069040,All goods,0.0,0.0,0.0,India-UK CETA,29/2026-Customs
64069050,All goods,0.0,0.0,0.0,India-UK CETA,29/2026-Customs
64069090,All goods,0.0,0.0,0.0,India-UK CETA,29/2026-Customs
65010010,All goods,0.0,0.0,0.0,India-UK CETA,29/2026-Customs
65010020,All goods,0.0,0.0,0.0,India-UK CETA,29/2026-Customs
65010090,All goods,0.0,0.0,0.0,India-UK CETA,29/2026-Customs
65020010,All goods,0.0,0.0,0.0,India-UK CETA,29/2026-Customs
65020020,All goods,0.0,0.0,0.0,India-UK CETA,29/2026-Customs
65020090,All goods,0.0,0.0,0.0,India-UK CETA,29/2026-Customs
65040000,All goods,0.0,0.0,0.0,India-UK CETA,29/2026-Customs
65050010,All goods,9.0,0.0,0.0,India-UK CETA,29/2026-Customs
65050090,All goods,9.0,0.0,0.0,India-UK CETA,29/2026-Customs
65061010,All goods,9.0,0.0,0.0,India-UK CETA,29/2026-Customs
65061020,All goods,9.0,0.0,0.0,India-UK CETA,29/2026-Customs
65061090,All goods,9.0,0.0,0.0,India-UK CETA,29/2026-Customs
65069100,All goods,0.0,0.0,0.0,India-UK CETA,29/2026-Customs
65069900,All goods,0.0,0.0,0.0,India-UK CETA,29/2026-Customs
65070000,All goods,0.0,0.0,0.0,India-UK CETA,29/2026-Customs
66011000,All goods,0.0,0.0,0.0,India-UK CETA,29/2026-Customs
66019100,All goods,0.0,0.0,0.0,India-UK CETA,29/2026-Customs
66019900,All goods,0.0,0.0,0.0,India-UK CETA,29/2026-Customs
66020000,All goods,0.0,0.0,0.0,India-UK CETA,29/2026-Customs
66032000,All goods,0.0,0.0,0.0,India-UK CETA,29/2026-Customs
66039010,All goods,0.0,0.0,0.0,India-UK CETA,29/2026-Customs
66039090,All goods,0.0,0.0,0.0,India-UK CETA,29/2026-Customs
67010010,All goods,0.0,0.0,0.0,India-UK CETA,29/2026-Customs
67010090,All goods,0.0,0.0,0.0,India-UK CETA,29/2026-Customs
67021010,All goods,0.0,0.0,0.0,India-UK CETA,29/2026-Customs
67021090,All goods,0.0,0.0,0.0,India-UK CETA,29/2026-Customs
67029010,All goods,0.0,0.0,0.0,India-UK CETA,29/2026-Customs
67029090,All goods,0.0,0.0,0.0,India-UK CETA,29/2026-Customs
67030010,All goods,0.0,0.0,0.0,India-UK CETA,29/2026-Customs
67030020,All goods,0.0,0.0,0.0,India-UK CETA,29/2026-Customs
67041100,All goods,0.0,0.0,0.0,India-UK CETA,29/2026-Customs
67041910,All goods,0.0,0.0,0.0,India-UK CETA,29/2026-Customs
67041990,All goods,0.0,0.0,0.0,India-UK CETA,29/2026-Customs
67042010,All goods,0.0,0.0,0.0,India-UK CETA,29/2026-Customs
67042020,All goods,0.0,0.0,0.0,India-UK CETA,29/2026-Customs
67042090,All goods,0.0,0.0,0.0,India-UK CETA,29/2026-Customs
67049000,All goods,0.0,0.0,0.0,India-UK CETA,29/2026-Customs
68010000,All goods,0.0,0.0,0.0,India-UK CETA,29/2026-Customs
68021000,All goods other than Marble Slab,8.2,0.0,0.0,India-UK CETA,29/2026-Customs
68022110,All goods other than Marble Slab,8.2,0.0,0.0,India-UK CETA,29/2026-Customs
68022120,All goods other than Marble Slab,8.2,0.0,0.0,India-UK CETA,29/2026-Customs
68022190,All goods other than Marble Slab,8.2,0.0,0.0,India-UK CETA,29/2026-Customs
68029100,All goods other than Marble Slab,8.2,0.0,0.0,India-UK CETA,29/2026-Customs
68029200,All goods other than Marble Slab,8.2,0.0,0.0,India-UK CETA,29/2026-Customs
68021000,Marble Slab,18.0,18.0,0.0,India-UK CETA,29/2026-Customs
68022110,Marble Slab,18.0,18.0,0.0,India-UK CETA,29/2026-Customs
68022120,Marble Slab,18.0,18.0,0.0,India-UK CETA,29/2026-Customs
68022190,Marble Slab,18.0,18.0,0.0,India-UK CETA,29/2026-Customs
68029100,Marble Slab,18.0,18.0,0.0,India-UK CETA,29/2026-Customs
68029200,Marble Slab,18.0,18.0,0.0,India-UK CETA,29/2026-Customs
68022310,All goods,9.0,0.0,0.0,India-UK CETA,29/2026-Customs
68022390,All goods,9.0,0.0,0.0,India-UK CETA,29/2026-Customs
68022900,All goods,9.0,0.0,0.0,India-UK CETA,29/2026-Customs
68029300,All goods,9.0,0.0,0.0,India-UK CETA,29/2026-Customs
68029900,All goods,9.0,0.0,0.0,India-UK CETA,29/2026-Customs
68030000,All goods,0.0,0.0,0.0,India-UK CETA,29/2026-Customs
68041000,All goods,0.0,0.0,0.0,India-UK CETA,29/2026-Customs
68042110,All goods,0.0,0.0,0.0,India-UK CETA,29/2026-Customs
68042190,All goods,0.0,0.0,0.0,India-UK CETA,29/2026-Customs
68042210,All goods,0.0,0.0,0.0,India-UK CETA,29/2026-Customs
68042220,All goods,0.0,0.0,0.0,India-UK CETA,29/2026-Customs
68042290,All goods,0.0,0.0,0.0,India-UK CETA,29/2026-Customs
68042310,All goods,0.0,0.0,0.0,India-UK CETA,29/2026-Customs
68042390,All goods,0.0,0.0,0.0,India-UK CETA,29/2026-Customs
68043010,All goods,0.0,0.0,0.0,India-UK CETA,29/2026-Customs
68043020,All goods,0.0,0.0,0.0,India-UK CETA,29/2026-Customs
68051010,All goods,0.0,0.0,0.0,India-UK CETA,29/2026-Customs
68051090,All goods,0.0,0.0,0.0,India-UK CETA,29/2026-Customs
68052010,All goods,0.0,0.0,0.0,India-UK CETA,29/2026-Customs
68052020,All goods,0.0,0.0,0.0,India-UK CETA,29/2026-Customs
68052030,All goods,0.0,0.0,0.0,India-UK CETA,29/2026-Customs
68052040,All goods,0.0,0.0,0.0,India-UK CETA,29/2026-Customs
68052090,All goods,0.0,0.0,0.0,India-UK CETA,29/2026-Customs
68053000,All goods,0.0,0.0,0.0,India-UK CETA,29/2026-Customs
68061000,All goods,9.0,0.0,0.0,India-UK CETA,29/2026-Customs
68062000,All goods,0.0,0.0,0.0,India-UK CETA,29/2026-Customs
68069000,All goods,0.0,0.0,0.0,India-UK CETA,29/2026-Customs
68071010,All goods,0.0,0.0,0.0,India-UK CETA,29/2026-Customs
68071090,All goods,0.0,0.0,0.0,India-UK CETA,29/2026-Customs
68079010,All goods,0.0,0.0,0.0,India-UK CETA,29/2026-Customs
68079090,All goods,0.0,0.0,0.0,India-UK CETA,29/2026-Customs
68080000,All goods,0.0,0.0,0.0,India-UK CETA,29/2026-Customs
68091100,All goods,0.0,0.0,0.0,India-UK CETA,29/2026-Customs
68091900,All goods,0.0,0.0,0.0,India-UK CETA,29/2026-Customs
68099000,All goods,0.0,0.0,0.0,India-UK CETA,29/2026-Customs
68101110,All goods,9.0,0.0,0.0,India-UK CETA,29/2026-Customs
68101190,All goods,9.0,0.0,0.0,India-UK CETA,29/2026-Customs
68101910,All goods,9.0,0.0,0.0,India-UK CETA,29/2026-Customs
68101990,All goods,9.0,0.0,0.0,India-UK CETA,29/2026-Customs
68109100,All goods,9.0,0.0,0.0,India-UK CETA,29/2026-Customs
68109910,All goods,9.0,0.0,0.0,India-UK CETA,29/2026-Customs
68109990,All goods,9.0,0.0,0.0,India-UK CETA,29/2026-Customs
68114010,All goods,9.0,0.0,0.0,India-UK CETA,29/2026-Customs
68114020,All goods,9.0,0.0,0.0,India-UK CETA,29/2026-Customs
68114090,All goods,9.0,0.0,0.0,India-UK CETA,29/2026-Customs
68118100,All goods,9.0,0.0,0.0,India-UK CETA,29/2026-Customs
68118200,All goods,9.0,0.0,0.0,India-UK CETA,29/2026-Customs
68118910,All goods,9.0,0.0,0.0,India-UK CETA,29/2026-Customs
68118990,All goods,9.0,0.0,0.0,India-UK CETA,29/2026-Customs
68128000,All goods,9.0,0.0,0.0,India-UK CETA,29/2026-Customs
68129100,All goods,9.0,0.0,0.0,India-UK CETA,29/2026-Customs
68129911,All goods,9.0,0.0,0.0,India-UK CETA,29/2026-Customs
68129919,All goods,9.0,0.0,0.0,India-UK CETA,29/2026-Customs
68129921,All goods,9.0,0.0,0.0,India-UK CETA,29/2026-Customs
68129922,All goods,9.0,0.0,0.0,India-UK CETA,29/2026-Customs
68129990,All goods,9.0,0.0,0.0,India-UK CETA,29/2026-Customs
68132010,All goods,0.0,0.0,0.0,India-UK CETA,29/2026-Customs
68132090,All goods,0.0,0.0,0.0,India-UK CETA,29/2026-Customs
68138100,All goods,13.6,0.0,0.0,India-UK CETA,29/2026-Customs
68138900,All goods,0.0,0.0,0.0,India-UK CETA,29/2026-Customs
68141010,All goods,0.0,0.0,0.0,India-UK CETA,29/2026-Customs
68141020,All goods,0.0,0.0,0.0,India-UK CETA,29/2026-Customs
68141030,All goods,0.0,0.0,0.0,India-UK CETA,29/2026-Customs
68141090,All goods,0.0,0.0,0.0,India-UK CETA,29/2026-Customs
68149010,All goods,0.0,0.0,0.0,India-UK CETA,29/2026-Customs
68149020,All goods,0.0,0.0,0.0,India-UK CETA,29/2026-Customs
68149030,All goods,0.0,0.0,0.0,India-UK CETA,29/2026-Customs
68149040,All goods,0.0,0.0,0.0,India-UK CETA,29/2026-Customs
68149050,All goods,0.0,0.0,0.0,India-UK CETA,29/2026-Customs
68149060,All goods,0.0,0.0,0.0,India-UK CETA,29/2026-Customs
68149090,All goods,0.0,0.0,0.0,India-UK CETA,29/2026-Customs
68151100,All goods,0.0,0.0,0.0,India-UK CETA,29/2026-Customs
68151200,All goods,0.0,0.0,0.0,India-UK CETA,29/2026-Customs
68151300,All goods,0.0,0.0,0.0,India-UK CETA,29/2026-Customs
68151900,All goods,0.0,0.0,0.0,India-UK CETA,29/2026-Customs
68152000,All goods,0.0,0.0,0.0,India-UK CETA,29/2026-Customs
68159100,All goods,0.0,0.0,0.0,India-UK CETA,29/2026-Customs
68159910,All goods,0.0,0.0,0.0,India-UK CETA,29/2026-Customs
68159920,All goods,0.0,0.0,0.0,India-UK CETA,29/2026-Customs
68159930,All goods,0.0,0.0,0.0,India-UK CETA,29/2026-Customs
68159990,All goods,0.0,0.0,0.0,India-UK CETA,29/2026-Customs
69010010,All goods,0.0,0.0,0.0,India-UK CETA,29/2026-Customs
69010020,All goods,0.0,0.0,0.0,India-UK CETA,29/2026-Customs
69010030,All goods,0.0,0.0,0.0,India-UK CETA,29/2026-Customs
69010090,All goods,0.0,0.0,0.0,India-UK CETA,29/2026-Customs
69021010,All goods,0.0,0.0,0.0,India-UK CETA,29/2026-Customs
69021020,All goods,0.0,0.0,0.0,India-UK CETA,29/2026-Customs
69021030,All goods,0.0,0.0,0.0,India-UK CETA,29/2026-Customs
69021040,All goods,0.0,0.0,0.0,India-UK CETA,29/2026-Customs
69021050,All goods,0.0,0.0,0.0,India-UK CETA,29/2026-Customs
69021090,All goods,0.0,0.0,0.0,India-UK CETA,29/2026-Customs
69022010,All goods,0.0,0.0,0.0,India-UK CETA,29/2026-Customs
69022020,All goods,0.0,0.0,0.0,India-UK CETA,29/2026-Customs
69022030,All goods,0.0,0.0,0.0,India-UK CETA,29/2026-Customs
69022040,All goods,0.0,0.0,0.0,India-UK CETA,29/2026-Customs
69022050,All goods,0.0,0.0,0.0,India-UK CETA,29/2026-Customs
69022090,All goods,0.0,0.0,0.0,India-UK CETA,29/2026-Customs
69029010,All goods,0.0,0.0,0.0,India-UK CETA,29/2026-Customs
69029020,All goods,0.0,0.0,0.0,India-UK CETA,29/2026-Customs
69029030,All goods,0.0,0.0,0.0,India-UK CETA,29/2026-Customs
69029040,All goods,0.0,0.0,0.0,India-UK CETA,29/2026-Customs
69029090,All goods,0.0,0.0,0.0,India-UK CETA,29/2026-Customs
69031000,All goods,0.0,0.0,0.0,India-UK CETA,29/2026-Customs
69032010,All goods,0.0,0.0,0.0,India-UK CETA,29/2026-Customs
69032090,All goods,0.0,0.0,0.0,India-UK CETA,29/2026-Customs
69039010,All goods,0.0,0.0,0.0,India-UK CETA,29/2026-Customs
69039020,All goods,0.0,0.0,0.0,India-UK CETA,29/2026-Customs
69039030,All goods,0.0,0.0,0.0,India-UK CETA,29/2026-Customs
69039040,All goods,0.0,0.0,0.0,India-UK CETA,29/2026-Customs
69039090,All goods,0.0,0.0,0.0,India-UK CETA,29/2026-Customs
69041000,All goods,9.0,0.0,0.0,India-UK CETA,29/2026-Customs
69049000,All goods,9.0,0.0,0.0,India-UK CETA,29/2026-Customs
69051000,All goods,13.6,0.0,0.0,India-UK CETA,29/2026-Customs
69059000,All goods,13.6,0.0,0.0,India-UK CETA,29/2026-Customs
69060000,All goods,0.0,0.0,0.0,India-UK CETA,29/2026-Customs
69072100,All goods,13.6,0.0,0.0,India-UK CETA,29/2026-Customs
69072200,All goods,13.6,0.0,0.0,India-UK CETA,29/2026-Customs
69072300,All goods,13.6,0.0,0.0,India-UK CETA,29/2026-Customs
69073000,All goods,13.6,0.0,0.0,India-UK CETA,29/2026-Customs
69074000,All goods,13.6,0.0,0.0,India-UK CETA,29/2026-Customs
69091100,All goods,9.0,0.0,0.0,India-UK CETA,29/2026-Customs
69091200,All goods,9.0,0.0,0.0,India-UK CETA,29/2026-Customs
69091910,All goods,9.0,0.0,0.0,India-UK CETA,29/2026-Customs
69091990,All goods,9.0,0.0,0.0,India-UK CETA,29/2026-Customs
69099000,All goods,9.0,0.0,0.0,India-UK CETA,29/2026-Customs
69101000,All goods,9.0,0.0,0.0,India-UK CETA,29/2026-Customs
69109000,All goods,9.0,0.0,0.0,India-UK CETA,29/2026-Customs
69111011,All goods,18.0,0.0,0.0,India-UK CETA,29/2026-Customs
69111019,All goods,18.0,0.0,0.0,India-UK CETA,29/2026-Customs
69111021,All goods,18.0,0.0,0.0,India-UK CETA,29/2026-Customs
69111029,All goods,18.0,0.0,0.0,India-UK CETA,29/2026-Customs
69119010,All goods,9.0,0.0,0.0,India-UK CETA,29/2026-Customs
69119020,All goods,18.0,0.0,0.0,India-UK CETA,29/2026-Customs
69119090,All goods,18.0,0.0,0.0,India-UK CETA,29/2026-Customs
69120010,All goods,18.0,0.0,0.0,India-UK CETA,29/2026-Customs
69120020,All goods,18.0,0.0,0.0,India-UK CETA,29/2026-Customs
69120030,All goods,9.0,0.0,0.0,India-UK CETA,29/2026-Customs
69120040,All goods,18.0,0.0,0.0,India-UK CETA,29/2026-Customs
69120090,All goods,18.0,0.0,0.0,India-UK CETA,29/2026-Customs
69131000,All goods,0.0,0.0,0.0,India-UK CETA,29/2026-Customs
69139000,All goods,0.0,0.0,0.0,India-UK CETA,29/2026-Customs
69141000,All goods,0.0,0.0,0.0,India-UK CETA,29/2026-Customs
69149010,All goods,0.0,0.0,0.0,India-UK CETA,29/2026-Customs
69149090,All goods,0.0,0.0,0.0,India-UK CETA,29/2026-Customs
70010010,All goods,0.0,0.0,0.0,India-UK CETA,29/2026-Customs
70010020,All goods,0.0,0.0,0.0,India-UK CETA,29/2026-Customs
70010090,All goods,0.0,0.0,0.0,India-UK CETA,29/2026-Customs
70021000,All goods,0.0,0.0,0.0,India-UK CETA,29/2026-Customs
70022010,All goods,0.0,0.0,0.0,India-UK CETA,29/2026-Customs
70022090,All goods,0.0,0.0,0.0,India-UK CETA,29/2026-Customs
70023100,All goods,0.0,0.0,0.0,India-UK CETA,29/2026-Customs
70023200,All goods,0.0,0.0,0.0,India-UK CETA,29/2026-Customs
70023900,All goods,0.0,0.0,0.0,India-UK CETA,29/2026-Customs
70031210,All goods,0.0,0.0,0.0,India-UK CETA,29/2026-Customs
70031290,All goods,0.0,0.0,0.0,India-UK CETA,29/2026-Customs
70031910,All goods,0.0,0.0,0.0,India-UK CETA,29/2026-Customs
70031990,All goods,0.0,0.0,0.0,India-UK CETA,29/2026-Customs
70032010,All goods,0.0,0.0,0.0,India-UK CETA,29/2026-Customs
70032090,All goods,0.0,0.0,0.0,India-UK CETA,29/2026-Customs
70033010,All goods,0.0,0.0,0.0,India-UK CETA,29/2026-Customs
70033090,All goods,0.0,0.0,0.0,India-UK CETA,29/2026-Customs
70042011,All goods,0.0,0.0,0.0,India-UK CETA,29/2026-Customs
70042019,All goods,0.0,0.0,0.0,India-UK CETA,29/2026-Customs
70042091,All goods,0.0,0.0,0.0,India-UK CETA,29/2026-Customs
70042099,All goods,0.0,0.0,0.0,India-UK CETA,29/2026-Customs
70049011,All goods,0.0,0.0,0.0,India-UK CETA,29/2026-Customs
70049019,All goods,0.0,0.0,0.0,India-UK CETA,29/2026-Customs
70049091,All goods,0.0,0.0,0.0,India-UK CETA,29/2026-Customs
70049099,All goods,0.0,0.0,0.0,India-UK CETA,29/2026-Customs
70051010,All goods,0.0,0.0,0.0,India-UK CETA,29/2026-Customs
70051090,All goods,0.0,0.0,0.0,India-UK CETA,29/2026-Customs
70052110,All goods,0.0,0.0,0.0,India-UK CETA,29/2026-Customs
70052190,All goods,0.0,0.0,0.0,India-UK CETA,29/2026-Customs
70052910,All goods,0.0,0.0,0.0,India-UK CETA,29/2026-Customs
70052990,All goods,0.0,0.0,0.0,India-UK CETA,29/2026-Customs
70053010,All goods,0.0,0.0,0.0,India-UK CETA,29/2026-Customs
70053090,All goods,0.0,0.0,0.0,India-UK CETA,29/2026-Customs
70060000,All goods,0.0,0.0,0.0,India-UK CETA,29/2026-Customs
70071100,All goods,0.0,0.0,0.0,India-UK CETA,29/2026-Customs
70071900,All goods,0.0,0.0,0.0,India-UK CETA,29/2026-Customs
70072110,All goods,0.0,0.0,0.0,India-UK CETA,29/2026-Customs
70072190,All goods,0.0,0.0,0.0,India-UK CETA,29/2026-Customs
70072900,All goods,0.0,0.0,0.0,India-UK CETA,29/2026-Customs
70080010,All goods,0.0,0.0,0.0,India-UK CETA,29/2026-Customs
70080020,All goods,0.0,0.0,0.0,India-UK CETA,29/2026-Customs
70080090,All goods,0.0,0.0,0.0,India-UK CETA,29/2026-Customs
70091010,All goods,0.0,0.0,0.0,India-UK CETA,29/2026-Customs
70091090,All goods,0.0,0.0,0.0,India-UK CETA,29/2026-Customs
70099100,All goods,0.0,0.0,0.0,India-UK CETA,29/2026-Customs
70099200,All goods,0.0,0.0,0.0,India-UK CETA,29/2026-Customs
70101000,All goods,0.0,0.0,0.0,India-UK CETA,29/2026-Customs
70102000,All goods,0.0,0.0,0.0,India-UK CETA,29/2026-Customs
70109000,All goods,0.0,0.0,0.0,India-UK CETA,29/2026-Customs
70111010,All goods,0.0,0.0,0.0,India-UK CETA,29/2026-Customs
70111020,All goods,0.0,0.0,0.0,India-UK CETA,29/2026-Customs
70111090,All goods,0.0,0.0,0.0,India-UK CETA,29/2026-Customs
70112000,All goods,0.0,0.0,0.0,India-UK CETA,29/2026-Customs
70119010,All goods,0.0,0.0,0.0,India-UK CETA,29/2026-Customs
70119090,All goods,0.0,0.0,0.0,India-UK CETA,29/2026-Customs
70131000,All goods,0.0,0.0,0.0,India-UK CETA,29/2026-Customs
70132200,All goods,0.0,0.0,0.0,India-UK CETA,29/2026-Customs
70132800,All goods,0.0,0.0,0.0,India-UK CETA,29/2026-Customs
70133300,All goods,0.0,0.0,0.0,India-UK CETA,29/2026-Customs
70133700,All goods,0.0,0.0,0.0,India-UK CETA,29/2026-Customs
70134100,All goods,0.0,0.0,0.0,India-UK CETA,29/2026-Customs
70134200,All goods,0.0,0.0,0.0,India-UK CETA,29/2026-Customs
70134900,All goods,0.0,0.0,0.0,India-UK CETA,29/2026-Customs
70139100,All goods,0.0,0.0,0.0,India-UK CETA,29/2026-Customs
70139900,All goods,0.0,0.0,0.0,India-UK CETA,29/2026-Customs
70140010,All goods,0.0,0.0,0.0,India-UK CETA,29/2026-Customs
70140020,All goods,0.0,0.0,0.0,India-UK CETA,29/2026-Customs
70151010,All goods,0.0,0.0,0.0,India-UK CETA,29/2026-Customs
70151020,All goods,0.0,0.0,0.0,India-UK CETA,29/2026-Customs
70151090,All goods,0.0,0.0,0.0,India-UK CETA,29/2026-Customs
70159010,All goods,0.0,0.0,0.0,India-UK CETA,29/2026-Customs
70159020,All goods,0.0,0.0,0.0,India-UK CETA,29/2026-Customs
70159090,All goods,0.0,0.0,0.0,India-UK CETA,29/2026-Customs
70161000,All goods,0.0,0.0,0.0,India-UK CETA,29/2026-Customs
70169000,All goods,0.0,0.0,0.0,India-UK CETA,29/2026-Customs
70171000,All goods,0.0,0.0,0.0,India-UK CETA,29/2026-Customs
70172000,All goods,0.0,0.0,0.0,India-UK CETA,29/2026-Customs
70179010,All goods,0.0,0.0,0.0,India-UK CETA,29/2026-Customs
70179020,All goods,0.0,0.0,0.0,India-UK CETA,29/2026-Customs
70179030,All goods,0.0,0.0,0.0,India-UK CETA,29/2026-Customs
70179090,All goods,0.0,0.0,0.0,India-UK CETA,29/2026-Customs
70181010,All goods,0.0,0.0,0.0,India-UK CETA,29/2026-Customs
70181020,All goods,0.0,0.0,0.0,India-UK CETA,29/2026-Customs
70181090,All goods,0.0,0.0,0.0,India-UK CETA,29/2026-Customs
70182000,All goods,0.0,0.0,0.0,India-UK CETA,29/2026-Customs
70189010,All goods,0.0,0.0,0.0,India-UK CETA,29/2026-Customs
70189090,All goods,0.0,0.0,0.0,India-UK CETA,29/2026-Customs
70191100,All goods,0.0,0.0,0.0,India-UK CETA,29/2026-Customs
70191200,All goods,0.0,0.0,0.0,India-UK CETA,29/2026-Customs
70191300,All goods,0.0,0.0,0.0,India-UK CETA,29/2026-Customs
70191400,All goods,0.0,0.0,0.0,India-UK CETA,29/2026-Customs
70191500,All goods,0.0,0.0,0.0,India-UK CETA,29/2026-Customs
70191900,All goods,0.0,0.0,0.0,India-UK CETA,29/2026-Customs
70196100,All goods,0.0,0.0,0.0,India-UK CETA,29/2026-Customs
70196200,All goods,0.0,0.0,0.0,India-UK CETA,29/2026-Customs
70196300,All goods,0.0,0.0,0.0,India-UK CETA,29/2026-Customs
70196400,All goods,0.0,0.0,0.0,India-UK CETA,29/2026-Customs
70196500,All goods,0.0,0.0,0.0,India-UK CETA,29/2026-Customs
70196600,All goods,0.0,0.0,0.0,India-UK CETA,29/2026-Customs
70196900,All goods,0.0,0.0,0.0,India-UK CETA,29/2026-Customs
70197100,All goods,0.0,0.0,0.0,India-UK CETA,29/2026-Customs
70197200,All goods,0.0,0.0,0.0,India-UK CETA,29/2026-Customs
70197300,All goods,0.0,0.0,0.0,India-UK CETA,29/2026-Customs
70198000,All goods,0.0,0.0,0.0,India-UK CETA,29/2026-Customs
70199000,All goods,0.0,0.0,0.0,India-UK CETA,29/2026-Customs
70200011,All goods,0.0,0.0,0.0,India-UK CETA,29/2026-Customs
70200012,All goods,0.0,0.0,0.0,India-UK CETA,29/2026-Customs
70200019,All goods,0.0,0.0,0.0,India-UK CETA,29/2026-Customs
70200021,All goods,0.0,0.0,0.0,India-UK CETA,29/2026-Customs
70200029,All goods,0.0,0.0,0.0,India-UK CETA,29/2026-Customs
70200090,All goods,0.0,0.0,0.0,India-UK CETA,29/2026-Customs
71011010,All goods,0.0,0.0,0.0,India-UK CETA,29/2026-Customs
71011020,All goods,0.0,0.0,0.0,India-UK CETA,29/2026-Customs
71012100,All goods,0.0,0.0,0.0,India-UK CETA,29/2026-Customs
71012200,All goods,0.0,0.0,0.0,India-UK CETA,29/2026-Customs
71021000,All goods,0.0,0.0,0.0,India-UK CETA,29/2026-Customs
71022110,All goods,0.0,0.0,0.0,India-UK CETA,29/2026-Customs
71022120,All goods,0.0,0.0,0.0,India-UK CETA,29/2026-Customs
71022910,All goods,2.3,0.0,0.0,India-UK CETA,29/2026-Customs
71022990,All goods,2.3,0.0,0.0,India-UK CETA,29/2026-Customs
71023100,All goods,0.0,0.0,0.0,India-UK CETA,29/2026-Customs
71023910,All goods,2.3,0.0,0.0,India-UK CETA,29/2026-Customs
71023990,All goods,2.3,0.0,0.0,India-UK CETA,29/2026-Customs
71031031,All goods,0.0,0.0,0.0,India-UK CETA,29/2026-Customs
71031032,All goods,0.0,0.0,0.0,India-UK CETA,29/2026-Customs
71031033,All goods,0.0,0.0,0.0,India-UK CETA,29/2026-Customs
71031034,All goods,0.0,0.0,0.0,India-UK CETA,29/2026-Customs
71031039,All goods,0.0,0.0,0.0,India-UK CETA,29/2026-Customs
71031041,All goods,0.0,0.0,0.0,India-UK CETA,29/2026-Customs
71031042,All goods,0.0,0.0,0.0,India-UK CETA,29/2026-Customs
71031043,All goods,0.0,0.0,0.0,India-UK CETA,29/2026-Customs
71031049,All goods,0.0,0.0,0.0,India-UK CETA,29/2026-Customs
71031051,All goods,0.0,0.0,0.0,India-UK CETA,29/2026-Customs
71031052,All goods,0.0,0.0,0.0,India-UK CETA,29/2026-Customs
71031059,All goods,0.0,0.0,0.0,India-UK CETA,29/2026-Customs
71031061,All goods,0.0,0.0,0.0,India-UK CETA,29/2026-Customs
71031062,All goods,0.0,0.0,0.0,India-UK CETA,29/2026-Customs
71031063,All goods,0.0,0.0,0.0,India-UK CETA,29/2026-Customs
71031064,All goods,0.0,0.0,0.0,India-UK CETA,29/2026-Customs
71031069,All goods,0.0,0.0,0.0,India-UK CETA,29/2026-Customs
71031071,All goods,0.0,0.0,0.0,India-UK CETA,29/2026-Customs
71031072,All goods,0.0,0.0,0.0,India-UK CETA,29/2026-Customs
71031079,All goods,0.0,0.0,0.0,India-UK CETA,29/2026-Customs
71031090,All goods,0.0,0.0,0.0,India-UK CETA,29/2026-Customs
71039110,All goods,2.3,0.0,0.0,India-UK CETA,29/2026-Customs
71039120,All goods,2.3,0.0,0.0,India-UK CETA,29/2026-Customs
71039130,All goods,2.3,0.0,0.0,India-UK CETA,29/2026-Customs
71039911,All goods,2.3,0.0,0.0,India-UK CETA,29/2026-Customs
71039912,All goods,2.3,0.0,0.0,India-UK CETA,29/2026-Customs
71039913,All goods,2.3,0.0,0.0,India-UK CETA,29/2026-Customs
71039919,All goods,2.3,0.0,0.0,India-UK CETA,29/2026-Customs
71039921,All goods,2.3,0.0,0.0,India-UK CETA,29/2026-Customs
71039929,All goods,2.3,0.0,0.0,India-UK CETA,29/2026-Customs
71039931,All goods,2.3,0.0,0.0,India-UK CETA,29/2026-Customs
71039932,All goods,2.3,0.0,0.0,India-UK CETA,29/2026-Customs
71039939,All goods,2.3,0.0,0.0,India-UK CETA,29/2026-Customs
71039941,All goods,2.3,0.0,0.0,India-UK CETA,29/2026-Customs
71039942,All goods,2.3,0.0,0.0,India-UK CETA,29/2026-Customs
71039943,All goods,2.3,0.0,0.0,India-UK CETA,29/2026-Customs
71039944,All goods,2.3,0.0,0.0,India-UK CETA,29/2026-Customs
71039949,All goods,2.3,0.0,0.0,India-UK CETA,29/2026-Customs
71039951,All goods,2.3,0.0,0.0,India-UK CETA,29/2026-Customs
71039952,All goods,2.3,0.0,0.0,India-UK CETA,29/2026-Customs
71039959,All goods,2.3,0.0,0.0,India-UK CETA,29/2026-Customs
71039990,All goods,2.3,0.0,0.0,India-UK CETA,29/2026-Customs
71041000,All goods,8.0,0.0,0.0,India-UK CETA,29/2026-Customs
71042110,All goods,0.0,0.0,0.0,India-UK CETA,29/2026-Customs
71042120,All goods,0.0,0.0,0.0,India-UK CETA,29/2026-Customs
71051010,All goods,9.0,0.0,0.0,India-UK CETA,29/2026-Customs
71051020,All goods,9.0,0.0,0.0,India-UK CETA,29/2026-Customs
71059000,All goods,9.0,0.0,0.0,India-UK CETA,29/2026-Customs
71061000,All goods,6.5,3.2,0.0,India-UK CETA,29/2026-Customs
71069110,All goods,6.8,3.4,0.0,India-UK CETA,29/2026-Customs
71069120,All goods,6.8,3.4,0.0,India-UK CETA,29/2026-Customs
71069190,All goods,6.8,3.4,0.0,India-UK CETA,29/2026-Customs
71069210,All goods,6.8,3.4,0.0,India-UK CETA,29/2026-Customs
71069221,All goods,6.5,3.2,0.0,India-UK CETA,29/2026-Customs
71069229,All goods,6.5,3.2,0.0,India-UK CETA,29/2026-Customs
71069290,All goods,6.8,3.4,0.0,India-UK CETA,29/2026-Customs
7110,"Platinum, Unwroght or in semi manufactured form, containing",99% or more platinum by weight 6.4,3.5,0.0,India-UK CETA,29/2026-Customs
72011000,All goods,0.0,0.0,0.0,India-UK CETA,29/2026-Customs
72012000,All goods,0.0,0.0,0.0,India-UK CETA,29/2026-Customs
72015010,All goods,0.0,0.0,0.0,India-UK CETA,29/2026-Customs
72015090,All goods,0.0,0.0,0.0,India-UK CETA,29/2026-Customs
72021100,All goods,0.0,0.0,0.0,India-UK CETA,29/2026-Customs
72021900,All goods,0.0,0.0,0.0,India-UK CETA,29/2026-Customs
72022100,All goods,0.0,0.0,0.0,India-UK CETA,29/2026-Customs
72022900,All goods,0.0,0.0,0.0,India-UK CETA,29/2026-Customs
72023000,All goods,0.0,0.0,0.0,India-UK CETA,29/2026-Customs
72024100,All goods,0.0,0.0,0.0,India-UK CETA,29/2026-Customs
72024900,All goods,0.0,0.0,0.0,India-UK CETA,29/2026-Customs
72025000,All goods,0.0,0.0,0.0,India-UK CETA,29/2026-Customs
72026000,All goods,0.0,0.0,0.0,India-UK CETA,29/2026-Customs
72027000,All goods,0.0,0.0,0.0,India-UK CETA,29/2026-Customs
72028000,All goods,0.0,0.0,0.0,India-UK CETA,29/2026-Customs
72029100,All goods,0.0,0.0,0.0,India-UK CETA,29/2026-Customs
72029200,All goods,0.0,0.0,0.0,India-UK CETA,29/2026-Customs
72029300,All goods,0.0,0.0,0.0,India-UK CETA,29/2026-Customs
72029911,All goods,0.0,0.0,0.0,India-UK CETA,29/2026-Customs
72029912,All goods,0.0,0.0,0.0,India-UK CETA,29/2026-Customs
72029913,All goods,0.0,0.0,0.0,India-UK CETA,29/2026-Customs
72029914,All goods,0.0,0.0,0.0,India-UK CETA,29/2026-Customs
72029915,All goods,0.0,0.0,0.0,India-UK CETA,29/2026-Customs
72029916,All goods,0.0,0.0,0.0,India-UK CETA,29/2026-Customs
72029921,All goods,0.0,0.0,0.0,India-UK CETA,29/2026-Customs
72029922,All goods,0.0,0.0,0.0,India-UK CETA,29/2026-Customs
72029931,All goods,0.0,0.0,0.0,India-UK CETA,29/2026-Customs
72029932,All goods,0.0,0.0,0.0,India-UK CETA,29/2026-Customs
72029990,All goods,0.0,0.0,0.0,India-UK CETA,29/2026-Customs
72031000,All goods,0.0,0.0,0.0,India-UK CETA,29/2026-Customs
72039000,All goods,0.0,0.0,0.0,India-UK CETA,29/2026-Customs
72041000,All goods,0.0,0.0,0.0,India-UK CETA,29/2026-Customs
72042110,All goods,0.0,0.0,0.0,India-UK CETA,29/2026-Customs
72042190,All goods,0.0,0.0,0.0,India-UK CETA,29/2026-Customs
72042910,All goods,0.0,0.0,0.0,India-UK CETA,29/2026-Customs
72042920,All goods,0.0,0.0,0.0,India-UK CETA,29/2026-Customs
72042990,All goods,0.0,0.0,0.0,India-UK CETA,29/2026-Customs
72043000,All goods,0.0,0.0,0.0,India-UK CETA,29/2026-Customs
72044100,All goods,0.0,0.0,0.0,India-UK CETA,29/2026-Customs
72044900,All goods,0.0,0.0,0.0,India-UK CETA,29/2026-Customs
72045000,All goods,0.0,0.0,0.0,India-UK CETA,29/2026-Customs
72051011,All goods,0.0,0.0,0.0,India-UK CETA,29/2026-Customs
72051012,All goods,0.0,0.0,0.0,India-UK CETA,29/2026-Customs
72051019,All goods,0.0,0.0,0.0,India-UK CETA,29/2026-Customs
72051021,All goods,0.0,0.0,0.0,India-UK CETA,29/2026-Customs
72051022,All goods,0.0,0.0,0.0,India-UK CETA,29/2026-Customs
72051029,All goods,0.0,0.0,0.0,India-UK CETA,29/2026-Customs
72051090,All goods,0.0,0.0,0.0,India-UK CETA,29/2026-Customs
72052100,All goods,0.0,0.0,0.0,India-UK CETA,29/2026-Customs
72052910,All goods,0.0,0.0,0.0,India-UK CETA,29/2026-Customs
72052990,All goods,0.0,0.0,0.0,India-UK CETA,29/2026-Customs
72061010,All goods,6.8,0.0,0.0,India-UK CETA,29/2026-Customs
72061020,All goods,6.8,0.0,0.0,India-UK CETA,29/2026-Customs
72061090,All goods,6.8,0.0,0.0,India-UK CETA,29/2026-Customs
72069011,All goods,6.8,0.0,0.0,India-UK CETA,29/2026-Customs
72069012,All goods,6.8,0.0,0.0,India-UK CETA,29/2026-Customs
72069019,All goods,6.8,0.0,0.0,India-UK CETA,29/2026-Customs
72069091,All goods,6.8,0.0,0.0,India-UK CETA,29/2026-Customs
72069092,All goods,6.8,0.0,0.0,India-UK CETA,29/2026-Customs
72069099,All goods,6.8,0.0,0.0,India-UK CETA,29/2026-Customs
72071110,All goods,6.8,0.0,0.0,India-UK CETA,29/2026-Customs
72071120,All goods,6.8,0.0,0.0,India-UK CETA,29/2026-Customs
72071130,All goods,6.8,0.0,0.0,India-UK CETA,29/2026-Customs
72071190,All goods,6.8,0.0,0.0,India-UK CETA,29/2026-Customs
72071210,All goods,6.8,0.0,0.0,India-UK CETA,29/2026-Customs
72071220,All goods,6.8,0.0,0.0,India-UK CETA,29/2026-Customs
72071230,All goods,6.8,0.0,0.0,India-UK CETA,29/2026-Customs
72071290,All goods,6.8,0.0,0.0,India-UK CETA,29/2026-Customs
72071910,All goods,6.8,0.0,0.0,India-UK CETA,29/2026-Customs
72071920,All goods,6.8,0.0,0.0,India-UK CETA,29/2026-Customs
72071990,All goods,6.8,0.0,0.0,India-UK CETA,29/2026-Customs
72072010,All goods,6.8,0.0,0.0,India-UK CETA,29/2026-Customs
72072020,All goods,6.8,0.0,0.0,India-UK CETA,29/2026-Customs
72072030,All goods,6.8,0.0,0.0,India-UK CETA,29/2026-Customs
72072090,All goods,6.8,0.0,0.0,India-UK CETA,29/2026-Customs
72081000,All goods,6.8,0.0,0.0,India-UK CETA,29/2026-Customs
72082510,All goods,6.8,0.0,0.0,India-UK CETA,29/2026-Customs
72082520,All goods,6.8,0.0,0.0,India-UK CETA,29/2026-Customs
72082530,All goods,6.8,0.0,0.0,India-UK CETA,29/2026-Customs
72082540,All goods,6.8,0.0,0.0,India-UK CETA,29/2026-Customs
72082590,All goods,6.8,0.0,0.0,India-UK CETA,29/2026-Customs
72082610,All goods,6.8,0.0,0.0,India-UK CETA,29/2026-Customs
72082620,All goods,6.8,0.0,0.0,India-UK CETA,29/2026-Customs
72082630,All goods,6.8,0.0,0.0,India-UK CETA,29/2026-Customs
72082640,All goods,6.8,0.0,0.0,India-UK CETA,29/2026-Customs
72082690,All goods,6.8,0.0,0.0,India-UK CETA,29/2026-Customs
72082710,All goods,6.8,0.0,0.0,India-UK CETA,29/2026-Customs
72082720,All goods,6.8,0.0,0.0,India-UK CETA,29/2026-Customs
72082730,All goods,6.8,0.0,0.0,India-UK CETA,29/2026-Customs
72082740,All goods,6.8,0.0,0.0,India-UK CETA,29/2026-Customs
72082790,All goods,6.8,0.0,0.0,India-UK CETA,29/2026-Customs
72083610,All goods,6.8,0.0,0.0,India-UK CETA,29/2026-Customs
72083620,All goods,6.8,0.0,0.0,India-UK CETA,29/2026-Customs
72083630,All goods,6.8,0.0,0.0,India-UK CETA,29/2026-Customs
72083640,All goods,6.8,0.0,0.0,India-UK CETA,29/2026-Customs
72083690,All goods,6.8,0.0,0.0,India-UK CETA,29/2026-Customs
72083710,All goods,6.8,0.0,0.0,India-UK CETA,29/2026-Customs
72083720,All goods,6.8,0.0,0.0,India-UK CETA,29/2026-Customs
72083730,All goods,6.8,0.0,0.0,India-UK CETA,29/2026-Customs
72083740,All goods,6.8,0.0,0.0,India-UK CETA,29/2026-Customs
72083790,All goods,6.8,0.0,0.0,India-UK CETA,29/2026-Customs
72083810,All goods,6.8,0.0,0.0,India-UK CETA,29/2026-Customs
72083820,All goods,6.8,0.0,0.0,India-UK CETA,29/2026-Customs
72083830,All goods,6.8,0.0,0.0,India-UK CETA,29/2026-Customs
72083840,All goods,6.8,0.0,0.0,India-UK CETA,29/2026-Customs
72083890,All goods,6.8,0.0,0.0,India-UK CETA,29/2026-Customs
72083910,All goods,6.8,0.0,0.0,India-UK CETA,29/2026-Customs
72083920,All goods,6.8,0.0,0.0,India-UK CETA,29/2026-Customs
72083930,All goods,6.8,0.0,0.0,India-UK CETA,29/2026-Customs
72083940,All goods,6.8,0.0,0.0,India-UK CETA,29/2026-Customs
72083990,All goods,6.8,0.0,0.0,India-UK CETA,29/2026-Customs
72084010,All goods,6.8,0.0,0.0,India-UK CETA,29/2026-Customs
72084020,All goods,6.8,0.0,0.0,India-UK CETA,29/2026-Customs
72084030,All goods,6.8,0.0,0.0,India-UK CETA,29/2026-Customs
72084040,All goods,6.8,0.0,0.0,India-UK CETA,29/2026-Customs
72084090,All goods,6.8,0.0,0.0,India-UK CETA,29/2026-Customs
72085110,All goods,6.8,0.0,0.0,India-UK CETA,29/2026-Customs
72085120,All goods,6.8,0.0,0.0,India-UK CETA,29/2026-Customs
72085130,All goods,6.8,0.0,0.0,India-UK CETA,29/2026-Customs
72085140,All goods,6.8,0.0,0.0,India-UK CETA,29/2026-Customs
72085190,All goods,6.8,0.0,0.0,India-UK CETA,29/2026-Customs
72085210,All goods,6.8,0.0,0.0,India-UK CETA,29/2026-Customs
72085220,All goods,6.8,0.0,0.0,India-UK CETA,29/2026-Customs
72085230,All goods,6.8,0.0,0.0,India-UK CETA,29/2026-Customs
72085240,All goods,6.8,0.0,0.0,India-UK CETA,29/2026-Customs
72085290,All goods,6.8,0.0,0.0,India-UK CETA,29/2026-Customs
72085310,All goods,6.8,0.0,0.0,India-UK CETA,29/2026-Customs
72085320,All goods,6.8,0.0,0.0,India-UK CETA,29/2026-Customs
72085330,All goods,6.8,0.0,0.0,India-UK CETA,29/2026-Customs
72085340,All goods,6.8,0.0,0.0,India-UK CETA,29/2026-Customs
72085390,All goods,6.8,0.0,0.0,India-UK CETA,29/2026-Customs
72085410,All goods,6.8,0.0,0.0,India-UK CETA,29/2026-Customs
72085420,All goods,6.8,0.0,0.0,India-UK CETA,29/2026-Customs
72085430,All goods,6.8,0.0,0.0,India-UK CETA,29/2026-Customs
72085440,All goods,6.8,0.0,0.0,India-UK CETA,29/2026-Customs
72085490,All goods,6.8,0.0,0.0,India-UK CETA,29/2026-Customs
72089000,All goods,6.8,0.0,0.0,India-UK CETA,29/2026-Customs
72091510,All goods,6.8,0.0,0.0,India-UK CETA,29/2026-Customs
72091520,All goods,6.8,0.0,0.0,India-UK CETA,29/2026-Customs
72091530,All goods,6.8,0.0,0.0,India-UK CETA,29/2026-Customs
72091590,All goods,6.8,0.0,0.0,India-UK CETA,29/2026-Customs
72091610,All goods,6.8,0.0,0.0,India-UK CETA,29/2026-Customs
72091620,All goods,6.8,0.0,0.0,India-UK CETA,29/2026-Customs
72091630,All goods,6.8,0.0,0.0,India-UK CETA,29/2026-Customs
72091690,All goods,6.8,0.0,0.0,India-UK CETA,29/2026-Customs
72091710,All goods,6.8,0.0,0.0,India-UK CETA,29/2026-Customs
72091720,All goods,6.8,0.0,0.0,India-UK CETA,29/2026-Customs
72091730,All goods,6.8,0.0,0.0,India-UK CETA,29/2026-Customs
72091790,All goods,6.8,0.0,0.0,India-UK CETA,29/2026-Customs
72091810,All goods,6.8,0.0,0.0,India-UK CETA,29/2026-Customs
72091820,All goods,6.8,0.0,0.0,India-UK CETA,29/2026-Customs
72091830,All goods,6.8,0.0,0.0,India-UK CETA,29/2026-Customs
72091890,All goods,6.8,0.0,0.0,India-UK CETA,29/2026-Customs
72092510,All goods,6.8,0.0,0.0,India-UK CETA,29/2026-Customs
72092520,All goods,6.8,0.0,0.0,India-UK CETA,29/2026-Customs
72092530,All goods,6.8,0.0,0.0,India-UK CETA,29/2026-Customs
72092590,All goods,6.8,0.0,0.0,India-UK CETA,29/2026-Customs
72092610,All goods,6.8,0.0,0.0,India-UK CETA,29/2026-Customs
72092620,All goods,6.8,0.0,0.0,India-UK CETA,29/2026-Customs
72092630,All goods,6.8,0.0,0.0,India-UK CETA,29/2026-Customs
72092690,All goods,6.8,0.0,0.0,India-UK CETA,29/2026-Customs
72092710,All goods,6.8,0.0,0.0,India-UK CETA,29/2026-Customs
72092720,All goods,6.8,0.0,0.0,India-UK CETA,29/2026-Customs
72092730,All goods,6.8,0.0,0.0,India-UK CETA,29/2026-Customs
72092790,All goods,6.8,0.0,0.0,India-UK CETA,29/2026-Customs
72092810,All goods,6.8,0.0,0.0,India-UK CETA,29/2026-Customs
72092820,All goods,6.8,0.0,0.0,India-UK CETA,29/2026-Customs
72092830,All goods,6.8,0.0,0.0,India-UK CETA,29/2026-Customs
72092890,All goods,6.8,0.0,0.0,India-UK CETA,29/2026-Customs
72099000,All goods,6.8,0.0,0.0,India-UK CETA,29/2026-Customs
72101110,All goods,6.8,0.0,0.0,India-UK CETA,29/2026-Customs
72101190,All goods,6.8,0.0,0.0,India-UK CETA,29/2026-Customs
72101210,All goods,6.8,0.0,0.0,India-UK CETA,29/2026-Customs
72101290,All goods,6.8,0.0,0.0,India-UK CETA,29/2026-Customs
72102000,All goods,6.8,0.0,0.0,India-UK CETA,29/2026-Customs
72103010,All goods,6.8,0.0,0.0,India-UK CETA,29/2026-Customs
72103091,All goods,6.8,0.0,0.0,India-UK CETA,29/2026-Customs
72103099,All goods,6.8,0.0,0.0,India-UK CETA,29/2026-Customs
72104100,All goods,6.8,0.0,0.0,India-UK CETA,29/2026-Customs
72104910,All goods,6.8,0.0,0.0,India-UK CETA,29/2026-Customs
72104990,All goods,6.8,0.0,0.0,India-UK CETA,29/2026-Customs
72105000,All goods,6.8,0.0,0.0,India-UK CETA,29/2026-Customs
72106100,All goods,6.8,0.0,0.0,India-UK CETA,29/2026-Customs
72106900,All goods,6.8,0.0,0.0,India-UK CETA,29/2026-Customs
72107000,All goods,6.8,0.0,0.0,India-UK CETA,29/2026-Customs
72109010,All goods,6.8,0.0,0.0,India-UK CETA,29/2026-Customs
72109090,All goods,6.8,0.0,0.0,India-UK CETA,29/2026-Customs
72111300,All goods,6.8,0.0,0.0,India-UK CETA,29/2026-Customs
72111410,All goods,6.8,0.0,0.0,India-UK CETA,29/2026-Customs
72111420,All goods,6.8,0.0,0.0,India-UK CETA,29/2026-Customs
72111430,All goods,6.8,0.0,0.0,India-UK CETA,29/2026-Customs
72111440,All goods,6.8,0.0,0.0,India-UK CETA,29/2026-Customs
72111450,All goods,6.8,0.0,0.0,India-UK CETA,29/2026-Customs
72111460,All goods,6.8,0.0,0.0,India-UK CETA,29/2026-Customs
72111490,All goods,6.8,0.0,0.0,India-UK CETA,29/2026-Customs
72111910,All goods,6.8,0.0,0.0,India-UK CETA,29/2026-Customs
72111920,All goods,6.8,0.0,0.0,India-UK CETA,29/2026-Customs
72111930,All goods,6.8,0.0,0.0,India-UK CETA,29/2026-Customs
72111940,All goods,6.8,0.0,0.0,India-UK CETA,29/2026-Customs
72111950,All goods,6.8,0.0,0.0,India-UK CETA,29/2026-Customs
72111960,All goods,6.8,0.0,0.0,India-UK CETA,29/2026-Customs
72111990,All goods,6.8,0.0,0.0,India-UK CETA,29/2026-Customs
72112310,All goods,6.8,0.0,0.0,India-UK CETA,29/2026-Customs
72112320,All goods,6.8,0.0,0.0,India-UK CETA,29/2026-Customs
72112330,All goods,6.8,0.0,0.0,India-UK CETA,29/2026-Customs
72112340,All goods,6.8,0.0,0.0,India-UK CETA,29/2026-Customs
72112350,All goods,6.8,0.0,0.0,India-UK CETA,29/2026-Customs
72112390,All goods,6.8,0.0,0.0,India-UK CETA,29/2026-Customs
72112910,All goods,6.8,0.0,0.0,India-UK CETA,29/2026-Customs
72112920,All goods,6.8,0.0,0.0,India-UK CETA,29/2026-Customs
72112930,All goods,6.8,0.0,0.0,India-UK CETA,29/2026-Customs
72112940,All goods,6.8,0.0,0.0,India-UK CETA,29/2026-Customs
72112950,All goods,6.8,0.0,0.0,India-UK CETA,29/2026-Customs
72112960,All goods,6.8,0.0,0.0,India-UK CETA,29/2026-Customs
72112990,All goods,6.8,0.0,0.0,India-UK CETA,29/2026-Customs
72119011,All goods,6.8,0.0,0.0,India-UK CETA,29/2026-Customs
72119012,All goods,6.8,0.0,0.0,India-UK CETA,29/2026-Customs
72119013,All goods,6.8,0.0,0.0,India-UK CETA,29/2026-Customs
72119090,All goods,6.8,0.0,0.0,India-UK CETA,29/2026-Customs
72121010,All goods,6.8,0.0,0.0,India-UK CETA,29/2026-Customs
72121090,All goods,6.8,0.0,0.0,India-UK CETA,29/2026-Customs
72122010,All goods,6.8,0.0,0.0,India-UK CETA,29/2026-Customs
72122091,All goods,6.8,0.0,0.0,India-UK CETA,29/2026-Customs
72122099,All goods,6.8,0.0,0.0,India-UK CETA,29/2026-Customs
72123010,All goods,6.8,0.0,0.0,India-UK CETA,29/2026-Customs
72123091,All goods,6.8,0.0,0.0,India-UK CETA,29/2026-Customs
72123099,All goods,6.8,0.0,0.0,India-UK CETA,29/2026-Customs
72124000,All goods,6.8,0.0,0.0,India-UK CETA,29/2026-Customs
72125010,All goods,6.8,0.0,0.0,India-UK CETA,29/2026-Customs
72125020,All goods,6.8,0.0,0.0,India-UK CETA,29/2026-Customs
72125030,All goods,6.8,0.0,0.0,India-UK CETA,29/2026-Customs
72125040,All goods,6.8,0.0,0.0,India-UK CETA,29/2026-Customs
72125090,All goods,6.8,0.0,0.0,India-UK CETA,29/2026-Customs
72126000,All goods,6.8,0.0,0.0,India-UK CETA,29/2026-Customs
72131010,All goods,6.8,0.0,0.0,India-UK CETA,29/2026-Customs
72131090,All goods,6.8,0.0,0.0,India-UK CETA,29/2026-Customs
72132010,All goods,6.8,0.0,0.0,India-UK CETA,29/2026-Customs
72132020,All goods,6.8,0.0,0.0,India-UK CETA,29/2026-Customs
72132090,All goods,6.8,0.0,0.0,India-UK CETA,29/2026-Customs
72139110,All goods,6.8,0.0,0.0,India-UK CETA,29/2026-Customs
72139120,All goods,6.8,0.0,0.0,India-UK CETA,29/2026-Customs
72139190,All goods,6.8,0.0,0.0,India-UK CETA,29/2026-Customs
72139910,All goods,6.8,0.0,0.0,India-UK CETA,29/2026-Customs
72139920,All goods,6.8,0.0,0.0,India-UK CETA,29/2026-Customs
72139990,All goods,6.8,0.0,0.0,India-UK CETA,29/2026-Customs
72141010,All goods,6.8,0.0,0.0,India-UK CETA,29/2026-Customs
72141090,All goods,6.8,0.0,0.0,India-UK CETA,29/2026-Customs
72142010,All goods,6.8,0.0,0.0,India-UK CETA,29/2026-Customs
72142090,All goods,6.8,0.0,0.0,India-UK CETA,29/2026-Customs
72143000,All goods,6.8,0.0,0.0,India-UK CETA,29/2026-Customs
72149110,All goods,6.8,0.0,0.0,India-UK CETA,29/2026-Customs
72149190,All goods,6.8,0.0,0.0,India-UK CETA,29/2026-Customs
72149910,All goods,6.8,0.0,0.0,India-UK CETA,29/2026-Customs
72149990,All goods,6.8,0.0,0.0,India-UK CETA,29/2026-Customs
72151000,All goods,6.8,0.0,0.0,India-UK CETA,29/2026-Customs
72155010,All goods,6.8,0.0,0.0,India-UK CETA,29/2026-Customs
72155090,All goods,6.8,0.0,0.0,India-UK CETA,29/2026-Customs
72159010,All goods,6.8,0.0,0.0,India-UK CETA,29/2026-Customs
72159020,All goods,6.8,0.0,0.0,India-UK CETA,29/2026-Customs
72159090,All goods,6.8,0.0,0.0,India-UK CETA,29/2026-Customs
72161000,All goods,6.8,0.0,0.0,India-UK CETA,29/2026-Customs
72162100,All goods,6.8,0.0,0.0,India-UK CETA,29/2026-Customs
72162200,All goods,6.8,0.0,0.0,India-UK CETA,29/2026-Customs
72163100,All goods,6.8,0.0,0.0,India-UK CETA,29/2026-Customs
72163200,All goods,6.8,0.0,0.0,India-UK CETA,29/2026-Customs
72163300,All goods,6.8,0.0,0.0,India-UK CETA,29/2026-Customs
72164000,All goods,6.8,0.0,0.0,India-UK CETA,29/2026-Customs
72165000,All goods,6.8,0.0,0.0,India-UK CETA,29/2026-Customs
72166100,All goods,6.8,0.0,0.0,India-UK CETA,29/2026-Customs
72166900,All goods,6.8,0.0,0.0,India-UK CETA,29/2026-Customs
72169100,All goods,6.8,0.0,0.0,India-UK CETA,29/2026-Customs
72169910,All goods,6.8,0.0,0.0,India-UK CETA,29/2026-Customs
72169920,All goods,6.8,0.0,0.0,India-UK CETA,29/2026-Customs
72169930,All goods,6.8,0.0,0.0,India-UK CETA,29/2026-Customs
72169940,All goods,6.8,0.0,0.0,India-UK CETA,29/2026-Customs
72169990,All goods,6.8,0.0,0.0,India-UK CETA,29/2026-Customs
72171010,All goods,6.8,0.0,0.0,India-UK CETA,29/2026-Customs
72171020,All goods,6.8,0.0,0.0,India-UK CETA,29/2026-Customs
72171030,All goods,6.8,0.0,0.0,India-UK CETA,29/2026-Customs
72172010,All goods,6.8,0.0,0.0,India-UK CETA,29/2026-Customs
72172020,All goods,6.8,0.0,0.0,India-UK CETA,29/2026-Customs
72172030,All goods,6.8,0.0,0.0,India-UK CETA,29/2026-Customs
72173010,All goods,6.8,0.0,0.0,India-UK CETA,29/2026-Customs
72173020,All goods,6.8,0.0,0.0,India-UK CETA,29/2026-Customs
72173030,All goods,6.8,0.0,0.0,India-UK CETA,29/2026-Customs
72179011,All goods,6.8,0.0,0.0,India-UK CETA,29/2026-Customs
72179012,All goods,6.8,0.0,0.0,India-UK CETA,29/2026-Customs
72179013,All goods,6.8,0.0,0.0,India-UK CETA,29/2026-Customs
72179019,All goods,6.8,0.0,0.0,India-UK CETA,29/2026-Customs
72179091,All goods,6.8,0.0,0.0,India-UK CETA,29/2026-Customs
72179092,All goods,6.8,0.0,0.0,India-UK CETA,29/2026-Customs
72179093,All goods,6.8,0.0,0.0,India-UK CETA,29/2026-Customs
72179099,All goods,6.8,0.0,0.0,India-UK CETA,29/2026-Customs
72181000,All goods,6.8,0.0,0.0,India-UK CETA,29/2026-Customs
72189100,All goods,6.8,0.0,0.0,India-UK CETA,29/2026-Customs
72189910,All goods,6.8,0.0,0.0,India-UK CETA,29/2026-Customs
72189990,All goods,6.8,0.0,0.0,India-UK CETA,29/2026-Customs
72191111,All goods,6.8,0.0,0.0,India-UK CETA,29/2026-Customs
72191112,All goods,6.8,0.0,0.0,India-UK CETA,29/2026-Customs
72191190,All goods,6.8,0.0,0.0,India-UK CETA,29/2026-Customs
72191200,All goods,6.8,0.0,0.0,India-UK CETA,29/2026-Customs
72191300,All goods,6.8,0.0,0.0,India-UK CETA,29/2026-Customs
72191400,All goods,6.8,0.0,0.0,India-UK CETA,29/2026-Customs
72192111,All goods,6.8,0.0,0.0,India-UK CETA,29/2026-Customs
72192112,All goods,6.8,0.0,0.0,India-UK CETA,29/2026-Customs
72192121,All goods,6.8,0.0,0.0,India-UK CETA,29/2026-Customs
72192122,All goods,6.8,0.0,0.0,India-UK CETA,29/2026-Customs
72192131,All goods,6.8,0.0,0.0,India-UK CETA,29/2026-Customs
72192132,All goods,6.8,0.0,0.0,India-UK CETA,29/2026-Customs
72192141,All goods,6.8,0.0,0.0,India-UK CETA,29/2026-Customs
72192142,All goods,6.8,0.0,0.0,India-UK CETA,29/2026-Customs
72192190,All goods,6.8,0.0,0.0,India-UK CETA,29/2026-Customs
72192211,All goods,6.8,0.0,0.0,India-UK CETA,29/2026-Customs
72192212,All goods,6.8,0.0,0.0,India-UK CETA,29/2026-Customs
72192219,All goods,6.8,0.0,0.0,India-UK CETA,29/2026-Customs
72192291,All goods,6.8,0.0,0.0,India-UK CETA,29/2026-Customs
72192292,All goods,6.8,0.0,0.0,India-UK CETA,29/2026-Customs
72192299,All goods,6.8,0.0,0.0,India-UK CETA,29/2026-Customs
72192310,All goods,6.8,0.0,0.0,India-UK CETA,29/2026-Customs
72192320,All goods,6.8,0.0,0.0,India-UK CETA,29/2026-Customs
72192390,All goods,6.8,0.0,0.0,India-UK CETA,29/2026-Customs
72192411,All goods,6.8,0.0,0.0,India-UK CETA,29/2026-Customs
72192412,All goods,6.8,0.0,0.0,India-UK CETA,29/2026-Customs
72192413,All goods,6.8,0.0,0.0,India-UK CETA,29/2026-Customs
72192419,All goods,6.8,0.0,0.0,India-UK CETA,29/2026-Customs
72192421,All goods,6.8,0.0,0.0,India-UK CETA,29/2026-Customs
72192422,All goods,6.8,0.0,0.0,India-UK CETA,29/2026-Customs
72192423,All goods,6.8,0.0,0.0,India-UK CETA,29/2026-Customs
72192429,All goods,6.8,0.0,0.0,India-UK CETA,29/2026-Customs
72192490,All goods,6.8,0.0,0.0,India-UK CETA,29/2026-Customs
72193111,All goods,6.8,0.0,0.0,India-UK CETA,29/2026-Customs
72193112,All goods,6.8,0.0,0.0,India-UK CETA,29/2026-Customs
72193121,All goods,6.8,0.0,0.0,India-UK CETA,29/2026-Customs
72193122,All goods,6.8,0.0,0.0,India-UK CETA,29/2026-Customs
72193190,All goods,6.8,0.0,0.0,India-UK CETA,29/2026-Customs
72193210,All goods,6.8,0.0,0.0,India-UK CETA,29/2026-Customs
72193220,All goods,6.8,0.0,0.0,India-UK CETA,29/2026-Customs
72193290,All goods,6.8,0.0,0.0,India-UK CETA,29/2026-Customs
72193310,All goods,6.8,0.0,0.0,India-UK CETA,29/2026-Customs
72193320,All goods,6.8,0.0,0.0,India-UK CETA,29/2026-Customs
72193390,All goods,6.8,0.0,0.0,India-UK CETA,29/2026-Customs
72193410,All goods,6.8,0.0,0.0,India-UK CETA,29/2026-Customs
72193420,All goods,6.8,0.0,0.0,India-UK CETA,29/2026-Customs
72193490,All goods,6.8,0.0,0.0,India-UK CETA,29/2026-Customs
72193510,All goods,6.8,0.0,0.0,India-UK CETA,29/2026-Customs
72193520,All goods,6.8,0.0,0.0,India-UK CETA,29/2026-Customs
72193590,All goods,6.8,0.0,0.0,India-UK CETA,29/2026-Customs
72199011,All goods,6.8,0.0,0.0,India-UK CETA,29/2026-Customs
72199012,All goods,6.8,0.0,0.0,India-UK CETA,29/2026-Customs
72199013,All goods,6.8,0.0,0.0,India-UK CETA,29/2026-Customs
72199090,All goods,6.8,0.0,0.0,India-UK CETA,29/2026-Customs
72201110,All goods,6.8,0.0,0.0,India-UK CETA,29/2026-Customs
72201121,All goods,6.8,0.0,0.0,India-UK CETA,29/2026-Customs
72201122,All goods,6.8,0.0,0.0,India-UK CETA,29/2026-Customs
72201129,All goods,6.8,0.0,0.0,India-UK CETA,29/2026-Customs
72201190,All goods,6.8,0.0,0.0,India-UK CETA,29/2026-Customs
72201210,All goods,6.8,0.0,0.0,India-UK CETA,29/2026-Customs
72201221,All goods,6.8,0.0,0.0,India-UK CETA,29/2026-Customs
72201222,All goods,6.8,0.0,0.0,India-UK CETA,29/2026-Customs
72201229,All goods,6.8,0.0,0.0,India-UK CETA,29/2026-Customs
72201290,All goods,6.8,0.0,0.0,India-UK CETA,29/2026-Customs
72202010,All goods,6.8,0.0,0.0,India-UK CETA,29/2026-Customs
72202021,All goods,6.8,0.0,0.0,India-UK CETA,29/2026-Customs
72202022,All goods,6.8,0.0,0.0,India-UK CETA,29/2026-Customs
72202029,All goods,6.8,0.0,0.0,India-UK CETA,29/2026-Customs
72202090,All goods,6.8,0.0,0.0,India-UK CETA,29/2026-Customs
72209010,All goods,6.8,0.0,0.0,India-UK CETA,29/2026-Customs
72209021,All goods,6.8,0.0,0.0,India-UK CETA,29/2026-Customs
72209022,All goods,6.8,0.0,0.0,India-UK CETA,29/2026-Customs
72209029,All goods,6.8,0.0,0.0,India-UK CETA,29/2026-Customs
72209090,All goods,6.8,0.0,0.0,India-UK CETA,29/2026-Customs
72210011,All goods,6.8,0.0,0.0,India-UK CETA,29/2026-Customs
72210012,All goods,6.8,0.0,0.0,India-UK CETA,29/2026-Customs
72210019,All goods,6.8,0.0,0.0,India-UK CETA,29/2026-Customs
72210090,All goods,6.8,0.0,0.0,India-UK CETA,29/2026-Customs
72221111,All goods,6.8,0.0,0.0,India-UK CETA,29/2026-Customs
72221112,All goods,6.8,0.0,0.0,India-UK CETA,29/2026-Customs
72221119,All goods,6.8,0.0,0.0,India-UK CETA,29/2026-Customs
72221191,All goods,6.8,0.0,0.0,India-UK CETA,29/2026-Customs
72221192,All goods,6.8,0.0,0.0,India-UK CETA,29/2026-Customs
72221199,All goods,6.8,0.0,0.0,India-UK CETA,29/2026-Customs
72221911,All goods,6.8,0.0,0.0,India-UK CETA,29/2026-Customs
72221912,All goods,6.8,0.0,0.0,India-UK CETA,29/2026-Customs
72221919,All goods,6.8,0.0,0.0,India-UK CETA,29/2026-Customs
72221991,All goods,6.8,0.0,0.0,India-UK CETA,29/2026-Customs
72221992,All goods,6.8,0.0,0.0,India-UK CETA,29/2026-Customs
72221999,All goods,6.8,0.0,0.0,India-UK CETA,29/2026-Customs
72222011,All goods,6.8,0.0,0.0,India-UK CETA,29/2026-Customs
72222012,All goods,6.8,0.0,0.0,India-UK CETA,29/2026-Customs
72222019,All goods,6.8,0.0,0.0,India-UK CETA,29/2026-Customs
72222091,All goods,6.8,0.0,0.0,India-UK CETA,29/2026-Customs
72222092,All goods,6.8,0.0,0.0,India-UK CETA,29/2026-Customs
72222099,All goods,6.8,0.0,0.0,India-UK CETA,29/2026-Customs
72223011,All goods,6.8,0.0,0.0,India-UK CETA,29/2026-Customs
72223012,All goods,6.8,0.0,0.0,India-UK CETA,29/2026-Customs
72223019,All goods,6.8,0.0,0.0,India-UK CETA,29/2026-Customs
72223091,All goods,6.8,0.0,0.0,India-UK CETA,29/2026-Customs
72223092,All goods,6.8,0.0,0.0,India-UK CETA,29/2026-Customs
72223099,All goods,6.8,0.0,0.0,India-UK CETA,29/2026-Customs
72224010,All goods,6.8,0.0,0.0,India-UK CETA,29/2026-Customs
72224020,All goods,6.8,0.0,0.0,India-UK CETA,29/2026-Customs
72230010,All goods,6.8,0.0,0.0,India-UK CETA,29/2026-Customs
72230091,All goods,6.8,0.0,0.0,India-UK CETA,29/2026-Customs
72230092,All goods,6.8,0.0,0.0,India-UK CETA,29/2026-Customs
72230099,All goods,6.8,0.0,0.0,India-UK CETA,29/2026-Customs
72241000,All goods,6.8,0.0,0.0,India-UK CETA,29/2026-Customs
72249010,All goods,6.8,0.0,0.0,India-UK CETA,29/2026-Customs
72249020,All goods,6.8,0.0,0.0,India-UK CETA,29/2026-Customs
72249030,All goods,6.8,0.0,0.0,India-UK CETA,29/2026-Customs
72249040,All goods,6.8,0.0,0.0,India-UK CETA,29/2026-Customs
72249091,All goods,6.8,0.0,0.0,India-UK CETA,29/2026-Customs
72249099,All goods,6.8,0.0,0.0,India-UK CETA,29/2026-Customs
72251100,All goods,4.5,0.0,0.0,India-UK CETA,29/2026-Customs
72251910,All goods,6.8,0.0,0.0,India-UK CETA,29/2026-Customs
72251920,All goods,6.8,0.0,0.0,India-UK CETA,29/2026-Customs
72251990,All goods,6.8,0.0,0.0,India-UK CETA,29/2026-Customs
72253010,All goods,6.8,0.0,0.0,India-UK CETA,29/2026-Customs
72253090,All goods,6.8,0.0,0.0,India-UK CETA,29/2026-Customs
72254011,All goods,6.8,0.0,0.0,India-UK CETA,29/2026-Customs
72254012,All goods,6.8,0.0,0.0,India-UK CETA,29/2026-Customs
72254013,All goods,6.8,0.0,0.0,India-UK CETA,29/2026-Customs
72254019,All goods,6.8,0.0,0.0,India-UK CETA,29/2026-Customs
72254020,All goods,6.8,0.0,0.0,India-UK CETA,29/2026-Customs
72254030,All goods,6.8,0.0,0.0,India-UK CETA,29/2026-Customs
72255010,All goods,6.8,0.0,0.0,India-UK CETA,29/2026-Customs
72255020,All goods,6.8,0.0,0.0,India-UK CETA,29/2026-Customs
72255030,All goods,6.8,0.0,0.0,India-UK CETA,29/2026-Customs
72259110,All goods,6.8,0.0,0.0,India-UK CETA,29/2026-Customs
72259190,All goods,6.8,0.0,0.0,India-UK CETA,29/2026-Customs
72259210,All goods,6.8,0.0,0.0,India-UK CETA,29/2026-Customs
72259290,All goods,6.8,0.0,0.0,India-UK CETA,29/2026-Customs
72259910,All goods,6.8,0.0,0.0,India-UK CETA,29/2026-Customs
72259920,All goods,6.8,0.0,0.0,India-UK CETA,29/2026-Customs
72259930,All goods,6.8,0.0,0.0,India-UK CETA,29/2026-Customs
72259990,All goods,6.8,0.0,0.0,India-UK CETA,29/2026-Customs
72261100,All goods,4.5,0.0,0.0,India-UK CETA,29/2026-Customs
72261910,All goods,6.8,0.0,0.0,India-UK CETA,29/2026-Customs
72261920,All goods,6.8,0.0,0.0,India-UK CETA,29/2026-Customs
72261990,All goods,6.8,0.0,0.0,India-UK CETA,29/2026-Customs
72262011,All goods,6.8,0.0,0.0,India-UK CETA,29/2026-Customs
72262012,All goods,6.8,0.0,0.0,India-UK CETA,29/2026-Customs
72262021,All goods,6.8,0.0,0.0,India-UK CETA,29/2026-Customs
72262022,All goods,6.8,0.0,0.0,India-UK CETA,29/2026-Customs
72262030,All goods,6.8,0.0,0.0,India-UK CETA,29/2026-Customs
72269110,All goods,6.8,0.0,0.0,India-UK CETA,29/2026-Customs
72269120,All goods,6.8,0.0,0.0,India-UK CETA,29/2026-Customs
72269130,All goods,6.8,0.0,0.0,India-UK CETA,29/2026-Customs
72269190,All goods,6.8,0.0,0.0,India-UK CETA,29/2026-Customs
72269210,All goods,6.8,0.0,0.0,India-UK CETA,29/2026-Customs
72269220,All goods,6.8,0.0,0.0,India-UK CETA,29/2026-Customs
72269230,All goods,6.8,0.0,0.0,India-UK CETA,29/2026-Customs
72269910,All goods,6.8,0.0,0.0,India-UK CETA,29/2026-Customs
72269920,All goods,6.8,0.0,0.0,India-UK CETA,29/2026-Customs
72269930,All goods,6.8,0.0,0.0,India-UK CETA,29/2026-Customs
72269940,All goods,6.8,0.0,0.0,India-UK CETA,29/2026-Customs
72269951,All goods,6.8,0.0,0.0,India-UK CETA,29/2026-Customs
72269952,All goods,6.8,0.0,0.0,India-UK CETA,29/2026-Customs
72269953,All goods,6.8,0.0,0.0,India-UK CETA,29/2026-Customs
72269960,All goods,6.8,0.0,0.0,India-UK CETA,29/2026-Customs
72269971,All goods,6.8,0.0,0.0,India-UK CETA,29/2026-Customs
72269972,All goods,6.8,0.0,0.0,India-UK CETA,29/2026-Customs
72269973,All goods,6.8,0.0,0.0,India-UK CETA,29/2026-Customs
72269979,All goods,6.8,0.0,0.0,India-UK CETA,29/2026-Customs
72269981,All goods,6.8,0.0,0.0,India-UK CETA,29/2026-Customs
72269982,All goods,6.8,0.0,0.0,India-UK CETA,29/2026-Customs
72269983,All goods,6.8,0.0,0.0,India-UK CETA,29/2026-Customs
72269989,All goods,6.8,0.0,0.0,India-UK CETA,29/2026-Customs
72269990,All goods,6.8,0.0,0.0,India-UK CETA,29/2026-Customs
72271000,All goods,6.8,0.0,0.0,India-UK CETA,29/2026-Customs
72272000,All goods,6.8,0.0,0.0,India-UK CETA,29/2026-Customs
72279010,All goods,6.8,0.0,0.0,India-UK CETA,29/2026-Customs
72279020,All goods,6.8,0.0,0.0,India-UK CETA,29/2026-Customs
72279030,All goods,6.8,0.0,0.0,India-UK CETA,29/2026-Customs
72279040,All goods,6.8,0.0,0.0,India-UK CETA,29/2026-Customs
72279050,All goods,6.8,0.0,0.0,India-UK CETA,29/2026-Customs
72279060,All goods,6.8,0.0,0.0,India-UK CETA,29/2026-Customs
72279090,All goods,6.8,0.0,0.0,India-UK CETA,29/2026-Customs
72281010,All goods,6.8,0.0,0.0,India-UK CETA,29/2026-Customs
72281090,All goods,6.8,0.0,0.0,India-UK CETA,29/2026-Customs
72282000,All goods,6.8,0.0,0.0,India-UK CETA,29/2026-Customs
72283011,All goods,6.8,0.0,0.0,India-UK CETA,29/2026-Customs
72283019,All goods,6.8,0.0,0.0,India-UK CETA,29/2026-Customs
72283021,All goods,6.8,0.0,0.0,India-UK CETA,29/2026-Customs
72283022,All goods,6.8,0.0,0.0,India-UK CETA,29/2026-Customs
72283023,All goods,6.8,0.0,0.0,India-UK CETA,29/2026-Customs
72283024,All goods,6.8,0.0,0.0,India-UK CETA,29/2026-Customs
72283029,All goods,6.8,0.0,0.0,India-UK CETA,29/2026-Customs
72284000,All goods,6.8,0.0,0.0,India-UK CETA,29/2026-Customs
72285010,All goods,6.8,0.0,0.0,India-UK CETA,29/2026-Customs
72285090,All goods,6.8,0.0,0.0,India-UK CETA,29/2026-Customs
72286011,All goods,6.8,0.0,0.0,India-UK CETA,29/2026-Customs
72286012,All goods,6.8,0.0,0.0,India-UK CETA,29/2026-Customs
72286091,All goods,6.8,0.0,0.0,India-UK CETA,29/2026-Customs
72286092,All goods,6.8,0.0,0.0,India-UK CETA,29/2026-Customs
72286093,All goods,6.8,0.0,0.0,India-UK CETA,29/2026-Customs
72286094,All goods,6.8,0.0,0.0,India-UK CETA,29/2026-Customs
72286099,All goods,6.8,0.0,0.0,India-UK CETA,29/2026-Customs
72287011,All goods,6.8,0.0,0.0,India-UK CETA,29/2026-Customs
72287012,All goods,6.8,0.0,0.0,India-UK CETA,29/2026-Customs
72287021,All goods,6.8,0.0,0.0,India-UK CETA,29/2026-Customs
72287022,All goods,6.8,0.0,0.0,India-UK CETA,29/2026-Customs
72288010,All goods,6.8,0.0,0.0,India-UK CETA,29/2026-Customs
72288020,All goods,6.8,0.0,0.0,India-UK CETA,29/2026-Customs
72288090,All goods,6.8,0.0,0.0,India-UK CETA,29/2026-Customs
72292000,All goods,6.8,0.0,0.0,India-UK CETA,29/2026-Customs
72299011,All goods,6.8,0.0,0.0,India-UK CETA,29/2026-Customs
72299012,All goods,6.8,0.0,0.0,India-UK CETA,29/2026-Customs
72299013,All goods,6.8,0.0,0.0,India-UK CETA,29/2026-Customs
72299014,All goods,6.8,0.0,0.0,India-UK CETA,29/2026-Customs
72299015,All goods,6.8,0.0,0.0,India-UK CETA,29/2026-Customs
72299016,All goods,6.8,0.0,0.0,India-UK CETA,29/2026-Customs
72299021,All goods,6.8,0.0,0.0,India-UK CETA,29/2026-Customs
72299022,All goods,6.8,0.0,0.0,India-UK CETA,29/2026-Customs
72299023,All goods,6.8,0.0,0.0,India-UK CETA,29/2026-Customs
72299031,All goods,6.8,0.0,0.0,India-UK CETA,29/2026-Customs
72299032,All goods,6.8,0.0,0.0,India-UK CETA,29/2026-Customs
72299033,All goods,6.8,0.0,0.0,India-UK CETA,29/2026-Customs
72299034,All goods,6.8,0.0,0.0,India-UK CETA,29/2026-Customs
72299040,All goods,6.8,0.0,0.0,India-UK CETA,29/2026-Customs
72299051,All goods,6.8,0.0,0.0,India-UK CETA,29/2026-Customs
72299052,All goods,6.8,0.0,0.0,India-UK CETA,29/2026-Customs
72299053,All goods,6.8,0.0,0.0,India-UK CETA,29/2026-Customs
72299054,All goods,6.8,0.0,0.0,India-UK CETA,29/2026-Customs
72299059,All goods,6.8,0.0,0.0,India-UK CETA,29/2026-Customs
72299060,All goods,6.8,0.0,0.0,India-UK CETA,29/2026-Customs
72299070,All goods,6.8,0.0,0.0,India-UK CETA,29/2026-Customs
72299090,All goods,6.8,0.0,0.0,India-UK CETA,29/2026-Customs
73011000,All goods,9.0,0.0,0.0,India-UK CETA,29/2026-Customs
73012010,All goods,9.0,0.0,0.0,India-UK CETA,29/2026-Customs
73012090,All goods,9.0,0.0,0.0,India-UK CETA,29/2026-Customs
73021011,All goods,9.0,0.0,0.0,India-UK CETA,29/2026-Customs
73021012,All goods,9.0,0.0,0.0,India-UK CETA,29/2026-Customs
73021013,All goods,9.0,0.0,0.0,India-UK CETA,29/2026-Customs
73021014,All goods,9.0,0.0,0.0,India-UK CETA,29/2026-Customs
73021019,All goods,9.0,0.0,0.0,India-UK CETA,29/2026-Customs
73021020,All goods,9.0,0.0,0.0,India-UK CETA,29/2026-Customs
73021090,All goods,9.0,0.0,0.0,India-UK CETA,29/2026-Customs
73023000,All goods,9.0,0.0,0.0,India-UK CETA,29/2026-Customs
73024000,All goods,9.0,0.0,0.0,India-UK CETA,29/2026-Customs
73029010,All goods,9.0,0.0,0.0,India-UK CETA,29/2026-Customs
73029090,All goods,9.0,0.0,0.0,India-UK CETA,29/2026-Customs
73030010,All goods,0.0,0.0,0.0,India-UK CETA,29/2026-Customs
73030020,All goods,0.0,0.0,0.0,India-UK CETA,29/2026-Customs
73030030,All goods,9.0,0.0,0.0,India-UK CETA,29/2026-Customs
73030090,All goods,9.0,0.0,0.0,India-UK CETA,29/2026-Customs
73041110,All goods,9.0,0.0,0.0,India-UK CETA,29/2026-Customs
73041120,All goods,0.0,0.0,0.0,India-UK CETA,29/2026-Customs
73041190,All goods,9.0,0.0,0.0,India-UK CETA,29/2026-Customs
73041910,All goods,9.0,0.0,0.0,India-UK CETA,29/2026-Customs
73041920,All goods,0.0,0.0,0.0,India-UK CETA,29/2026-Customs
73041990,All goods,8.0,0.0,0.0,India-UK CETA,29/2026-Customs
73042200,All goods,0.0,0.0,0.0,India-UK CETA,29/2026-Customs
73042310,All goods,0.0,0.0,0.0,India-UK CETA,29/2026-Customs
73042390,All goods,8.0,0.0,0.0,India-UK CETA,29/2026-Customs
73042400,All goods,8.0,0.0,0.0,India-UK CETA,29/2026-Customs
73042910,All goods,8.0,0.0,0.0,India-UK CETA,29/2026-Customs
73042990,All goods,8.0,0.0,0.0,India-UK CETA,29/2026-Customs
73043111,All goods,0.0,0.0,0.0,India-UK CETA,29/2026-Customs
73043119,All goods,9.0,0.0,0.0,India-UK CETA,29/2026-Customs
73043121,All goods,0.0,0.0,0.0,India-UK CETA,29/2026-Customs
73043129,All goods,0.0,0.0,0.0,India-UK CETA,29/2026-Customs
73043131,All goods,0.0,0.0,0.0,India-UK CETA,29/2026-Customs
73043139,All goods,0.0,0.0,0.0,India-UK CETA,29/2026-Customs
73043911,All goods,0.0,0.0,0.0,India-UK CETA,29/2026-Customs
73043919,All goods,0.0,0.0,0.0,India-UK CETA,29/2026-Customs
73043921,All goods,0.0,0.0,0.0,India-UK CETA,29/2026-Customs
73043929,All goods,0.0,0.0,0.0,India-UK CETA,29/2026-Customs
73043931,All goods,0.0,0.0,0.0,India-UK CETA,29/2026-Customs
73043939,All goods,0.0,0.0,0.0,India-UK CETA,29/2026-Customs
73044100,All goods,9.0,0.0,0.0,India-UK CETA,29/2026-Customs
73044900,All goods,9.0,0.0,0.0,India-UK CETA,29/2026-Customs
73045110,All goods,0.0,0.0,0.0,India-UK CETA,29/2026-Customs
73045120,All goods,0.0,0.0,0.0,India-UK CETA,29/2026-Customs
73045130,All goods,0.0,0.0,0.0,India-UK CETA,29/2026-Customs
73045910,All goods,8.0,0.0,0.0,India-UK CETA,29/2026-Customs
73045920,All goods,0.0,0.0,0.0,India-UK CETA,29/2026-Customs
73045930,All goods,8.0,0.0,0.0,India-UK CETA,29/2026-Customs
73049000,All goods,9.0,0.0,0.0,India-UK CETA,29/2026-Customs
73051111,All goods,0.0,0.0,0.0,India-UK CETA,29/2026-Customs
73051119,All goods,0.0,0.0,0.0,India-UK CETA,29/2026-Customs
73051131,All goods,9.5,0.0,0.0,India-UK CETA,29/2026-Customs
73051139,All goods,9.5,0.0,0.0,India-UK CETA,29/2026-Customs
73051141,All goods,9.5,0.0,0.0,India-UK CETA,29/2026-Customs
73051149,All goods,9.5,0.0,0.0,India-UK CETA,29/2026-Customs
73051211,All goods,0.0,0.0,0.0,India-UK CETA,29/2026-Customs
73051219,All goods,0.0,0.0,0.0,India-UK CETA,29/2026-Customs
73051231,All goods,0.0,0.0,0.0,India-UK CETA,29/2026-Customs
73051239,All goods,0.0,0.0,0.0,India-UK CETA,29/2026-Customs
73051241,All goods,0.0,0.0,0.0,India-UK CETA,29/2026-Customs
73051249,All goods,0.0,0.0,0.0,India-UK CETA,29/2026-Customs
73051911,All goods,0.0,0.0,0.0,India-UK CETA,29/2026-Customs
73051919,All goods,0.0,0.0,0.0,India-UK CETA,29/2026-Customs
73051931,All goods,0.0,0.0,0.0,India-UK CETA,29/2026-Customs
73051939,All goods,0.0,0.0,0.0,India-UK CETA,29/2026-Customs
73051941,All goods,9.5,0.0,0.0,India-UK CETA,29/2026-Customs
73051949,All goods,9.5,0.0,0.0,India-UK CETA,29/2026-Customs
73052010,All goods,0.0,0.0,0.0,India-UK CETA,29/2026-Customs
73052090,All goods,0.0,0.0,0.0,India-UK CETA,29/2026-Customs
73053111,All goods,0.0,0.0,0.0,India-UK CETA,29/2026-Customs
73053119,All goods,0.0,0.0,0.0,India-UK CETA,29/2026-Customs
73053121,All goods,0.0,0.0,0.0,India-UK CETA,29/2026-Customs
73053129,All goods,0.0,0.0,0.0,India-UK CETA,29/2026-Customs
73053131,All goods,0.0,0.0,0.0,India-UK CETA,29/2026-Customs
73053139,All goods,0.0,0.0,0.0,India-UK CETA,29/2026-Customs
73053911,All goods,0.0,0.0,0.0,India-UK CETA,29/2026-Customs
73053919,All goods,0.0,0.0,0.0,India-UK CETA,29/2026-Customs
73053921,All goods,0.0,0.0,0.0,India-UK CETA,29/2026-Customs
73053929,All goods,0.0,0.0,0.0,India-UK CETA,29/2026-Customs
73053931,All goods,0.0,0.0,0.0,India-UK CETA,29/2026-Customs
73053939,All goods,0.0,0.0,0.0,India-UK CETA,29/2026-Customs
73059010,All goods,0.0,0.0,0.0,India-UK CETA,29/2026-Customs
73059021,All goods,0.0,0.0,0.0,India-UK CETA,29/2026-Customs
73059029,All goods,0.0,0.0,0.0,India-UK CETA,29/2026-Customs
73059091,All goods,0.0,0.0,0.0,India-UK CETA,29/2026-Customs
73059099,All goods,0.0,0.0,0.0,India-UK CETA,29/2026-Customs
73061100,All goods,9.0,0.0,0.0,India-UK CETA,29/2026-Customs
73061911,All goods,0.0,0.0,0.0,India-UK CETA,29/2026-Customs
73061919,All goods,9.5,0.0,0.0,India-UK CETA,29/2026-Customs
73061931,All goods,0.0,0.0,0.0,India-UK CETA,29/2026-Customs
73061939,All goods,0.0,0.0,0.0,India-UK CETA,29/2026-Customs
73061941,All goods,9.5,0.0,0.0,India-UK CETA,29/2026-Customs
73061949,All goods,9.5,0.0,0.0,India-UK CETA,29/2026-Customs
73062100,All goods,0.0,0.0,0.0,India-UK CETA,29/2026-Customs
73062911,All goods,0.0,0.0,0.0,India-UK CETA,29/2026-Customs
73062919,All goods,0.0,0.0,0.0,India-UK CETA,29/2026-Customs
73063010,All goods,0.0,0.0,0.0,India-UK CETA,29/2026-Customs
73063090,All goods,9.0,0.0,0.0,India-UK CETA,29/2026-Customs
73064000,All goods,9.0,0.0,0.0,India-UK CETA,29/2026-Customs
73065000,All goods,0.0,0.0,0.0,India-UK CETA,29/2026-Customs
73066100,All goods,9.0,0.0,0.0,India-UK CETA,29/2026-Customs
73066900,All goods,0.0,0.0,0.0,India-UK CETA,29/2026-Customs
73069011,All goods,0.0,0.0,0.0,India-UK CETA,29/2026-Customs
73069019,All goods,9.0,0.0,0.0,India-UK CETA,29/2026-Customs
73069090,All goods,9.0,0.0,0.0,India-UK CETA,29/2026-Customs
73071110,All goods,8.0,0.0,0.0,India-UK CETA,29/2026-Customs
73071120,All goods,9.0,0.0,0.0,India-UK CETA,29/2026-Customs
73071190,All goods,9.0,0.0,0.0,India-UK CETA,29/2026-Customs
73071900,All goods,9.0,0.0,0.0,India-UK CETA,29/2026-Customs
73072100,All goods,8.0,0.0,0.0,India-UK CETA,29/2026-Customs
73072200,All goods,0.0,0.0,0.0,India-UK CETA,29/2026-Customs
73072300,All goods,0.0,0.0,0.0,India-UK CETA,29/2026-Customs
73072900,All goods,8.0,0.0,0.0,India-UK CETA,29/2026-Customs
73079110,All goods,9.0,0.0,0.0,India-UK CETA,29/2026-Customs
73079190,All goods,9.0,0.0,0.0,India-UK CETA,29/2026-Customs
73079210,All goods,8.0,0.0,0.0,India-UK CETA,29/2026-Customs
73079290,All goods,8.0,0.0,0.0,India-UK CETA,29/2026-Customs
73079310,All goods,8.0,0.0,0.0,India-UK CETA,29/2026-Customs
73079390,All goods,8.0,0.0,0.0,India-UK CETA,29/2026-Customs
73079910,All goods,9.0,0.0,0.0,India-UK CETA,29/2026-Customs
73079990,All goods,8.0,0.0,0.0,India-UK CETA,29/2026-Customs
73081010,All goods,0.0,0.0,0.0,India-UK CETA,29/2026-Customs
73081090,All goods,0.0,0.0,0.0,India-UK CETA,29/2026-Customs
73082011,All goods,0.0,0.0,0.0,India-UK CETA,29/2026-Customs
73082019,All goods,0.0,0.0,0.0,India-UK CETA,29/2026-Customs
73082020,All goods,0.0,0.0,0.0,India-UK CETA,29/2026-Customs
73083000,All goods,9.0,0.0,0.0,India-UK CETA,29/2026-Customs
73084000,All goods,9.0,0.0,0.0,India-UK CETA,29/2026-Customs
73089010,All goods,9.0,0.0,0.0,India-UK CETA,29/2026-Customs
73089020,All goods,0.0,0.0,0.0,India-UK CETA,29/2026-Customs
73089030,All goods,0.0,0.0,0.0,India-UK CETA,29/2026-Customs
73089040,All goods,0.0,0.0,0.0,India-UK CETA,29/2026-Customs
73089050,All goods,0.0,0.0,0.0,India-UK CETA,29/2026-Customs
73089060,All goods,0.0,0.0,0.0,India-UK CETA,29/2026-Customs
73089070,All goods,9.0,0.0,0.0,India-UK CETA,29/2026-Customs
73089090,All goods,0.0,0.0,0.0,India-UK CETA,29/2026-Customs
73090010,All goods,0.0,0.0,0.0,India-UK CETA,29/2026-Customs
73090020,All goods,0.0,0.0,0.0,India-UK CETA,29/2026-Customs
73090030,All goods,0.0,0.0,0.0,India-UK CETA,29/2026-Customs
73090040,All goods,0.0,0.0,0.0,India-UK CETA,29/2026-Customs
73090090,All goods,9.0,0.0,0.0,India-UK CETA,29/2026-Customs
73101010,All goods,0.0,0.0,0.0,India-UK CETA,29/2026-Customs
73101020,All goods,0.0,0.0,0.0,India-UK CETA,29/2026-Customs
73101090,All goods,8.0,0.0,0.0,India-UK CETA,29/2026-Customs
73102110,All goods,0.0,0.0,0.0,India-UK CETA,29/2026-Customs
73102190,All goods,9.0,0.0,0.0,India-UK CETA,29/2026-Customs
73102910,All goods,9.0,0.0,0.0,India-UK CETA,29/2026-Customs
73102920,All goods,0.0,0.0,0.0,India-UK CETA,29/2026-Customs
73102990,All goods,9.0,0.0,0.0,India-UK CETA,29/2026-Customs
73110010,All goods,9.0,0.0,0.0,India-UK CETA,29/2026-Customs
73110020,All goods,9.0,0.0,0.0,India-UK CETA,29/2026-Customs
73110030,All goods,9.0,0.0,0.0,India-UK CETA,29/2026-Customs
73110090,All goods,9.0,0.0,0.0,India-UK CETA,29/2026-Customs
73121010,All goods,9.0,0.0,0.0,India-UK CETA,29/2026-Customs
73121020,All goods,0.0,0.0,0.0,India-UK CETA,29/2026-Customs
73121030,All goods,9.0,0.0,0.0,India-UK CETA,29/2026-Customs
73121090,All goods,9.0,0.0,0.0,India-UK CETA,29/2026-Customs
73129000,All goods,0.0,0.0,0.0,India-UK CETA,29/2026-Customs
73130010,All goods,0.0,0.0,0.0,India-UK CETA,29/2026-Customs
73130020,All goods,0.0,0.0,0.0,India-UK CETA,29/2026-Customs
73141200,All goods,0.0,0.0,0.0,India-UK CETA,29/2026-Customs
73141410,All goods,0.0,0.0,0.0,India-UK CETA,29/2026-Customs
73141490,All goods,0.0,0.0,0.0,India-UK CETA,29/2026-Customs
73141910,All goods,0.0,0.0,0.0,India-UK CETA,29/2026-Customs
73141990,All goods,0.0,0.0,0.0,India-UK CETA,29/2026-Customs
73142010,All goods,0.0,0.0,0.0,India-UK CETA,29/2026-Customs
73142090,All goods,0.0,0.0,0.0,India-UK CETA,29/2026-Customs
73143100,All goods,0.0,0.0,0.0,India-UK CETA,29/2026-Customs
73143900,All goods,0.0,0.0,0.0,India-UK CETA,29/2026-Customs
73144110,All goods,0.0,0.0,0.0,India-UK CETA,29/2026-Customs
73144190,All goods,0.0,0.0,0.0,India-UK CETA,29/2026-Customs
73144210,All goods,0.0,0.0,0.0,India-UK CETA,29/2026-Customs
73144290,All goods,0.0,0.0,0.0,India-UK CETA,29/2026-Customs
73144910,All goods,0.0,0.0,0.0,India-UK CETA,29/2026-Customs
73144990,All goods,0.0,0.0,0.0,India-UK CETA,29/2026-Customs
73145000,All goods,0.0,0.0,0.0,India-UK CETA,29/2026-Customs
73151100,All goods,9.0,0.0,0.0,India-UK CETA,29/2026-Customs
73151210,All goods,0.0,0.0,0.0,India-UK CETA,29/2026-Customs
73151220,All goods,0.0,0.0,0.0,India-UK CETA,29/2026-Customs
73151290,All goods,9.0,0.0,0.0,India-UK CETA,29/2026-Customs
73151900,All goods,0.0,0.0,0.0,India-UK CETA,29/2026-Customs
73152000,All goods,0.0,0.0,0.0,India-UK CETA,29/2026-Customs
73158100,All goods,0.0,0.0,0.0,India-UK CETA,29/2026-Customs
73158200,All goods,0.0,0.0,0.0,India-UK CETA,29/2026-Customs
73158900,All goods,0.0,0.0,0.0,India-UK CETA,29/2026-Customs
73159000,All goods,0.0,0.0,0.0,India-UK CETA,29/2026-Customs
73160010,All goods,0.0,0.0,0.0,India-UK CETA,29/2026-Customs
73160090,All goods,0.0,0.0,0.0,India-UK CETA,29/2026-Customs
73170011,All goods,0.0,0.0,0.0,India-UK CETA,29/2026-Customs
73170012,All goods,0.0,0.0,0.0,India-UK CETA,29/2026-Customs
73170013,All goods,8.0,0.0,0.0,India-UK CETA,29/2026-Customs
73170019,All goods,8.0,0.0,0.0,India-UK CETA,29/2026-Customs
73170021,All goods,0.0,0.0,0.0,India-UK CETA,29/2026-Customs
73170029,All goods,0.0,0.0,0.0,India-UK CETA,29/2026-Customs
73170030,All goods,0.0,0.0,0.0,India-UK CETA,29/2026-Customs
73170091,All goods,0.0,0.0,0.0,India-UK CETA,29/2026-Customs
73170099,All goods,0.0,0.0,0.0,India-UK CETA,29/2026-Customs
73181110,All goods,12.0,0.0,0.0,India-UK CETA,29/2026-Customs
73181190,All goods,12.0,0.0,0.0,India-UK CETA,29/2026-Customs
73181200,All goods,12.0,0.0,0.0,India-UK CETA,29/2026-Customs
73181300,All goods,12.0,0.0,0.0,India-UK CETA,29/2026-Customs
73181400,All goods,12.0,0.0,0.0,India-UK CETA,29/2026-Customs
73181500,All goods,12.0,0.0,0.0,India-UK CETA,29/2026-Customs
73181600,All goods,0.0,0.0,0.0,India-UK CETA,29/2026-Customs
73181900,All goods,0.0,0.0,0.0,India-UK CETA,29/2026-Customs
73182100,All goods,12.0,0.0,0.0,India-UK CETA,29/2026-Customs
73182200,All goods,0.0,0.0,0.0,India-UK CETA,29/2026-Customs
73182300,All goods,12.0,0.0,0.0,India-UK CETA,29/2026-Customs
73182400,All goods,12.0,0.0,0.0,India-UK CETA,29/2026-Customs
73182910,All goods,12.0,0.0,0.0,India-UK CETA,29/2026-Customs
73182990,All goods,12.0,0.0,0.0,India-UK CETA,29/2026-Customs
73194010,All goods,0.0,0.0,0.0,India-UK CETA,29/2026-Customs
73194090,All goods,0.0,0.0,0.0,India-UK CETA,29/2026-Customs
73199000,All goods,8.0,0.0,0.0,India-UK CETA,29/2026-Customs
73201011,All goods,0.0,0.0,0.0,India-UK CETA,29/2026-Customs
73201012,All goods,0.0,0.0,0.0,India-UK CETA,29/2026-Customs
73201019,All goods,0.0,0.0,0.0,India-UK CETA,29/2026-Customs
73201020,All goods,0.0,0.0,0.0,India-UK CETA,29/2026-Customs
73202000,All goods,9.0,0.0,0.0,India-UK CETA,29/2026-Customs
73209010,All goods,0.0,0.0,0.0,India-UK CETA,29/2026-Customs
73209020,All goods,0.0,0.0,0.0,India-UK CETA,29/2026-Customs
73209090,All goods,0.0,0.0,0.0,India-UK CETA,29/2026-Customs
73211110,All goods,9.0,0.0,0.0,India-UK CETA,29/2026-Customs
73211120,All goods,0.0,0.0,0.0,India-UK CETA,29/2026-Customs
73211190,All goods,0.0,0.0,0.0,India-UK CETA,29/2026-Customs
73211210,All goods,0.0,0.0,0.0,India-UK CETA,29/2026-Customs
73211220,All goods,0.0,0.0,0.0,India-UK CETA,29/2026-Customs
73211290,All goods,0.0,0.0,0.0,India-UK CETA,29/2026-Customs
73211910,All goods,0.0,0.0,0.0,India-UK CETA,29/2026-Customs
73211990,All goods,0.0,0.0,0.0,India-UK CETA,29/2026-Customs
73218100,All goods,0.0,0.0,0.0,India-UK CETA,29/2026-Customs
73218200,All goods,0.0,0.0,0.0,India-UK CETA,29/2026-Customs
73218910,All goods,0.0,0.0,0.0,India-UK CETA,29/2026-Customs
73218990,All goods,0.0,0.0,0.0,India-UK CETA,29/2026-Customs
73219000,All goods,0.0,0.0,0.0,India-UK CETA,29/2026-Customs
73221100,All goods,0.0,0.0,0.0,India-UK CETA,29/2026-Customs
73221900,All goods,0.0,0.0,0.0,India-UK CETA,29/2026-Customs
73229010,All goods,0.0,0.0,0.0,India-UK CETA,29/2026-Customs
73229090,All goods,0.0,0.0,0.0,India-UK CETA,29/2026-Customs
73231000,All goods,16.0,0.0,0.0,India-UK CETA,29/2026-Customs
73239110,All goods,12.0,0.0,0.0,India-UK CETA,29/2026-Customs
73239190,All goods,12.0,0.0,0.0,India-UK CETA,29/2026-Customs
73239200,All goods,12.0,0.0,0.0,India-UK CETA,29/2026-Customs
73239310,All goods,12.0,0.0,0.0,India-UK CETA,29/2026-Customs
73239390,All goods,13.6,0.0,0.0,India-UK CETA,29/2026-Customs
73239410,All goods,12.0,0.0,0.0,India-UK CETA,29/2026-Customs
73239420,All goods,12.0,0.0,0.0,India-UK CETA,29/2026-Customs
73239490,All goods,12.0,0.0,0.0,India-UK CETA,29/2026-Customs
73239910,All goods,12.0,0.0,0.0,India-UK CETA,29/2026-Customs
73239920,All goods,13.6,0.0,0.0,India-UK CETA,29/2026-Customs
73239990,All goods,13.6,0.0,0.0,India-UK CETA,29/2026-Customs
73241000,All goods,0.0,0.0,0.0,India-UK CETA,29/2026-Customs
73242100,All goods,0.0,0.0,0.0,India-UK CETA,29/2026-Customs
73242900,All goods,0.0,0.0,0.0,India-UK CETA,29/2026-Customs
73249000,All goods,0.0,0.0,0.0,India-UK CETA,29/2026-Customs
73251000,All goods,0.0,0.0,0.0,India-UK CETA,29/2026-Customs
73259100,All goods,8.0,0.0,0.0,India-UK CETA,29/2026-Customs
73259910,All goods,9.0,0.0,0.0,India-UK CETA,29/2026-Customs
73259920,All goods,9.0,0.0,0.0,India-UK CETA,29/2026-Customs
73259930,All goods,9.0,0.0,0.0,India-UK CETA,29/2026-Customs
73259991,All goods,0.0,0.0,0.0,India-UK CETA,29/2026-Customs
73259992,All goods,9.0,0.0,0.0,India-UK CETA,29/2026-Customs
73259993,All goods,0.0,0.0,0.0,India-UK CETA,29/2026-Customs
73259999,All goods,0.0,0.0,0.0,India-UK CETA,29/2026-Customs
73261100,All goods,0.0,0.0,0.0,India-UK CETA,29/2026-Customs
73261910,All goods,9.0,0.0,0.0,India-UK CETA,29/2026-Customs
73261990,All goods,9.0,0.0,0.0,India-UK CETA,29/2026-Customs
73262010,All goods,0.0,0.0,0.0,India-UK CETA,29/2026-Customs
73262090,All goods,9.0,0.0,0.0,India-UK CETA,29/2026-Customs
73269010,All goods,8.0,0.0,0.0,India-UK CETA,29/2026-Customs
73269020,All goods,8.0,0.0,0.0,India-UK CETA,29/2026-Customs
73269030,All goods,8.0,0.0,0.0,India-UK CETA,29/2026-Customs
73269040,All goods,9.0,0.0,0.0,India-UK CETA,29/2026-Customs
73269050,All goods,8.0,0.0,0.0,India-UK CETA,29/2026-Customs
73269060,All goods,9.0,0.0,0.0,India-UK CETA,29/2026-Customs
73269070,All goods,8.0,0.0,0.0,India-UK CETA,29/2026-Customs
73269080,All goods,9.0,0.0,0.0,India-UK CETA,29/2026-Customs
73269091,All goods,8.0,0.0,0.0,India-UK CETA,29/2026-Customs
73269099,All goods,8.0,0.0,0.0,India-UK CETA,29/2026-Customs
74010010,All goods,0.0,0.0,0.0,India-UK CETA,29/2026-Customs
74010090,All goods,0.0,0.0,0.0,India-UK CETA,29/2026-Customs
74020010,All goods,0.0,0.0,0.0,India-UK CETA,29/2026-Customs
74020090,All goods,0.0,0.0,0.0,India-UK CETA,29/2026-Customs
74031100,All goods,4.0,0.0,0.0,India-UK CETA,29/2026-Customs
74031200,All goods,0.0,0.0,0.0,India-UK CETA,29/2026-Customs
74031300,All goods,0.0,0.0,0.0,India-UK CETA,29/2026-Customs
74031900,All goods,0.0,0.0,0.0,India-UK CETA,29/2026-Customs
74032100,All goods,0.0,0.0,0.0,India-UK CETA,29/2026-Customs
74032210,All goods,4.0,0.0,0.0,India-UK CETA,29/2026-Customs
74032290,All goods,4.0,0.0,0.0,India-UK CETA,29/2026-Customs
74032900,All goods,4.0,0.0,0.0,India-UK CETA,29/2026-Customs
74040012,All goods,0.0,0.0,0.0,India-UK CETA,29/2026-Customs
74040019,All goods,0.0,0.0,0.0,India-UK CETA,29/2026-Customs
74040022,All goods,0.0,0.0,0.0,India-UK CETA,29/2026-Customs
74040024,All goods,0.0,0.0,0.0,India-UK CETA,29/2026-Customs
74040025,All goods,0.0,0.0,0.0,India-UK CETA,29/2026-Customs
74040029,All goods,0.0,0.0,0.0,India-UK CETA,29/2026-Customs
74050000,All goods,4.0,0.0,0.0,India-UK CETA,29/2026-Customs
74061000,All goods,4.0,0.0,0.0,India-UK CETA,29/2026-Customs
74062000,All goods,0.0,0.0,0.0,India-UK CETA,29/2026-Customs
74071010,All goods,0.0,0.0,0.0,India-UK CETA,29/2026-Customs
74071020,All goods,0.0,0.0,0.0,India-UK CETA,29/2026-Customs
74071030,All goods,0.0,0.0,0.0,India-UK CETA,29/2026-Customs
74071040,All goods,0.0,0.0,0.0,India-UK CETA,29/2026-Customs
74071051,All goods,0.0,0.0,0.0,India-UK CETA,29/2026-Customs
74071059,All goods,0.0,0.0,0.0,India-UK CETA,29/2026-Customs
74071090,All goods,0.0,0.0,0.0,India-UK CETA,29/2026-Customs
74072110,All goods,4.0,0.0,0.0,India-UK CETA,29/2026-Customs
74072120,All goods,0.0,0.0,0.0,India-UK CETA,29/2026-Customs
74072130,All goods,0.0,0.0,0.0,India-UK CETA,29/2026-Customs
74072190,All goods,0.0,0.0,0.0,India-UK CETA,29/2026-Customs
74072910,All goods,0.0,0.0,0.0,India-UK CETA,29/2026-Customs
74072921,All goods,0.0,0.0,0.0,India-UK CETA,29/2026-Customs
74072929,All goods,0.0,0.0,0.0,India-UK CETA,29/2026-Customs
74072990,All goods,0.0,0.0,0.0,India-UK CETA,29/2026-Customs
74081110,All goods,0.0,0.0,0.0,India-UK CETA,29/2026-Customs
74081190,All goods,0.0,0.0,0.0,India-UK CETA,29/2026-Customs
74081910,All goods,0.0,0.0,0.0,India-UK CETA,29/2026-Customs
74081920,All goods,0.0,0.0,0.0,India-UK CETA,29/2026-Customs
74081990,All goods,0.0,0.0,0.0,India-UK CETA,29/2026-Customs
74082110,All goods,0.0,0.0,0.0,India-UK CETA,29/2026-Customs
74082190,All goods,0.0,0.0,0.0,India-UK CETA,29/2026-Customs
74082210,All goods,0.0,0.0,0.0,India-UK CETA,29/2026-Customs
74082220,All goods,0.0,0.0,0.0,India-UK CETA,29/2026-Customs
74082290,All goods,0.0,0.0,0.0,India-UK CETA,29/2026-Customs
74082910,All goods,0.0,0.0,0.0,India-UK CETA,29/2026-Customs
74082990,All goods,0.0,0.0,0.0,India-UK CETA,29/2026-Customs
74091100,All goods,4.0,0.0,0.0,India-UK CETA,29/2026-Customs
74091900,All goods,0.0,0.0,0.0,India-UK CETA,29/2026-Customs
74092100,All goods,0.0,0.0,0.0,India-UK CETA,29/2026-Customs
74092900,All goods,0.0,0.0,0.0,India-UK CETA,29/2026-Customs
74093100,All goods,0.0,0.0,0.0,India-UK CETA,29/2026-Customs
74093900,All goods,0.0,0.0,0.0,India-UK CETA,29/2026-Customs
74094000,All goods,0.0,0.0,0.0,India-UK CETA,29/2026-Customs
74099000,All goods,0.0,0.0,0.0,India-UK CETA,29/2026-Customs
74101100,All goods,0.0,0.0,0.0,India-UK CETA,29/2026-Customs
74101200,All goods,0.0,0.0,0.0,India-UK CETA,29/2026-Customs
74102100,All goods,0.0,0.0,0.0,India-UK CETA,29/2026-Customs
74102200,All goods,0.0,0.0,0.0,India-UK CETA,29/2026-Customs
74111000,All goods,6.0,0.0,0.0,India-UK CETA,29/2026-Customs
74112100,All goods,0.0,0.0,0.0,India-UK CETA,29/2026-Customs
74112200,All goods,0.0,0.0,0.0,India-UK CETA,29/2026-Customs
74112900,All goods,0.0,0.0,0.0,India-UK CETA,29/2026-Customs
74121000,All goods,0.0,0.0,0.0,India-UK CETA,29/2026-Customs
74122011,All goods,6.0,0.0,0.0,India-UK CETA,29/2026-Customs
74122012,All goods,6.0,0.0,0.0,India-UK CETA,29/2026-Customs
74122019,All goods,6.0,0.0,0.0,India-UK CETA,29/2026-Customs
74122090,All goods,6.0,0.0,0.0,India-UK CETA,29/2026-Customs
74130000,All goods,8.0,0.0,0.0,India-UK CETA,29/2026-Customs
74151000,All goods,0.0,0.0,0.0,India-UK CETA,29/2026-Customs
74152100,All goods,0.0,0.0,0.0,India-UK CETA,29/2026-Customs
74152900,All goods,0.0,0.0,0.0,India-UK CETA,29/2026-Customs
74153310,All goods,0.0,0.0,0.0,India-UK CETA,29/2026-Customs
74153390,All goods,8.0,0.0,0.0,India-UK CETA,29/2026-Customs
74153910,All goods,8.0,0.0,0.0,India-UK CETA,29/2026-Customs
74153990,All goods,8.0,0.0,0.0,India-UK CETA,29/2026-Customs
74181010,All goods,0.0,0.0,0.0,India-UK CETA,29/2026-Customs
74181021,All goods,0.0,0.0,0.0,India-UK CETA,29/2026-Customs
74181022,All goods,0.0,0.0,0.0,India-UK CETA,29/2026-Customs
74181023,All goods,0.0,0.0,0.0,India-UK CETA,29/2026-Customs
74181024,All goods,0.0,0.0,0.0,India-UK CETA,29/2026-Customs
74181031,All goods,0.0,0.0,0.0,India-UK CETA,29/2026-Customs
74181039,All goods,0.0,0.0,0.0,India-UK CETA,29/2026-Customs
74181090,All goods,0.0,0.0,0.0,India-UK CETA,29/2026-Customs
74182010,All goods,8.0,0.0,0.0,India-UK CETA,29/2026-Customs
74182020,All goods,8.0,0.0,0.0,India-UK CETA,29/2026-Customs
74192000,All goods,9.0,0.0,0.0,India-UK CETA,29/2026-Customs
74198010,All goods,8.0,0.0,0.0,India-UK CETA,29/2026-Customs
74198020,All goods,9.0,0.0,0.0,India-UK CETA,29/2026-Customs
74198030,All goods,8.0,0.0,0.0,India-UK CETA,29/2026-Customs
74198040,All goods,9.0,0.0,0.0,India-UK CETA,29/2026-Customs
74198050,All goods,0.0,0.0,0.0,India-UK CETA,29/2026-Customs
74198090,All goods,8.0,0.0,0.0,India-UK CETA,29/2026-Customs
75011000,All goods,0.0,0.0,0.0,India-UK CETA,29/2026-Customs
75012000,All goods,0.0,0.0,0.0,India-UK CETA,29/2026-Customs
75021000,All goods,0.0,0.0,0.0,India-UK CETA,29/2026-Customs
75022010,All goods,0.0,0.0,0.0,India-UK CETA,29/2026-Customs
75022020,All goods,0.0,0.0,0.0,India-UK CETA,29/2026-Customs
75022030,All goods,0.0,0.0,0.0,India-UK CETA,29/2026-Customs
75022040,All goods,0.0,0.0,0.0,India-UK CETA,29/2026-Customs
75022090,All goods,0.0,0.0,0.0,India-UK CETA,29/2026-Customs
75030010,All goods,0.0,0.0,0.0,India-UK CETA,29/2026-Customs
75030090,All goods,0.0,0.0,0.0,India-UK CETA,29/2026-Customs
75040000,All goods,0.0,0.0,0.0,India-UK CETA,29/2026-Customs
75051110,All goods,0.0,0.0,0.0,India-UK CETA,29/2026-Customs
75051120,All goods,0.0,0.0,0.0,India-UK CETA,29/2026-Customs
75051210,All goods,0.0,0.0,0.0,India-UK CETA,29/2026-Customs
75051220,All goods,0.0,0.0,0.0,India-UK CETA,29/2026-Customs
75052100,All goods,0.0,0.0,0.0,India-UK CETA,29/2026-Customs
75052200,All goods,0.0,0.0,0.0,India-UK CETA,29/2026-Customs
75061000,All goods,0.0,0.0,0.0,India-UK CETA,29/2026-Customs
75062000,All goods,0.0,0.0,0.0,India-UK CETA,29/2026-Customs
75071100,All goods,0.0,0.0,0.0,India-UK CETA,29/2026-Customs
75071200,All goods,0.0,0.0,0.0,India-UK CETA,29/2026-Customs
75072000,All goods,0.0,0.0,0.0,India-UK CETA,29/2026-Customs
75081000,All goods,0.0,0.0,0.0,India-UK CETA,29/2026-Customs
75089010,All goods,0.0,0.0,0.0,India-UK CETA,29/2026-Customs
75089020,All goods,0.0,0.0,0.0,India-UK CETA,29/2026-Customs
75089030,All goods,0.0,0.0,0.0,India-UK CETA,29/2026-Customs
75089090,All goods,0.0,0.0,0.0,India-UK CETA,29/2026-Customs
76011010,All goods,4.6,0.0,0.0,India-UK CETA,29/2026-Customs
76011020,All goods,6.8,0.0,0.0,India-UK CETA,29/2026-Customs
76011030,All goods,6.8,0.0,0.0,India-UK CETA,29/2026-Customs
76011040,All goods,4.6,0.0,0.0,India-UK CETA,29/2026-Customs
76011090,All goods,6.8,0.0,0.0,India-UK CETA,29/2026-Customs
76012010,All goods,4.6,0.0,0.0,India-UK CETA,29/2026-Customs
76012020,All goods,4.6,0.0,0.0,India-UK CETA,29/2026-Customs
76012030,All goods,4.6,0.0,0.0,India-UK CETA,29/2026-Customs
76012040,All goods,4.6,0.0,0.0,India-UK CETA,29/2026-Customs
76012090,All goods,4.6,0.0,0.0,India-UK CETA,29/2026-Customs
76031010,All goods,6.0,0.0,0.0,India-UK CETA,29/2026-Customs
76031090,All goods,4.6,0.0,0.0,India-UK CETA,29/2026-Customs
76032000,All goods,4.6,0.0,0.0,India-UK CETA,29/2026-Customs
76041010,All goods,4.6,0.0,0.0,India-UK CETA,29/2026-Customs
76041020,All goods,4.6,0.0,0.0,India-UK CETA,29/2026-Customs
76041031,All goods,6.0,0.0,0.0,India-UK CETA,29/2026-Customs
76041039,All goods,4.6,0.0,0.0,India-UK CETA,29/2026-Customs
76042100,All goods,4.6,0.0,0.0,India-UK CETA,29/2026-Customs
76042910,All goods,4.6,0.0,0.0,India-UK CETA,29/2026-Customs
76042920,All goods,6.0,0.0,0.0,India-UK CETA,29/2026-Customs
76042930,All goods,4.6,0.0,0.0,India-UK CETA,29/2026-Customs
76042990,All goods,4.6,0.0,0.0,India-UK CETA,29/2026-Customs
76051100,All goods,4.6,0.0,0.0,India-UK CETA,29/2026-Customs
76051910,All goods,0.0,0.0,0.0,India-UK CETA,29/2026-Customs
76051991,All goods,0.0,0.0,0.0,India-UK CETA,29/2026-Customs
76051999,All goods,4.6,0.0,0.0,India-UK CETA,29/2026-Customs
76052100,All goods,4.6,0.0,0.0,India-UK CETA,29/2026-Customs
76052910,All goods,0.0,0.0,0.0,India-UK CETA,29/2026-Customs
76052990,All goods,4.6,0.0,0.0,India-UK CETA,29/2026-Customs
76061110,All goods,6.0,0.0,0.0,India-UK CETA,29/2026-Customs
76061190,All goods,4.6,0.0,0.0,India-UK CETA,29/2026-Customs
76061200,All goods,4.6,0.0,0.0,India-UK CETA,29/2026-Customs
76069110,All goods,4.6,0.0,0.0,India-UK CETA,29/2026-Customs
76069120,All goods,0.0,0.0,0.0,India-UK CETA,29/2026-Customs
76069190,All goods,0.0,0.0,0.0,India-UK CETA,29/2026-Customs
76069210,All goods,4.6,0.0,0.0,India-UK CETA,29/2026-Customs
76069290,All goods,4.6,0.0,0.0,India-UK CETA,29/2026-Customs
76071110,All goods,6.0,0.0,0.0,India-UK CETA,29/2026-Customs
76071190,All goods,6.0,0.0,0.0,India-UK CETA,29/2026-Customs
76071910,All goods,0.0,0.0,0.0,India-UK CETA,29/2026-Customs
76071991,All goods,4.6,0.0,0.0,India-UK CETA,29/2026-Customs
76071992,All goods,0.0,0.0,0.0,India-UK CETA,29/2026-Customs
76071993,All goods,4.6,0.0,0.0,India-UK CETA,29/2026-Customs
76071994,All goods,4.6,0.0,0.0,India-UK CETA,29/2026-Customs
76071995,All goods,4.6,0.0,0.0,India-UK CETA,29/2026-Customs
76071999,All goods,4.6,0.0,0.0,India-UK CETA,29/2026-Customs
76072010,All goods,4.6,0.0,0.0,India-UK CETA,29/2026-Customs
76072090,All goods,4.6,0.0,0.0,India-UK CETA,29/2026-Customs
76081000,All goods,0.0,0.0,0.0,India-UK CETA,29/2026-Customs
76082000,All goods,4.6,0.0,0.0,India-UK CETA,29/2026-Customs
76090000,All goods,8.9,0.0,0.0,India-UK CETA,29/2026-Customs
76101000,All goods,9.0,0.0,0.0,India-UK CETA,29/2026-Customs
76109010,All goods,8.9,0.0,0.0,India-UK CETA,29/2026-Customs
76109021,All goods,9.0,0.0,0.0,India-UK CETA,29/2026-Customs
76109029,All goods,9.0,0.0,0.0,India-UK CETA,29/2026-Customs
76109030,All goods,8.9,0.0,0.0,India-UK CETA,29/2026-Customs
76109090,All goods,8.9,0.0,0.0,India-UK CETA,29/2026-Customs
76110000,All goods,0.0,0.0,0.0,India-UK CETA,29/2026-Customs
76121010,All goods,0.0,0.0,0.0,India-UK CETA,29/2026-Customs
76121020,All goods,0.0,0.0,0.0,India-UK CETA,29/2026-Customs
76121030,All goods,4.6,0.0,0.0,India-UK CETA,29/2026-Customs
76121090,All goods,8.9,0.0,0.0,India-UK CETA,29/2026-Customs
76129010,All goods,8.9,0.0,0.0,India-UK CETA,29/2026-Customs
76129020,All goods,8.9,0.0,0.0,India-UK CETA,29/2026-Customs
76129030,All goods,8.9,0.0,0.0,India-UK CETA,29/2026-Customs
76129090,All goods,4.6,0.0,0.0,India-UK CETA,29/2026-Customs
76130011,All goods,0.0,0.0,0.0,India-UK CETA,29/2026-Customs
76130012,All goods,0.0,0.0,0.0,India-UK CETA,29/2026-Customs
76130013,All goods,0.0,0.0,0.0,India-UK CETA,29/2026-Customs
76130019,All goods,0.0,0.0,0.0,India-UK CETA,29/2026-Customs
76130021,All goods,0.0,0.0,0.0,India-UK CETA,29/2026-Customs
76130022,All goods,0.0,0.0,0.0,India-UK CETA,29/2026-Customs
76130023,All goods,0.0,0.0,0.0,India-UK CETA,29/2026-Customs
76130029,All goods,0.0,0.0,0.0,India-UK CETA,29/2026-Customs
76130091,All goods,0.0,0.0,0.0,India-UK CETA,29/2026-Customs
76130092,All goods,0.0,0.0,0.0,India-UK CETA,29/2026-Customs
76130093,All goods,0.0,0.0,0.0,India-UK CETA,29/2026-Customs
76130099,All goods,0.0,0.0,0.0,India-UK CETA,29/2026-Customs
76141000,All goods,8.9,0.0,0.0,India-UK CETA,29/2026-Customs
76149000,All goods,8.9,0.0,0.0,India-UK CETA,29/2026-Customs
76151011,All goods,10.0,0.0,0.0,India-UK CETA,29/2026-Customs
76151012,All goods,10.0,0.0,0.0,India-UK CETA,29/2026-Customs
76151021,All goods,10.0,0.0,0.0,India-UK CETA,29/2026-Customs
76151029,All goods,10.0,0.0,0.0,India-UK CETA,29/2026-Customs
76151030,All goods,10.0,0.0,0.0,India-UK CETA,29/2026-Customs
76151040,All goods,10.0,0.0,0.0,India-UK CETA,29/2026-Customs
76151090,All goods,10.0,0.0,0.0,India-UK CETA,29/2026-Customs
76152010,All goods,8.0,0.0,0.0,India-UK CETA,29/2026-Customs
76152020,All goods,8.0,0.0,0.0,India-UK CETA,29/2026-Customs
76152090,All goods,8.0,0.0,0.0,India-UK CETA,29/2026-Customs
76161000,All goods,9.0,0.0,0.0,India-UK CETA,29/2026-Customs
76169100,All goods,9.0,0.0,0.0,India-UK CETA,29/2026-Customs
76169910,All goods,9.0,0.0,0.0,India-UK CETA,29/2026-Customs
76169920,All goods,9.0,0.0,0.0,India-UK CETA,29/2026-Customs
76169930,All goods,9.0,0.0,0.0,India-UK CETA,29/2026-Customs
76169990,All goods,8.9,0.0,0.0,India-UK CETA,29/2026-Customs
78011000,All goods,4.0,0.0,0.0,India-UK CETA,29/2026-Customs
78019100,All goods,4.0,0.0,0.0,India-UK CETA,29/2026-Customs
78019910,All goods,0.0,0.0,0.0,India-UK CETA,29/2026-Customs
78019920,All goods,4.0,0.0,0.0,India-UK CETA,29/2026-Customs
78019930,All goods,4.0,0.0,0.0,India-UK CETA,29/2026-Customs
78019990,All goods,4.0,0.0,0.0,India-UK CETA,29/2026-Customs
78020010,All goods,0.0,0.0,0.0,India-UK CETA,29/2026-Customs
78020090,All goods,0.0,0.0,0.0,India-UK CETA,29/2026-Customs
78041110,All goods,0.0,0.0,0.0,India-UK CETA,29/2026-Customs
78041120,All goods,0.0,0.0,0.0,India-UK CETA,29/2026-Customs
78041910,All goods,0.0,0.0,0.0,India-UK CETA,29/2026-Customs
78041990,All goods,0.0,0.0,0.0,India-UK CETA,29/2026-Customs
78042000,All goods,0.0,0.0,0.0,India-UK CETA,29/2026-Customs
78060010,All goods,0.0,0.0,0.0,India-UK CETA,29/2026-Customs
78060020,All goods,0.0,0.0,0.0,India-UK CETA,29/2026-Customs
78060030,All goods,0.0,0.0,0.0,India-UK CETA,29/2026-Customs
78060090,All goods,0.0,0.0,0.0,India-UK CETA,29/2026-Customs
79011100,All goods,0.0,0.0,0.0,India-UK CETA,29/2026-Customs
79011200,All goods,0.0,0.0,0.0,India-UK CETA,29/2026-Customs
79012010,All goods,6.0,0.0,0.0,India-UK CETA,29/2026-Customs
79012090,All goods,0.0,0.0,0.0,India-UK CETA,29/2026-Customs
79020010,All goods,0.0,0.0,0.0,India-UK CETA,29/2026-Customs
79020090,All goods,0.0,0.0,0.0,India-UK CETA,29/2026-Customs
79031000,All goods,0.0,0.0,0.0,India-UK CETA,29/2026-Customs
79039000,All goods,0.0,0.0,0.0,India-UK CETA,29/2026-Customs
79040011,All goods,0.0,0.0,0.0,India-UK CETA,29/2026-Customs
79040012,All goods,0.0,0.0,0.0,India-UK CETA,29/2026-Customs
79040019,All goods,0.0,0.0,0.0,India-UK CETA,29/2026-Customs
79040021,All goods,0.0,0.0,0.0,India-UK CETA,29/2026-Customs
79040022,All goods,0.0,0.0,0.0,India-UK CETA,29/2026-Customs
79040029,All goods,0.0,0.0,0.0,India-UK CETA,29/2026-Customs
79040030,All goods,0.0,0.0,0.0,India-UK CETA,29/2026-Customs
79050010,All goods,0.0,0.0,0.0,India-UK CETA,29/2026-Customs
79050020,All goods,0.0,0.0,0.0,India-UK CETA,29/2026-Customs
79050030,All goods,0.0,0.0,0.0,India-UK CETA,29/2026-Customs
79050040,All goods,0.0,0.0,0.0,India-UK CETA,29/2026-Customs
79070010,All goods,0.0,0.0,0.0,India-UK CETA,29/2026-Customs
79070090,All goods,0.0,0.0,0.0,India-UK CETA,29/2026-Customs
80011010,All goods,0.0,0.0,0.0,India-UK CETA,29/2026-Customs
80011090,All goods,0.0,0.0,0.0,India-UK CETA,29/2026-Customs
80012000,All goods,0.0,0.0,0.0,India-UK CETA,29/2026-Customs
80020010,All goods,0.0,0.0,0.0,India-UK CETA,29/2026-Customs
80020090,All goods,0.0,0.0,0.0,India-UK CETA,29/2026-Customs
80030010,All goods,0.0,0.0,0.0,India-UK CETA,29/2026-Customs
80030020,All goods,0.0,0.0,0.0,India-UK CETA,29/2026-Customs
80030030,All goods,0.0,0.0,0.0,India-UK CETA,29/2026-Customs
80030040,All goods,0.0,0.0,0.0,India-UK CETA,29/2026-Customs
80070010,All goods,0.0,0.0,0.0,India-UK CETA,29/2026-Customs
80070090,All goods,0.0,0.0,0.0,India-UK CETA,29/2026-Customs
81011000,All goods,0.0,0.0,0.0,India-UK CETA,29/2026-Customs
81019400,All goods,0.0,0.0,0.0,India-UK CETA,29/2026-Customs
81019600,All goods,0.0,0.0,0.0,India-UK CETA,29/2026-Customs
81019700,All goods,0.0,0.0,0.0,India-UK CETA,29/2026-Customs
81019910,All goods,0.0,0.0,0.0,India-UK CETA,29/2026-Customs
81019920,All goods,0.0,0.0,0.0,India-UK CETA,29/2026-Customs
81019990,"Tungsten (wolfram) bars and rods, other than those obtained simply by sintering, profiles, plates, sheets, strip and foil",0.0,0.0,0.0,India-UK CETA,29/2026-Customs
81019990,"Tungsten (wolfram) bars and rods obtained simply by sintering, profiles, plates, sheets, strip and foil",0.0,0.0,0.0,India-UK CETA,29/2026-Customs
81021000,All goods,0.0,0.0,0.0,India-UK CETA,29/2026-Customs
81029400,All goods,0.0,0.0,0.0,India-UK CETA,29/2026-Customs
81029510,All goods,0.0,0.0,0.0,India-UK CETA,29/2026-Customs
81029590,All goods,0.0,0.0,0.0,India-UK CETA,29/2026-Customs
81029600,All goods,0.0,0.0,0.0,India-UK CETA,29/2026-Customs
81029700,All goods,0.0,0.0,0.0,India-UK CETA,29/2026-Customs
81029900,All goods,0.0,0.0,0.0,India-UK CETA,29/2026-Customs
81032010,All goods,0.0,0.0,0.0,India-UK CETA,29/2026-Customs
81032090,All goods,0.0,0.0,0.0,India-UK CETA,29/2026-Customs
81033000,All goods,0.0,0.0,0.0,India-UK CETA,29/2026-Customs
81039100,All goods,0.0,0.0,0.0,India-UK CETA,29/2026-Customs
81039900,All goods,0.0,0.0,0.0,India-UK CETA,29/2026-Customs
81041100,All goods,0.0,0.0,0.0,India-UK CETA,29/2026-Customs
81041900,All goods,0.0,0.0,0.0,India-UK CETA,29/2026-Customs
81042010,All goods,0.0,0.0,0.0,India-UK CETA,29/2026-Customs
81042090,All goods,0.0,0.0,0.0,India-UK CETA,29/2026-Customs
81043010,All goods,0.0,0.0,0.0,India-UK CETA,29/2026-Customs
81043020,All goods,0.0,0.0,0.0,India-UK CETA,29/2026-Customs
81049010,All goods,0.0,0.0,0.0,India-UK CETA,29/2026-Customs
81049020,All goods,0.0,0.0,0.0,India-UK CETA,29/2026-Customs
81049030,All goods,0.0,0.0,0.0,India-UK CETA,29/2026-Customs
81049090,All goods,0.0,0.0,0.0,India-UK CETA,29/2026-Customs
81052010,All goods,0.0,0.0,0.0,India-UK CETA,29/2026-Customs
81052020,All goods,0.0,0.0,0.0,India-UK CETA,29/2026-Customs
81052030,All goods,0.0,0.0,0.0,India-UK CETA,29/2026-Customs
81053000,All goods,0.0,0.0,0.0,India-UK CETA,29/2026-Customs
81059000,All goods,0.0,0.0,0.0,India-UK CETA,29/2026-Customs
81061010,All goods,0.0,0.0,0.0,India-UK CETA,29/2026-Customs
81061020,All goods,0.0,0.0,0.0,India-UK CETA,29/2026-Customs
81061090,All goods,0.0,0.0,0.0,India-UK CETA,29/2026-Customs
81069010,All goods,0.0,0.0,0.0,India-UK CETA,29/2026-Customs
81069090,All goods,0.0,0.0,0.0,India-UK CETA,29/2026-Customs
81082000,All goods,0.0,0.0,0.0,India-UK CETA,29/2026-Customs
81083000,All goods,0.0,0.0,0.0,India-UK CETA,29/2026-Customs
81089010,All goods,4.5,0.0,0.0,India-UK CETA,29/2026-Customs
81089090,All goods,9.0,0.0,0.0,India-UK CETA,29/2026-Customs
81092100,All goods,0.0,0.0,0.0,India-UK CETA,29/2026-Customs
81092900,All goods,0.0,0.0,0.0,India-UK CETA,29/2026-Customs
81093100,All goods,0.0,0.0,0.0,India-UK CETA,29/2026-Customs
81093900,All goods,0.0,0.0,0.0,India-UK CETA,29/2026-Customs
81099100,All goods,0.0,0.0,0.0,India-UK CETA,29/2026-Customs
81099900,All goods,0.0,0.0,0.0,India-UK CETA,29/2026-Customs
81101000,All goods,0.0,0.0,0.0,India-UK CETA,29/2026-Customs
81102000,All goods,0.0,0.0,0.0,India-UK CETA,29/2026-Customs
81109000,All goods,0.0,0.0,0.0,India-UK CETA,29/2026-Customs
81110010,All goods,0.0,0.0,0.0,India-UK CETA,29/2026-Customs
81110020,All goods,0.0,0.0,0.0,India-UK CETA,29/2026-Customs
81110030,All goods,0.0,0.0,0.0,India-UK CETA,29/2026-Customs
81110090,All goods,0.0,0.0,0.0,India-UK CETA,29/2026-Customs
81121200,All goods,0.0,0.0,0.0,India-UK CETA,29/2026-Customs
81121300,All goods,0.0,0.0,0.0,India-UK CETA,29/2026-Customs
81121900,All goods,0.0,0.0,0.0,India-UK CETA,29/2026-Customs
81122100,All goods,4.0,0.0,0.0,India-UK CETA,29/2026-Customs
81122200,All goods,0.0,0.0,0.0,India-UK CETA,29/2026-Customs
81122900,All goods,0.0,0.0,0.0,India-UK CETA,29/2026-Customs
81123110,All goods,0.0,0.0,0.0,India-UK CETA,29/2026-Customs
81123120,All goods,0.0,0.0,0.0,India-UK CETA,29/2026-Customs
81123130,All goods,0.0,0.0,0.0,India-UK CETA,29/2026-Customs
81123900,All goods,0.0,0.0,0.0,India-UK CETA,29/2026-Customs
81124110,All goods,0.0,0.0,0.0,India-UK CETA,29/2026-Customs
81124120,All goods,0.0,0.0,0.0,India-UK CETA,29/2026-Customs
81124130,All goods,0.0,0.0,0.0,India-UK CETA,29/2026-Customs
81124900,All goods,0.0,0.0,0.0,India-UK CETA,29/2026-Customs
81125100,All goods,0.0,0.0,0.0,India-UK CETA,29/2026-Customs
81125200,All goods,0.0,0.0,0.0,India-UK CETA,29/2026-Customs
81125900,All goods,0.0,0.0,0.0,India-UK CETA,29/2026-Customs
81126100,All goods,0.0,0.0,0.0,India-UK CETA,29/2026-Customs
81126910,All goods,0.0,0.0,0.0,India-UK CETA,29/2026-Customs
81126920,All goods,0.0,0.0,0.0,India-UK CETA,29/2026-Customs
81126990,All goods,0.0,0.0,0.0,India-UK CETA,29/2026-Customs
81129200,All goods,0.0,0.0,0.0,India-UK CETA,29/2026-Customs
81129900,All goods,0.0,0.0,0.0,India-UK CETA,29/2026-Customs
81130010,All goods,0.0,0.0,0.0,India-UK CETA,29/2026-Customs
81130020,All goods,0.0,0.0,0.0,India-UK CETA,29/2026-Customs
81130030,All goods,0.0,0.0,0.0,India-UK CETA,29/2026-Customs
81130090,All goods,0.0,0.0,0.0,India-UK CETA,29/2026-Customs
82011000,All goods,0.0,0.0,0.0,India-UK CETA,29/2026-Customs
82013000,All goods,0.0,0.0,0.0,India-UK CETA,29/2026-Customs
82014000,All goods,0.0,0.0,0.0,India-UK CETA,29/2026-Customs
82015000,All goods,8.0,0.0,0.0,India-UK CETA,29/2026-Customs
82016000,All goods,0.0,0.0,0.0,India-UK CETA,29/2026-Customs
82019000,All goods,0.0,0.0,0.0,India-UK CETA,29/2026-Customs
82021010,All goods,8.0,0.0,0.0,India-UK CETA,29/2026-Customs
82021020,All goods,8.0,0.0,0.0,India-UK CETA,29/2026-Customs
82021090,All goods,8.0,0.0,0.0,India-UK CETA,29/2026-Customs
82022000,All goods,8.0,0.0,0.0,India-UK CETA,29/2026-Customs
82023100,All goods,8.0,0.0,0.0,India-UK CETA,29/2026-Customs
82023900,All goods,8.0,0.0,0.0,India-UK CETA,29/2026-Customs
82024000,All goods,0.0,0.0,0.0,India-UK CETA,29/2026-Customs
82029110,All goods,0.0,0.0,0.0,India-UK CETA,29/2026-Customs
82029120,All goods,8.0,0.0,0.0,India-UK CETA,29/2026-Customs
82029910,All goods,0.0,0.0,0.0,India-UK CETA,29/2026-Customs
82029990,All goods,8.0,0.0,0.0,India-UK CETA,29/2026-Customs
82031000,All goods,8.0,0.0,0.0,India-UK CETA,29/2026-Customs
82032000,All goods,8.0,0.0,0.0,India-UK CETA,29/2026-Customs
82033000,All goods,8.0,0.0,0.0,India-UK CETA,29/2026-Customs
82034010,All goods,8.0,0.0,0.0,India-UK CETA,29/2026-Customs
82034090,All goods,8.0,0.0,0.0,India-UK CETA,29/2026-Customs
82041110,All goods,8.0,0.0,0.0,India-UK CETA,29/2026-Customs
82041120,All goods,8.0,0.0,0.0,India-UK CETA,29/2026-Customs
82041210,All goods,0.0,0.0,0.0,India-UK CETA,29/2026-Customs
82041220,All goods,0.0,0.0,0.0,India-UK CETA,29/2026-Customs
82042000,All goods,0.0,0.0,0.0,India-UK CETA,29/2026-Customs
82051000,All goods,8.0,0.0,0.0,India-UK CETA,29/2026-Customs
82052000,All goods,8.0,0.0,0.0,India-UK CETA,29/2026-Customs
82053000,All goods,9.0,0.0,0.0,India-UK CETA,29/2026-Customs
82054000,All goods,8.0,0.0,0.0,India-UK CETA,29/2026-Customs
82055110,All goods,0.0,0.0,0.0,India-UK CETA,29/2026-Customs
82055190,All goods,0.0,0.0,0.0,India-UK CETA,29/2026-Customs
82055910,All goods,9.0,0.0,0.0,India-UK CETA,29/2026-Customs
82055920,All goods,9.0,0.0,0.0,India-UK CETA,29/2026-Customs
82055930,All goods,9.0,0.0,0.0,India-UK CETA,29/2026-Customs
82055940,All goods,0.0,0.0,0.0,India-UK CETA,29/2026-Customs
82055990,All goods,9.0,0.0,0.0,India-UK CETA,29/2026-Customs
82056000,All goods,0.0,0.0,0.0,India-UK CETA,29/2026-Customs
82057000,All goods,9.0,0.0,0.0,India-UK CETA,29/2026-Customs
82059010,All goods,0.0,0.0,0.0,India-UK CETA,29/2026-Customs
82059020,All goods,0.0,0.0,0.0,India-UK CETA,29/2026-Customs
82059030,All goods,0.0,0.0,0.0,India-UK CETA,29/2026-Customs
82059090,All goods,0.0,0.0,0.0,India-UK CETA,29/2026-Customs
82060010,All goods,0.0,0.0,0.0,India-UK CETA,29/2026-Customs
82060090,All goods,0.0,0.0,0.0,India-UK CETA,29/2026-Customs
82071300,All goods,8.0,0.0,0.0,India-UK CETA,29/2026-Customs
82071900,All goods,8.0,0.0,0.0,India-UK CETA,29/2026-Customs
82072000,All goods,9.0,0.0,0.0,India-UK CETA,29/2026-Customs
82073000,All goods,0.0,0.0,0.0,India-UK CETA,29/2026-Customs
82074010,All goods,8.0,0.0,0.0,India-UK CETA,29/2026-Customs
82074090,All goods,8.0,0.0,0.0,India-UK CETA,29/2026-Customs
82075000,All goods,9.0,0.0,0.0,India-UK CETA,29/2026-Customs
82076010,All goods,8.0,0.0,0.0,India-UK CETA,29/2026-Customs
82076090,All goods,8.0,0.0,0.0,India-UK CETA,29/2026-Customs
82077010,All goods,9.0,0.0,0.0,India-UK CETA,29/2026-Customs
82077090,All goods,9.0,0.0,0.0,India-UK CETA,29/2026-Customs
82078000,All goods,8.0,0.0,0.0,India-UK CETA,29/2026-Customs
82079010,All goods,9.0,0.0,0.0,India-UK CETA,29/2026-Customs
82079020,All goods,8.0,0.0,0.0,India-UK CETA,29/2026-Customs
82079030,All goods,8.0,0.0,0.0,India-UK CETA,29/2026-Customs
82079090,All goods,8.0,0.0,0.0,India-UK CETA,29/2026-Customs
82081000,All goods,0.0,0.0,0.0,India-UK CETA,29/2026-Customs
82082000,All goods,0.0,0.0,0.0,India-UK CETA,29/2026-Customs
82083000,All goods,8.0,0.0,0.0,India-UK CETA,29/2026-Customs
82084000,All goods,0.0,0.0,0.0,India-UK CETA,29/2026-Customs
82089010,All goods,8.0,0.0,0.0,India-UK CETA,29/2026-Customs
82089020,All goods,8.0,0.0,0.0,India-UK CETA,29/2026-Customs
82089030,All goods,8.0,0.0,0.0,India-UK CETA,29/2026-Customs
82089040,All goods,8.0,0.0,0.0,India-UK CETA,29/2026-Customs
82089090,All goods,9.0,0.0,0.0,India-UK CETA,29/2026-Customs
82090010,All goods,9.0,0.0,0.0,India-UK CETA,29/2026-Customs
82090090,All goods,9.0,0.0,0.0,India-UK CETA,29/2026-Customs
82100000,All goods,8.0,0.0,0.0,India-UK CETA,29/2026-Customs
82111000,All goods,0.0,0.0,0.0,India-UK CETA,29/2026-Customs
82119100,All goods,0.0,0.0,0.0,India-UK CETA,29/2026-Customs
82119200,All goods,8.0,0.0,0.0,India-UK CETA,29/2026-Customs
82119310,All goods,0.0,0.0,0.0,India-UK CETA,29/2026-Customs
82119390,All goods,0.0,0.0,0.0,India-UK CETA,29/2026-Customs
82119400,All goods,0.0,0.0,0.0,India-UK CETA,29/2026-Customs
82119500,All goods,0.0,0.0,0.0,India-UK CETA,29/2026-Customs
82121010,All goods,8.0,0.0,0.0,India-UK CETA,29/2026-Customs
82121090,All goods,8.0,0.0,0.0,India-UK CETA,29/2026-Customs
82122011,All goods,8.0,0.0,0.0,India-UK CETA,29/2026-Customs
82122019,All goods,8.0,0.0,0.0,India-UK CETA,29/2026-Customs
82122020,All goods,8.0,0.0,0.0,India-UK CETA,29/2026-Customs
82129000,All goods,0.0,0.0,0.0,India-UK CETA,29/2026-Customs
82130000,All goods,0.0,0.0,0.0,India-UK CETA,29/2026-Customs
82141010,All goods,0.0,0.0,0.0,India-UK CETA,29/2026-Customs
82141090,All goods,0.0,0.0,0.0,India-UK CETA,29/2026-Customs
82142010,All goods,0.0,0.0,0.0,India-UK CETA,29/2026-Customs
82142090,All goods,0.0,0.0,0.0,India-UK CETA,29/2026-Customs
82149010,All goods,0.0,0.0,0.0,India-UK CETA,29/2026-Customs
82149090,All goods,0.0,0.0,0.0,India-UK CETA,29/2026-Customs
82151000,All goods,8.0,0.0,0.0,India-UK CETA,29/2026-Customs
82152000,All goods,0.0,0.0,0.0,India-UK CETA,29/2026-Customs
82159100,All goods,8.0,0.0,0.0,India-UK CETA,29/2026-Customs
82159900,All goods,8.0,0.0,0.0,India-UK CETA,29/2026-Customs
83011000,All goods,0.0,0.0,0.0,India-UK CETA,29/2026-Customs
83012000,All goods,13.6,0.0,0.0,India-UK CETA,29/2026-Customs
83013000,All goods,0.0,0.0,0.0,India-UK CETA,29/2026-Customs
83014010,All goods,16.0,0.0,0.0,India-UK CETA,29/2026-Customs
83014090,All goods,18.0,0.0,0.0,India-UK CETA,29/2026-Customs
83015000,All goods,16.0,0.0,0.0,India-UK CETA,29/2026-Customs
83016000,All goods,16.0,0.0,0.0,India-UK CETA,29/2026-Customs
83017000,All goods,16.0,0.0,0.0,India-UK CETA,29/2026-Customs
83021010,All goods,13.6,0.0,0.0,India-UK CETA,29/2026-Customs
83021020,All goods,13.6,0.0,0.0,India-UK CETA,29/2026-Customs
83021090,All goods,13.6,0.0,0.0,India-UK CETA,29/2026-Customs
83022000,All goods,12.0,0.0,0.0,India-UK CETA,29/2026-Customs
83023010,All goods,0.0,0.0,0.0,India-UK CETA,29/2026-Customs
83023090,All goods,0.0,0.0,0.0,India-UK CETA,29/2026-Customs
83024110,All goods,13.6,0.0,0.0,India-UK CETA,29/2026-Customs
83024120,All goods,12.0,0.0,0.0,India-UK CETA,29/2026-Customs
83024190,All goods,13.6,0.0,0.0,India-UK CETA,29/2026-Customs
83024200,All goods,13.6,0.0,0.0,India-UK CETA,29/2026-Customs
83024900,All goods,12.0,0.0,0.0,India-UK CETA,29/2026-Customs
83025000,All goods,12.0,0.0,0.0,India-UK CETA,29/2026-Customs
83026000,All goods,12.0,0.0,0.0,India-UK CETA,29/2026-Customs
83030000,All goods,0.0,0.0,0.0,India-UK CETA,29/2026-Customs
83040000,All goods,16.0,0.0,0.0,India-UK CETA,29/2026-Customs
83051000,All goods,0.0,0.0,0.0,India-UK CETA,29/2026-Customs
83052000,All goods,16.0,0.0,0.0,India-UK CETA,29/2026-Customs
83059010,All goods,16.0,0.0,0.0,India-UK CETA,29/2026-Customs
83059020,All goods,16.0,0.0,0.0,India-UK CETA,29/2026-Customs
83059090,All goods,16.0,0.0,0.0,India-UK CETA,29/2026-Customs
83061000,All goods,16.0,0.0,0.0,India-UK CETA,29/2026-Customs
83062110,All goods,16.0,0.0,0.0,India-UK CETA,29/2026-Customs
83062120,All goods,16.0,0.0,0.0,India-UK CETA,29/2026-Customs
83062190,All goods,16.0,0.0,0.0,India-UK CETA,29/2026-Customs
83062910,All goods,16.0,0.0,0.0,India-UK CETA,29/2026-Customs
83062920,All goods,16.0,0.0,0.0,India-UK CETA,29/2026-Customs
83062990,All goods,16.0,0.0,0.0,India-UK CETA,29/2026-Customs
83063000,All goods,0.0,0.0,0.0,India-UK CETA,29/2026-Customs
83071000,All goods,9.0,0.0,0.0,India-UK CETA,29/2026-Customs
83079000,All goods,0.0,0.0,0.0,India-UK CETA,29/2026-Customs
83081010,All goods,0.0,0.0,0.0,India-UK CETA,29/2026-Customs
83081021,All goods,0.0,0.0,0.0,India-UK CETA,29/2026-Customs
83081029,All goods,0.0,0.0,0.0,India-UK CETA,29/2026-Customs
83082000,All goods,0.0,0.0,0.0,India-UK CETA,29/2026-Customs
83089011,All goods,0.0,0.0,0.0,India-UK CETA,29/2026-Customs
83089019,All goods,0.0,0.0,0.0,India-UK CETA,29/2026-Customs
83089020,All goods,0.0,0.0,0.0,India-UK CETA,29/2026-Customs
83089031,All goods,0.0,0.0,0.0,India-UK CETA,29/2026-Customs
83089039,All goods,0.0,0.0,0.0,India-UK CETA,29/2026-Customs
83089040,All goods,0.0,0.0,0.0,India-UK CETA,29/2026-Customs
83089091,All goods,0.0,0.0,0.0,India-UK CETA,29/2026-Customs
83089099,All goods,0.0,0.0,0.0,India-UK CETA,29/2026-Customs
83091000,All goods,0.0,0.0,0.0,India-UK CETA,29/2026-Customs
83099010,All goods,9.0,0.0,0.0,India-UK CETA,29/2026-Customs
83099020,All goods,9.0,0.0,0.0,India-UK CETA,29/2026-Customs
83099030,All goods,0.0,0.0,0.0,India-UK CETA,29/2026-Customs
83099090,All goods,9.0,0.0,0.0,India-UK CETA,29/2026-Customs
83100010,All goods,16.0,0.0,0.0,India-UK CETA,29/2026-Customs
83100090,All goods,0.0,0.0,0.0,India-UK CETA,29/2026-Customs
83111000,All goods,8.0,0.0,0.0,India-UK CETA,29/2026-Customs
83112000,All goods,0.0,0.0,0.0,India-UK CETA,29/2026-Customs
83113010,All goods,0.0,0.0,0.0,India-UK CETA,29/2026-Customs
83113090,All goods,8.0,0.0,0.0,India-UK CETA,29/2026-Customs
83119000,All goods,8.0,0.0,0.0,India-UK CETA,29/2026-Customs
84011000,All goods,0.0,0.0,0.0,India-UK CETA,29/2026-Customs
84012000,All goods,0.0,0.0,0.0,India-UK CETA,29/2026-Customs
84013000,All goods,0.0,0.0,0.0,India-UK CETA,29/2026-Customs
84014000,All goods,0.0,0.0,0.0,India-UK CETA,29/2026-Customs
84021100,All goods,0.0,0.0,0.0,India-UK CETA,29/2026-Customs
84021200,All goods,0.0,0.0,0.0,India-UK CETA,29/2026-Customs
84021910,All goods,0.0,0.0,0.0,India-UK CETA,29/2026-Customs
84021920,All goods,0.0,0.0,0.0,India-UK CETA,29/2026-Customs
84021990,All goods,0.0,0.0,0.0,India-UK CETA,29/2026-Customs
84022000,All goods,0.0,0.0,0.0,India-UK CETA,29/2026-Customs
84029010,All goods,0.0,0.0,0.0,India-UK CETA,29/2026-Customs
84029020,All goods,0.0,0.0,0.0,India-UK CETA,29/2026-Customs
84029090,All goods,0.0,0.0,0.0,India-UK CETA,29/2026-Customs
84031000,All goods,0.0,0.0,0.0,India-UK CETA,29/2026-Customs
84039000,All goods,0.0,0.0,0.0,India-UK CETA,29/2026-Customs
84041000,All goods,0.0,0.0,0.0,India-UK CETA,29/2026-Customs
84042000,All goods,0.0,0.0,0.0,India-UK CETA,29/2026-Customs
84049000,All goods,9.0,0.0,0.0,India-UK CETA,29/2026-Customs
84051010,All goods,0.0,0.0,0.0,India-UK CETA,29/2026-Customs
84051020,All goods,0.0,0.0,0.0,India-UK CETA,29/2026-Customs
84051090,All goods,0.0,0.0,0.0,India-UK CETA,29/2026-Customs
84059000,All goods,0.0,0.0,0.0,India-UK CETA,29/2026-Customs
84061000,All goods,0.0,0.0,0.0,India-UK CETA,29/2026-Customs
84068100,All goods,0.0,0.0,0.0,India-UK CETA,29/2026-Customs
84068200,All goods,0.0,0.0,0.0,India-UK CETA,29/2026-Customs
84069000,All goods,8.6,0.0,0.0,India-UK CETA,29/2026-Customs
84071000,All goods,2.0,0.0,0.0,India-UK CETA,29/2026-Customs
84072100,All goods,4.5,0.0,0.0,India-UK CETA,29/2026-Customs
84072900,All goods,13.6,0.0,0.0,India-UK CETA,29/2026-Customs
84073110,All goods,13.6,0.0,0.0,India-UK CETA,29/2026-Customs
84073190,All goods,13.6,0.0,0.0,India-UK CETA,29/2026-Customs
84073210,All goods,12.9,0.0,0.0,India-UK CETA,29/2026-Customs
84073290,All goods,12.9,0.0,0.0,India-UK CETA,29/2026-Customs
84073310,All goods,12.9,0.0,0.0,India-UK CETA,29/2026-Customs
84073320,All goods,12.9,0.0,0.0,India-UK CETA,29/2026-Customs
84073390,All goods,12.9,0.0,0.0,India-UK CETA,29/2026-Customs
84073410,All goods,13.6,0.0,0.0,India-UK CETA,29/2026-Customs
84073490,All goods,13.6,0.0,0.0,India-UK CETA,29/2026-Customs
84079010,All goods,13.6,0.0,0.0,India-UK CETA,29/2026-Customs
84079020,All goods,13.6,0.0,0.0,India-UK CETA,29/2026-Customs
84079090,All goods,13.6,0.0,0.0,India-UK CETA,29/2026-Customs
84081010,All goods,13.6,0.0,0.0,India-UK CETA,29/2026-Customs
84081091,All goods,13.6,0.0,0.0,India-UK CETA,29/2026-Customs
84081092,All goods,13.6,0.0,0.0,India-UK CETA,29/2026-Customs
84081093,All goods,13.6,0.0,0.0,India-UK CETA,29/2026-Customs
84082010,All goods,13.6,0.0,0.0,India-UK CETA,29/2026-Customs
84082020,All goods,13.6,0.0,0.0,India-UK CETA,29/2026-Customs
84089010,All goods,13.6,0.0,0.0,India-UK CETA,29/2026-Customs
84089090,All goods,13.6,0.0,0.0,India-UK CETA,29/2026-Customs
84091000,All goods,12.0,0.0,0.0,India-UK CETA,29/2026-Customs
84099111,All goods,13.6,0.0,0.0,India-UK CETA,29/2026-Customs
84099112,All goods,13.6,0.0,0.0,India-UK CETA,29/2026-Customs
84099113,All goods,13.6,0.0,0.0,India-UK CETA,29/2026-Customs
84099114,All goods,13.6,0.0,0.0,India-UK CETA,29/2026-Customs
84099120,All goods,13.6,0.0,0.0,India-UK CETA,29/2026-Customs
84099191,All goods,12.0,0.0,0.0,India-UK CETA,29/2026-Customs
84099192,All goods,13.6,0.0,0.0,India-UK CETA,29/2026-Customs
84099193,All goods,13.6,0.0,0.0,India-UK CETA,29/2026-Customs
84099194,All goods,13.6,0.0,0.0,India-UK CETA,29/2026-Customs
84099199,All goods,12.0,0.0,0.0,India-UK CETA,29/2026-Customs
84099911,All goods,13.6,0.0,0.0,India-UK CETA,29/2026-Customs
84099912,All goods,13.6,0.0,0.0,India-UK CETA,29/2026-Customs
84099913,All goods,13.6,0.0,0.0,India-UK CETA,29/2026-Customs
84099914,All goods,12.9,0.0,0.0,India-UK CETA,29/2026-Customs
84099920,All goods,13.6,0.0,0.0,India-UK CETA,29/2026-Customs
84099930,All goods,13.6,0.0,0.0,India-UK CETA,29/2026-Customs
84099941,All goods,13.6,0.0,0.0,India-UK CETA,29/2026-Customs
84099942,All goods,13.6,0.0,0.0,India-UK CETA,29/2026-Customs
84099949,All goods,12.0,0.0,0.0,India-UK CETA,29/2026-Customs
84099990,All goods,12.0,0.0,0.0,India-UK CETA,29/2026-Customs
84101100,All goods,0.0,0.0,0.0,India-UK CETA,29/2026-Customs
84101210,All goods,0.0,0.0,0.0,India-UK CETA,29/2026-Customs
84101220,All goods,0.0,0.0,0.0,India-UK CETA,29/2026-Customs
84101310,All goods,0.0,0.0,0.0,India-UK CETA,29/2026-Customs
84101320,All goods,0.0,0.0,0.0,India-UK CETA,29/2026-Customs
84101390,All goods,0.0,0.0,0.0,India-UK CETA,29/2026-Customs
84109000,All goods,0.0,0.0,0.0,India-UK CETA,29/2026-Customs
84111100,All goods,6.5,0.0,0.0,India-UK CETA,29/2026-Customs
84111200,All goods,6.5,0.0,0.0,India-UK CETA,29/2026-Customs
84112100,All goods,6.8,0.0,0.0,India-UK CETA,29/2026-Customs
84112200,All goods,6.0,0.0,0.0,India-UK CETA,29/2026-Customs
84118100,All goods,8.6,0.0,0.0,India-UK CETA,29/2026-Customs
84118210,All goods,9.0,0.0,0.0,India-UK CETA,29/2026-Customs
84118220,All goods,8.0,0.0,0.0,India-UK CETA,29/2026-Customs
84118230,All goods,9.0,0.0,0.0,India-UK CETA,29/2026-Customs
84118240,All goods,9.0,0.0,0.0,India-UK CETA,29/2026-Customs
84118250,All goods,9.0,0.0,0.0,India-UK CETA,29/2026-Customs
84118260,All goods,8.0,0.0,0.0,India-UK CETA,29/2026-Customs
84119100,All goods,6.0,0.0,0.0,India-UK CETA,29/2026-Customs
84119900,All goods,9.0,0.0,0.0,India-UK CETA,29/2026-Customs
84121000,All goods,0.0,0.0,0.0,India-UK CETA,29/2026-Customs
84122100,All goods,0.0,0.0,0.0,India-UK CETA,29/2026-Customs
84122910,All goods,0.0,0.0,0.0,India-UK CETA,29/2026-Customs
84122920,All goods,0.0,0.0,0.0,India-UK CETA,29/2026-Customs
84122990,All goods,0.0,0.0,0.0,India-UK CETA,29/2026-Customs
84123100,All goods,0.0,0.0,0.0,India-UK CETA,29/2026-Customs
84123900,All goods,0.0,0.0,0.0,India-UK CETA,29/2026-Customs
84128011,All goods,0.0,0.0,0.0,India-UK CETA,29/2026-Customs
84128019,All goods,0.0,0.0,0.0,India-UK CETA,29/2026-Customs
84128020,All goods,0.0,0.0,0.0,India-UK CETA,29/2026-Customs
84128030,All goods,0.0,0.0,0.0,India-UK CETA,29/2026-Customs
84128090,All goods,0.0,0.0,0.0,India-UK CETA,29/2026-Customs
84129010,All goods,0.0,0.0,0.0,India-UK CETA,29/2026-Customs
84129020,All goods,0.0,0.0,0.0,India-UK CETA,29/2026-Customs
84129030,All goods,0.0,0.0,0.0,India-UK CETA,29/2026-Customs
84129090,All goods,0.0,0.0,0.0,India-UK CETA,29/2026-Customs
84131110,All goods,9.0,0.0,0.0,India-UK CETA,29/2026-Customs
84131191,All goods,6.8,0.0,0.0,India-UK CETA,29/2026-Customs
84131199,All goods,0.0,0.0,0.0,India-UK CETA,29/2026-Customs
84131910,All goods,0.0,0.0,0.0,India-UK CETA,29/2026-Customs
84131990,All goods,0.0,0.0,0.0,India-UK CETA,29/2026-Customs
84132000,All goods,9.0,0.0,0.0,India-UK CETA,29/2026-Customs
84133010,All goods,6.8,0.0,0.0,India-UK CETA,29/2026-Customs
84133020,All goods,6.8,0.0,0.0,India-UK CETA,29/2026-Customs
84133030,All goods,6.8,0.0,0.0,India-UK CETA,29/2026-Customs
84133090,All goods,6.8,0.0,0.0,India-UK CETA,29/2026-Customs
84134000,All goods,6.0,0.0,0.0,India-UK CETA,29/2026-Customs
84135010,All goods,0.0,0.0,0.0,India-UK CETA,29/2026-Customs
84135021,All goods,0.0,0.0,0.0,India-UK CETA,29/2026-Customs
84135029,All goods,0.0,0.0,0.0,India-UK CETA,29/2026-Customs
84135090,All goods,6.0,0.0,0.0,India-UK CETA,29/2026-Customs
84136010,All goods,6.8,0.0,0.0,India-UK CETA,29/2026-Customs
84136020,All goods,6.8,0.0,0.0,India-UK CETA,29/2026-Customs
84136090,All goods,6.0,0.0,0.0,India-UK CETA,29/2026-Customs
84137010,All goods,6.8,0.0,0.0,India-UK CETA,29/2026-Customs
84137091,All goods,6.8,0.0,0.0,India-UK CETA,29/2026-Customs
84137092,All goods,0.0,0.0,0.0,India-UK CETA,29/2026-Customs
84137093,All goods,0.0,0.0,0.0,India-UK CETA,29/2026-Customs
84137094,All goods,0.0,0.0,0.0,India-UK CETA,29/2026-Customs
84137095,All goods,0.0,0.0,0.0,India-UK CETA,29/2026-Customs
84137096,All goods,6.8,0.0,0.0,India-UK CETA,29/2026-Customs
84137097,All goods,0.0,0.0,0.0,India-UK CETA,29/2026-Customs
84137099,All goods,0.0,0.0,0.0,India-UK CETA,29/2026-Customs
84138110,All goods,0.0,0.0,0.0,India-UK CETA,29/2026-Customs
84138120,All goods,0.0,0.0,0.0,India-UK CETA,29/2026-Customs
84138130,All goods,6.8,0.0,0.0,India-UK CETA,29/2026-Customs
84138190,All goods,6.0,0.0,0.0,India-UK CETA,29/2026-Customs
84138200,All goods,0.0,0.0,0.0,India-UK CETA,29/2026-Customs
84139110,All goods,6.8,0.0,0.0,India-UK CETA,29/2026-Customs
84139120,All goods,0.0,0.0,0.0,India-UK CETA,29/2026-Customs
84139130,All goods,6.8,0.0,0.0,India-UK CETA,29/2026-Customs
84139140,All goods,0.0,0.0,0.0,India-UK CETA,29/2026-Customs
84139190,All goods,6.0,0.0,0.0,India-UK CETA,29/2026-Customs
84139200,All goods,0.0,0.0,0.0,India-UK CETA,29/2026-Customs
84141010,All goods,6.0,0.0,0.0,India-UK CETA,29/2026-Customs
84141090,All goods,6.0,0.0,0.0,India-UK CETA,29/2026-Customs
84142010,All goods,0.0,0.0,0.0,India-UK CETA,29/2026-Customs
84142020,All goods,0.0,0.0,0.0,India-UK CETA,29/2026-Customs
84142090,All goods,0.0,0.0,0.0,India-UK CETA,29/2026-Customs
84143000,All goods,13.6,0.0,0.0,India-UK CETA,29/2026-Customs
84144010,All goods,0.0,0.0,0.0,India-UK CETA,29/2026-Customs
84144020,All goods,6.0,0.0,0.0,India-UK CETA,29/2026-Customs
84144030,All goods,6.0,0.0,0.0,India-UK CETA,29/2026-Customs
84144090,All goods,6.0,0.0,0.0,India-UK CETA,29/2026-Customs
84145110,All goods,16.0,0.0,0.0,India-UK CETA,29/2026-Customs
84145120,All goods,16.0,0.0,0.0,India-UK CETA,29/2026-Customs
84145130,All goods,16.0,0.0,0.0,India-UK CETA,29/2026-Customs
84145140,All goods,0.0,0.0,0.0,India-UK CETA,29/2026-Customs
84145150,All goods,18.0,0.0,0.0,India-UK CETA,29/2026-Customs
84145190,All goods,16.0,0.0,0.0,India-UK CETA,29/2026-Customs
84145910,All goods,8.0,0.0,0.0,India-UK CETA,29/2026-Customs
84145920,All goods,18.0,0.0,0.0,India-UK CETA,29/2026-Customs
84145930,All goods,9.0,0.0,0.0,India-UK CETA,29/2026-Customs
84145990,All goods,8.0,0.0,0.0,India-UK CETA,29/2026-Customs
84146000,All goods,6.0,0.0,0.0,India-UK CETA,29/2026-Customs
84147000,All goods,6.0,0.0,0.0,India-UK CETA,29/2026-Customs
84148011,All goods,13.6,0.0,0.0,India-UK CETA,29/2026-Customs
84148019,All goods,6.0,0.0,0.0,India-UK CETA,29/2026-Customs
84148020,All goods,6.0,0.0,0.0,India-UK CETA,29/2026-Customs
84148030,All goods,6.5,0.0,0.0,India-UK CETA,29/2026-Customs
84148090,All goods,6.8,0.0,0.0,India-UK CETA,29/2026-Customs
84149011,All goods,6.8,0.0,0.0,India-UK CETA,29/2026-Customs
84149012,All goods,0.0,0.0,0.0,India-UK CETA,29/2026-Customs
84149019,All goods,6.8,0.0,0.0,India-UK CETA,29/2026-Customs
84149020,All goods,0.0,0.0,0.0,India-UK CETA,29/2026-Customs
84149030,All goods,0.0,0.0,0.0,India-UK CETA,29/2026-Customs
84149040,All goods,6.0,0.0,0.0,India-UK CETA,29/2026-Customs
84149090,All goods,6.0,0.0,0.0,India-UK CETA,29/2026-Customs
84151010,All goods,18.0,0.0,0.0,India-UK CETA,29/2026-Customs
84151090,All goods,18.0,0.0,0.0,India-UK CETA,29/2026-Customs
84152010,All goods,18.0,0.0,0.0,India-UK CETA,29/2026-Customs
84152090,All goods,16.0,0.0,0.0,India-UK CETA,29/2026-Customs
84158110,All goods,16.0,0.0,0.0,India-UK CETA,29/2026-Customs
84158190,All goods,16.0,0.0,0.0,India-UK CETA,29/2026-Customs
84158210,All goods,16.0,0.0,0.0,India-UK CETA,29/2026-Customs
84158290,All goods,18.0,0.0,0.0,India-UK CETA,29/2026-Customs
84158310,All goods,16.0,0.0,0.0,India-UK CETA,29/2026-Customs
84158390,All goods,18.0,0.0,0.0,India-UK CETA,29/2026-Customs
84159010,All goods,18.0,0.0,0.0,India-UK CETA,29/2026-Customs
84159090,All goods,9.0,0.0,0.0,India-UK CETA,29/2026-Customs
84161000,All goods,0.0,0.0,0.0,India-UK CETA,29/2026-Customs
84162000,All goods,0.0,0.0,0.0,India-UK CETA,29/2026-Customs
84163000,All goods,0.0,0.0,0.0,India-UK CETA,29/2026-Customs
84169000,All goods,0.0,0.0,0.0,India-UK CETA,29/2026-Customs
84171000,All goods,0.0,0.0,0.0,India-UK CETA,29/2026-Customs
84172000,All goods,0.0,0.0,0.0,India-UK CETA,29/2026-Customs
84178010,All goods,0.0,0.0,0.0,India-UK CETA,29/2026-Customs
84178090,All goods,0.0,0.0,0.0,India-UK CETA,29/2026-Customs
84179000,All goods,0.0,0.0,0.0,India-UK CETA,29/2026-Customs
84181010,All goods,12.0,0.0,0.0,India-UK CETA,29/2026-Customs
84181090,All goods,18.0,0.0,0.0,India-UK CETA,29/2026-Customs
84182100,All goods,18.0,0.0,0.0,India-UK CETA,29/2026-Customs
84182900,All goods,16.0,0.0,0.0,India-UK CETA,29/2026-Customs
84183010,All goods,12.0,0.0,0.0,India-UK CETA,29/2026-Customs
84183090,All goods,12.0,0.0,0.0,India-UK CETA,29/2026-Customs
84184010,All goods,12.0,0.0,0.0,India-UK CETA,29/2026-Customs
84184090,All goods,12.0,0.0,0.0,India-UK CETA,29/2026-Customs
84185000,All goods,13.6,0.0,0.0,India-UK CETA,29/2026-Customs
84186100,All goods,12.0,0.0,0.0,India-UK CETA,29/2026-Customs
84186910,All goods,12.0,0.0,0.0,India-UK CETA,29/2026-Customs
84186920,All goods,12.0,0.0,0.0,India-UK CETA,29/2026-Customs
84186930,All goods,12.0,0.0,0.0,India-UK CETA,29/2026-Customs
84186940,All goods,12.0,0.0,0.0,India-UK CETA,29/2026-Customs
84186950,All goods,12.0,0.0,0.0,India-UK CETA,29/2026-Customs
84186990,All goods,12.0,0.0,0.0,India-UK CETA,29/2026-Customs
84189100,All goods,0.0,0.0,0.0,India-UK CETA,29/2026-Customs
84189900,All goods,6.8,0.0,0.0,India-UK CETA,29/2026-Customs
84191110,All goods,0.0,0.0,0.0,India-UK CETA,29/2026-Customs
84191190,All goods,0.0,0.0,0.0,India-UK CETA,29/2026-Customs
84191200,All goods,0.0,0.0,0.0,India-UK CETA,29/2026-Customs
84191910,All goods,0.0,0.0,0.0,India-UK CETA,29/2026-Customs
84191920,All goods,0.0,0.0,0.0,India-UK CETA,29/2026-Customs
84192010,All goods,0.0,0.0,0.0,India-UK CETA,29/2026-Customs
84192090,All goods,6.0,0.0,0.0,India-UK CETA,29/2026-Customs
84193300,All goods,0.0,0.0,0.0,India-UK CETA,29/2026-Customs
84193400,All goods,0.0,0.0,0.0,India-UK CETA,29/2026-Customs
84193500,All goods,6.0,0.0,0.0,India-UK CETA,29/2026-Customs
84193900,All goods,0.0,0.0,0.0,India-UK CETA,29/2026-Customs
84194010,All goods,6.0,0.0,0.0,India-UK CETA,29/2026-Customs
84194020,All goods,6.0,0.0,0.0,India-UK CETA,29/2026-Customs
84194090,All goods,6.0,0.0,0.0,India-UK CETA,29/2026-Customs
84195011,All goods,6.8,0.0,0.0,India-UK CETA,29/2026-Customs
84195012,All goods,6.8,0.0,0.0,India-UK CETA,29/2026-Customs
84195013,All goods,0.0,0.0,0.0,India-UK CETA,29/2026-Customs
84195019,All goods,6.8,0.0,0.0,India-UK CETA,29/2026-Customs
84195091,All goods,6.8,0.0,0.0,India-UK CETA,29/2026-Customs
84195092,All goods,6.8,0.0,0.0,India-UK CETA,29/2026-Customs
84195093,All goods,0.0,0.0,0.0,India-UK CETA,29/2026-Customs
84195099,All goods,6.8,0.0,0.0,India-UK CETA,29/2026-Customs
84196000,All goods,6.0,0.0,0.0,India-UK CETA,29/2026-Customs
84198110,All goods,0.0,0.0,0.0,India-UK CETA,29/2026-Customs
84198120,All goods,0.0,0.0,0.0,India-UK CETA,29/2026-Customs
84198190,All goods,0.0,0.0,0.0,India-UK CETA,29/2026-Customs
84198911,All goods,9.0,0.0,0.0,India-UK CETA,29/2026-Customs
84198912,All goods,6.9,0.0,0.0,India-UK CETA,29/2026-Customs
84198913,All goods,6.9,0.0,0.0,India-UK CETA,29/2026-Customs
84198914,All goods,6.9,0.0,0.0,India-UK CETA,29/2026-Customs
84198915,All goods,6.9,0.0,0.0,India-UK CETA,29/2026-Customs
84198916,All goods,6.9,0.0,0.0,India-UK CETA,29/2026-Customs
84198917,All goods,6.9,0.0,0.0,India-UK CETA,29/2026-Customs
84198919,All goods,6.9,0.0,0.0,India-UK CETA,29/2026-Customs
84198920,All goods,0.0,0.0,0.0,India-UK CETA,29/2026-Customs
84198930,All goods,0.0,0.0,0.0,India-UK CETA,29/2026-Customs
84198940,All goods,6.8,0.0,0.0,India-UK CETA,29/2026-Customs
84198950,All goods,0.0,0.0,0.0,India-UK CETA,29/2026-Customs
84198960,All goods,0.0,0.0,0.0,India-UK CETA,29/2026-Customs
84198970,All goods,0.0,0.0,0.0,India-UK CETA,29/2026-Customs
84198980,All goods,0.0,0.0,0.0,India-UK CETA,29/2026-Customs
84198990,All goods,0.0,0.0,0.0,India-UK CETA,29/2026-Customs
84199010,All goods,0.0,0.0,0.0,India-UK CETA,29/2026-Customs
84199090,All goods,0.0,0.0,0.0,India-UK CETA,29/2026-Customs
84201000,All goods,0.0,0.0,0.0,India-UK CETA,29/2026-Customs
84209100,All goods,0.0,0.0,0.0,India-UK CETA,29/2026-Customs
84209900,All goods,0.0,0.0,0.0,India-UK CETA,29/2026-Customs
84211100,All goods,0.0,0.0,0.0,India-UK CETA,29/2026-Customs
84211200,All goods,0.0,0.0,0.0,India-UK CETA,29/2026-Customs
84211910,All goods,6.8,0.0,0.0,India-UK CETA,29/2026-Customs
84211920,All goods,0.0,0.0,0.0,India-UK CETA,29/2026-Customs
84211930,All goods,0.0,0.0,0.0,India-UK CETA,29/2026-Customs
84211940,All goods,0.0,0.0,0.0,India-UK CETA,29/2026-Customs
84211950,All goods,6.8,0.0,0.0,India-UK CETA,29/2026-Customs
84211960,All goods,0.0,0.0,0.0,India-UK CETA,29/2026-Customs
84211991,All goods,0.0,0.0,0.0,India-UK CETA,29/2026-Customs
84211999,All goods,6.8,0.0,0.0,India-UK CETA,29/2026-Customs
84212110,All goods,6.8,0.0,0.0,India-UK CETA,29/2026-Customs
84212120,All goods,9.0,0.0,0.0,India-UK CETA,29/2026-Customs
84212190,All goods,6.0,0.0,0.0,India-UK CETA,29/2026-Customs
84212200,All goods,0.0,0.0,0.0,India-UK CETA,29/2026-Customs
84212300,All goods,8.0,0.0,0.0,India-UK CETA,29/2026-Customs
84212900,All goods,6.0,0.0,0.0,India-UK CETA,29/2026-Customs
84213100,All goods,8.0,0.0,0.0,India-UK CETA,29/2026-Customs
84213200,All goods,13.6,0.0,0.0,India-UK CETA,29/2026-Customs
84213910,All goods,6.8,0.0,0.0,India-UK CETA,29/2026-Customs
84213920,All goods,6.8,0.0,0.0,India-UK CETA,29/2026-Customs
84213990,All goods,6.8,0.0,0.0,India-UK CETA,29/2026-Customs
84219100,All goods,6.8,0.0,0.0,India-UK CETA,29/2026-Customs
84219910,All goods,8.0,0.0,0.0,India-UK CETA,29/2026-Customs
84219990,All goods,6.0,0.0,0.0,India-UK CETA,29/2026-Customs
84221100,All goods,0.0,0.0,0.0,India-UK CETA,29/2026-Customs
84221900,All goods,0.0,0.0,0.0,India-UK CETA,29/2026-Customs
84222000,All goods,0.0,0.0,0.0,India-UK CETA,29/2026-Customs
84223000,All goods,0.0,0.0,0.0,India-UK CETA,29/2026-Customs
84224000,All goods,0.0,0.0,0.0,India-UK CETA,29/2026-Customs
84229010,All goods,0.0,0.0,0.0,India-UK CETA,29/2026-Customs
84229020,All goods,0.0,0.0,0.0,India-UK CETA,29/2026-Customs
84229090,All goods,4.5,0.0,0.0,India-UK CETA,29/2026-Customs
84231000,All goods,0.0,0.0,0.0,India-UK CETA,29/2026-Customs
84232000,All goods,0.0,0.0,0.0,India-UK CETA,29/2026-Customs
84233000,All goods,0.0,0.0,0.0,India-UK CETA,29/2026-Customs
84238110,All goods,0.0,0.0,0.0,India-UK CETA,29/2026-Customs
84238190,All goods,0.0,0.0,0.0,India-UK CETA,29/2026-Customs
84238210,All goods,0.0,0.0,0.0,India-UK CETA,29/2026-Customs
84238290,All goods,0.0,0.0,0.0,India-UK CETA,29/2026-Customs
84238900,All goods,0.0,0.0,0.0,India-UK CETA,29/2026-Customs
84239010,All goods,0.0,0.0,0.0,India-UK CETA,29/2026-Customs
84239020,All goods,6.8,0.0,0.0,India-UK CETA,29/2026-Customs
84241000,All goods,0.0,0.0,0.0,India-UK CETA,29/2026-Customs
84242000,All goods,0.0,0.0,0.0,India-UK CETA,29/2026-Customs
84243000,All goods,0.0,0.0,0.0,India-UK CETA,29/2026-Customs
84244100,All goods,0.0,0.0,0.0,India-UK CETA,29/2026-Customs
84244900,All goods,6.0,0.0,0.0,India-UK CETA,29/2026-Customs
84248200,All goods,6.0,0.0,0.0,India-UK CETA,29/2026-Customs
84248910,All goods,0.0,0.0,0.0,India-UK CETA,29/2026-Customs
84248920,All goods,0.0,0.0,0.0,India-UK CETA,29/2026-Customs
84248990,All goods,0.0,0.0,0.0,India-UK CETA,29/2026-Customs
84249000,All goods,0.0,0.0,0.0,India-UK CETA,29/2026-Customs
84251110,All goods,6.0,0.0,0.0,India-UK CETA,29/2026-Customs
84251120,All goods,6.0,0.0,0.0,India-UK CETA,29/2026-Customs
84251910,All goods,0.0,0.0,0.0,India-UK CETA,29/2026-Customs
84251920,All goods,0.0,0.0,0.0,India-UK CETA,29/2026-Customs
84253100,All goods,0.0,0.0,0.0,India-UK CETA,29/2026-Customs
84253900,All goods,6.0,0.0,0.0,India-UK CETA,29/2026-Customs
84254100,All goods,0.0,0.0,0.0,India-UK CETA,29/2026-Customs
84254200,All goods,6.0,0.0,0.0,India-UK CETA,29/2026-Customs
84254900,All goods,0.0,0.0,0.0,India-UK CETA,29/2026-Customs
84261100,All goods,0.0,0.0,0.0,India-UK CETA,29/2026-Customs
84261200,All goods,0.0,0.0,0.0,India-UK CETA,29/2026-Customs
84261900,All goods,0.0,0.0,0.0,India-UK CETA,29/2026-Customs
84262000,All goods,0.0,0.0,0.0,India-UK CETA,29/2026-Customs
84263000,All goods,0.0,0.0,0.0,India-UK CETA,29/2026-Customs
84264100,All goods,0.0,0.0,0.0,India-UK CETA,29/2026-Customs
84264900,All goods,0.0,0.0,0.0,India-UK CETA,29/2026-Customs
84269100,All goods,0.0,0.0,0.0,India-UK CETA,29/2026-Customs
84269910,All goods,0.0,0.0,0.0,India-UK CETA,29/2026-Customs
84269990,All goods,0.0,0.0,0.0,India-UK CETA,29/2026-Customs
84271000,All goods,6.8,0.0,0.0,India-UK CETA,29/2026-Customs
84272000,All goods,6.8,0.0,0.0,India-UK CETA,29/2026-Customs
84279000,All goods,0.0,0.0,0.0,India-UK CETA,29/2026-Customs
84281011,All goods,6.8,0.0,0.0,India-UK CETA,29/2026-Customs
84281019,All goods,6.8,0.0,0.0,India-UK CETA,29/2026-Customs
84281020,All goods,6.8,0.0,0.0,India-UK CETA,29/2026-Customs
84282011,All goods,6.0,0.0,0.0,India-UK CETA,29/2026-Customs
84282019,All goods,6.0,0.0,0.0,India-UK CETA,29/2026-Customs
84282020,All goods,0.0,0.0,0.0,India-UK CETA,29/2026-Customs
84283100,All goods,0.0,0.0,0.0,India-UK CETA,29/2026-Customs
84283200,All goods,0.0,0.0,0.0,India-UK CETA,29/2026-Customs
84283300,All goods,0.0,0.0,0.0,India-UK CETA,29/2026-Customs
84283900,All goods,0.0,0.0,0.0,India-UK CETA,29/2026-Customs
84284000,All goods,0.0,0.0,0.0,India-UK CETA,29/2026-Customs
84286000,All goods,0.0,0.0,0.0,India-UK CETA,29/2026-Customs
84287000,All goods,0.0,0.0,0.0,India-UK CETA,29/2026-Customs
84289010,All goods,0.0,0.0,0.0,India-UK CETA,29/2026-Customs
84289020,All goods,6.8,0.0,0.0,India-UK CETA,29/2026-Customs
84289090,All goods,6.8,0.0,0.0,India-UK CETA,29/2026-Customs
84291110,All goods,0.0,0.0,0.0,India-UK CETA,29/2026-Customs
84291120,All goods,0.0,0.0,0.0,India-UK CETA,29/2026-Customs
84291910,All goods,0.0,0.0,0.0,India-UK CETA,29/2026-Customs
84291920,All goods,0.0,0.0,0.0,India-UK CETA,29/2026-Customs
84292000,All goods,0.0,0.0,0.0,India-UK CETA,29/2026-Customs
84293000,All goods,0.0,0.0,0.0,India-UK CETA,29/2026-Customs
84294010,All goods,0.0,0.0,0.0,India-UK CETA,29/2026-Customs
84294020,All goods,0.0,0.0,0.0,India-UK CETA,29/2026-Customs
84294030,All goods,0.0,0.0,0.0,India-UK CETA,29/2026-Customs
84295100,All goods,6.8,0.0,0.0,India-UK CETA,29/2026-Customs
84295200,All goods,6.8,0.0,0.0,India-UK CETA,29/2026-Customs
84295900,All goods,6.8,0.0,0.0,India-UK CETA,29/2026-Customs
84301010,All goods,0.0,0.0,0.0,India-UK CETA,29/2026-Customs
84301020,All goods,0.0,0.0,0.0,India-UK CETA,29/2026-Customs
84302000,All goods,0.0,0.0,0.0,India-UK CETA,29/2026-Customs
84303110,All goods,0.0,0.0,0.0,India-UK CETA,29/2026-Customs
84303120,All goods,0.0,0.0,0.0,India-UK CETA,29/2026-Customs
84303190,All goods,0.0,0.0,0.0,India-UK CETA,29/2026-Customs
84303900,All goods,0.0,0.0,0.0,India-UK CETA,29/2026-Customs
84304110,All goods,0.0,0.0,0.0,India-UK CETA,29/2026-Customs
84304120,All goods,0.0,0.0,0.0,India-UK CETA,29/2026-Customs
84304130,All goods,0.0,0.0,0.0,India-UK CETA,29/2026-Customs
84304190,All goods,0.0,0.0,0.0,India-UK CETA,29/2026-Customs
84304900,All goods,0.0,0.0,0.0,India-UK CETA,29/2026-Customs
84305010,All goods,0.0,0.0,0.0,India-UK CETA,29/2026-Customs
84305090,All goods,0.0,0.0,0.0,India-UK CETA,29/2026-Customs
84306100,All goods,0.0,0.0,0.0,India-UK CETA,29/2026-Customs
84306910,All goods,0.0,0.0,0.0,India-UK CETA,29/2026-Customs
84306990,All goods,0.0,0.0,0.0,India-UK CETA,29/2026-Customs
84311010,All goods,0.0,0.0,0.0,India-UK CETA,29/2026-Customs
84311090,All goods,0.0,0.0,0.0,India-UK CETA,29/2026-Customs
84312010,All goods,0.0,0.0,0.0,India-UK CETA,29/2026-Customs
84312090,All goods,0.0,0.0,0.0,India-UK CETA,29/2026-Customs
84313100,All goods,6.8,0.0,0.0,India-UK CETA,29/2026-Customs
84313910,All goods,0.0,0.0,0.0,India-UK CETA,29/2026-Customs
84313990,All goods,6.0,0.0,0.0,India-UK CETA,29/2026-Customs
84314100,All goods,0.0,0.0,0.0,India-UK CETA,29/2026-Customs
84314200,All goods,0.0,0.0,0.0,India-UK CETA,29/2026-Customs
84314310,All goods,0.0,0.0,0.0,India-UK CETA,29/2026-Customs
84314390,All goods,6.0,0.0,0.0,India-UK CETA,29/2026-Customs
84314910,All goods,0.0,0.0,0.0,India-UK CETA,29/2026-Customs
84314920,All goods,6.8,0.0,0.0,India-UK CETA,29/2026-Customs
84314930,All goods,6.0,0.0,0.0,India-UK CETA,29/2026-Customs
84314940,All goods,0.0,0.0,0.0,India-UK CETA,29/2026-Customs
84314990,All goods,6.0,0.0,0.0,India-UK CETA,29/2026-Customs
84321010,All goods,0.0,0.0,0.0,India-UK CETA,29/2026-Customs
84321020,All goods,0.0,0.0,0.0,India-UK CETA,29/2026-Customs
84321090,All goods,0.0,0.0,0.0,India-UK CETA,29/2026-Customs
84322100,All goods,0.0,0.0,0.0,India-UK CETA,29/2026-Customs
84322910,All goods,0.0,0.0,0.0,India-UK CETA,29/2026-Customs
84322990,All goods,0.0,0.0,0.0,India-UK CETA,29/2026-Customs
84323100,All goods,0.0,0.0,0.0,India-UK CETA,29/2026-Customs
84323900,All goods,0.0,0.0,0.0,India-UK CETA,29/2026-Customs
84324100,All goods,0.0,0.0,0.0,India-UK CETA,29/2026-Customs
84324200,All goods,0.0,0.0,0.0,India-UK CETA,29/2026-Customs
84328010,All goods,0.0,0.0,0.0,India-UK CETA,29/2026-Customs
84328020,All goods,0.0,0.0,0.0,India-UK CETA,29/2026-Customs
84328090,All goods,0.0,0.0,0.0,India-UK CETA,29/2026-Customs
84329010,All goods,0.0,0.0,0.0,India-UK CETA,29/2026-Customs
84329090,All goods,0.0,0.0,0.0,India-UK CETA,29/2026-Customs
84331110,All goods,0.0,0.0,0.0,India-UK CETA,29/2026-Customs
84331190,All goods,0.0,0.0,0.0,India-UK CETA,29/2026-Customs
84331910,All goods,0.0,0.0,0.0,India-UK CETA,29/2026-Customs
84331990,All goods,0.0,0.0,0.0,India-UK CETA,29/2026-Customs
84332000,All goods,0.0,0.0,0.0,India-UK CETA,29/2026-Customs
84333000,All goods,0.0,0.0,0.0,India-UK CETA,29/2026-Customs
84334000,All goods,0.0,0.0,0.0,India-UK CETA,29/2026-Customs
84335100,All goods,6.8,0.0,0.0,India-UK CETA,29/2026-Customs
84335200,All goods,0.0,0.0,0.0,India-UK CETA,29/2026-Customs
84335300,All goods,0.0,0.0,0.0,India-UK CETA,29/2026-Customs
84335900,All goods,0.0,0.0,0.0,India-UK CETA,29/2026-Customs
84336010,All goods,0.0,0.0,0.0,India-UK CETA,29/2026-Customs
84336020,All goods,0.0,0.0,0.0,India-UK CETA,29/2026-Customs
84339000,All goods,6.8,0.0,0.0,India-UK CETA,29/2026-Customs
84341000,All goods,0.0,0.0,0.0,India-UK CETA,29/2026-Customs
84342000,All goods,0.0,0.0,0.0,India-UK CETA,29/2026-Customs
84349010,All goods,0.0,0.0,0.0,India-UK CETA,29/2026-Customs
84349020,All goods,0.0,0.0,0.0,India-UK CETA,29/2026-Customs
84351000,All goods,0.0,0.0,0.0,India-UK CETA,29/2026-Customs
84359000,All goods,0.0,0.0,0.0,India-UK CETA,29/2026-Customs
84361000,All goods,0.0,0.0,0.0,India-UK CETA,29/2026-Customs
84362100,All goods,0.0,0.0,0.0,India-UK CETA,29/2026-Customs
84362900,All goods,0.0,0.0,0.0,India-UK CETA,29/2026-Customs
84368010,All goods,0.0,0.0,0.0,India-UK CETA,29/2026-Customs
84368090,All goods,0.0,0.0,0.0,India-UK CETA,29/2026-Customs
84369100,All goods,0.0,0.0,0.0,India-UK CETA,29/2026-Customs
84369900,All goods,0.0,0.0,0.0,India-UK CETA,29/2026-Customs
84371000,All goods,6.0,0.0,0.0,India-UK CETA,29/2026-Customs
84378010,All goods,0.0,0.0,0.0,India-UK CETA,29/2026-Customs
84378020,All goods,0.0,0.0,0.0,India-UK CETA,29/2026-Customs
84378090,All goods,0.0,0.0,0.0,India-UK CETA,29/2026-Customs
84379010,All goods,0.0,0.0,0.0,India-UK CETA,29/2026-Customs
84379020,All goods,0.0,0.0,0.0,India-UK CETA,29/2026-Customs
84379090,All goods,0.0,0.0,0.0,India-UK CETA,29/2026-Customs
84381010,All goods,0.0,0.0,0.0,India-UK CETA,29/2026-Customs
84381020,All goods,0.0,0.0,0.0,India-UK CETA,29/2026-Customs
84382000,All goods,0.0,0.0,0.0,India-UK CETA,29/2026-Customs
84383010,All goods,0.0,0.0,0.0,India-UK CETA,29/2026-Customs
84383090,All goods,0.0,0.0,0.0,India-UK CETA,29/2026-Customs
84384000,All goods,0.0,0.0,0.0,India-UK CETA,29/2026-Customs
84385000,All goods,0.0,0.0,0.0,India-UK CETA,29/2026-Customs
84386000,All goods,0.0,0.0,0.0,India-UK CETA,29/2026-Customs
84388010,All goods,0.0,0.0,0.0,India-UK CETA,29/2026-Customs
84388020,All goods,0.0,0.0,0.0,India-UK CETA,29/2026-Customs
84388030,All goods,0.0,0.0,0.0,India-UK CETA,29/2026-Customs
84388040,All goods,0.0,0.0,0.0,India-UK CETA,29/2026-Customs
84388090,All goods,0.0,0.0,0.0,India-UK CETA,29/2026-Customs
84389010,All goods,4.5,0.0,0.0,India-UK CETA,29/2026-Customs
84389090,All goods,0.0,0.0,0.0,India-UK CETA,29/2026-Customs
84391000,All goods,0.0,0.0,0.0,India-UK CETA,29/2026-Customs
84392000,All goods,0.0,0.0,0.0,India-UK CETA,29/2026-Customs
84393010,All goods,0.0,0.0,0.0,India-UK CETA,29/2026-Customs
84393090,All goods,0.0,0.0,0.0,India-UK CETA,29/2026-Customs
84399100,All goods,0.0,0.0,0.0,India-UK CETA,29/2026-Customs
84399900,All goods,0.0,0.0,0.0,India-UK CETA,29/2026-Customs
84401010,All goods,0.0,0.0,0.0,India-UK CETA,29/2026-Customs
84401090,All goods,0.0,0.0,0.0,India-UK CETA,29/2026-Customs
84409000,All goods,0.0,0.0,0.0,India-UK CETA,29/2026-Customs
84411010,All goods,0.0,0.0,0.0,India-UK CETA,29/2026-Customs
84411090,All goods,0.0,0.0,0.0,India-UK CETA,29/2026-Customs
84412000,All goods,0.0,0.0,0.0,India-UK CETA,29/2026-Customs
84413000,All goods,0.0,0.0,0.0,India-UK CETA,29/2026-Customs
84414000,All goods,0.0,0.0,0.0,India-UK CETA,29/2026-Customs
84418000,All goods,0.0,0.0,0.0,India-UK CETA,29/2026-Customs
84419000,All goods,0.0,0.0,0.0,India-UK CETA,29/2026-Customs
84423010,All goods,0.0,0.0,0.0,India-UK CETA,29/2026-Customs
84423020,All goods,0.0,0.0,0.0,India-UK CETA,29/2026-Customs
84423090,All goods,0.0,0.0,0.0,India-UK CETA,29/2026-Customs
84424000,All goods,0.0,0.0,0.0,India-UK CETA,29/2026-Customs
84425010,All goods,0.0,0.0,0.0,India-UK CETA,29/2026-Customs
84425020,All goods,0.0,0.0,0.0,India-UK CETA,29/2026-Customs
84425031,All goods,0.0,0.0,0.0,India-UK CETA,29/2026-Customs
84425039,All goods,0.0,0.0,0.0,India-UK CETA,29/2026-Customs
84425040,All goods,0.0,0.0,0.0,India-UK CETA,29/2026-Customs
84425050,All goods,0.0,0.0,0.0,India-UK CETA,29/2026-Customs
84425090,All goods,0.0,0.0,0.0,India-UK CETA,29/2026-Customs
84431100,All goods,0.0,0.0,0.0,India-UK CETA,29/2026-Customs
84431200,All goods,0.0,0.0,0.0,India-UK CETA,29/2026-Customs
84431300,All goods,0.0,0.0,0.0,India-UK CETA,29/2026-Customs
84431400,All goods,0.0,0.0,0.0,India-UK CETA,29/2026-Customs
84431500,All goods,0.0,0.0,0.0,India-UK CETA,29/2026-Customs
84431600,All goods,0.0,0.0,0.0,India-UK CETA,29/2026-Customs
84431700,All goods,0.0,0.0,0.0,India-UK CETA,29/2026-Customs
84431910,All goods,0.0,0.0,0.0,India-UK CETA,29/2026-Customs
84431920,All goods,0.0,0.0,0.0,India-UK CETA,29/2026-Customs
84431930,All goods,0.0,0.0,0.0,India-UK CETA,29/2026-Customs
84431941,All goods,0.0,0.0,0.0,India-UK CETA,29/2026-Customs
84431949,All goods,0.0,0.0,0.0,India-UK CETA,29/2026-Customs
84431990,All goods,0.0,0.0,0.0,India-UK CETA,29/2026-Customs
84433210,All goods,0.0,0.0,0.0,India-UK CETA,29/2026-Customs
84433220,All goods,0.0,0.0,0.0,India-UK CETA,29/2026-Customs
84433230,All goods,0.0,0.0,0.0,India-UK CETA,29/2026-Customs
84433240,All goods,0.0,0.0,0.0,India-UK CETA,29/2026-Customs
84433250,All goods,0.0,0.0,0.0,India-UK CETA,29/2026-Customs
84433260,All goods,0.0,0.0,0.0,India-UK CETA,29/2026-Customs
84433290,All goods,0.0,0.0,0.0,India-UK CETA,29/2026-Customs
84433910,All goods,0.0,0.0,0.0,India-UK CETA,29/2026-Customs
84433920,All goods,0.0,0.0,0.0,India-UK CETA,29/2026-Customs
84433930,All goods,0.0,0.0,0.0,India-UK CETA,29/2026-Customs
84433940,All goods,0.0,0.0,0.0,India-UK CETA,29/2026-Customs
84433950,All goods,0.0,0.0,0.0,India-UK CETA,29/2026-Customs
84433960,All goods,0.0,0.0,0.0,India-UK CETA,29/2026-Customs
84433970,All goods,0.0,0.0,0.0,India-UK CETA,29/2026-Customs
84433990,All goods,0.0,0.0,0.0,India-UK CETA,29/2026-Customs
84439100,All goods,6.8,0.0,0.0,India-UK CETA,29/2026-Customs
84439910,All goods,0.0,0.0,0.0,India-UK CETA,29/2026-Customs
84439920,All goods,0.0,0.0,0.0,India-UK CETA,29/2026-Customs
84439930,All goods,0.0,0.0,0.0,India-UK CETA,29/2026-Customs
84439940,All goods,0.0,0.0,0.0,India-UK CETA,29/2026-Customs
84439951,All goods,9.0,0.0,0.0,India-UK CETA,29/2026-Customs
84439952,All goods,9.0,0.0,0.0,India-UK CETA,29/2026-Customs
84439953,All goods,0.0,0.0,0.0,India-UK CETA,29/2026-Customs
84439959,All goods,0.0,0.0,0.0,India-UK CETA,29/2026-Customs
84439960,All goods,6.0,0.0,0.0,India-UK CETA,29/2026-Customs
84439990,All goods,6.0,0.0,0.0,India-UK CETA,29/2026-Customs
84440010,All goods,0.0,0.0,0.0,India-UK CETA,29/2026-Customs
84440090,All goods,0.0,0.0,0.0,India-UK CETA,29/2026-Customs
84451110,All goods,0.0,0.0,0.0,India-UK CETA,29/2026-Customs
84451190,All goods,0.0,0.0,0.0,India-UK CETA,29/2026-Customs
84451210,All goods,0.0,0.0,0.0,India-UK CETA,29/2026-Customs
84451290,All goods,0.0,0.0,0.0,India-UK CETA,29/2026-Customs
84451300,All goods,0.0,0.0,0.0,India-UK CETA,29/2026-Customs
84451910,All goods,0.0,0.0,0.0,India-UK CETA,29/2026-Customs
84451920,All goods,0.0,0.0,0.0,India-UK CETA,29/2026-Customs
84451930,All goods,0.0,0.0,0.0,India-UK CETA,29/2026-Customs
84451940,All goods,0.0,0.0,0.0,India-UK CETA,29/2026-Customs
84451950,All goods,0.0,0.0,0.0,India-UK CETA,29/2026-Customs
84451960,All goods,0.0,0.0,0.0,India-UK CETA,29/2026-Customs
84451990,All goods,0.0,0.0,0.0,India-UK CETA,29/2026-Customs
84452011,All goods,0.0,0.0,0.0,India-UK CETA,29/2026-Customs
84452012,All goods,0.0,0.0,0.0,India-UK CETA,29/2026-Customs
84452013,All goods,0.0,0.0,0.0,India-UK CETA,29/2026-Customs
84452014,All goods,0.0,0.0,0.0,India-UK CETA,29/2026-Customs
84452019,All goods,0.0,0.0,0.0,India-UK CETA,29/2026-Customs
84452020,All goods,0.0,0.0,0.0,India-UK CETA,29/2026-Customs
84452030,All goods,0.0,0.0,0.0,India-UK CETA,29/2026-Customs
84452040,All goods,0.0,0.0,0.0,India-UK CETA,29/2026-Customs
84452050,All goods,0.0,0.0,0.0,India-UK CETA,29/2026-Customs
84452090,All goods,0.0,0.0,0.0,India-UK CETA,29/2026-Customs
84453011,All goods,0.0,0.0,0.0,India-UK CETA,29/2026-Customs
84453019,All goods,0.0,0.0,0.0,India-UK CETA,29/2026-Customs
84453020,All goods,0.0,0.0,0.0,India-UK CETA,29/2026-Customs
84453030,All goods,0.0,0.0,0.0,India-UK CETA,29/2026-Customs
84453040,All goods,0.0,0.0,0.0,India-UK CETA,29/2026-Customs
84453050,All goods,0.0,0.0,0.0,India-UK CETA,29/2026-Customs
84453090,All goods,0.0,0.0,0.0,India-UK CETA,29/2026-Customs
84454010,All goods,0.0,0.0,0.0,India-UK CETA,29/2026-Customs
84454020,All goods,0.0,0.0,0.0,India-UK CETA,29/2026-Customs
84454030,All goods,0.0,0.0,0.0,India-UK CETA,29/2026-Customs
84454040,All goods,0.0,0.0,0.0,India-UK CETA,29/2026-Customs
84454050,All goods,0.0,0.0,0.0,India-UK CETA,29/2026-Customs
84454090,All goods,0.0,0.0,0.0,India-UK CETA,29/2026-Customs
84459000,All goods,0.0,0.0,0.0,India-UK CETA,29/2026-Customs
84461011,All goods,0.0,0.0,0.0,India-UK CETA,29/2026-Customs
84461012,All goods,0.0,0.0,0.0,India-UK CETA,29/2026-Customs
84461019,All goods,0.0,0.0,0.0,India-UK CETA,29/2026-Customs
84461090,All goods,0.0,0.0,0.0,India-UK CETA,29/2026-Customs
84462110,All goods,0.0,0.0,0.0,India-UK CETA,29/2026-Customs
84462190,All goods,0.0,0.0,0.0,India-UK CETA,29/2026-Customs
84462910,All goods,0.0,0.0,0.0,India-UK CETA,29/2026-Customs
84462990,All goods,0.0,0.0,0.0,India-UK CETA,29/2026-Customs
84463011,All goods,0.0,0.0,0.0,India-UK CETA,29/2026-Customs
84463012,All goods,0.0,0.0,0.0,India-UK CETA,29/2026-Customs
84463019,All goods,0.0,0.0,0.0,India-UK CETA,29/2026-Customs
84463090,All goods,0.0,0.0,0.0,India-UK CETA,29/2026-Customs
84471111,All goods,0.0,0.0,0.0,India-UK CETA,29/2026-Customs
84471119,All goods,0.0,0.0,0.0,India-UK CETA,29/2026-Customs
84471120,All goods,0.0,0.0,0.0,India-UK CETA,29/2026-Customs
84471190,All goods,0.0,0.0,0.0,India-UK CETA,29/2026-Customs
84471211,All goods,0.0,0.0,0.0,India-UK CETA,29/2026-Customs
84471219,All goods,0.0,0.0,0.0,India-UK CETA,29/2026-Customs
84471220,All goods,0.0,0.0,0.0,India-UK CETA,29/2026-Customs
84471290,All goods,0.0,0.0,0.0,India-UK CETA,29/2026-Customs
84472010,All goods,0.0,0.0,0.0,India-UK CETA,29/2026-Customs
84472020,All goods,0.0,0.0,0.0,India-UK CETA,29/2026-Customs
84472030,All goods,0.0,0.0,0.0,India-UK CETA,29/2026-Customs
84472090,All goods,0.0,0.0,0.0,India-UK CETA,29/2026-Customs
84479010,All goods,0.0,0.0,0.0,India-UK CETA,29/2026-Customs
84479020,All goods,0.0,0.0,0.0,India-UK CETA,29/2026-Customs
84479030,All goods,0.0,0.0,0.0,India-UK CETA,29/2026-Customs
84481110,All goods,0.0,0.0,0.0,India-UK CETA,29/2026-Customs
84481190,All goods,0.0,0.0,0.0,India-UK CETA,29/2026-Customs
84481900,All goods,0.0,0.0,0.0,India-UK CETA,29/2026-Customs
84482000,All goods,0.0,0.0,0.0,India-UK CETA,29/2026-Customs
84483100,All goods,0.0,0.0,0.0,India-UK CETA,29/2026-Customs
84483210,All goods,0.0,0.0,0.0,India-UK CETA,29/2026-Customs
84483220,All goods,0.0,0.0,0.0,India-UK CETA,29/2026-Customs
84483230,All goods,0.0,0.0,0.0,India-UK CETA,29/2026-Customs
84483240,All goods,0.0,0.0,0.0,India-UK CETA,29/2026-Customs
84483290,All goods,0.0,0.0,0.0,India-UK CETA,29/2026-Customs
84483310,All goods,0.0,0.0,0.0,India-UK CETA,29/2026-Customs
84483320,All goods,0.0,0.0,0.0,India-UK CETA,29/2026-Customs
84483330,All goods,0.0,0.0,0.0,India-UK CETA,29/2026-Customs
84483340,All goods,0.0,0.0,0.0,India-UK CETA,29/2026-Customs
84483390,All goods,0.0,0.0,0.0,India-UK CETA,29/2026-Customs
84483910,All goods,0.0,0.0,0.0,India-UK CETA,29/2026-Customs
84483920,All goods,0.0,0.0,0.0,India-UK CETA,29/2026-Customs
84483990,All goods,0.0,0.0,0.0,India-UK CETA,29/2026-Customs
84484210,All goods,0.0,0.0,0.0,India-UK CETA,29/2026-Customs
84484220,All goods,0.0,0.0,0.0,India-UK CETA,29/2026-Customs
84484290,All goods,0.0,0.0,0.0,India-UK CETA,29/2026-Customs
84484910,All goods,0.0,0.0,0.0,India-UK CETA,29/2026-Customs
84484920,All goods,0.0,0.0,0.0,India-UK CETA,29/2026-Customs
84484930,All goods,0.0,0.0,0.0,India-UK CETA,29/2026-Customs
84484940,All goods,0.0,0.0,0.0,India-UK CETA,29/2026-Customs
84484950,All goods,0.0,0.0,0.0,India-UK CETA,29/2026-Customs
84484990,All goods,0.0,0.0,0.0,India-UK CETA,29/2026-Customs
84485110,All goods,0.0,0.0,0.0,India-UK CETA,29/2026-Customs
84485120,All goods,0.0,0.0,0.0,India-UK CETA,29/2026-Customs
84485130,All goods,0.0,0.0,0.0,India-UK CETA,29/2026-Customs
84485190,All goods,0.0,0.0,0.0,India-UK CETA,29/2026-Customs
84485900,All goods,0.0,0.0,0.0,India-UK CETA,29/2026-Customs
84490010,All goods,0.0,0.0,0.0,India-UK CETA,29/2026-Customs
84490090,All goods,0.0,0.0,0.0,India-UK CETA,29/2026-Customs
84501100,All goods,18.0,0.0,0.0,India-UK CETA,29/2026-Customs
84501200,All goods,16.0,0.0,0.0,India-UK CETA,29/2026-Customs
84501900,All goods,16.0,0.0,0.0,India-UK CETA,29/2026-Customs
84502000,All goods,0.0,0.0,0.0,India-UK CETA,29/2026-Customs
84509010,All goods,8.0,0.0,0.0,India-UK CETA,29/2026-Customs
84509090,All goods,0.0,0.0,0.0,India-UK CETA,29/2026-Customs
84511010,All goods,0.0,0.0,0.0,India-UK CETA,29/2026-Customs
84511090,All goods,0.0,0.0,0.0,India-UK CETA,29/2026-Customs
84512100,All goods,0.0,0.0,0.0,India-UK CETA,29/2026-Customs
84512900,All goods,0.0,0.0,0.0,India-UK CETA,29/2026-Customs
84513010,All goods,0.0,0.0,0.0,India-UK CETA,29/2026-Customs
84513090,All goods,0.0,0.0,0.0,India-UK CETA,29/2026-Customs
84514011,All goods,0.0,0.0,0.0,India-UK CETA,29/2026-Customs
84514019,All goods,0.0,0.0,0.0,India-UK CETA,29/2026-Customs
84514021,All goods,0.0,0.0,0.0,India-UK CETA,29/2026-Customs
84514029,All goods,0.0,0.0,0.0,India-UK CETA,29/2026-Customs
84514091,All goods,0.0,0.0,0.0,India-UK CETA,29/2026-Customs
84514099,All goods,0.0,0.0,0.0,India-UK CETA,29/2026-Customs
84515000,All goods,0.0,0.0,0.0,India-UK CETA,29/2026-Customs
84518011,All goods,0.0,0.0,0.0,India-UK CETA,29/2026-Customs
84518019,All goods,0.0,0.0,0.0,India-UK CETA,29/2026-Customs
84518021,All goods,0.0,0.0,0.0,India-UK CETA,29/2026-Customs
84518022,All goods,0.0,0.0,0.0,India-UK CETA,29/2026-Customs
84518029,All goods,0.0,0.0,0.0,India-UK CETA,29/2026-Customs
84518090,All goods,0.0,0.0,0.0,India-UK CETA,29/2026-Customs
84519000,All goods,0.0,0.0,0.0,India-UK CETA,29/2026-Customs
84521011,All goods,8.0,0.0,0.0,India-UK CETA,29/2026-Customs
84521012,All goods,8.0,0.0,0.0,India-UK CETA,29/2026-Customs
84521019,All goods,8.0,0.0,0.0,India-UK CETA,29/2026-Customs
84521021,All goods,8.0,0.0,0.0,India-UK CETA,29/2026-Customs
84521022,All goods,8.0,0.0,0.0,India-UK CETA,29/2026-Customs
84521029,All goods,8.0,0.0,0.0,India-UK CETA,29/2026-Customs
84522110,All goods,0.0,0.0,0.0,India-UK CETA,29/2026-Customs
84522120,All goods,0.0,0.0,0.0,India-UK CETA,29/2026-Customs
84522190,All goods,0.0,0.0,0.0,India-UK CETA,29/2026-Customs
84522900,All goods,0.0,0.0,0.0,India-UK CETA,29/2026-Customs
84523010,All goods,0.0,0.0,0.0,India-UK CETA,29/2026-Customs
84523090,All goods,6.0,0.0,0.0,India-UK CETA,29/2026-Customs
84529011,All goods,0.0,0.0,0.0,India-UK CETA,29/2026-Customs
84529019,All goods,0.0,0.0,0.0,India-UK CETA,29/2026-Customs
84529091,All goods,0.0,0.0,0.0,India-UK CETA,29/2026-Customs
84529099,All goods,6.0,0.0,0.0,India-UK CETA,29/2026-Customs
84531000,All goods,0.0,0.0,0.0,India-UK CETA,29/2026-Customs
84532000,All goods,0.0,0.0,0.0,India-UK CETA,29/2026-Customs
84538000,All goods,0.0,0.0,0.0,India-UK CETA,29/2026-Customs
84539010,All goods,0.0,0.0,0.0,India-UK CETA,29/2026-Customs
84539090,All goods,0.0,0.0,0.0,India-UK CETA,29/2026-Customs
84541000,All goods,0.0,0.0,0.0,India-UK CETA,29/2026-Customs
84542010,All goods,0.0,0.0,0.0,India-UK CETA,29/2026-Customs
84542020,All goods,0.0,0.0,0.0,India-UK CETA,29/2026-Customs
84543010,All goods,0.0,0.0,0.0,India-UK CETA,29/2026-Customs
84543020,All goods,0.0,0.0,0.0,India-UK CETA,29/2026-Customs
84543090,All goods,0.0,0.0,0.0,India-UK CETA,29/2026-Customs
84549000,All goods,0.0,0.0,0.0,India-UK CETA,29/2026-Customs
84551000,All goods,0.0,0.0,0.0,India-UK CETA,29/2026-Customs
84552110,All goods,0.0,0.0,0.0,India-UK CETA,29/2026-Customs
84552120,All goods,0.0,0.0,0.0,India-UK CETA,29/2026-Customs
84552200,All goods,0.0,0.0,0.0,India-UK CETA,29/2026-Customs
84553000,All goods,0.0,0.0,0.0,India-UK CETA,29/2026-Customs
84559000,All goods,0.0,0.0,0.0,India-UK CETA,29/2026-Customs
84561100,All goods,6.0,0.0,0.0,India-UK CETA,29/2026-Customs
84561200,All goods,0.0,0.0,0.0,India-UK CETA,29/2026-Customs
84562000,All goods,0.0,0.0,0.0,India-UK CETA,29/2026-Customs
84563000,All goods,0.0,0.0,0.0,India-UK CETA,29/2026-Customs
84564000,All goods,0.0,0.0,0.0,India-UK CETA,29/2026-Customs
84565000,All goods,0.0,0.0,0.0,India-UK CETA,29/2026-Customs
84569010,All goods,0.0,0.0,0.0,India-UK CETA,29/2026-Customs
84569020,All goods,0.0,0.0,0.0,India-UK CETA,29/2026-Customs
84569090,All goods,0.0,0.0,0.0,India-UK CETA,29/2026-Customs
84571010,All goods,6.8,0.0,0.0,India-UK CETA,29/2026-Customs
84571020,All goods,6.0,0.0,0.0,India-UK CETA,29/2026-Customs
84572010,All goods,0.0,0.0,0.0,India-UK CETA,29/2026-Customs
84572020,All goods,0.0,0.0,0.0,India-UK CETA,29/2026-Customs
84572090,All goods,0.0,0.0,0.0,India-UK CETA,29/2026-Customs
84573010,All goods,0.0,0.0,0.0,India-UK CETA,29/2026-Customs
84573020,All goods,0.0,0.0,0.0,India-UK CETA,29/2026-Customs
84573090,All goods,0.0,0.0,0.0,India-UK CETA,29/2026-Customs
84581100,All goods,0.0,0.0,0.0,India-UK CETA,29/2026-Customs
84581911,All goods,0.0,0.0,0.0,India-UK CETA,29/2026-Customs
84581912,All goods,0.0,0.0,0.0,India-UK CETA,29/2026-Customs
84581913,All goods,0.0,0.0,0.0,India-UK CETA,29/2026-Customs
84581919,All goods,0.0,0.0,0.0,India-UK CETA,29/2026-Customs
84581990,All goods,0.0,0.0,0.0,India-UK CETA,29/2026-Customs
84589100,All goods,0.0,0.0,0.0,India-UK CETA,29/2026-Customs
84589910,All goods,0.0,0.0,0.0,India-UK CETA,29/2026-Customs
84589920,All goods,0.0,0.0,0.0,India-UK CETA,29/2026-Customs
84589931,All goods,0.0,0.0,0.0,India-UK CETA,29/2026-Customs
84589932,All goods,0.0,0.0,0.0,India-UK CETA,29/2026-Customs
84589933,All goods,0.0,0.0,0.0,India-UK CETA,29/2026-Customs
84589934,All goods,0.0,0.0,0.0,India-UK CETA,29/2026-Customs
84589935,All goods,0.0,0.0,0.0,India-UK CETA,29/2026-Customs
84589941,All goods,0.0,0.0,0.0,India-UK CETA,29/2026-Customs
84589942,All goods,0.0,0.0,0.0,India-UK CETA,29/2026-Customs
84589943,All goods,0.0,0.0,0.0,India-UK CETA,29/2026-Customs
84589951,All goods,0.0,0.0,0.0,India-UK CETA,29/2026-Customs
84589959,All goods,0.0,0.0,0.0,India-UK CETA,29/2026-Customs
84589990,All goods,0.0,0.0,0.0,India-UK CETA,29/2026-Customs
84591000,All goods,0.0,0.0,0.0,India-UK CETA,29/2026-Customs
84592100,All goods,0.0,0.0,0.0,India-UK CETA,29/2026-Customs
84592910,All goods,0.0,0.0,0.0,India-UK CETA,29/2026-Customs
84592920,All goods,0.0,0.0,0.0,India-UK CETA,29/2026-Customs
84592930,All goods,0.0,0.0,0.0,India-UK CETA,29/2026-Customs
84592940,All goods,0.0,0.0,0.0,India-UK CETA,29/2026-Customs
84592950,All goods,0.0,0.0,0.0,India-UK CETA,29/2026-Customs
84592990,All goods,0.0,0.0,0.0,India-UK CETA,29/2026-Customs
84593100,All goods,0.0,0.0,0.0,India-UK CETA,29/2026-Customs
84593910,All goods,0.0,0.0,0.0,India-UK CETA,29/2026-Customs
84593990,All goods,0.0,0.0,0.0,India-UK CETA,29/2026-Customs
84594110,All goods,0.0,0.0,0.0,India-UK CETA,29/2026-Customs
84594120,All goods,0.0,0.0,0.0,India-UK CETA,29/2026-Customs
84594130,All goods,0.0,0.0,0.0,India-UK CETA,29/2026-Customs
84594190,All goods,0.0,0.0,0.0,India-UK CETA,29/2026-Customs
84594910,All goods,0.0,0.0,0.0,India-UK CETA,29/2026-Customs
84594920,All goods,0.0,0.0,0.0,India-UK CETA,29/2026-Customs
84594930,All goods,0.0,0.0,0.0,India-UK CETA,29/2026-Customs
84594990,All goods,0.0,0.0,0.0,India-UK CETA,29/2026-Customs
84595110,All goods,0.0,0.0,0.0,India-UK CETA,29/2026-Customs
84595120,All goods,0.0,0.0,0.0,India-UK CETA,29/2026-Customs
84595130,All goods,0.0,0.0,0.0,India-UK CETA,29/2026-Customs
84595190,All goods,0.0,0.0,0.0,India-UK CETA,29/2026-Customs
84595910,All goods,0.0,0.0,0.0,India-UK CETA,29/2026-Customs
84595920,All goods,0.0,0.0,0.0,India-UK CETA,29/2026-Customs
84595930,All goods,0.0,0.0,0.0,India-UK CETA,29/2026-Customs
84595940,All goods,0.0,0.0,0.0,India-UK CETA,29/2026-Customs
84595950,All goods,0.0,0.0,0.0,India-UK CETA,29/2026-Customs
84595990,All goods,0.0,0.0,0.0,India-UK CETA,29/2026-Customs
84596110,All goods,0.0,0.0,0.0,India-UK CETA,29/2026-Customs
84596190,All goods,0.0,0.0,0.0,India-UK CETA,29/2026-Customs
84596910,All goods,0.0,0.0,0.0,India-UK CETA,29/2026-Customs
84596920,All goods,0.0,0.0,0.0,India-UK CETA,29/2026-Customs
84596930,All goods,0.0,0.0,0.0,India-UK CETA,29/2026-Customs
84596940,All goods,0.0,0.0,0.0,India-UK CETA,29/2026-Customs
84596990,All goods,0.0,0.0,0.0,India-UK CETA,29/2026-Customs
84597010,All goods,0.0,0.0,0.0,India-UK CETA,29/2026-Customs
84597020,All goods,0.0,0.0,0.0,India-UK CETA,29/2026-Customs
84601200,All goods,0.0,0.0,0.0,India-UK CETA,29/2026-Customs
84601900,All goods,0.0,0.0,0.0,India-UK CETA,29/2026-Customs
84602200,All goods,0.0,0.0,0.0,India-UK CETA,29/2026-Customs
84602300,All goods,6.0,0.0,0.0,India-UK CETA,29/2026-Customs
84602400,All goods,6.0,0.0,0.0,India-UK CETA,29/2026-Customs
84602910,All goods,0.0,0.0,0.0,India-UK CETA,29/2026-Customs
84602920,All goods,0.0,0.0,0.0,India-UK CETA,29/2026-Customs
84602930,All goods,0.0,0.0,0.0,India-UK CETA,29/2026-Customs
84602940,All goods,0.0,0.0,0.0,India-UK CETA,29/2026-Customs
84602990,All goods,0.0,0.0,0.0,India-UK CETA,29/2026-Customs
84603100,All goods,0.0,0.0,0.0,India-UK CETA,29/2026-Customs
84603910,All goods,0.0,0.0,0.0,India-UK CETA,29/2026-Customs
84603990,All goods,0.0,0.0,0.0,India-UK CETA,29/2026-Customs
84604011,All goods,0.0,0.0,0.0,India-UK CETA,29/2026-Customs
84604012,All goods,0.0,0.0,0.0,India-UK CETA,29/2026-Customs
84604013,All goods,0.0,0.0,0.0,India-UK CETA,29/2026-Customs
84604019,All goods,0.0,0.0,0.0,India-UK CETA,29/2026-Customs
84604020,All goods,0.0,0.0,0.0,India-UK CETA,29/2026-Customs
84609010,All goods,0.0,0.0,0.0,India-UK CETA,29/2026-Customs
84609090,All goods,0.0,0.0,0.0,India-UK CETA,29/2026-Customs
84612011,All goods,0.0,0.0,0.0,India-UK CETA,29/2026-Customs
84612019,All goods,0.0,0.0,0.0,India-UK CETA,29/2026-Customs
84612020,All goods,0.0,0.0,0.0,India-UK CETA,29/2026-Customs
84613010,All goods,0.0,0.0,0.0,India-UK CETA,29/2026-Customs
84613020,All goods,0.0,0.0,0.0,India-UK CETA,29/2026-Customs
84613090,All goods,0.0,0.0,0.0,India-UK CETA,29/2026-Customs
84614011,All goods,0.0,0.0,0.0,India-UK CETA,29/2026-Customs
84614012,All goods,0.0,0.0,0.0,India-UK CETA,29/2026-Customs
84614013,All goods,0.0,0.0,0.0,India-UK CETA,29/2026-Customs
84614014,All goods,0.0,0.0,0.0,India-UK CETA,29/2026-Customs
84614019,All goods,0.0,0.0,0.0,India-UK CETA,29/2026-Customs
84614021,All goods,0.0,0.0,0.0,India-UK CETA,29/2026-Customs
84614022,All goods,0.0,0.0,0.0,India-UK CETA,29/2026-Customs
84614023,All goods,0.0,0.0,0.0,India-UK CETA,29/2026-Customs
84614024,All goods,0.0,0.0,0.0,India-UK CETA,29/2026-Customs
84614025,All goods,0.0,0.0,0.0,India-UK CETA,29/2026-Customs
84614026,All goods,0.0,0.0,0.0,India-UK CETA,29/2026-Customs
84614029,All goods,0.0,0.0,0.0,India-UK CETA,29/2026-Customs
84615011,All goods,0.0,0.0,0.0,India-UK CETA,29/2026-Customs
84615012,All goods,0.0,0.0,0.0,India-UK CETA,29/2026-Customs
84615013,All goods,0.0,0.0,0.0,India-UK CETA,29/2026-Customs
84615014,All goods,0.0,0.0,0.0,India-UK CETA,29/2026-Customs
84615015,All goods,0.0,0.0,0.0,India-UK CETA,29/2026-Customs
84615019,All goods,6.0,0.0,0.0,India-UK CETA,29/2026-Customs
84615021,All goods,0.0,0.0,0.0,India-UK CETA,29/2026-Customs
84615029,All goods,0.0,0.0,0.0,India-UK CETA,29/2026-Customs
84619000,All goods,0.0,0.0,0.0,India-UK CETA,29/2026-Customs
84621100,All goods,0.0,0.0,0.0,India-UK CETA,29/2026-Customs
84621900,All goods,0.0,0.0,0.0,India-UK CETA,29/2026-Customs
84622200,All goods,0.0,0.0,0.0,India-UK CETA,29/2026-Customs
84622300,All goods,0.0,0.0,0.0,India-UK CETA,29/2026-Customs
84622400,All goods,0.0,0.0,0.0,India-UK CETA,29/2026-Customs
84622500,All goods,0.0,0.0,0.0,India-UK CETA,29/2026-Customs
84622600,All goods,0.0,0.0,0.0,India-UK CETA,29/2026-Customs
84622900,All goods,0.0,0.0,0.0,India-UK CETA,29/2026-Customs
84623200,All goods,0.0,0.0,0.0,India-UK CETA,29/2026-Customs
84623300,All goods,0.0,0.0,0.0,India-UK CETA,29/2026-Customs
84623900,All goods,0.0,0.0,0.0,India-UK CETA,29/2026-Customs
84624200,All goods,6.0,0.0,0.0,India-UK CETA,29/2026-Customs
84624900,All goods,0.0,0.0,0.0,India-UK CETA,29/2026-Customs
84625100,All goods,0.0,0.0,0.0,India-UK CETA,29/2026-Customs
84625900,All goods,0.0,0.0,0.0,India-UK CETA,29/2026-Customs
84626100,All goods,0.0,0.0,0.0,India-UK CETA,29/2026-Customs
84626200,All goods,6.0,0.0,0.0,India-UK CETA,29/2026-Customs
84626300,All goods,6.0,0.0,0.0,India-UK CETA,29/2026-Customs
84626900,All goods,6.0,0.0,0.0,India-UK CETA,29/2026-Customs
84629000,All goods,6.0,0.0,0.0,India-UK CETA,29/2026-Customs
84631010,All goods,0.0,0.0,0.0,India-UK CETA,29/2026-Customs
84631020,All goods,0.0,0.0,0.0,India-UK CETA,29/2026-Customs
84631030,All goods,0.0,0.0,0.0,India-UK CETA,29/2026-Customs
84631090,All goods,0.0,0.0,0.0,India-UK CETA,29/2026-Customs
84632000,All goods,0.0,0.0,0.0,India-UK CETA,29/2026-Customs
84633010,All goods,0.0,0.0,0.0,India-UK CETA,29/2026-Customs
84633020,All goods,0.0,0.0,0.0,India-UK CETA,29/2026-Customs
84633030,All goods,0.0,0.0,0.0,India-UK CETA,29/2026-Customs
84633040,All goods,0.0,0.0,0.0,India-UK CETA,29/2026-Customs
84639010,All goods,0.0,0.0,0.0,India-UK CETA,29/2026-Customs
84639020,All goods,0.0,0.0,0.0,India-UK CETA,29/2026-Customs
84639030,All goods,0.0,0.0,0.0,India-UK CETA,29/2026-Customs
84639090,All goods,0.0,0.0,0.0,India-UK CETA,29/2026-Customs
84641010,All goods,0.0,0.0,0.0,India-UK CETA,29/2026-Customs
84641090,All goods,0.0,0.0,0.0,India-UK CETA,29/2026-Customs
84642000,All goods,0.0,0.0,0.0,India-UK CETA,29/2026-Customs
84649000,All goods,0.0,0.0,0.0,India-UK CETA,29/2026-Customs
84651000,All goods,0.0,0.0,0.0,India-UK CETA,29/2026-Customs
84652000,All goods,0.0,0.0,0.0,India-UK CETA,29/2026-Customs
84659100,All goods,0.0,0.0,0.0,India-UK CETA,29/2026-Customs
84659200,All goods,0.0,0.0,0.0,India-UK CETA,29/2026-Customs
84659300,All goods,0.0,0.0,0.0,India-UK CETA,29/2026-Customs
84659400,All goods,0.0,0.0,0.0,India-UK CETA,29/2026-Customs
84659500,All goods,0.0,0.0,0.0,India-UK CETA,29/2026-Customs
84659600,All goods,0.0,0.0,0.0,India-UK CETA,29/2026-Customs
84659910,All goods,0.0,0.0,0.0,India-UK CETA,29/2026-Customs
84659990,All goods,0.0,0.0,0.0,India-UK CETA,29/2026-Customs
84661010,All goods,0.0,0.0,0.0,India-UK CETA,29/2026-Customs
84661020,All goods,0.0,0.0,0.0,India-UK CETA,29/2026-Customs
84662000,All goods,0.0,0.0,0.0,India-UK CETA,29/2026-Customs
84663010,All goods,0.0,0.0,0.0,India-UK CETA,29/2026-Customs
84663020,All goods,6.0,0.0,0.0,India-UK CETA,29/2026-Customs
84663090,All goods,0.0,0.0,0.0,India-UK CETA,29/2026-Customs
84669100,All goods,0.0,0.0,0.0,India-UK CETA,29/2026-Customs
84669200,All goods,0.0,0.0,0.0,India-UK CETA,29/2026-Customs
84669310,All goods,6.0,0.0,0.0,India-UK CETA,29/2026-Customs
84669390,All goods,6.0,0.0,0.0,India-UK CETA,29/2026-Customs
84669400,All goods,6.0,0.0,0.0,India-UK CETA,29/2026-Customs
84671110,All goods,0.0,0.0,0.0,India-UK CETA,29/2026-Customs
84671120,All goods,0.0,0.0,0.0,India-UK CETA,29/2026-Customs
84671190,All goods,6.0,0.0,0.0,India-UK CETA,29/2026-Customs
84671900,All goods,6.0,0.0,0.0,India-UK CETA,29/2026-Customs
84672100,All goods,6.8,0.0,0.0,India-UK CETA,29/2026-Customs
84672200,All goods,0.0,0.0,0.0,India-UK CETA,29/2026-Customs
84672900,All goods,0.0,0.0,0.0,India-UK CETA,29/2026-Customs
84678100,All goods,0.0,0.0,0.0,India-UK CETA,29/2026-Customs
84678910,All goods,0.0,0.0,0.0,India-UK CETA,29/2026-Customs
84678920,All goods,0.0,0.0,0.0,India-UK CETA,29/2026-Customs
84678990,All goods,0.0,0.0,0.0,India-UK CETA,29/2026-Customs
84679100,All goods,0.0,0.0,0.0,India-UK CETA,29/2026-Customs
84679200,All goods,0.0,0.0,0.0,India-UK CETA,29/2026-Customs
84679900,All goods,6.8,0.0,0.0,India-UK CETA,29/2026-Customs
84681000,All goods,0.0,0.0,0.0,India-UK CETA,29/2026-Customs
84682010,All goods,0.0,0.0,0.0,India-UK CETA,29/2026-Customs
84682090,All goods,0.0,0.0,0.0,India-UK CETA,29/2026-Customs
84688000,All goods,0.0,0.0,0.0,India-UK CETA,29/2026-Customs
84689000,All goods,0.0,0.0,0.0,India-UK CETA,29/2026-Customs
84701000,All goods,0.0,0.0,0.0,India-UK CETA,29/2026-Customs
84702100,All goods,0.0,0.0,0.0,India-UK CETA,29/2026-Customs
84702900,All goods,0.0,0.0,0.0,India-UK CETA,29/2026-Customs
84703000,All goods,0.0,0.0,0.0,India-UK CETA,29/2026-Customs
84705010,All goods,0.0,0.0,0.0,India-UK CETA,29/2026-Customs
84705020,All goods,0.0,0.0,0.0,India-UK CETA,29/2026-Customs
84709010,All goods,0.0,0.0,0.0,India-UK CETA,29/2026-Customs
84709020,All goods,0.0,0.0,0.0,India-UK CETA,29/2026-Customs
84713010,All goods,0.0,0.0,0.0,India-UK CETA,29/2026-Customs
84713090,All goods,0.0,0.0,0.0,India-UK CETA,29/2026-Customs
84714110,All goods,0.0,0.0,0.0,India-UK CETA,29/2026-Customs
84714120,All goods,0.0,0.0,0.0,India-UK CETA,29/2026-Customs
84714190,All goods,0.0,0.0,0.0,India-UK CETA,29/2026-Customs
84714900,All goods,0.0,0.0,0.0,India-UK CETA,29/2026-Customs
84715000,All goods,0.0,0.0,0.0,India-UK CETA,29/2026-Customs
84716010,All goods,0.0,0.0,0.0,India-UK CETA,29/2026-Customs
84716024,All goods,0.0,0.0,0.0,India-UK CETA,29/2026-Customs
84716025,All goods,0.0,0.0,0.0,India-UK CETA,29/2026-Customs
84716029,All goods,0.0,0.0,0.0,India-UK CETA,29/2026-Customs
84716040,All goods,0.0,0.0,0.0,India-UK CETA,29/2026-Customs
84716050,All goods,0.0,0.0,0.0,India-UK CETA,29/2026-Customs
84716060,All goods,0.0,0.0,0.0,India-UK CETA,29/2026-Customs
84716090,All goods,0.0,0.0,0.0,India-UK CETA,29/2026-Customs
84717010,All goods,0.0,0.0,0.0,India-UK CETA,29/2026-Customs
84717020,All goods,0.0,0.0,0.0,India-UK CETA,29/2026-Customs
84717030,All goods,0.0,0.0,0.0,India-UK CETA,29/2026-Customs
84717040,All goods,0.0,0.0,0.0,India-UK CETA,29/2026-Customs
84717050,All goods,0.0,0.0,0.0,India-UK CETA,29/2026-Customs
84717060,All goods,0.0,0.0,0.0,India-UK CETA,29/2026-Customs
84717070,All goods,0.0,0.0,0.0,India-UK CETA,29/2026-Customs
84717090,All goods,0.0,0.0,0.0,India-UK CETA,29/2026-Customs
84718000,All goods,0.0,0.0,0.0,India-UK CETA,29/2026-Customs
84719000,All goods,0.0,0.0,0.0,India-UK CETA,29/2026-Customs
84721000,All goods,0.0,0.0,0.0,India-UK CETA,29/2026-Customs
84723000,All goods,0.0,0.0,0.0,India-UK CETA,29/2026-Customs
84729010,All goods,0.0,0.0,0.0,India-UK CETA,29/2026-Customs
84729020,All goods,0.0,0.0,0.0,India-UK CETA,29/2026-Customs
84729030,All goods,0.0,0.0,0.0,India-UK CETA,29/2026-Customs
84729040,All goods,0.0,0.0,0.0,India-UK CETA,29/2026-Customs
84729091,All goods,0.0,0.0,0.0,India-UK CETA,29/2026-Customs
84729092,All goods,0.0,0.0,0.0,India-UK CETA,29/2026-Customs
84729093,All goods,0.0,0.0,0.0,India-UK CETA,29/2026-Customs
84729094,All goods,0.0,0.0,0.0,India-UK CETA,29/2026-Customs
84729095,All goods,0.0,0.0,0.0,India-UK CETA,29/2026-Customs
84729099,All goods,6.0,0.0,0.0,India-UK CETA,29/2026-Customs
84732100,All goods,0.0,0.0,0.0,India-UK CETA,29/2026-Customs
84732900,All goods,0.0,0.0,0.0,India-UK CETA,29/2026-Customs
84733010,All goods,0.0,0.0,0.0,India-UK CETA,29/2026-Customs
84733020,All goods,0.0,0.0,0.0,India-UK CETA,29/2026-Customs
84733030,All goods,0.0,0.0,0.0,India-UK CETA,29/2026-Customs
84733040,All goods,0.0,0.0,0.0,India-UK CETA,29/2026-Customs
84733091,All goods,0.0,0.0,0.0,India-UK CETA,29/2026-Customs
84733092,All goods,0.0,0.0,0.0,India-UK CETA,29/2026-Customs
84733099,All goods,0.0,0.0,0.0,India-UK CETA,29/2026-Customs
84734010,All goods,0.0,0.0,0.0,India-UK CETA,29/2026-Customs
84734090,All goods,6.0,0.0,0.0,India-UK CETA,29/2026-Customs
84735000,All goods,0.0,0.0,0.0,India-UK CETA,29/2026-Customs
84741010,All goods,0.0,0.0,0.0,India-UK CETA,29/2026-Customs
84741090,All goods,6.0,0.0,0.0,India-UK CETA,29/2026-Customs
84742010,All goods,0.0,0.0,0.0,India-UK CETA,29/2026-Customs
84742020,All goods,0.0,0.0,0.0,India-UK CETA,29/2026-Customs
84742090,All goods,0.0,0.0,0.0,India-UK CETA,29/2026-Customs
84743110,All goods,0.0,0.0,0.0,India-UK CETA,29/2026-Customs
84743120,All goods,0.0,0.0,0.0,India-UK CETA,29/2026-Customs
84743200,All goods,0.0,0.0,0.0,India-UK CETA,29/2026-Customs
84743900,All goods,0.0,0.0,0.0,India-UK CETA,29/2026-Customs
84748010,All goods,0.0,0.0,0.0,India-UK CETA,29/2026-Customs
84748020,All goods,0.0,0.0,0.0,India-UK CETA,29/2026-Customs
84748030,All goods,0.0,0.0,0.0,India-UK CETA,29/2026-Customs
84748090,All goods,0.0,0.0,0.0,India-UK CETA,29/2026-Customs
84749000,All goods,0.0,0.0,0.0,India-UK CETA,29/2026-Customs
84751000,All goods,0.0,0.0,0.0,India-UK CETA,29/2026-Customs
84752100,All goods,6.0,0.0,0.0,India-UK CETA,29/2026-Customs
84752900,All goods,0.0,0.0,0.0,India-UK CETA,29/2026-Customs
84759000,All goods,0.0,0.0,0.0,India-UK CETA,29/2026-Customs
84762110,All goods,0.0,0.0,0.0,India-UK CETA,29/2026-Customs
84762120,All goods,0.0,0.0,0.0,India-UK CETA,29/2026-Customs
84762900,All goods,0.0,0.0,0.0,India-UK CETA,29/2026-Customs
84768110,All goods,0.0,0.0,0.0,India-UK CETA,29/2026-Customs
84768120,All goods,0.0,0.0,0.0,India-UK CETA,29/2026-Customs
84768910,All goods,0.0,0.0,0.0,India-UK CETA,29/2026-Customs
84768920,All goods,0.0,0.0,0.0,India-UK CETA,29/2026-Customs
84768930,All goods,0.0,0.0,0.0,India-UK CETA,29/2026-Customs
84768990,All goods,0.0,0.0,0.0,India-UK CETA,29/2026-Customs
84769010,All goods,0.0,0.0,0.0,India-UK CETA,29/2026-Customs
84769090,All goods,0.0,0.0,0.0,India-UK CETA,29/2026-Customs
84771000,All goods,0.0,0.0,0.0,India-UK CETA,29/2026-Customs
84772000,All goods,0.0,0.0,0.0,India-UK CETA,29/2026-Customs
84773000,All goods,0.0,0.0,0.0,India-UK CETA,29/2026-Customs
84774000,All goods,0.0,0.0,0.0,India-UK CETA,29/2026-Customs
84775100,All goods,0.0,0.0,0.0,India-UK CETA,29/2026-Customs
84775900,All goods,0.0,0.0,0.0,India-UK CETA,29/2026-Customs
84778010,All goods,6.0,0.0,0.0,India-UK CETA,29/2026-Customs
84778090,All goods,0.0,0.0,0.0,India-UK CETA,29/2026-Customs
84779000,All goods,0.0,0.0,0.0,India-UK CETA,29/2026-Customs
84781010,All goods,0.0,0.0,0.0,India-UK CETA,29/2026-Customs
84781020,All goods,0.0,0.0,0.0,India-UK CETA,29/2026-Customs
84781090,All goods,0.0,0.0,0.0,India-UK CETA,29/2026-Customs
84789000,All goods,0.0,0.0,0.0,India-UK CETA,29/2026-Customs
84791000,All goods,0.0,0.0,0.0,India-UK CETA,29/2026-Customs
84792010,All goods,0.0,0.0,0.0,India-UK CETA,29/2026-Customs
84792090,All goods,6.8,0.0,0.0,India-UK CETA,29/2026-Customs
84793000,All goods,0.0,0.0,0.0,India-UK CETA,29/2026-Customs
84794000,All goods,0.0,0.0,0.0,India-UK CETA,29/2026-Customs
84795000,All goods,0.0,0.0,0.0,India-UK CETA,29/2026-Customs
84796000,All goods,0.0,0.0,0.0,India-UK CETA,29/2026-Customs
84797100,All goods,0.0,0.0,0.0,India-UK CETA,29/2026-Customs
84797900,All goods,0.0,0.0,0.0,India-UK CETA,29/2026-Customs
84798100,All goods,0.0,0.0,0.0,India-UK CETA,29/2026-Customs
84798200,All goods,0.0,0.0,0.0,India-UK CETA,29/2026-Customs
84798300,All goods,0.0,0.0,0.0,India-UK CETA,29/2026-Customs
84798910,All goods,0.0,0.0,0.0,India-UK CETA,29/2026-Customs
84798920,All goods,0.0,0.0,0.0,India-UK CETA,29/2026-Customs
84798930,All goods,0.0,0.0,0.0,India-UK CETA,29/2026-Customs
84798940,All goods,0.0,0.0,0.0,India-UK CETA,29/2026-Customs
84798950,All goods,0.0,0.0,0.0,India-UK CETA,29/2026-Customs
84798960,All goods,6.8,0.0,0.0,India-UK CETA,29/2026-Customs
84798970,All goods,6.0,0.0,0.0,India-UK CETA,29/2026-Customs
84798980,All goods,6.0,0.0,0.0,India-UK CETA,29/2026-Customs
84798992,All goods,0.0,0.0,0.0,India-UK CETA,29/2026-Customs
84798999,All goods,6.0,0.0,0.0,India-UK CETA,29/2026-Customs
84799010,All goods,0.0,0.0,0.0,India-UK CETA,29/2026-Customs
84799020,All goods,0.0,0.0,0.0,India-UK CETA,29/2026-Customs
84799030,All goods,0.0,0.0,0.0,India-UK CETA,29/2026-Customs
84799040,All goods,0.0,0.0,0.0,India-UK CETA,29/2026-Customs
84799090,All goods,6.0,0.0,0.0,India-UK CETA,29/2026-Customs
84801000,All goods,0.0,0.0,0.0,India-UK CETA,29/2026-Customs
84802000,All goods,0.0,0.0,0.0,India-UK CETA,29/2026-Customs
84803000,All goods,0.0,0.0,0.0,India-UK CETA,29/2026-Customs
84804100,All goods,0.0,0.0,0.0,India-UK CETA,29/2026-Customs
84804900,All goods,0.0,0.0,0.0,India-UK CETA,29/2026-Customs
84805000,All goods,0.0,0.0,0.0,India-UK CETA,29/2026-Customs
84806000,All goods,0.0,0.0,0.0,India-UK CETA,29/2026-Customs
84807100,All goods,0.0,0.0,0.0,India-UK CETA,29/2026-Customs
84807900,All goods,0.0,0.0,0.0,India-UK CETA,29/2026-Customs
84811000,All goods,0.0,0.0,0.0,India-UK CETA,29/2026-Customs
84812000,All goods,6.0,0.0,0.0,India-UK CETA,29/2026-Customs
84813000,All goods,6.8,0.0,0.0,India-UK CETA,29/2026-Customs
84814000,All goods,0.0,0.0,0.0,India-UK CETA,29/2026-Customs
84818010,All goods,6.8,0.0,0.0,India-UK CETA,29/2026-Customs
84818020,All goods,6.8,0.0,0.0,India-UK CETA,29/2026-Customs
84818030,All goods,6.0,0.0,0.0,India-UK CETA,29/2026-Customs
84818041,All goods,0.0,0.0,0.0,India-UK CETA,29/2026-Customs
84818049,All goods,6.8,0.0,0.0,India-UK CETA,29/2026-Customs
84818050,All goods,6.8,0.0,0.0,India-UK CETA,29/2026-Customs
84818090,All goods,6.8,0.0,0.0,India-UK CETA,29/2026-Customs
84819010,All goods,0.0,0.0,0.0,India-UK CETA,29/2026-Customs
84819090,All goods,6.0,0.0,0.0,India-UK CETA,29/2026-Customs
84821011,All goods,6.0,0.0,0.0,India-UK CETA,29/2026-Customs
84821012,All goods,6.8,0.0,0.0,India-UK CETA,29/2026-Customs
84821013,All goods,6.8,0.0,0.0,India-UK CETA,29/2026-Customs
84821020,All goods,6.8,0.0,0.0,India-UK CETA,29/2026-Customs
84821030,All goods,6.8,0.0,0.0,India-UK CETA,29/2026-Customs
84821040,All goods,0.0,0.0,0.0,India-UK CETA,29/2026-Customs
84821051,All goods,0.0,0.0,0.0,India-UK CETA,29/2026-Customs
84821052,All goods,6.0,0.0,0.0,India-UK CETA,29/2026-Customs
84821053,All goods,6.0,0.0,0.0,India-UK CETA,29/2026-Customs
84821090,All goods,6.0,0.0,0.0,India-UK CETA,29/2026-Customs
84822011,All goods,6.0,0.0,0.0,India-UK CETA,29/2026-Customs
84822012,All goods,6.0,0.0,0.0,India-UK CETA,29/2026-Customs
84822013,All goods,6.0,0.0,0.0,India-UK CETA,29/2026-Customs
84822090,All goods,6.0,0.0,0.0,India-UK CETA,29/2026-Customs
84823000,All goods,6.8,0.0,0.0,India-UK CETA,29/2026-Customs
84824000,All goods,0.0,0.0,0.0,India-UK CETA,29/2026-Customs
84825000,All goods,6.8,0.0,0.0,India-UK CETA,29/2026-Customs
84828000,All goods,0.0,0.0,0.0,India-UK CETA,29/2026-Customs
84829111,All goods,0.0,0.0,0.0,India-UK CETA,29/2026-Customs
84829112,All goods,0.0,0.0,0.0,India-UK CETA,29/2026-Customs
84829113,All goods,6.8,0.0,0.0,India-UK CETA,29/2026-Customs
84829114,All goods,0.0,0.0,0.0,India-UK CETA,29/2026-Customs
84829119,All goods,6.8,0.0,0.0,India-UK CETA,29/2026-Customs
84829120,All goods,0.0,0.0,0.0,India-UK CETA,29/2026-Customs
84829130,All goods,0.0,0.0,0.0,India-UK CETA,29/2026-Customs
84829900,All goods,6.0,0.0,0.0,India-UK CETA,29/2026-Customs
84831010,All goods,0.0,0.0,0.0,India-UK CETA,29/2026-Customs
84831091,All goods,13.6,0.0,0.0,India-UK CETA,29/2026-Customs
84831092,All goods,12.0,0.0,0.0,India-UK CETA,29/2026-Customs
84831099,All goods,6.0,0.0,0.0,India-UK CETA,29/2026-Customs
84832000,All goods,6.0,0.0,0.0,India-UK CETA,29/2026-Customs
84833000,All goods,6.0,0.0,0.0,India-UK CETA,29/2026-Customs
84834000,All goods,6.0,0.0,0.0,India-UK CETA,29/2026-Customs
84835010,All goods,0.0,0.0,0.0,India-UK CETA,29/2026-Customs
84835090,All goods,0.0,0.0,0.0,India-UK CETA,29/2026-Customs
84836010,All goods,0.0,0.0,0.0,India-UK CETA,29/2026-Customs
84836020,All goods,0.0,0.0,0.0,India-UK CETA,29/2026-Customs
84836090,All goods,0.0,0.0,0.0,India-UK CETA,29/2026-Customs
84839000,All goods,6.0,0.0,0.0,India-UK CETA,29/2026-Customs
84841010,All goods,6.8,0.0,0.0,India-UK CETA,29/2026-Customs
84841090,All goods,6.5,0.0,0.0,India-UK CETA,29/2026-Customs
84842000,All goods,6.8,0.0,0.0,India-UK CETA,29/2026-Customs
84849000,All goods,6.5,0.0,0.0,India-UK CETA,29/2026-Customs
84851000,All goods,0.0,0.0,0.0,India-UK CETA,29/2026-Customs
84852000,All goods,0.0,0.0,0.0,India-UK CETA,29/2026-Customs
84853000,All goods,6.8,0.0,0.0,India-UK CETA,29/2026-Customs
84858000,All goods,6.8,0.0,0.0,India-UK CETA,29/2026-Customs
84859000,All goods,6.8,0.0,0.0,India-UK CETA,29/2026-Customs
84861000,All goods,0.0,0.0,0.0,India-UK CETA,29/2026-Customs
84862000,All goods,6.0,0.0,0.0,India-UK CETA,29/2026-Customs
84863000,All goods,6.0,0.0,0.0,India-UK CETA,29/2026-Customs
84864000,All goods,0.0,0.0,0.0,India-UK CETA,29/2026-Customs
84869000,All goods,0.0,0.0,0.0,India-UK CETA,29/2026-Customs
84871000,All goods,6.0,0.0,0.0,India-UK CETA,29/2026-Customs
84879000,All goods,6.0,0.0,0.0,India-UK CETA,29/2026-Customs
85011011,All goods,9.0,0.0,0.0,India-UK CETA,29/2026-Customs
85011012,All goods,9.0,0.0,0.0,India-UK CETA,29/2026-Customs
85011013,All goods,9.0,0.0,0.0,India-UK CETA,29/2026-Customs
85011019,All goods,0.0,0.0,0.0,India-UK CETA,29/2026-Customs
85011020,All goods,9.0,0.0,0.0,India-UK CETA,29/2026-Customs
85012000,All goods,8.0,0.0,0.0,India-UK CETA,29/2026-Customs
85013111,All goods,0.0,0.0,0.0,India-UK CETA,29/2026-Customs
85013112,All goods,0.0,0.0,0.0,India-UK CETA,29/2026-Customs
85013113,All goods,0.0,0.0,0.0,India-UK CETA,29/2026-Customs
85013119,All goods,8.0,0.0,0.0,India-UK CETA,29/2026-Customs
85013120,All goods,8.0,0.0,0.0,India-UK CETA,29/2026-Customs
85013210,All goods,0.0,0.0,0.0,India-UK CETA,29/2026-Customs
85013220,All goods,9.0,0.0,0.0,India-UK CETA,29/2026-Customs
85013310,All goods,0.0,0.0,0.0,India-UK CETA,29/2026-Customs
85013320,All goods,0.0,0.0,0.0,India-UK CETA,29/2026-Customs
85013410,All goods,0.0,0.0,0.0,India-UK CETA,29/2026-Customs
85013420,All goods,0.0,0.0,0.0,India-UK CETA,29/2026-Customs
85013430,All goods,0.0,0.0,0.0,India-UK CETA,29/2026-Customs
85013440,All goods,0.0,0.0,0.0,India-UK CETA,29/2026-Customs
85013450,All goods,0.0,0.0,0.0,India-UK CETA,29/2026-Customs
85014010,All goods,0.0,0.0,0.0,India-UK CETA,29/2026-Customs
85014090,All goods,0.0,0.0,0.0,India-UK CETA,29/2026-Customs
85015110,All goods,0.0,0.0,0.0,India-UK CETA,29/2026-Customs
85015120,All goods,0.0,0.0,0.0,India-UK CETA,29/2026-Customs
85015190,All goods,0.0,0.0,0.0,India-UK CETA,29/2026-Customs
85015210,All goods,8.6,0.0,0.0,India-UK CETA,29/2026-Customs
85015220,All goods,0.0,0.0,0.0,India-UK CETA,29/2026-Customs
85015290,All goods,0.0,0.0,0.0,India-UK CETA,29/2026-Customs
85015310,All goods,8.0,0.0,0.0,India-UK CETA,29/2026-Customs
85015320,All goods,8.0,0.0,0.0,India-UK CETA,29/2026-Customs
85015330,All goods,8.6,0.0,0.0,India-UK CETA,29/2026-Customs
85015390,All goods,8.0,0.0,0.0,India-UK CETA,29/2026-Customs
85016100,All goods,9.0,0.0,0.0,India-UK CETA,29/2026-Customs
85016200,All goods,8.6,0.0,0.0,India-UK CETA,29/2026-Customs
85016300,All goods,0.0,0.0,0.0,India-UK CETA,29/2026-Customs
85016410,All goods,0.0,0.0,0.0,India-UK CETA,29/2026-Customs
85016420,All goods,9.0,0.0,0.0,India-UK CETA,29/2026-Customs
85016430,All goods,0.0,0.0,0.0,India-UK CETA,29/2026-Customs
85016440,All goods,0.0,0.0,0.0,India-UK CETA,29/2026-Customs
85016450,All goods,0.0,0.0,0.0,India-UK CETA,29/2026-Customs
85016460,All goods,0.0,0.0,0.0,India-UK CETA,29/2026-Customs
85016470,All goods,0.0,0.0,0.0,India-UK CETA,29/2026-Customs
85016480,All goods,0.0,0.0,0.0,India-UK CETA,29/2026-Customs
85017100,All goods,9.0,0.0,0.0,India-UK CETA,29/2026-Customs
85017200,All goods,9.0,0.0,0.0,India-UK CETA,29/2026-Customs
85018000,All goods,9.0,0.0,0.0,India-UK CETA,29/2026-Customs
85021100,All goods,0.0,0.0,0.0,India-UK CETA,29/2026-Customs
85021200,All goods,0.0,0.0,0.0,India-UK CETA,29/2026-Customs
85021310,All goods,6.0,0.0,0.0,India-UK CETA,29/2026-Customs
85021320,All goods,6.0,0.0,0.0,India-UK CETA,29/2026-Customs
85021330,All goods,6.8,0.0,0.0,India-UK CETA,29/2026-Customs
85021340,All goods,6.0,0.0,0.0,India-UK CETA,29/2026-Customs
85021350,All goods,6.0,0.0,0.0,India-UK CETA,29/2026-Customs
85021360,All goods,6.0,0.0,0.0,India-UK CETA,29/2026-Customs
85022010,All goods,0.0,0.0,0.0,India-UK CETA,29/2026-Customs
85022090,All goods,6.0,0.0,0.0,India-UK CETA,29/2026-Customs
85023100,All goods,0.0,0.0,0.0,India-UK CETA,29/2026-Customs
85023910,All goods,0.0,0.0,0.0,India-UK CETA,29/2026-Customs
85023920,All goods,0.0,0.0,0.0,India-UK CETA,29/2026-Customs
85023990,All goods,6.0,0.0,0.0,India-UK CETA,29/2026-Customs
85024000,All goods,0.0,0.0,0.0,India-UK CETA,29/2026-Customs
85030010,All goods,6.0,0.0,0.0,India-UK CETA,29/2026-Customs
85030021,All goods,6.5,0.0,0.0,India-UK CETA,29/2026-Customs
85030029,All goods,6.5,0.0,0.0,India-UK CETA,29/2026-Customs
85030090,All goods,6.0,0.0,0.0,India-UK CETA,29/2026-Customs
85041010,All goods,6.0,0.0,0.0,India-UK CETA,29/2026-Customs
85041020,All goods,6.0,0.0,0.0,India-UK CETA,29/2026-Customs
85041090,All goods,6.0,0.0,0.0,India-UK CETA,29/2026-Customs
85042100,All goods,0.0,0.0,0.0,India-UK CETA,29/2026-Customs
85042200,All goods,0.0,0.0,0.0,India-UK CETA,29/2026-Customs
85042310,All goods,0.0,0.0,0.0,India-UK CETA,29/2026-Customs
85042320,All goods,0.0,0.0,0.0,India-UK CETA,29/2026-Customs
85042330,All goods,0.0,0.0,0.0,India-UK CETA,29/2026-Customs
85042340,All goods,0.0,0.0,0.0,India-UK CETA,29/2026-Customs
85043100,All goods,9.0,0.0,0.0,India-UK CETA,29/2026-Customs
85043200,All goods,8.0,0.0,0.0,India-UK CETA,29/2026-Customs
85043300,All goods,0.0,0.0,0.0,India-UK CETA,29/2026-Customs
85043400,All goods,0.0,0.0,0.0,India-UK CETA,29/2026-Customs
85044010,All goods,19.0,0.0,0.0,India-UK CETA,29/2026-Customs
85044021,All goods,18.0,0.0,0.0,India-UK CETA,29/2026-Customs
85044030,All goods,16.0,0.0,0.0,India-UK CETA,29/2026-Customs
85044040,All goods,18.0,0.0,0.0,India-UK CETA,29/2026-Customs
85044090,All goods,16.0,0.0,0.0,India-UK CETA,29/2026-Customs
85045010,All goods,0.0,0.0,0.0,India-UK CETA,29/2026-Customs
85045090,All goods,6.0,0.0,0.0,India-UK CETA,29/2026-Customs
85049010,All goods,9.0,0.0,0.0,India-UK CETA,29/2026-Customs
85049090,All goods other than (a) PCBA of charger or power adapter (b) Moulded plastic of charger or power adapter,8.7,0.0,0.0,India-UK CETA,29/2026-Customs
85049090,(a) PCBA of charger or power adapter (b) Moulded plastic of charger or power adapter,13.0,0.0,0.0,India-UK CETA,29/2026-Customs
85051110,All goods,0.0,0.0,0.0,India-UK CETA,29/2026-Customs
85051190,All goods,0.0,0.0,0.0,India-UK CETA,29/2026-Customs
85051900,All goods,0.0,0.0,0.0,India-UK CETA,29/2026-Customs
85052000,All goods,0.0,0.0,0.0,India-UK CETA,29/2026-Customs
85059000,All goods,0.0,0.0,0.0,India-UK CETA,29/2026-Customs
85061000,All goods,0.0,0.0,0.0,India-UK CETA,29/2026-Customs
85063000,All goods,0.0,0.0,0.0,India-UK CETA,29/2026-Customs
85064000,All goods,0.0,0.0,0.0,India-UK CETA,29/2026-Customs
85065000,All goods,0.0,0.0,0.0,India-UK CETA,29/2026-Customs
85066000,All goods,0.0,0.0,0.0,India-UK CETA,29/2026-Customs
85068010,All goods,0.0,0.0,0.0,India-UK CETA,29/2026-Customs
85068090,All goods,0.0,0.0,0.0,India-UK CETA,29/2026-Customs
85069000,All goods,0.0,0.0,0.0,India-UK CETA,29/2026-Customs
85071000,All goods,8.0,0.0,0.0,India-UK CETA,29/2026-Customs
85072000,All goods,8.0,0.0,0.0,India-UK CETA,29/2026-Customs
85073000,All goods,0.0,0.0,0.0,India-UK CETA,29/2026-Customs
85075000,All goods,0.0,0.0,0.0,India-UK CETA,29/2026-Customs
85076000,All goods,0.0,0.0,0.0,India-UK CETA,29/2026-Customs
85078000,All goods,0.0,0.0,0.0,India-UK CETA,29/2026-Customs
85079010,All goods,0.0,0.0,0.0,India-UK CETA,29/2026-Customs
85079020,All goods,0.0,0.0,0.0,India-UK CETA,29/2026-Customs
85079090,All goods,0.0,0.0,0.0,India-UK CETA,29/2026-Customs
85081100,All goods,0.0,0.0,0.0,India-UK CETA,29/2026-Customs
85081900,All goods,0.0,0.0,0.0,India-UK CETA,29/2026-Customs
85086000,All goods,0.0,0.0,0.0,India-UK CETA,29/2026-Customs
85087000,All goods,0.0,0.0,0.0,India-UK CETA,29/2026-Customs
85094010,All goods,16.0,0.0,0.0,India-UK CETA,29/2026-Customs
85094090,All goods,16.0,0.0,0.0,India-UK CETA,29/2026-Customs
85098000,All goods,0.0,0.0,0.0,India-UK CETA,29/2026-Customs
85099000,All goods,0.0,0.0,0.0,India-UK CETA,29/2026-Customs
85101000,All goods,0.0,0.0,0.0,India-UK CETA,29/2026-Customs
85102000,All goods,0.0,0.0,0.0,India-UK CETA,29/2026-Customs
85103000,All goods,0.0,0.0,0.0,India-UK CETA,29/2026-Customs
85109000,All goods,0.0,0.0,0.0,India-UK CETA,29/2026-Customs
85111000,All goods,12.0,0.0,0.0,India-UK CETA,29/2026-Customs
85112010,All goods,12.0,0.0,0.0,India-UK CETA,29/2026-Customs
85112090,All goods,12.0,0.0,0.0,India-UK CETA,29/2026-Customs
85113010,All goods,12.0,0.0,0.0,India-UK CETA,29/2026-Customs
85113020,All goods,12.0,0.0,0.0,India-UK CETA,29/2026-Customs
85114000,All goods,12.0,0.0,0.0,India-UK CETA,29/2026-Customs
85115000,All goods,12.0,0.0,0.0,India-UK CETA,29/2026-Customs
85118000,All goods,12.0,0.0,0.0,India-UK CETA,29/2026-Customs
85119000,All goods,12.0,0.0,0.0,India-UK CETA,29/2026-Customs
85121000,All goods,0.0,0.0,0.0,India-UK CETA,29/2026-Customs
85122010,All goods,12.0,0.0,0.0,India-UK CETA,29/2026-Customs
85122020,All goods,12.0,0.0,0.0,India-UK CETA,29/2026-Customs
85122090,All goods,0.0,0.0,0.0,India-UK CETA,29/2026-Customs
85123010,All goods,0.0,0.0,0.0,India-UK CETA,29/2026-Customs
85123090,All goods,0.0,0.0,0.0,India-UK CETA,29/2026-Customs
85124000,All goods,12.0,0.0,0.0,India-UK CETA,29/2026-Customs
85129000,All goods,0.0,0.0,0.0,India-UK CETA,29/2026-Customs
85131010,All goods,0.0,0.0,0.0,India-UK CETA,29/2026-Customs
85131020,All goods,0.0,0.0,0.0,India-UK CETA,29/2026-Customs
85131030,All goods,0.0,0.0,0.0,India-UK CETA,29/2026-Customs
85131040,All goods,0.0,0.0,0.0,India-UK CETA,29/2026-Customs
85131090,All goods,0.0,0.0,0.0,India-UK CETA,29/2026-Customs
85139000,All goods,0.0,0.0,0.0,India-UK CETA,29/2026-Customs
85141100,All goods,0.0,0.0,0.0,India-UK CETA,29/2026-Customs
85141900,All goods,6.0,0.0,0.0,India-UK CETA,29/2026-Customs
85142000,All goods,0.0,0.0,0.0,India-UK CETA,29/2026-Customs
85143100,All goods,0.0,0.0,0.0,India-UK CETA,29/2026-Customs
85143200,All goods,0.0,0.0,0.0,India-UK CETA,29/2026-Customs
85143900,All goods,0.0,0.0,0.0,India-UK CETA,29/2026-Customs
85144000,All goods,6.0,0.0,0.0,India-UK CETA,29/2026-Customs
85149000,All goods,6.8,0.0,0.0,India-UK CETA,29/2026-Customs
85151100,All goods,0.0,0.0,0.0,India-UK CETA,29/2026-Customs
85151900,All goods,0.0,0.0,0.0,India-UK CETA,29/2026-Customs
85152110,All goods,0.0,0.0,0.0,India-UK CETA,29/2026-Customs
85152120,All goods,0.0,0.0,0.0,India-UK CETA,29/2026-Customs
85152190,All goods,0.0,0.0,0.0,India-UK CETA,29/2026-Customs
85152900,All goods,0.0,0.0,0.0,India-UK CETA,29/2026-Customs
85153100,All goods,0.0,0.0,0.0,India-UK CETA,29/2026-Customs
85153910,All goods,0.0,0.0,0.0,India-UK CETA,29/2026-Customs
85153920,All goods,0.0,0.0,0.0,India-UK CETA,29/2026-Customs
85153990,All goods,0.0,0.0,0.0,India-UK CETA,29/2026-Customs
85158010,All goods,0.0,0.0,0.0,India-UK CETA,29/2026-Customs
85158090,All goods,0.0,0.0,0.0,India-UK CETA,29/2026-Customs
85159000,All goods,0.0,0.0,0.0,India-UK CETA,29/2026-Customs
85161000,All goods,0.0,0.0,0.0,India-UK CETA,29/2026-Customs
85162100,All goods,0.0,0.0,0.0,India-UK CETA,29/2026-Customs
85162900,All goods,0.0,0.0,0.0,India-UK CETA,29/2026-Customs
85163100,All goods,0.0,0.0,0.0,India-UK CETA,29/2026-Customs
85163200,All goods,0.0,0.0,0.0,India-UK CETA,29/2026-Customs
85163300,All goods,0.0,0.0,0.0,India-UK CETA,29/2026-Customs
85164000,All goods,16.0,0.0,0.0,India-UK CETA,29/2026-Customs
85165000,All goods,0.0,0.0,0.0,India-UK CETA,29/2026-Customs
85166000,All goods,0.0,0.0,0.0,India-UK CETA,29/2026-Customs
85167100,All goods,16.0,0.0,0.0,India-UK CETA,29/2026-Customs
85167200,All goods,16.0,0.0,0.0,India-UK CETA,29/2026-Customs
85167910,All goods,0.0,0.0,0.0,India-UK CETA,29/2026-Customs
85167920,All goods,0.0,0.0,0.0,India-UK CETA,29/2026-Customs
85167990,All goods,0.0,0.0,0.0,India-UK CETA,29/2026-Customs
85168000,All goods,16.0,0.0,0.0,India-UK CETA,29/2026-Customs
85169000,All goods,0.0,0.0,0.0,India-UK CETA,29/2026-Customs
85171110,All goods,0.0,0.0,0.0,India-UK CETA,29/2026-Customs
85171190,All goods,0.0,0.0,0.0,India-UK CETA,29/2026-Customs
85171400,All goods,18.0,0.0,0.0,India-UK CETA,29/2026-Customs
85171810,All goods,0.0,0.0,0.0,India-UK CETA,29/2026-Customs
85171890,All goods,0.0,0.0,0.0,India-UK CETA,29/2026-Customs
85176210,All goods,0.0,0.0,0.0,India-UK CETA,29/2026-Customs
85176220,All goods,0.0,0.0,0.0,India-UK CETA,29/2026-Customs
85176230,All goods,0.0,0.0,0.0,India-UK CETA,29/2026-Customs
85176250,All goods,0.0,0.0,0.0,India-UK CETA,29/2026-Customs
85176260,All goods,0.0,0.0,0.0,India-UK CETA,29/2026-Customs
85176270,All goods,0.0,0.0,0.0,India-UK CETA,29/2026-Customs
85176290,High Bit Rate Digital Subscriber Line System (Hdsl),0.0,0.0,0.0,India-UK CETA,29/2026-Customs
85176910,All goods,0.0,0.0,0.0,India-UK CETA,29/2026-Customs
85176920,All goods,0.0,0.0,0.0,India-UK CETA,29/2026-Customs
85176940,All goods,0.0,0.0,0.0,India-UK CETA,29/2026-Customs
85176960,All goods,0.0,0.0,0.0,India-UK CETA,29/2026-Customs
85176970,All goods,0.0,0.0,0.0,India-UK CETA,29/2026-Customs
85176990,Subscriber end equipment,0.0,0.0,0.0,India-UK CETA,29/2026-Customs
85177910,"Populated, Loaded Or Stuffed Printed Circuit Boards - PCBA (other than those for cellular mobile phones)",0.0,0.0,0.0,India-UK CETA,29/2026-Customs
85177910,PCBA for cellular mobile phones,18.0,0.0,0.0,India-UK CETA,29/2026-Customs
85181000,All goods,8.0,0.0,0.0,India-UK CETA,29/2026-Customs
85182110,All goods,16.0,0.0,0.0,India-UK CETA,29/2026-Customs
85182190,All goods,16.0,0.0,0.0,India-UK CETA,29/2026-Customs
85182210,All goods,16.0,0.0,0.0,India-UK CETA,29/2026-Customs
85182290,All goods,16.0,0.0,0.0,India-UK CETA,29/2026-Customs
85182910,All goods,16.0,0.0,0.0,India-UK CETA,29/2026-Customs
85182990,All goods,16.0,0.0,0.0,India-UK CETA,29/2026-Customs
85183011,All goods,17.2,0.0,0.0,India-UK CETA,29/2026-Customs
85183019,All goods,17.2,0.0,0.0,India-UK CETA,29/2026-Customs
85183020,All goods,17.2,0.0,0.0,India-UK CETA,29/2026-Customs
85183090,All goods,17.2,0.0,0.0,India-UK CETA,29/2026-Customs
85184000,All goods,8.0,0.0,0.0,India-UK CETA,29/2026-Customs
85185000,All goods,8.0,0.0,0.0,India-UK CETA,29/2026-Customs
85189000,All goods,8.0,0.0,0.0,India-UK CETA,29/2026-Customs
85192000,All goods,0.0,0.0,0.0,India-UK CETA,29/2026-Customs
85193000,All goods,0.0,0.0,0.0,India-UK CETA,29/2026-Customs
85198100,All goods,0.0,0.0,0.0,India-UK CETA,29/2026-Customs
85198910,All goods,0.0,0.0,0.0,India-UK CETA,29/2026-Customs
85198920,All goods,0.0,0.0,0.0,India-UK CETA,29/2026-Customs
85198930,All goods,0.0,0.0,0.0,India-UK CETA,29/2026-Customs
85198940,All goods,0.0,0.0,0.0,India-UK CETA,29/2026-Customs
85198990,All goods,0.0,0.0,0.0,India-UK CETA,29/2026-Customs
85211011,All goods,0.0,0.0,0.0,India-UK CETA,29/2026-Customs
85211012,All goods,0.0,0.0,0.0,India-UK CETA,29/2026-Customs
85211019,All goods,0.0,0.0,0.0,India-UK CETA,29/2026-Customs
85211021,All goods,0.0,0.0,0.0,India-UK CETA,29/2026-Customs
85211022,All goods,0.0,0.0,0.0,India-UK CETA,29/2026-Customs
85211029,All goods,0.0,0.0,0.0,India-UK CETA,29/2026-Customs
85211091,All goods,0.0,0.0,0.0,India-UK CETA,29/2026-Customs
85211092,All goods,0.0,0.0,0.0,India-UK CETA,29/2026-Customs
85211099,All goods,0.0,0.0,0.0,India-UK CETA,29/2026-Customs
85219010,All goods,0.0,0.0,0.0,India-UK CETA,29/2026-Customs
85219020,All goods,0.0,0.0,0.0,India-UK CETA,29/2026-Customs
85219090,Digital video Recorder (DVR)/ Network Video Recorder (NVR),0.0,0.0,0.0,India-UK CETA,29/2026-Customs
85219090,Others,0.0,0.0,0.0,India-UK CETA,29/2026-Customs
85221000,All goods,0.0,0.0,0.0,India-UK CETA,29/2026-Customs
85229000,All goods,0.0,0.0,0.0,India-UK CETA,29/2026-Customs
85232100,All goods,0.0,0.0,0.0,India-UK CETA,29/2026-Customs
85232910,All goods,0.0,0.0,0.0,India-UK CETA,29/2026-Customs
85232920,All goods,0.0,0.0,0.0,India-UK CETA,29/2026-Customs
85232930,All goods,0.0,0.0,0.0,India-UK CETA,29/2026-Customs
85232940,All goods,0.0,0.0,0.0,India-UK CETA,29/2026-Customs
85232950,All goods,0.0,0.0,0.0,India-UK CETA,29/2026-Customs
85232960,All goods,0.0,0.0,0.0,India-UK CETA,29/2026-Customs
85232970,All goods,0.0,0.0,0.0,India-UK CETA,29/2026-Customs
85232980,All goods,0.0,0.0,0.0,India-UK CETA,29/2026-Customs
85232990,All goods,0.0,0.0,0.0,India-UK CETA,29/2026-Customs
85234110,All goods,0.0,0.0,0.0,India-UK CETA,29/2026-Customs
85234120,All goods,0.0,0.0,0.0,India-UK CETA,29/2026-Customs
85234130,All goods,0.0,0.0,0.0,India-UK CETA,29/2026-Customs
85234140,All goods,0.0,0.0,0.0,India-UK CETA,29/2026-Customs
85234150,All goods,0.0,0.0,0.0,India-UK CETA,29/2026-Customs
85234160,All goods,0.0,0.0,0.0,India-UK CETA,29/2026-Customs
85234190,All goods,0.0,0.0,0.0,India-UK CETA,29/2026-Customs
85234910,All goods,8.0,0.0,0.0,India-UK CETA,29/2026-Customs
85234920,All goods,8.0,0.0,0.0,India-UK CETA,29/2026-Customs
85234930,All goods,0.0,0.0,0.0,India-UK CETA,29/2026-Customs
85234940,All goods,0.0,0.0,0.0,India-UK CETA,29/2026-Customs
85234950,All goods,0.0,0.0,0.0,India-UK CETA,29/2026-Customs
85234960,All goods,0.0,0.0,0.0,India-UK CETA,29/2026-Customs
85234970,All goods,0.0,0.0,0.0,India-UK CETA,29/2026-Customs
85234990,All goods,8.0,0.0,0.0,India-UK CETA,29/2026-Customs
85235100,All goods,0.0,0.0,0.0,India-UK CETA,29/2026-Customs
85235210,All goods,0.0,0.0,0.0,India-UK CETA,29/2026-Customs
85235220,All goods,0.0,0.0,0.0,India-UK CETA,29/2026-Customs
85235290,All goods,0.0,0.0,0.0,India-UK CETA,29/2026-Customs
85235910,All goods,0.0,0.0,0.0,India-UK CETA,29/2026-Customs
85235990,All goods,0.0,0.0,0.0,India-UK CETA,29/2026-Customs
85238010,All goods,0.0,0.0,0.0,India-UK CETA,29/2026-Customs
85238020,All goods,0.0,0.0,0.0,India-UK CETA,29/2026-Customs
85238030,All goods,0.0,0.0,0.0,India-UK CETA,29/2026-Customs
85238040,All goods,0.0,0.0,0.0,India-UK CETA,29/2026-Customs
85238050,All goods,0.0,0.0,0.0,India-UK CETA,29/2026-Customs
85238060,All goods,0.0,0.0,0.0,India-UK CETA,29/2026-Customs
85238090,All goods,0.0,0.0,0.0,India-UK CETA,29/2026-Customs
85255010,All goods,0.0,0.0,0.0,India-UK CETA,29/2026-Customs
85255020,All goods,0.0,0.0,0.0,India-UK CETA,29/2026-Customs
85255030,All goods,0.0,0.0,0.0,India-UK CETA,29/2026-Customs
85255040,All goods,0.0,0.0,0.0,India-UK CETA,29/2026-Customs
85255090,All goods,6.0,0.0,0.0,India-UK CETA,29/2026-Customs
85256000,All goods,0.0,0.0,0.0,India-UK CETA,29/2026-Customs
85261000,All goods,0.0,0.0,0.0,India-UK CETA,29/2026-Customs
85269110,All goods,0.0,0.0,0.0,India-UK CETA,29/2026-Customs
85269120,All goods,6.0,0.0,0.0,India-UK CETA,29/2026-Customs
85269130,All goods,6.0,0.0,0.0,India-UK CETA,29/2026-Customs
85269140,All goods,0.0,0.0,0.0,India-UK CETA,29/2026-Customs
85269150,All goods,6.0,0.0,0.0,India-UK CETA,29/2026-Customs
85269190,All goods,6.0,0.0,0.0,India-UK CETA,29/2026-Customs
85269200,All goods,0.0,0.0,0.0,India-UK CETA,29/2026-Customs
85271200,All goods,0.0,0.0,0.0,India-UK CETA,29/2026-Customs
85271300,All goods,0.0,0.0,0.0,India-UK CETA,29/2026-Customs
85271900,All goods,0.0,0.0,0.0,India-UK CETA,29/2026-Customs
85272100,All goods,8.0,0.0,0.0,India-UK CETA,29/2026-Customs
85272900,All goods,8.0,0.0,0.0,India-UK CETA,29/2026-Customs
85279100,All goods,0.0,0.0,0.0,India-UK CETA,29/2026-Customs
85279200,All goods,0.0,0.0,0.0,India-UK CETA,29/2026-Customs
85279900,All goods,0.0,0.0,0.0,India-UK CETA,29/2026-Customs
85284200,Capable Of Directly Connecting To and solely or principally Designed For Use With An Automatic Data Processing Machine Of Heading 8471,0.0,0.0,0.0,India-UK CETA,29/2026-Customs
85284200,Capable Of Directly Connecting To but not solely or principally Designed For Use With An Automatic Data Processing Machine Of Heading 8471,9.0,0.0,0.0,India-UK CETA,29/2026-Customs
85284900,All goods,0.0,0.0,0.0,India-UK CETA,29/2026-Customs
85285200,Capable Of Directly Connecting To and solely or principally Designed For Use With An Automatic Data Processing Machine Of Heading 8471,0.0,0.0,0.0,India-UK CETA,29/2026-Customs
85286200,Capable Of Directly Connecting To and solely or principally Designed For Use With An Automatic Data Processing Machine Of Heading 8471,0.0,0.0,0.0,India-UK CETA,29/2026-Customs
85287211,All goods,0.0,0.0,0.0,India-UK CETA,29/2026-Customs
85287212,All goods,0.0,0.0,0.0,India-UK CETA,29/2026-Customs
85287213,All goods,0.0,0.0,0.0,India-UK CETA,29/2026-Customs
85287214,All goods,0.0,0.0,0.0,India-UK CETA,29/2026-Customs
85287215,All goods,0.0,0.0,0.0,India-UK CETA,29/2026-Customs
85287216,All goods,0.0,0.0,0.0,India-UK CETA,29/2026-Customs
85287217,All goods,0.0,0.0,0.0,India-UK CETA,29/2026-Customs
85287218,All goods,0.0,0.0,0.0,India-UK CETA,29/2026-Customs
85287310,All goods,0.0,0.0,0.0,India-UK CETA,29/2026-Customs
85287390,All goods,8.0,0.0,0.0,India-UK CETA,29/2026-Customs
85291011,All goods,0.0,0.0,0.0,India-UK CETA,29/2026-Customs
85291012,All goods,0.0,0.0,0.0,India-UK CETA,29/2026-Customs
85291019,All goods,0.0,0.0,0.0,India-UK CETA,29/2026-Customs
85291021,All goods,0.0,0.0,0.0,India-UK CETA,29/2026-Customs
85291022,All goods,0.0,0.0,0.0,India-UK CETA,29/2026-Customs
85291029,All goods,0.0,0.0,0.0,India-UK CETA,29/2026-Customs
85291091,All goods,0.0,0.0,0.0,India-UK CETA,29/2026-Customs
85291092,All goods,0.0,0.0,0.0,India-UK CETA,29/2026-Customs
85291093,All goods,0.0,0.0,0.0,India-UK CETA,29/2026-Customs
85291099,All goods,0.0,0.0,0.0,India-UK CETA,29/2026-Customs
85299010,All goods,0.0,0.0,0.0,India-UK CETA,29/2026-Customs
85299020,All goods,0.0,0.0,0.0,India-UK CETA,29/2026-Customs
85299030,All goods,8.0,0.0,0.0,India-UK CETA,29/2026-Customs
85299090,All goods,8.0,0.0,0.0,India-UK CETA,29/2026-Customs
85301010,All goods,0.0,0.0,0.0,India-UK CETA,29/2026-Customs
85301020,All goods,0.0,0.0,0.0,India-UK CETA,29/2026-Customs
85308000,All goods,0.0,0.0,0.0,India-UK CETA,29/2026-Customs
85309000,All goods,0.0,0.0,0.0,India-UK CETA,29/2026-Customs
85311010,All goods,8.0,0.0,0.0,India-UK CETA,29/2026-Customs
85311020,All goods,8.0,0.0,0.0,India-UK CETA,29/2026-Customs
85311090,All goods,8.0,0.0,0.0,India-UK CETA,29/2026-Customs
85312000,All goods,0.0,0.0,0.0,India-UK CETA,29/2026-Customs
85318000,All goods,0.0,0.0,0.0,India-UK CETA,29/2026-Customs
85319000,All goods,0.0,0.0,0.0,India-UK CETA,29/2026-Customs
85321000,All goods,0.0,0.0,0.0,India-UK CETA,29/2026-Customs
85322100,All goods,0.0,0.0,0.0,India-UK CETA,29/2026-Customs
85322200,All goods,0.0,0.0,0.0,India-UK CETA,29/2026-Customs
85322300,All goods,0.0,0.0,0.0,India-UK CETA,29/2026-Customs
85322400,All goods,0.0,0.0,0.0,India-UK CETA,29/2026-Customs
85322500,All goods,0.0,0.0,0.0,India-UK CETA,29/2026-Customs
85322910,All goods,0.0,0.0,0.0,India-UK CETA,29/2026-Customs
85322990,All goods,0.0,0.0,0.0,India-UK CETA,29/2026-Customs
85323000,All goods,0.0,0.0,0.0,India-UK CETA,29/2026-Customs
85329000,All goods,0.0,0.0,0.0,India-UK CETA,29/2026-Customs
85331000,All goods,0.0,0.0,0.0,India-UK CETA,29/2026-Customs
85332111,All goods,0.0,0.0,0.0,India-UK CETA,29/2026-Customs
85332119,All goods,0.0,0.0,0.0,India-UK CETA,29/2026-Customs
85332121,All goods,0.0,0.0,0.0,India-UK CETA,29/2026-Customs
85332129,All goods,0.0,0.0,0.0,India-UK CETA,29/2026-Customs
85332911,All goods,0.0,0.0,0.0,India-UK CETA,29/2026-Customs
85332919,All goods,0.0,0.0,0.0,India-UK CETA,29/2026-Customs
85332921,All goods,0.0,0.0,0.0,India-UK CETA,29/2026-Customs
85332929,All goods,0.0,0.0,0.0,India-UK CETA,29/2026-Customs
85333110,All goods,0.0,0.0,0.0,India-UK CETA,29/2026-Customs
85333120,All goods,0.0,0.0,0.0,India-UK CETA,29/2026-Customs
85333190,All goods,0.0,0.0,0.0,India-UK CETA,29/2026-Customs
85333910,All goods,0.0,0.0,0.0,India-UK CETA,29/2026-Customs
85333920,All goods,0.0,0.0,0.0,India-UK CETA,29/2026-Customs
85333990,All goods,0.0,0.0,0.0,India-UK CETA,29/2026-Customs
85334010,All goods,0.0,0.0,0.0,India-UK CETA,29/2026-Customs
85334020,All goods,0.0,0.0,0.0,India-UK CETA,29/2026-Customs
85334030,All goods,0.0,0.0,0.0,India-UK CETA,29/2026-Customs
85334090,All goods,0.0,0.0,0.0,India-UK CETA,29/2026-Customs
85339000,All goods,0.0,0.0,0.0,India-UK CETA,29/2026-Customs
85340000,All goods,0.0,0.0,0.0,India-UK CETA,29/2026-Customs
85351010,All goods,0.0,0.0,0.0,India-UK CETA,29/2026-Customs
85351020,All goods,0.0,0.0,0.0,India-UK CETA,29/2026-Customs
85351030,All goods,0.0,0.0,0.0,India-UK CETA,29/2026-Customs
85351040,All goods,0.0,0.0,0.0,India-UK CETA,29/2026-Customs
85351050,All goods,0.0,0.0,0.0,India-UK CETA,29/2026-Customs
85351090,All goods,0.0,0.0,0.0,India-UK CETA,29/2026-Customs
85352111,All goods,0.0,0.0,0.0,India-UK CETA,29/2026-Customs
85352112,All goods,0.0,0.0,0.0,India-UK CETA,29/2026-Customs
85352113,All goods,0.0,0.0,0.0,India-UK CETA,29/2026-Customs
85352119,All goods,0.0,0.0,0.0,India-UK CETA,29/2026-Customs
85352121,All goods,0.0,0.0,0.0,India-UK CETA,29/2026-Customs
85352122,All goods,0.0,0.0,0.0,India-UK CETA,29/2026-Customs
85352123,All goods,0.0,0.0,0.0,India-UK CETA,29/2026-Customs
85352129,All goods,8.6,0.0,0.0,India-UK CETA,29/2026-Customs
85352190,All goods,0.0,0.0,0.0,India-UK CETA,29/2026-Customs
85352911,All goods,8.6,0.0,0.0,India-UK CETA,29/2026-Customs
85352912,All goods,8.6,0.0,0.0,India-UK CETA,29/2026-Customs
85352913,All goods,8.6,0.0,0.0,India-UK CETA,29/2026-Customs
85352919,All goods,8.6,0.0,0.0,India-UK CETA,29/2026-Customs
85352921,All goods,8.6,0.0,0.0,India-UK CETA,29/2026-Customs
85352922,All goods,8.6,0.0,0.0,India-UK CETA,29/2026-Customs
85352923,All goods,8.6,0.0,0.0,India-UK CETA,29/2026-Customs
85352929,All goods,8.6,0.0,0.0,India-UK CETA,29/2026-Customs
85352990,All goods,0.0,0.0,0.0,India-UK CETA,29/2026-Customs
85353010,All goods,0.0,0.0,0.0,India-UK CETA,29/2026-Customs
85353090,All goods,0.0,0.0,0.0,India-UK CETA,29/2026-Customs
85354010,All goods,0.0,0.0,0.0,India-UK CETA,29/2026-Customs
85354020,All goods,0.0,0.0,0.0,India-UK CETA,29/2026-Customs
85354030,All goods,0.0,0.0,0.0,India-UK CETA,29/2026-Customs
85359010,All goods,0.0,0.0,0.0,India-UK CETA,29/2026-Customs
85359020,All goods,0.0,0.0,0.0,India-UK CETA,29/2026-Customs
85359030,All goods,6.5,0.0,0.0,India-UK CETA,29/2026-Customs
85359040,All goods,0.0,0.0,0.0,India-UK CETA,29/2026-Customs
85359090,All goods,6.5,0.0,0.0,India-UK CETA,29/2026-Customs
85361010,All goods,0.0,0.0,0.0,India-UK CETA,29/2026-Customs
85361020,All goods,0.0,0.0,0.0,India-UK CETA,29/2026-Customs
85361030,All goods,0.0,0.0,0.0,India-UK CETA,29/2026-Customs
85361040,All goods,9.0,0.0,0.0,India-UK CETA,29/2026-Customs
85361050,All goods,0.0,0.0,0.0,India-UK CETA,29/2026-Customs
85361060,All goods,0.0,0.0,0.0,India-UK CETA,29/2026-Customs
85361090,All goods,8.6,0.0,0.0,India-UK CETA,29/2026-Customs
85362010,All goods,0.0,0.0,0.0,India-UK CETA,29/2026-Customs
85362020,All goods,8.6,0.0,0.0,India-UK CETA,29/2026-Customs
85362030,All goods,0.0,0.0,0.0,India-UK CETA,29/2026-Customs
85362040,All goods,8.6,0.0,0.0,India-UK CETA,29/2026-Customs
85362090,All goods,8.6,0.0,0.0,India-UK CETA,29/2026-Customs
85363000,All goods,8.6,0.0,0.0,India-UK CETA,29/2026-Customs
85364100,All goods,9.0,0.0,0.0,India-UK CETA,29/2026-Customs
85364900,All goods,9.0,0.0,0.0,India-UK CETA,29/2026-Customs
85365010,All goods,8.0,0.0,0.0,India-UK CETA,29/2026-Customs
85365020,All goods,8.0,0.0,0.0,India-UK CETA,29/2026-Customs
85365090,All goods,8.0,0.0,0.0,India-UK CETA,29/2026-Customs
85366110,All goods,8.0,0.0,0.0,India-UK CETA,29/2026-Customs
85366190,All goods,0.0,0.0,0.0,India-UK CETA,29/2026-Customs
85366910,All goods,8.0,0.0,0.0,India-UK CETA,29/2026-Customs
85366990,All goods,0.0,0.0,0.0,India-UK CETA,29/2026-Customs
85367000,All goods,0.0,0.0,0.0,India-UK CETA,29/2026-Customs
85369010,All goods,8.0,0.0,0.0,India-UK CETA,29/2026-Customs
85369020,All goods,8.0,0.0,0.0,India-UK CETA,29/2026-Customs
85369030,All goods,8.6,0.0,0.0,India-UK CETA,29/2026-Customs
85369090,All goods,8.0,0.0,0.0,India-UK CETA,29/2026-Customs
85371010,All goods,6.0,0.0,0.0,India-UK CETA,29/2026-Customs
85371090,All goods,6.0,0.0,0.0,India-UK CETA,29/2026-Customs
85372000,All goods,0.0,0.0,0.0,India-UK CETA,29/2026-Customs
85381010,All goods,0.0,0.0,0.0,India-UK CETA,29/2026-Customs
85381090,All goods,0.0,0.0,0.0,India-UK CETA,29/2026-Customs
85389000,All goods,0.0,0.0,0.0,India-UK CETA,29/2026-Customs
85391000,All goods,12.0,0.0,0.0,India-UK CETA,29/2026-Customs
85392110,All goods,8.6,0.0,0.0,India-UK CETA,29/2026-Customs
85392120,All goods,0.0,0.0,0.0,India-UK CETA,29/2026-Customs
85392190,All goods,0.0,0.0,0.0,India-UK CETA,29/2026-Customs
85392200,All goods,8.0,0.0,0.0,India-UK CETA,29/2026-Customs
85392910,All goods,8.6,0.0,0.0,India-UK CETA,29/2026-Customs
85392920,All goods,8.6,0.0,0.0,India-UK CETA,29/2026-Customs
85392930,All goods,8.6,0.0,0.0,India-UK CETA,29/2026-Customs
85392940,All goods,0.0,0.0,0.0,India-UK CETA,29/2026-Customs
85392990,All goods,0.0,0.0,0.0,India-UK CETA,29/2026-Customs
85393110,All goods,0.0,0.0,0.0,India-UK CETA,29/2026-Customs
85393190,All goods,0.0,0.0,0.0,India-UK CETA,29/2026-Customs
85393210,All goods,8.0,0.0,0.0,India-UK CETA,29/2026-Customs
85393220,All goods,0.0,0.0,0.0,India-UK CETA,29/2026-Customs
85393230,All goods,8.0,0.0,0.0,India-UK CETA,29/2026-Customs
85393910,All goods,0.0,0.0,0.0,India-UK CETA,29/2026-Customs
85393990,All goods,0.0,0.0,0.0,India-UK CETA,29/2026-Customs
85394100,All goods,0.0,0.0,0.0,India-UK CETA,29/2026-Customs
85394900,All goods,0.0,0.0,0.0,India-UK CETA,29/2026-Customs
85395100,All goods,16.0,0.0,0.0,India-UK CETA,29/2026-Customs
85395200,All goods,0.0,0.0,0.0,India-UK CETA,29/2026-Customs
85399010,All goods,8.6,0.0,0.0,India-UK CETA,29/2026-Customs
85399020,All goods,8.6,0.0,0.0,India-UK CETA,29/2026-Customs
85401110,All goods,9.0,0.0,0.0,India-UK CETA,29/2026-Customs
85401120,All goods,9.0,0.0,0.0,India-UK CETA,29/2026-Customs
85401200,All goods,9.0,0.0,0.0,India-UK CETA,29/2026-Customs
85404010,All goods,9.0,0.0,0.0,India-UK CETA,29/2026-Customs
85404020,All goods,0.0,0.0,0.0,India-UK CETA,29/2026-Customs
85406000,All goods,0.0,0.0,0.0,India-UK CETA,29/2026-Customs
85407100,All goods,0.0,0.0,0.0,India-UK CETA,29/2026-Customs
85407900,All goods,0.0,0.0,0.0,India-UK CETA,29/2026-Customs
85408100,All goods,8.0,0.0,0.0,India-UK CETA,29/2026-Customs
85408900,All goods,0.0,0.0,0.0,India-UK CETA,29/2026-Customs
85409100,All goods,8.0,0.0,0.0,India-UK CETA,29/2026-Customs
85409900,All goods,0.0,0.0,0.0,India-UK CETA,29/2026-Customs
85411000,All goods,0.0,0.0,0.0,India-UK CETA,29/2026-Customs
85412100,All goods,0.0,0.0,0.0,India-UK CETA,29/2026-Customs
85412900,All goods,0.0,0.0,0.0,India-UK CETA,29/2026-Customs
85413010,All goods,0.0,0.0,0.0,India-UK CETA,29/2026-Customs
85413090,All goods,0.0,0.0,0.0,India-UK CETA,29/2026-Customs
85414100,All goods,0.0,0.0,0.0,India-UK CETA,29/2026-Customs
85414200,Goods for use solely and exclusively with products covered under the ITA-1 agreement,0.0,0.0,0.0,India-UK CETA,29/2026-Customs
85414300,Goods for use solely and exclusively with products covered under the ITA-1 agreement,0.0,0.0,0.0,India-UK CETA,29/2026-Customs
85415100,All goods,0.0,0.0,0.0,India-UK CETA,29/2026-Customs
85416000,All goods,0.0,0.0,0.0,India-UK CETA,29/2026-Customs
85419000,All goods,0.0,0.0,0.0,India-UK CETA,29/2026-Customs
85423100,All goods,0.0,0.0,0.0,India-UK CETA,29/2026-Customs
85423200,All goods,0.0,0.0,0.0,India-UK CETA,29/2026-Customs
85423300,All goods,0.0,0.0,0.0,India-UK CETA,29/2026-Customs
85423900,All goods,0.0,0.0,0.0,India-UK CETA,29/2026-Customs
85429000,All goods,0.0,0.0,0.0,India-UK CETA,29/2026-Customs
85431010,All goods,0.0,0.0,0.0,India-UK CETA,29/2026-Customs
85431020,All goods,0.0,0.0,0.0,India-UK CETA,29/2026-Customs
85431030,All goods,0.0,0.0,0.0,India-UK CETA,29/2026-Customs
85431090,All goods,0.0,0.0,0.0,India-UK CETA,29/2026-Customs
85432010,All goods,0.0,0.0,0.0,India-UK CETA,29/2026-Customs
85432020,All goods,0.0,0.0,0.0,India-UK CETA,29/2026-Customs
85432030,All goods,0.0,0.0,0.0,India-UK CETA,29/2026-Customs
85432090,All goods,0.0,0.0,0.0,India-UK CETA,29/2026-Customs
85433000,All goods,0.0,0.0,0.0,India-UK CETA,29/2026-Customs
85437011,All goods,0.0,0.0,0.0,India-UK CETA,29/2026-Customs
85437012,All goods,6.0,0.0,0.0,India-UK CETA,29/2026-Customs
85437013,All goods,6.0,0.0,0.0,India-UK CETA,29/2026-Customs
85437019,All goods,6.0,0.0,0.0,India-UK CETA,29/2026-Customs
85437021,All goods,0.0,0.0,0.0,India-UK CETA,29/2026-Customs
85437022,All goods,6.0,0.0,0.0,India-UK CETA,29/2026-Customs
85437029,All goods,6.0,0.0,0.0,India-UK CETA,29/2026-Customs
85437031,All goods,0.0,0.0,0.0,India-UK CETA,29/2026-Customs
85437032,All goods,0.0,0.0,0.0,India-UK CETA,29/2026-Customs
85437033,All goods,0.0,0.0,0.0,India-UK CETA,29/2026-Customs
85437034,All goods,0.0,0.0,0.0,India-UK CETA,29/2026-Customs
85437035,All goods,6.0,0.0,0.0,India-UK CETA,29/2026-Customs
85437036,All goods,0.0,0.0,0.0,India-UK CETA,29/2026-Customs
85437039,All goods,0.0,0.0,0.0,India-UK CETA,29/2026-Customs
85437041,All goods,0.0,0.0,0.0,India-UK CETA,29/2026-Customs
85437042,All goods,0.0,0.0,0.0,India-UK CETA,29/2026-Customs
85437050,All goods,0.0,0.0,0.0,India-UK CETA,29/2026-Customs
85437062,All goods,0.0,0.0,0.0,India-UK CETA,29/2026-Customs
85437069,All goods,6.0,0.0,0.0,India-UK CETA,29/2026-Customs
85437071,All goods,0.0,0.0,0.0,India-UK CETA,29/2026-Customs
85437072,All goods,0.0,0.0,0.0,India-UK CETA,29/2026-Customs
85437091,All goods,6.0,0.0,0.0,India-UK CETA,29/2026-Customs
85437093,All goods,0.0,0.0,0.0,India-UK CETA,29/2026-Customs
85437094,All goods,0.0,0.0,0.0,India-UK CETA,29/2026-Customs
85437095,All goods,0.0,0.0,0.0,India-UK CETA,29/2026-Customs
85441110,All goods,8.6,0.0,0.0,India-UK CETA,29/2026-Customs
85441190,All goods,8.6,0.0,0.0,India-UK CETA,29/2026-Customs
85441910,All goods,0.0,0.0,0.0,India-UK CETA,29/2026-Customs
85441920,All goods,8.6,0.0,0.0,India-UK CETA,29/2026-Customs
85441930,All goods,0.0,0.0,0.0,India-UK CETA,29/2026-Customs
85441990,All goods,8.0,0.0,0.0,India-UK CETA,29/2026-Customs
85442010,All goods,8.6,0.0,0.0,India-UK CETA,29/2026-Customs
85442090,All goods,0.0,0.0,0.0,India-UK CETA,29/2026-Customs
85443000,All goods,12.0,0.0,0.0,India-UK CETA,29/2026-Customs
85444210,All goods,8.0,0.0,0.0,India-UK CETA,29/2026-Customs
85444220,All goods,8.6,0.0,0.0,India-UK CETA,29/2026-Customs
85444230,All goods,8.0,0.0,0.0,India-UK CETA,29/2026-Customs
85444291,"Electric conductors, for a voltage not exceeding 80V, of a kind used for telecommunication",0.0,0.0,0.0,India-UK CETA,29/2026-Customs
85444291,"Electric conductors, for a voltage exceeding 80V, but not exceeding 1000V, of a kind used in telecommunication",0.0,0.0,0.0,India-UK CETA,29/2026-Customs
85444291,Other,8.0,0.0,0.0,India-UK CETA,29/2026-Customs
85444291,USB cable for cellular mobile phone,12.0,0.0,0.0,India-UK CETA,29/2026-Customs
85444292,"Electric conductors, for a voltage not exceeding 80V, of a kind used for telecommunication",0.0,0.0,0.0,India-UK CETA,29/2026-Customs
85444292,"Electric conductors, for a voltage exceeding 80V, but not exceeding 1000V, of a kind used in telecommunication",0.0,0.0,0.0,India-UK CETA,29/2026-Customs
85444292,Other,8.0,0.0,0.0,India-UK CETA,29/2026-Customs
85444292,USB cable for cellular mobile phone,12.0,0.0,0.0,India-UK CETA,29/2026-Customs
85444293,"Electric conductors, for a voltage not exceeding 80V, of a kind used for telecommunication",0.0,0.0,0.0,India-UK CETA,29/2026-Customs
85444293,"Electric conductors, for a voltage exceeding 80V, but not exceeding 1000V, of a kind used in telecommunication",0.0,0.0,0.0,India-UK CETA,29/2026-Customs
85444293,Other,8.0,0.0,0.0,India-UK CETA,29/2026-Customs
85444293,USB cable for cellular mobile phone,12.0,0.0,0.0,India-UK CETA,29/2026-Customs
85444299,All goods,8.0,0.0,0.0,India-UK CETA,29/2026-Customs
85444910,All goods,8.6,0.0,0.0,India-UK CETA,29/2026-Customs
85444920,All goods,8.6,0.0,0.0,India-UK CETA,29/2026-Customs
85444930,All goods,0.0,0.0,0.0,India-UK CETA,29/2026-Customs
85444991,"Electric conductors, for a voltage not exceeding 80V, of a kind used for telecommunication",0.0,0.0,0.0,India-UK CETA,29/2026-Customs
85444991,Other,8.6,0.0,0.0,India-UK CETA,29/2026-Customs
85444991,USB cable for cellular mobile phone,12.9,0.0,0.0,India-UK CETA,29/2026-Customs
85444992,"Electric conductors, for a voltage not exceeding 80V, of a kind used for telecommunication",0.0,0.0,0.0,India-UK CETA,29/2026-Customs
85444992,Other,8.6,0.0,0.0,India-UK CETA,29/2026-Customs
85444992,USB cable for cellular mobile phone,12.9,0.0,0.0,India-UK CETA,29/2026-Customs
85444993,"Electric conductors, for a voltage not exceeding 80V, of a kind used for telecommunication",0.0,0.0,0.0,India-UK CETA,29/2026-Customs
85444993,Other,0.0,0.0,0.0,India-UK CETA,29/2026-Customs
85444993,USB cable for cellular mobile phone,0.0,0.0,0.0,India-UK CETA,29/2026-Customs
85444999,All goods,8.0,0.0,0.0,India-UK CETA,29/2026-Customs
85446010,All goods,8.6,0.0,0.0,India-UK CETA,29/2026-Customs
85446020,All goods,8.6,0.0,0.0,India-UK CETA,29/2026-Customs
85446030,All goods,0.0,0.0,0.0,India-UK CETA,29/2026-Customs
85446090,All goods,8.6,0.0,0.0,India-UK CETA,29/2026-Customs
85447010,All goods,0.0,0.0,0.0,India-UK CETA,29/2026-Customs
85447090,All goods,0.0,0.0,0.0,India-UK CETA,29/2026-Customs
85451100,All goods,0.0,0.0,0.0,India-UK CETA,29/2026-Customs
85451900,All goods,0.0,0.0,0.0,India-UK CETA,29/2026-Customs
85452000,All goods,0.0,0.0,0.0,India-UK CETA,29/2026-Customs
85459010,All goods,0.0,0.0,0.0,India-UK CETA,29/2026-Customs
85459020,All goods,0.0,0.0,0.0,India-UK CETA,29/2026-Customs
85459090,All goods,0.0,0.0,0.0,India-UK CETA,29/2026-Customs
85461000,All goods,0.0,0.0,0.0,India-UK CETA,29/2026-Customs
85462011,All goods,0.0,0.0,0.0,India-UK CETA,29/2026-Customs
85462019,All goods,0.0,0.0,0.0,India-UK CETA,29/2026-Customs
85462021,All goods,0.0,0.0,0.0,India-UK CETA,29/2026-Customs
85462022,All goods,0.0,0.0,0.0,India-UK CETA,29/2026-Customs
85462023,All goods,0.0,0.0,0.0,India-UK CETA,29/2026-Customs
85462024,All goods,0.0,0.0,0.0,India-UK CETA,29/2026-Customs
85462029,All goods,0.0,0.0,0.0,India-UK CETA,29/2026-Customs
85462031,All goods,0.0,0.0,0.0,India-UK CETA,29/2026-Customs
85462032,All goods,0.0,0.0,0.0,India-UK CETA,29/2026-Customs
85462033,All goods,0.0,0.0,0.0,India-UK CETA,29/2026-Customs
85462039,All goods,0.0,0.0,0.0,India-UK CETA,29/2026-Customs
85462040,All goods,0.0,0.0,0.0,India-UK CETA,29/2026-Customs
85462050,All goods,0.0,0.0,0.0,India-UK CETA,29/2026-Customs
85462090,All goods,0.0,0.0,0.0,India-UK CETA,29/2026-Customs
85469010,All goods,6.5,0.0,0.0,India-UK CETA,29/2026-Customs
85469090,All goods,6.5,0.0,0.0,India-UK CETA,29/2026-Customs
85471010,All goods,0.0,0.0,0.0,India-UK CETA,29/2026-Customs
85471020,All goods,0.0,0.0,0.0,India-UK CETA,29/2026-Customs
85471030,All goods,0.0,0.0,0.0,India-UK CETA,29/2026-Customs
85471040,All goods,0.0,0.0,0.0,India-UK CETA,29/2026-Customs
85471090,All goods,0.0,0.0,0.0,India-UK CETA,29/2026-Customs
85472000,All goods,0.0,0.0,0.0,India-UK CETA,29/2026-Customs
85479010,All goods,0.0,0.0,0.0,India-UK CETA,29/2026-Customs
85479020,All goods,0.0,0.0,0.0,India-UK CETA,29/2026-Customs
85479090,All goods,0.0,0.0,0.0,India-UK CETA,29/2026-Customs
85480000,All goods,0.0,0.0,0.0,India-UK CETA,29/2026-Customs
85491100,All goods,0.0,0.0,0.0,India-UK CETA,29/2026-Customs
85491200,All goods,9.6,0.0,0.0,India-UK CETA,29/2026-Customs
85491300,All goods,9.6,0.0,0.0,India-UK CETA,29/2026-Customs
85491400,All goods,9.6,0.0,0.0,India-UK CETA,29/2026-Customs
85491900,All goods,9.6,0.0,0.0,India-UK CETA,29/2026-Customs
86011000,All goods,0.0,0.0,0.0,India-UK CETA,29/2026-Customs
86012000,All goods,0.0,0.0,0.0,India-UK CETA,29/2026-Customs
86021000,All goods,0.0,0.0,0.0,India-UK CETA,29/2026-Customs
86029010,All goods,0.0,0.0,0.0,India-UK CETA,29/2026-Customs
86029090,All goods,0.0,0.0,0.0,India-UK CETA,29/2026-Customs
86031000,All goods,0.0,0.0,0.0,India-UK CETA,29/2026-Customs
86039000,All goods,0.0,0.0,0.0,India-UK CETA,29/2026-Customs
86040000,All goods,0.0,0.0,0.0,India-UK CETA,29/2026-Customs
86050000,All goods,0.0,0.0,0.0,India-UK CETA,29/2026-Customs
86061010,All goods,0.0,0.0,0.0,India-UK CETA,29/2026-Customs
86061020,All goods,0.0,0.0,0.0,India-UK CETA,29/2026-Customs
86061090,All goods,0.0,0.0,0.0,India-UK CETA,29/2026-Customs
86063000,All goods,0.0,0.0,0.0,India-UK CETA,29/2026-Customs
86069110,All goods,0.0,0.0,0.0,India-UK CETA,29/2026-Customs
86069120,All goods,0.0,0.0,0.0,India-UK CETA,29/2026-Customs
86069190,All goods,0.0,0.0,0.0,India-UK CETA,29/2026-Customs
86069210,All goods,0.0,0.0,0.0,India-UK CETA,29/2026-Customs
86069220,All goods,0.0,0.0,0.0,India-UK CETA,29/2026-Customs
86069290,All goods,0.0,0.0,0.0,India-UK CETA,29/2026-Customs
86069900,All goods,0.0,0.0,0.0,India-UK CETA,29/2026-Customs
86071100,All goods,0.0,0.0,0.0,India-UK CETA,29/2026-Customs
86071200,All goods,0.0,0.0,0.0,India-UK CETA,29/2026-Customs
86071910,All goods,0.0,0.0,0.0,India-UK CETA,29/2026-Customs
86071920,All goods,0.0,0.0,0.0,India-UK CETA,29/2026-Customs
86071930,All goods,0.0,0.0,0.0,India-UK CETA,29/2026-Customs
86071990,All goods,0.0,0.0,0.0,India-UK CETA,29/2026-Customs
86072100,All goods,0.0,0.0,0.0,India-UK CETA,29/2026-Customs
86072900,All goods,0.0,0.0,0.0,India-UK CETA,29/2026-Customs
86073010,All goods,0.0,0.0,0.0,India-UK CETA,29/2026-Customs
86073090,All goods,0.0,0.0,0.0,India-UK CETA,29/2026-Customs
86079100,All goods,0.0,0.0,0.0,India-UK CETA,29/2026-Customs
86079910,All goods,0.0,0.0,0.0,India-UK CETA,29/2026-Customs
86079920,All goods,0.0,0.0,0.0,India-UK CETA,29/2026-Customs
86079930,All goods,0.0,0.0,0.0,India-UK CETA,29/2026-Customs
86079990,All goods,0.0,0.0,0.0,India-UK CETA,29/2026-Customs
86080010,All goods,0.0,0.0,0.0,India-UK CETA,29/2026-Customs
86080020,All goods,0.0,0.0,0.0,India-UK CETA,29/2026-Customs
86080030,All goods,0.0,0.0,0.0,India-UK CETA,29/2026-Customs
86080040,All goods,0.0,0.0,0.0,India-UK CETA,29/2026-Customs
86080090,All goods,0.0,0.0,0.0,India-UK CETA,29/2026-Customs
86090010,All goods,0.0,0.0,0.0,India-UK CETA,29/2026-Customs
86090090,All goods,0.0,0.0,0.0,India-UK CETA,29/2026-Customs
87011000,All goods,0.0,0.0,0.0,India-UK CETA,29/2026-Customs
87012100,All goods,0.0,0.0,0.0,India-UK CETA,29/2026-Customs
87012200,All goods,0.0,0.0,0.0,India-UK CETA,29/2026-Customs
87012300,All goods,0.0,0.0,0.0,India-UK CETA,29/2026-Customs
87012400,All goods,0.0,0.0,0.0,India-UK CETA,29/2026-Customs
87012900,All goods,0.0,0.0,0.0,India-UK CETA,29/2026-Customs
87013011,All goods,0.0,0.0,0.0,India-UK CETA,29/2026-Customs
87013019,All goods,0.0,0.0,0.0,India-UK CETA,29/2026-Customs
87013091,All goods,0.0,0.0,0.0,India-UK CETA,29/2026-Customs
87013099,All goods,0.0,0.0,0.0,India-UK CETA,29/2026-Customs
87019100,All goods,9.0,0.0,0.0,India-UK CETA,29/2026-Customs
87019200,All goods,9.0,0.0,0.0,India-UK CETA,29/2026-Customs
87019300,All goods,9.0,0.0,0.0,India-UK CETA,29/2026-Customs
87019400,All goods,0.0,0.0,0.0,India-UK CETA,29/2026-Customs
87019500,All goods,0.0,0.0,0.0,India-UK CETA,29/2026-Customs
87021011,"Integrated monocoque vehicle, air-conditioned, CBU (Completely Built Unit)",19.0,19.0,0.0,India-UK CETA,29/2026-Customs
87021012,"Integrated monocoque vehicle, non air-conditioned, CBU (Completely Built Unit)",19.0,19.0,0.0,India-UK CETA,29/2026-Customs
87021018,"Other, air-conditioned, CBU (Completely Built Unit)",19.0,19.0,0.0,India-UK CETA,29/2026-Customs
87021019,"Other non air-conditioned, CBU (Completely Built Unit)",19.0,19.0,0.0,India-UK CETA,29/2026-Customs
87021021,"Integrated monocoque vehicle, air-conditioned, CBU (Completely Built Unit)",19.0,19.0,0.0,India-UK CETA,29/2026-Customs
87021022,"Integrated monocoque vehicle, non air-conditioned, CBU (Completely Built Unit)",19.0,19.0,0.0,India-UK CETA,29/2026-Customs
87021028,"Other, air-conditioned, CBU (Completely Built Unit)",19.0,19.0,0.0,India-UK CETA,29/2026-Customs
87021029,"Other, non air-conditioned, CBU (Completely Built Unit)",19.0,19.0,0.0,India-UK CETA,29/2026-Customs
87049011,All goods (other than electric and hydrogen fuel vehicles),0.0,0.0,0.0,India-UK CETA,29/2026-Customs
87051000,All goods,9.0,0.0,0.0,India-UK CETA,29/2026-Customs
87052000,All goods,9.0,0.0,0.0,India-UK CETA,29/2026-Customs
87053000,All goods,9.0,0.0,0.0,India-UK CETA,29/2026-Customs
87054000,All goods,9.0,0.0,0.0,India-UK CETA,29/2026-Customs
87059010,All goods,9.0,0.0,0.0,India-UK CETA,29/2026-Customs
87059090,All goods,9.0,0.0,0.0,India-UK CETA,29/2026-Customs
87060011,All goods,13.6,0.0,0.0,India-UK CETA,29/2026-Customs
87060019,All goods,13.6,0.0,0.0,India-UK CETA,29/2026-Customs
87060021,All goods,13.6,0.0,0.0,India-UK CETA,29/2026-Customs
87060029,All goods,13.6,0.0,0.0,India-UK CETA,29/2026-Customs
87060031,All goods,13.6,0.0,0.0,India-UK CETA,29/2026-Customs
87060039,All goods,13.6,0.0,0.0,India-UK CETA,29/2026-Customs
87060041,All goods,13.6,0.0,0.0,India-UK CETA,29/2026-Customs
87060042,All goods,13.6,0.0,0.0,India-UK CETA,29/2026-Customs
87060043,All goods,13.6,0.0,0.0,India-UK CETA,29/2026-Customs
87060049,All goods,13.6,0.0,0.0,India-UK CETA,29/2026-Customs
87060050,All goods,13.6,0.0,0.0,India-UK CETA,29/2026-Customs
87071000,All goods,13.6,0.0,0.0,India-UK CETA,29/2026-Customs
87079000,All goods,13.6,0.0,0.0,India-UK CETA,29/2026-Customs
87081010,All goods,0.0,0.0,0.0,India-UK CETA,29/2026-Customs
87081090,All goods,13.6,0.0,0.0,India-UK CETA,29/2026-Customs
87082100,All goods,12.0,0.0,0.0,India-UK CETA,29/2026-Customs
87082200,All goods,13.6,0.0,0.0,India-UK CETA,29/2026-Customs
87082900,All goods,13.6,0.0,0.0,India-UK CETA,29/2026-Customs
87083000,All goods,13.6,0.0,0.0,India-UK CETA,29/2026-Customs
87084000,All goods,13.6,0.0,0.0,India-UK CETA,29/2026-Customs
87085000,All goods,13.6,0.0,0.0,India-UK CETA,29/2026-Customs
87087000,All goods,13.6,0.0,0.0,India-UK CETA,29/2026-Customs
87088000,All goods,13.6,0.0,0.0,India-UK CETA,29/2026-Customs
87089100,All goods,13.6,0.0,0.0,India-UK CETA,29/2026-Customs
87089200,All goods,13.6,0.0,0.0,India-UK CETA,29/2026-Customs
87089300,All goods,13.6,0.0,0.0,India-UK CETA,29/2026-Customs
87089400,All goods,13.6,0.0,0.0,India-UK CETA,29/2026-Customs
87089500,All goods,13.6,0.0,0.0,India-UK CETA,29/2026-Customs
87089900,All goods,13.6,0.0,0.0,India-UK CETA,29/2026-Customs
87091100,All goods,9.0,0.0,0.0,India-UK CETA,29/2026-Customs
87091900,All goods,0.0,0.0,0.0,India-UK CETA,29/2026-Customs
87099000,All goods,0.0,0.0,0.0,India-UK CETA,29/2026-Customs
87100000,All goods,0.0,0.0,0.0,India-UK CETA,29/2026-Customs
87111010,"All goods, which have not been registered anywhere prior to importation, and imported as a Completely Built Unit (CBU)",32.9,18.8,0.0,India-UK CETA,29/2026-Customs
87111020,"All goods, which have not been registered anywhere prior to importation, and imported as a Completely Built Unit (CBU)",32.9,18.8,0.0,India-UK CETA,29/2026-Customs
87111090,"All goods, which have not been registered anywhere prior to importation, and imported as a Completely Built Unit (CBU)",32.9,18.8,0.0,India-UK CETA,29/2026-Customs
87112011,"All goods, which have not been registered anywhere prior to importation, and imported as a Completely Built Unit (CBU)",32.9,18.8,0.0,India-UK CETA,29/2026-Customs
87112019,"All goods, which have not been registered anywhere prior to importation, and imported as a Completely Built Unit (CBU)",32.9,18.8,0.0,India-UK CETA,29/2026-Customs
87112021,"All goods, which have not been registered anywhere prior to importation, and imported as a Completely Built Unit (CBU)",32.9,18.8,0.0,India-UK CETA,29/2026-Customs
87112029,"All goods, which have not been registered anywhere prior to importation, and imported as a Completely Built Unit (CBU)",32.9,18.8,0.0,India-UK CETA,29/2026-Customs
87112031,"All goods, which have not been registered anywhere prior to importation, and imported as a Completely Built Unit (CBU)",32.9,18.8,0.0,India-UK CETA,29/2026-Customs
87112039,"All goods, which have not been registered anywhere prior to importation, and imported as a Completely Built Unit (CBU)",32.9,18.8,0.0,India-UK CETA,29/2026-Customs
87112091,"All goods, which have not been registered anywhere prior to importation, and imported as a Completely Built Unit (CBU)",32.9,18.8,0.0,India-UK CETA,29/2026-Customs
87112099,"All goods, which have not been registered anywhere prior to importation, and imported as a Completely Built Unit (CBU)",32.9,18.8,0.0,India-UK CETA,29/2026-Customs
87113010,"All goods, which have not been registered anywhere prior to importation, and imported as a Completely Built Unit (CBU)",32.9,18.8,0.0,India-UK CETA,29/2026-Customs
87113020,"All goods, which have not been registered anywhere prior to importation, and imported as a Completely Built Unit (CBU)",32.9,18.8,0.0,India-UK CETA,29/2026-Customs
87113090,"All goods, which have not been registered anywhere prior to importation, and imported as a Completely Built Unit (CBU)",32.9,18.8,0.0,India-UK CETA,29/2026-Customs
87114010,"All goods, which have not been registered anywhere prior to importation, and imported as a Completely Built Unit (CBU)",32.9,18.8,0.0,India-UK CETA,29/2026-Customs
87114090,"All goods, which have not been registered anywhere prior to importation, and imported as a Completely Built Unit (CBU)",32.9,18.8,0.0,India-UK CETA,29/2026-Customs
87115000,"All goods, which have not been registered anywhere prior to importation, and imported as a Completely Built Unit (CBU)",32.9,18.8,0.0,India-UK CETA,29/2026-Customs
87120010,All goods,17.0,12.7,0.0,India-UK CETA,29/2026-Customs
87120090,All goods,8.0,0.0,0.0,India-UK CETA,29/2026-Customs
87131010,All goods,0.0,0.0,0.0,India-UK CETA,29/2026-Customs
87131090,All goods,0.0,0.0,0.0,India-UK CETA,29/2026-Customs
87139010,All goods,0.0,0.0,0.0,India-UK CETA,29/2026-Customs
87139090,All goods,0.0,0.0,0.0,India-UK CETA,29/2026-Customs
87141010,All goods,12.0,0.0,0.0,India-UK CETA,29/2026-Customs
87141090,All goods,13.6,0.0,0.0,India-UK CETA,29/2026-Customs
87142010,All goods,0.0,0.0,0.0,India-UK CETA,29/2026-Customs
87142020,All goods,0.0,0.0,0.0,India-UK CETA,29/2026-Customs
87142090,All goods,0.0,0.0,0.0,India-UK CETA,29/2026-Customs
87149100,All goods,16.0,0.0,0.0,India-UK CETA,29/2026-Customs
87149210,All goods,0.0,0.0,0.0,India-UK CETA,29/2026-Customs
87149220,All goods,0.0,0.0,0.0,India-UK CETA,29/2026-Customs
87149290,All goods,0.0,0.0,0.0,India-UK CETA,29/2026-Customs
87149310,All goods,0.0,0.0,0.0,India-UK CETA,29/2026-Customs
87149320,All goods,0.0,0.0,0.0,India-UK CETA,29/2026-Customs
87149390,All goods,0.0,0.0,0.0,India-UK CETA,29/2026-Customs
87149400,All goods,16.0,0.0,0.0,India-UK CETA,29/2026-Customs
87149510,All goods,0.0,0.0,0.0,India-UK CETA,29/2026-Customs
87149590,All goods,0.0,0.0,0.0,India-UK CETA,29/2026-Customs
87149600,All goods,0.0,0.0,0.0,India-UK CETA,29/2026-Customs
87149910,All goods,18.0,0.0,0.0,India-UK CETA,29/2026-Customs
87149920,All goods,0.0,0.0,0.0,India-UK CETA,29/2026-Customs
87149990,All goods,17.2,0.0,0.0,India-UK CETA,29/2026-Customs
87150010,All goods,0.0,0.0,0.0,India-UK CETA,29/2026-Customs
87150020,All goods,0.0,0.0,0.0,India-UK CETA,29/2026-Customs
87161000,All goods,0.0,0.0,0.0,India-UK CETA,29/2026-Customs
87162000,All goods,0.0,0.0,0.0,India-UK CETA,29/2026-Customs
87163100,All goods,0.0,0.0,0.0,India-UK CETA,29/2026-Customs
87163900,All goods,0.0,0.0,0.0,India-UK CETA,29/2026-Customs
87164000,All goods,0.0,0.0,0.0,India-UK CETA,29/2026-Customs
87168010,All goods,0.0,0.0,0.0,India-UK CETA,29/2026-Customs
87168020,All goods,0.0,0.0,0.0,India-UK CETA,29/2026-Customs
87168090,All goods,0.0,0.0,0.0,India-UK CETA,29/2026-Customs
87169010,All goods,9.0,0.0,0.0,India-UK CETA,29/2026-Customs
87169090,All goods,9.0,0.0,0.0,India-UK CETA,29/2026-Customs
88010010,All goods,0.0,0.0,0.0,India-UK CETA,29/2026-Customs
88010020,All goods,0.0,0.0,0.0,India-UK CETA,29/2026-Customs
88010090,All goods,0.0,0.0,0.0,India-UK CETA,29/2026-Customs
88021100,All goods,0.0,0.0,0.0,India-UK CETA,29/2026-Customs
88021200,All goods,2.0,0.0,0.0,India-UK CETA,29/2026-Customs
88022000,All goods,0.0,0.0,0.0,India-UK CETA,29/2026-Customs
88023000,All goods,2.2,0.4,0.0,India-UK CETA,29/2026-Customs
88024000,All goods,2.2,0.4,0.0,India-UK CETA,29/2026-Customs
88026000,All goods,0.0,0.0,0.0,India-UK CETA,29/2026-Customs
88040010,All goods,0.0,0.0,0.0,India-UK CETA,29/2026-Customs
88040020,All goods,0.0,0.0,0.0,India-UK CETA,29/2026-Customs
88051010,All goods,0.0,0.0,0.0,India-UK CETA,29/2026-Customs
88051020,All goods,0.0,0.0,0.0,India-UK CETA,29/2026-Customs
88051030,All goods,0.0,0.0,0.0,India-UK CETA,29/2026-Customs
88052100,All goods,0.0,0.0,0.0,India-UK CETA,29/2026-Customs
88052900,All goods,0.0,0.0,0.0,India-UK CETA,29/2026-Customs
88061000,All goods,9.0,0.0,0.0,India-UK CETA,29/2026-Customs
88062100,All goods,9.0,0.0,0.0,India-UK CETA,29/2026-Customs
88062200,All goods,9.0,0.0,0.0,India-UK CETA,29/2026-Customs
88062300,All goods,9.0,0.0,0.0,India-UK CETA,29/2026-Customs
88062400,All goods,9.0,0.0,0.0,India-UK CETA,29/2026-Customs
88062900,All goods,9.0,0.0,0.0,India-UK CETA,29/2026-Customs
88069100,All goods,9.0,0.0,0.0,India-UK CETA,29/2026-Customs
88069200,All goods,9.0,0.0,0.0,India-UK CETA,29/2026-Customs
88069300,All goods,9.0,0.0,0.0,India-UK CETA,29/2026-Customs
88069400,All goods,9.0,0.0,0.0,India-UK CETA,29/2026-Customs
88069900,All goods,9.0,0.0,0.0,India-UK CETA,29/2026-Customs
88071000,All goods,0.0,0.0,0.0,India-UK CETA,29/2026-Customs
88072000,All goods,0.0,0.0,0.0,India-UK CETA,29/2026-Customs
88073010,All goods,0.0,0.0,0.0,India-UK CETA,29/2026-Customs
88073020,All goods,0.0,0.0,0.0,India-UK CETA,29/2026-Customs
88079000,All goods,0.0,0.0,0.0,India-UK CETA,29/2026-Customs
89011010,All goods,0.0,0.0,0.0,India-UK CETA,29/2026-Customs
89011020,All goods,0.0,0.0,0.0,India-UK CETA,29/2026-Customs
89011030,All goods,0.0,0.0,0.0,India-UK CETA,29/2026-Customs
89011040,All goods,0.0,0.0,0.0,India-UK CETA,29/2026-Customs
89011090,All goods,0.0,0.0,0.0,India-UK CETA,29/2026-Customs
89012000,All goods,0.0,0.0,0.0,India-UK CETA,29/2026-Customs
89013000,All goods,0.0,0.0,0.0,India-UK CETA,29/2026-Customs
89019000,All goods,0.0,0.0,0.0,India-UK CETA,29/2026-Customs
89051000,All goods,0.0,0.0,0.0,India-UK CETA,29/2026-Customs
89052000,All goods,0.0,0.0,0.0,India-UK CETA,29/2026-Customs
89059010,All goods,0.0,0.0,0.0,India-UK CETA,29/2026-Customs
89059090,All goods,0.0,0.0,0.0,India-UK CETA,29/2026-Customs
89061000,All goods,0.0,0.0,0.0,India-UK CETA,29/2026-Customs
89069010,All goods,0.0,0.0,0.0,India-UK CETA,29/2026-Customs
89069090,All goods,0.0,0.0,0.0,India-UK CETA,29/2026-Customs
89080000,All goods,0.0,0.0,0.0,India-UK CETA,29/2026-Customs
90012000,All goods,0.0,0.0,0.0,India-UK CETA,29/2026-Customs
90013000,All goods,9.0,0.0,0.0,India-UK CETA,29/2026-Customs
90014010,All goods,0.0,0.0,0.0,India-UK CETA,29/2026-Customs
90014090,All goods,0.0,0.0,0.0,India-UK CETA,29/2026-Customs
90015000,All goods,9.0,0.0,0.0,India-UK CETA,29/2026-Customs
90019010,All goods,0.0,0.0,0.0,India-UK CETA,29/2026-Customs
90019090,All goods,0.0,0.0,0.0,India-UK CETA,29/2026-Customs
90021100,All goods,0.0,0.0,0.0,India-UK CETA,29/2026-Customs
90021900,All goods,0.0,0.0,0.0,India-UK CETA,29/2026-Customs
90022000,All goods,0.0,0.0,0.0,India-UK CETA,29/2026-Customs
90029000,All goods,0.0,0.0,0.0,India-UK CETA,29/2026-Customs
90031100,All goods,0.0,0.0,0.0,India-UK CETA,29/2026-Customs
90031900,All goods,0.0,0.0,0.0,India-UK CETA,29/2026-Customs
90039000,All goods,0.0,0.0,0.0,India-UK CETA,29/2026-Customs
90041000,All goods,0.0,0.0,0.0,India-UK CETA,29/2026-Customs
90049010,All goods,9.0,0.0,0.0,India-UK CETA,29/2026-Customs
90049020,All goods,9.0,0.0,0.0,India-UK CETA,29/2026-Customs
90049090,All goods,0.0,0.0,0.0,India-UK CETA,29/2026-Customs
90051000,All goods,0.0,0.0,0.0,India-UK CETA,29/2026-Customs
90058010,All goods,0.0,0.0,0.0,India-UK CETA,29/2026-Customs
90058020,All goods,0.0,0.0,0.0,India-UK CETA,29/2026-Customs
90058090,All goods,0.0,0.0,0.0,India-UK CETA,29/2026-Customs
90059010,All goods,0.0,0.0,0.0,India-UK CETA,29/2026-Customs
90059020,All goods,0.0,0.0,0.0,India-UK CETA,29/2026-Customs
90059090,All goods,0.0,0.0,0.0,India-UK CETA,29/2026-Customs
90063000,All goods,0.0,0.0,0.0,India-UK CETA,29/2026-Customs
90064000,All goods,0.0,0.0,0.0,India-UK CETA,29/2026-Customs
90065310,All goods,0.0,0.0,0.0,India-UK CETA,29/2026-Customs
90065390,All goods,0.0,0.0,0.0,India-UK CETA,29/2026-Customs
90065910,All goods,0.0,0.0,0.0,India-UK CETA,29/2026-Customs
90065990,All goods,0.0,0.0,0.0,India-UK CETA,29/2026-Customs
90066100,All goods,0.0,0.0,0.0,India-UK CETA,29/2026-Customs
90066900,All goods,0.0,0.0,0.0,India-UK CETA,29/2026-Customs
90069100,All goods,0.0,0.0,0.0,India-UK CETA,29/2026-Customs
90069900,All goods,0.0,0.0,0.0,India-UK CETA,29/2026-Customs
90071010,All goods,0.0,0.0,0.0,India-UK CETA,29/2026-Customs
90071090,All goods,0.0,0.0,0.0,India-UK CETA,29/2026-Customs
90072010,All goods,0.0,0.0,0.0,India-UK CETA,29/2026-Customs
90072090,All goods,0.0,0.0,0.0,India-UK CETA,29/2026-Customs
90079100,All goods,9.0,0.0,0.0,India-UK CETA,29/2026-Customs
90079200,All goods,0.0,0.0,0.0,India-UK CETA,29/2026-Customs
90085010,All goods,0.0,0.0,0.0,India-UK CETA,29/2026-Customs
90085020,All goods,0.0,0.0,0.0,India-UK CETA,29/2026-Customs
90085030,All goods,0.0,0.0,0.0,India-UK CETA,29/2026-Customs
90085040,All goods,0.0,0.0,0.0,India-UK CETA,29/2026-Customs
90089000,All goods,0.0,0.0,0.0,India-UK CETA,29/2026-Customs
90101000,All goods,0.0,0.0,0.0,India-UK CETA,29/2026-Customs
90105000,All goods,0.0,0.0,0.0,India-UK CETA,29/2026-Customs
90106000,All goods,0.0,0.0,0.0,India-UK CETA,29/2026-Customs
90109000,All goods,0.0,0.0,0.0,India-UK CETA,29/2026-Customs
90111000,All goods,0.0,0.0,0.0,India-UK CETA,29/2026-Customs
90112000,All goods,0.0,0.0,0.0,India-UK CETA,29/2026-Customs
90118000,All goods,0.0,0.0,0.0,India-UK CETA,29/2026-Customs
90119000,All goods,0.0,0.0,0.0,India-UK CETA,29/2026-Customs
90121010,All goods,0.0,0.0,0.0,India-UK CETA,29/2026-Customs
90121090,All goods,0.0,0.0,0.0,India-UK CETA,29/2026-Customs
90129000,All goods,0.0,0.0,0.0,India-UK CETA,29/2026-Customs
90131010,All goods,0.0,0.0,0.0,India-UK CETA,29/2026-Customs
90131020,All goods,0.0,0.0,0.0,India-UK CETA,29/2026-Customs
90131090,All goods,0.0,0.0,0.0,India-UK CETA,29/2026-Customs
90132000,All goods,0.0,0.0,0.0,India-UK CETA,29/2026-Customs
90138000,All goods,0.0,0.0,0.0,India-UK CETA,29/2026-Customs
90139000,All goods,0.0,0.0,0.0,India-UK CETA,29/2026-Customs
90141000,All goods,0.0,0.0,0.0,India-UK CETA,29/2026-Customs
90142000,All goods,6.0,0.0,0.0,India-UK CETA,29/2026-Customs
90148010,All goods,0.0,0.0,0.0,India-UK CETA,29/2026-Customs
90148020,All goods,0.0,0.0,0.0,India-UK CETA,29/2026-Customs
90148090,All goods,0.0,0.0,0.0,India-UK CETA,29/2026-Customs
90149000,All goods,6.8,0.0,0.0,India-UK CETA,29/2026-Customs
90151000,All goods,0.0,0.0,0.0,India-UK CETA,29/2026-Customs
90152000,All goods,0.0,0.0,0.0,India-UK CETA,29/2026-Customs
90153010,All goods,0.0,0.0,0.0,India-UK CETA,29/2026-Customs
90153090,All goods,0.0,0.0,0.0,India-UK CETA,29/2026-Customs
90154000,All goods,0.0,0.0,0.0,India-UK CETA,29/2026-Customs
90158010,All goods,6.8,0.0,0.0,India-UK CETA,29/2026-Customs
90158020,All goods,0.0,0.0,0.0,India-UK CETA,29/2026-Customs
90158030,All goods,0.0,0.0,0.0,India-UK CETA,29/2026-Customs
90158090,All goods,6.0,0.0,0.0,India-UK CETA,29/2026-Customs
90159000,All goods,6.0,0.0,0.0,India-UK CETA,29/2026-Customs
90160010,All goods,0.0,0.0,0.0,India-UK CETA,29/2026-Customs
90160020,All goods,0.0,0.0,0.0,India-UK CETA,29/2026-Customs
90160090,All goods,0.0,0.0,0.0,India-UK CETA,29/2026-Customs
90171000,All goods,0.0,0.0,0.0,India-UK CETA,29/2026-Customs
90172010,All goods,0.0,0.0,0.0,India-UK CETA,29/2026-Customs
90172020,All goods,0.0,0.0,0.0,India-UK CETA,29/2026-Customs
90172030,All goods,0.0,0.0,0.0,India-UK CETA,29/2026-Customs
90172090,All goods,0.0,0.0,0.0,India-UK CETA,29/2026-Customs
90173010,All goods,0.0,0.0,0.0,India-UK CETA,29/2026-Customs
90173021,All goods,0.0,0.0,0.0,India-UK CETA,29/2026-Customs
90173022,All goods,0.0,0.0,0.0,India-UK CETA,29/2026-Customs
90173023,All goods,0.0,0.0,0.0,India-UK CETA,29/2026-Customs
90173029,All goods,0.0,0.0,0.0,India-UK CETA,29/2026-Customs
90178010,All goods,0.0,0.0,0.0,India-UK CETA,29/2026-Customs
90178090,All goods,0.0,0.0,0.0,India-UK CETA,29/2026-Customs
90179000,All goods,0.0,0.0,0.0,India-UK CETA,29/2026-Customs
90181100,All goods,7.4,0.0,5.0,India-UK CETA,29/2026-Customs
90181210,All goods,7.4,0.0,5.0,India-UK CETA,29/2026-Customs
90181290,All goods,7.4,0.0,5.0,India-UK CETA,29/2026-Customs
90181300,All goods,7.4,0.0,5.0,India-UK CETA,29/2026-Customs
90181400,All goods,7.4,0.0,5.0,India-UK CETA,29/2026-Customs
90181910,All goods,7.4,0.0,5.0,India-UK CETA,29/2026-Customs
90181920,All goods,7.4,0.0,5.0,India-UK CETA,29/2026-Customs
90181990,All goods,7.4,0.0,5.0,India-UK CETA,29/2026-Customs
90182000,All goods,7.4,0.0,5.0,India-UK CETA,29/2026-Customs
90183100,All goods,7.4,0.0,5.0,India-UK CETA,29/2026-Customs
90183210,All goods,7.4,0.0,5.0,India-UK CETA,29/2026-Customs
90183220,All goods,7.4,0.0,5.0,India-UK CETA,29/2026-Customs
90183230,All goods,4.9,0.0,5.0,India-UK CETA,29/2026-Customs
90183290,All goods,7.4,0.0,5.0,India-UK CETA,29/2026-Customs
90183910,All goods,7.4,0.0,5.0,India-UK CETA,29/2026-Customs
90183920,All goods,7.4,0.0,5.0,India-UK CETA,29/2026-Customs
90183930,All goods,7.4,0.0,5.0,India-UK CETA,29/2026-Customs
90183990,All goods,7.4,0.0,5.0,India-UK CETA,29/2026-Customs
90184100,All goods,7.4,0.0,5.0,India-UK CETA,29/2026-Customs
90184900,All goods,7.4,0.0,5.0,India-UK CETA,29/2026-Customs
90185010,All goods,7.4,0.0,5.0,India-UK CETA,29/2026-Customs
90185020,All goods,4.9,0.0,5.0,India-UK CETA,29/2026-Customs
90185030,All goods,7.4,0.0,5.0,India-UK CETA,29/2026-Customs
90185090,All goods,7.4,0.0,5.0,India-UK CETA,29/2026-Customs
90189011,All goods,7.4,0.0,5.0,India-UK CETA,29/2026-Customs
90189012,All goods,7.4,0.0,5.0,India-UK CETA,29/2026-Customs
90189019,All goods,7.4,0.0,5.0,India-UK CETA,29/2026-Customs
90189021,All goods,4.9,0.0,5.0,India-UK CETA,29/2026-Customs
90189022,All goods,7.4,0.0,5.0,India-UK CETA,29/2026-Customs
90189023,All goods,7.4,0.0,5.0,India-UK CETA,29/2026-Customs
90189024,All goods,4.9,0.0,5.0,India-UK CETA,29/2026-Customs
90189025,All goods,7.4,0.0,5.0,India-UK CETA,29/2026-Customs
90189029,All goods,7.5,0.0,5.0,India-UK CETA,29/2026-Customs
90189032,All goods,7.4,0.0,5.0,India-UK CETA,29/2026-Customs
90189042,All goods,7.4,0.0,5.0,India-UK CETA,29/2026-Customs
90189043,All goods,4.9,0.0,5.0,India-UK CETA,29/2026-Customs
90189044,All goods,7.4,0.0,5.0,India-UK CETA,29/2026-Customs
90189091,All goods,7.4,0.0,5.0,India-UK CETA,29/2026-Customs
90189092,All goods,7.4,0.0,5.0,India-UK CETA,29/2026-Customs
90189093,All goods,7.4,0.0,5.0,India-UK CETA,29/2026-Customs
90189094,All goods,7.4,0.0,5.0,India-UK CETA,29/2026-Customs
90189095,All goods,4.9,0.0,5.0,India-UK CETA,29/2026-Customs
90189096,All goods,4.9,0.0,5.0,India-UK CETA,29/2026-Customs
90189097,All goods,4.9,0.0,5.0,India-UK CETA,29/2026-Customs
90189098,All goods,4.9,0.0,5.0,India-UK CETA,29/2026-Customs
90189099,All goods,7.4,0.0,5.0,India-UK CETA,29/2026-Customs
90191010,All goods,7.4,0.0,5.0,India-UK CETA,29/2026-Customs
90191020,All goods,4.9,0.0,5.0,India-UK CETA,29/2026-Customs
90191090,All goods,7.5,0.0,5.0,India-UK CETA,29/2026-Customs
90200000,All goods,7.5,0.0,5.0,India-UK CETA,29/2026-Customs
90211000,All goods,7.4,0.0,5.0,India-UK CETA,29/2026-Customs
90212100,All goods,7.4,0.0,5.0,India-UK CETA,29/2026-Customs
90212900,All goods,7.4,0.0,5.0,India-UK CETA,29/2026-Customs
90213100,All goods,7.5,0.0,5.0,India-UK CETA,29/2026-Customs
90213900,All goods,7.5,0.0,5.0,India-UK CETA,29/2026-Customs
90214010,All goods,7.4,0.0,5.0,India-UK CETA,29/2026-Customs
90214090,All goods,7.4,0.0,5.0,India-UK CETA,29/2026-Customs
90215000,All goods,7.4,0.0,5.0,India-UK CETA,29/2026-Customs
90219010,All goods,7.4,0.0,5.0,India-UK CETA,29/2026-Customs
90221300,All goods,7.5,0.0,5.0,India-UK CETA,29/2026-Customs
90221410,All goods,7.4,0.0,5.0,India-UK CETA,29/2026-Customs
90221420,All goods,7.5,0.0,5.0,India-UK CETA,29/2026-Customs
90221490,All goods,7.4,0.0,5.0,India-UK CETA,29/2026-Customs
90221900,All goods,7.4,0.0,5.0,India-UK CETA,29/2026-Customs
90222100,All goods,7.4,0.0,5.0,India-UK CETA,29/2026-Customs
90222900,All goods,7.1,0.0,0.0,India-UK CETA,29/2026-Customs
90223000,All goods,7.4,0.0,5.0,India-UK CETA,29/2026-Customs
90229010,All goods,5.7,0.0,5.0,India-UK CETA,29/2026-Customs
90229020,All goods,7.5,0.0,5.0,India-UK CETA,29/2026-Customs
90229030,All goods,5.1,0.0,5.0,India-UK CETA,29/2026-Customs
90229040,All goods,7.4,0.0,5.0,India-UK CETA,29/2026-Customs
90230010,All goods,0.0,0.0,0.0,India-UK CETA,29/2026-Customs
90230090,All goods,0.0,0.0,0.0,India-UK CETA,29/2026-Customs
90241000,All goods,0.0,0.0,0.0,India-UK CETA,29/2026-Customs
90248010,All goods,0.0,0.0,0.0,India-UK CETA,29/2026-Customs
90248091,All goods,0.0,0.0,0.0,India-UK CETA,29/2026-Customs
90248099,All goods,0.0,0.0,0.0,India-UK CETA,29/2026-Customs
90249000,All goods,0.0,0.0,0.0,India-UK CETA,29/2026-Customs
90251110,All goods,0.0,0.0,0.0,India-UK CETA,29/2026-Customs
90251190,All goods,0.0,0.0,0.0,India-UK CETA,29/2026-Customs
90251910,All goods,0.0,0.0,0.0,India-UK CETA,29/2026-Customs
90251920,All goods,0.0,0.0,0.0,India-UK CETA,29/2026-Customs
90251990,All goods,0.0,0.0,0.0,India-UK CETA,29/2026-Customs
90258010,All goods,0.0,0.0,0.0,India-UK CETA,29/2026-Customs
90258020,All goods,0.0,0.0,0.0,India-UK CETA,29/2026-Customs
90258030,All goods,0.0,0.0,0.0,India-UK CETA,29/2026-Customs
90258090,All goods,6.0,0.0,0.0,India-UK CETA,29/2026-Customs
90259000,All goods,0.0,0.0,0.0,India-UK CETA,29/2026-Customs
90261010,All goods,0.0,0.0,0.0,India-UK CETA,29/2026-Customs
90261020,All goods,0.0,0.0,0.0,India-UK CETA,29/2026-Customs
90261090,All goods,0.0,0.0,0.0,India-UK CETA,29/2026-Customs
90262000,All goods,0.0,0.0,0.0,India-UK CETA,29/2026-Customs
90268010,All goods,0.0,0.0,0.0,India-UK CETA,29/2026-Customs
90268090,All goods,0.0,0.0,0.0,India-UK CETA,29/2026-Customs
90269000,All goods,0.0,0.0,0.0,India-UK CETA,29/2026-Customs
90271000,All goods,9.0,0.0,0.0,India-UK CETA,29/2026-Customs
90272000,All goods,0.0,0.0,0.0,India-UK CETA,29/2026-Customs
90273010,All goods,0.0,0.0,0.0,India-UK CETA,29/2026-Customs
90273020,All goods,0.0,0.0,0.0,India-UK CETA,29/2026-Customs
90273090,All goods,0.0,0.0,0.0,India-UK CETA,29/2026-Customs
90275010,All goods,0.0,0.0,0.0,India-UK CETA,29/2026-Customs
90275020,All goods,0.0,0.0,0.0,India-UK CETA,29/2026-Customs
90275030,All goods,0.0,0.0,0.0,India-UK CETA,29/2026-Customs
90275090,All goods,0.0,0.0,0.0,India-UK CETA,29/2026-Customs
90278100,All goods,0.0,0.0,0.0,India-UK CETA,29/2026-Customs
90278910,All goods,0.0,0.0,0.0,India-UK CETA,29/2026-Customs
90278920,All goods,0.0,0.0,0.0,India-UK CETA,29/2026-Customs
90278930,All goods,0.0,0.0,0.0,India-UK CETA,29/2026-Customs
90278990,All goods,0.0,0.0,0.0,India-UK CETA,29/2026-Customs
90279010,All goods,0.0,0.0,0.0,India-UK CETA,29/2026-Customs
90279020,All goods,0.0,0.0,0.0,India-UK CETA,29/2026-Customs
90279090,All goods,6.8,0.0,0.0,India-UK CETA,29/2026-Customs
90281000,All goods,0.0,0.0,0.0,India-UK CETA,29/2026-Customs
90282000,All goods,0.0,0.0,0.0,India-UK CETA,29/2026-Customs
90283010,All goods,16.0,6.0,0.0,India-UK CETA,29/2026-Customs
90283090,All goods,0.0,0.0,0.0,India-UK CETA,29/2026-Customs
90289010,All goods,16.0,0.0,0.0,India-UK CETA,29/2026-Customs
90289090,All goods,0.0,0.0,0.0,India-UK CETA,29/2026-Customs
90291010,All goods,0.0,0.0,0.0,India-UK CETA,29/2026-Customs
90291090,All goods,0.0,0.0,0.0,India-UK CETA,29/2026-Customs
90292010,All goods,0.0,0.0,0.0,India-UK CETA,29/2026-Customs
90292020,All goods,6.8,0.0,0.0,India-UK CETA,29/2026-Customs
90292030,All goods,6.8,0.0,0.0,India-UK CETA,29/2026-Customs
90292090,All goods,6.8,0.0,0.0,India-UK CETA,29/2026-Customs
90299000,All goods,0.0,0.0,0.0,India-UK CETA,29/2026-Customs
90301000,All goods,6.8,0.0,0.0,India-UK CETA,29/2026-Customs
90302000,All goods,0.0,0.0,0.0,India-UK CETA,29/2026-Customs
90303100,All goods,0.0,0.0,0.0,India-UK CETA,29/2026-Customs
90303200,All goods,0.0,0.0,0.0,India-UK CETA,29/2026-Customs
90303310,All goods,6.8,0.0,0.0,India-UK CETA,29/2026-Customs
90303320,All goods,6.8,0.0,0.0,India-UK CETA,29/2026-Customs
90303330,All goods,6.8,0.0,0.0,India-UK CETA,29/2026-Customs
90303340,All goods,6.8,0.0,0.0,India-UK CETA,29/2026-Customs
90303350,All goods,6.8,0.0,0.0,India-UK CETA,29/2026-Customs
90303390,All goods,0.0,0.0,0.0,India-UK CETA,29/2026-Customs
90303900,All goods,6.8,0.0,0.0,India-UK CETA,29/2026-Customs
90304000,All goods,0.0,0.0,0.0,India-UK CETA,29/2026-Customs
90308200,All goods,0.0,0.0,0.0,India-UK CETA,29/2026-Customs
90308400,All goods,0.0,0.0,0.0,India-UK CETA,29/2026-Customs
90308910,All goods,0.0,0.0,0.0,India-UK CETA,29/2026-Customs
90308920,All goods,0.0,0.0,0.0,India-UK CETA,29/2026-Customs
90308990,All goods,0.0,0.0,0.0,India-UK CETA,29/2026-Customs
90309010,All goods,0.0,0.0,0.0,India-UK CETA,29/2026-Customs
90309090,All goods,0.0,0.0,0.0,India-UK CETA,29/2026-Customs
90311000,All goods,0.0,0.0,0.0,India-UK CETA,29/2026-Customs
90312000,All goods,0.0,0.0,0.0,India-UK CETA,29/2026-Customs
90314100,All goods,0.0,0.0,0.0,India-UK CETA,29/2026-Customs
90314900,All goods,0.0,0.0,0.0,India-UK CETA,29/2026-Customs
90318000,All goods,6.0,0.0,0.0,India-UK CETA,29/2026-Customs
90319000,All goods,0.0,0.0,0.0,India-UK CETA,29/2026-Customs
90321010,All goods,0.0,0.0,0.0,India-UK CETA,29/2026-Customs
90321090,All goods,0.0,0.0,0.0,India-UK CETA,29/2026-Customs
90322010,All goods,0.0,0.0,0.0,India-UK CETA,29/2026-Customs
90322090,All goods,0.0,0.0,0.0,India-UK CETA,29/2026-Customs
90328100,All goods,0.0,0.0,0.0,India-UK CETA,29/2026-Customs
90328910,All goods,0.0,0.0,0.0,India-UK CETA,29/2026-Customs
90328990,All goods,0.0,0.0,0.0,India-UK CETA,29/2026-Customs
90329000,All goods,6.0,0.0,0.0,India-UK CETA,29/2026-Customs
90330000,All goods,6.0,0.0,0.0,India-UK CETA,29/2026-Customs
91011100,All goods,18.0,0.0,0.0,India-UK CETA,29/2026-Customs
91011900,All goods,16.0,0.0,0.0,India-UK CETA,29/2026-Customs
91012100,All goods,18.0,0.0,0.0,India-UK CETA,29/2026-Customs
91012900,All goods,18.0,0.0,0.0,India-UK CETA,29/2026-Customs
91019110,All goods,18.0,0.0,0.0,India-UK CETA,29/2026-Customs
91019120,All goods,18.0,0.0,0.0,India-UK CETA,29/2026-Customs
91019190,All goods,18.0,0.0,0.0,India-UK CETA,29/2026-Customs
91019910,All goods,16.0,0.0,0.0,India-UK CETA,29/2026-Customs
91019920,All goods,16.0,0.0,0.0,India-UK CETA,29/2026-Customs
91019990,All goods,16.0,0.0,0.0,India-UK CETA,29/2026-Customs
91021100,All goods,18.0,0.0,0.0,India-UK CETA,29/2026-Customs
91021200,All goods,16.0,0.0,0.0,India-UK CETA,29/2026-Customs
91021900,All goods,16.0,0.0,0.0,India-UK CETA,29/2026-Customs
91022100,All goods,18.0,0.0,0.0,India-UK CETA,29/2026-Customs
91022900,All goods,18.0,0.0,0.0,India-UK CETA,29/2026-Customs
91029110,All goods,18.0,0.0,0.0,India-UK CETA,29/2026-Customs
91029120,All goods,18.0,0.0,0.0,India-UK CETA,29/2026-Customs
91029190,All goods,18.0,0.0,0.0,India-UK CETA,29/2026-Customs
91029910,All goods,16.0,0.0,0.0,India-UK CETA,29/2026-Customs
91029920,All goods,16.0,0.0,0.0,India-UK CETA,29/2026-Customs
91029990,All goods,16.0,0.0,0.0,India-UK CETA,29/2026-Customs
91031000,All goods,18.0,0.0,0.0,India-UK CETA,29/2026-Customs
91039000,All goods,16.0,0.0,0.0,India-UK CETA,29/2026-Customs
91040000,All goods,0.0,0.0,0.0,India-UK CETA,29/2026-Customs
91051100,All goods,18.0,0.0,0.0,India-UK CETA,29/2026-Customs
91051900,All goods,18.0,0.0,0.0,India-UK CETA,29/2026-Customs
91052100,All goods,18.0,0.0,0.0,India-UK CETA,29/2026-Customs
91052900,All goods,16.0,0.0,0.0,India-UK CETA,29/2026-Customs
91059100,All goods,18.0,0.0,0.0,India-UK CETA,29/2026-Customs
91059910,All goods,16.0,0.0,0.0,India-UK CETA,29/2026-Customs
91059990,All goods,16.0,0.0,0.0,India-UK CETA,29/2026-Customs
91061000,All goods,9.0,0.0,0.0,India-UK CETA,29/2026-Customs
91069000,All goods,9.0,0.0,0.0,India-UK CETA,29/2026-Customs
91070000,All goods,0.0,0.0,0.0,India-UK CETA,29/2026-Customs
91081100,All goods,4.5,0.0,0.0,India-UK CETA,29/2026-Customs
91081200,All goods,4.5,0.0,0.0,India-UK CETA,29/2026-Customs
91081900,All goods,4.5,0.0,0.0,India-UK CETA,29/2026-Customs
91082000,All goods,0.0,0.0,0.0,India-UK CETA,29/2026-Customs
91089000,All goods,0.0,0.0,0.0,India-UK CETA,29/2026-Customs
91091010,All goods,0.0,0.0,0.0,India-UK CETA,29/2026-Customs
91091090,All goods,0.0,0.0,0.0,India-UK CETA,29/2026-Customs
91099000,All goods,0.0,0.0,0.0,India-UK CETA,29/2026-Customs
91101100,All goods,0.0,0.0,0.0,India-UK CETA,29/2026-Customs
91101200,All goods,0.0,0.0,0.0,India-UK CETA,29/2026-Customs
91101900,All goods,0.0,0.0,0.0,India-UK CETA,29/2026-Customs
91109000,All goods,0.0,0.0,0.0,India-UK CETA,29/2026-Customs
91111000,All goods,0.0,0.0,0.0,India-UK CETA,29/2026-Customs
91112000,All goods,0.0,0.0,0.0,India-UK CETA,29/2026-Customs
91118000,All goods,0.0,0.0,0.0,India-UK CETA,29/2026-Customs
91119000,All goods,0.0,0.0,0.0,India-UK CETA,29/2026-Customs
91122000,All goods,0.0,0.0,0.0,India-UK CETA,29/2026-Customs
91129000,All goods,0.0,0.0,0.0,India-UK CETA,29/2026-Customs
91131000,All goods,0.0,0.0,0.0,India-UK CETA,29/2026-Customs
91132010,All goods,0.0,0.0,0.0,India-UK CETA,29/2026-Customs
91132090,All goods,0.0,0.0,0.0,India-UK CETA,29/2026-Customs
91139010,All goods,0.0,0.0,0.0,India-UK CETA,29/2026-Customs
91139090,All goods,0.0,0.0,0.0,India-UK CETA,29/2026-Customs
91143010,All goods,0.0,0.0,0.0,India-UK CETA,29/2026-Customs
91143020,All goods,0.0,0.0,0.0,India-UK CETA,29/2026-Customs
91144010,All goods,0.0,0.0,0.0,India-UK CETA,29/2026-Customs
91144020,All goods,0.0,0.0,0.0,India-UK CETA,29/2026-Customs
91149030,All goods,0.0,0.0,0.0,India-UK CETA,29/2026-Customs
91149040,All goods,0.0,0.0,0.0,India-UK CETA,29/2026-Customs
91149091,All goods,0.0,0.0,0.0,India-UK CETA,29/2026-Customs
91149092,All goods,0.0,0.0,0.0,India-UK CETA,29/2026-Customs
92011000,All goods,0.0,0.0,0.0,India-UK CETA,29/2026-Customs
92012000,All goods,0.0,0.0,0.0,India-UK CETA,29/2026-Customs
92019000,All goods,0.0,0.0,0.0,India-UK CETA,29/2026-Customs
92021000,All goods,0.0,0.0,0.0,India-UK CETA,29/2026-Customs
92029000,All goods,0.0,0.0,0.0,India-UK CETA,29/2026-Customs
92051000,All goods,0.0,0.0,0.0,India-UK CETA,29/2026-Customs
92059010,All goods,0.0,0.0,0.0,India-UK CETA,29/2026-Customs
92059020,All goods,0.0,0.0,0.0,India-UK CETA,29/2026-Customs
92059090,All goods,0.0,0.0,0.0,India-UK CETA,29/2026-Customs
92060000,All goods,0.0,0.0,0.0,India-UK CETA,29/2026-Customs
92071000,All goods,0.0,0.0,0.0,India-UK CETA,29/2026-Customs
92079000,All goods,0.0,0.0,0.0,India-UK CETA,29/2026-Customs
92081000,All goods,0.0,0.0,0.0,India-UK CETA,29/2026-Customs
92089000,All goods,0.0,0.0,0.0,India-UK CETA,29/2026-Customs
92093000,All goods,0.0,0.0,0.0,India-UK CETA,29/2026-Customs
92099100,All goods,0.0,0.0,0.0,India-UK CETA,29/2026-Customs
92099200,All goods,0.0,0.0,0.0,India-UK CETA,29/2026-Customs
92099400,All goods,0.0,0.0,0.0,India-UK CETA,29/2026-Customs
92099900,All goods,0.0,0.0,0.0,India-UK CETA,29/2026-Customs
93011010,All goods,0.0,0.0,0.0,India-UK CETA,29/2026-Customs
93011090,All goods,0.0,0.0,0.0,India-UK CETA,29/2026-Customs
93012000,All goods,0.0,0.0,0.0,India-UK CETA,29/2026-Customs
93019000,All goods,0.0,0.0,0.0,India-UK CETA,29/2026-Customs
93020000,All goods,0.0,0.0,0.0,India-UK CETA,29/2026-Customs
93031000,All goods,0.0,0.0,0.0,India-UK CETA,29/2026-Customs
93032000,All goods,0.0,0.0,0.0,India-UK CETA,29/2026-Customs
93033000,All goods,0.0,0.0,0.0,India-UK CETA,29/2026-Customs
93039000,All goods,0.0,0.0,0.0,India-UK CETA,29/2026-Customs
93040000,All goods,0.0,0.0,0.0,India-UK CETA,29/2026-Customs
93051000,All goods,0.0,0.0,0.0,India-UK CETA,29/2026-Customs
93052010,All goods,0.0,0.0,0.0,India-UK CETA,29/2026-Customs
93052090,All goods,0.0,0.0,0.0,India-UK CETA,29/2026-Customs
93059100,All goods,0.0,0.0,0.0,India-UK CETA,29/2026-Customs
93059910,All goods,0.0,0.0,0.0,India-UK CETA,29/2026-Customs
93059990,All goods,0.0,0.0,0.0,India-UK CETA,29/2026-Customs
93062100,All goods,0.0,0.0,0.0,India-UK CETA,29/2026-Customs
93062900,All goods,0.0,0.0,0.0,India-UK CETA,29/2026-Customs
93063000,All goods,0.0,0.0,0.0,India-UK CETA,29/2026-Customs
93069000,All goods,0.0,0.0,0.0,India-UK CETA,29/2026-Customs
93070000,All goods,0.0,0.0,0.0,India-UK CETA,29/2026-Customs
94011000,All goods,0.0,0.0,0.0,India-UK CETA,29/2026-Customs
94012000,All goods,17.6,4.4,0.0,India-UK CETA,29/2026-Customs
94013100,All goods,17.6,4.4,0.0,India-UK CETA,29/2026-Customs
94013900,All goods,0.0,0.0,0.0,India-UK CETA,29/2026-Customs
94014100,All goods,0.0,0.0,0.0,India-UK CETA,29/2026-Customs
94014900,All goods,0.0,0.0,0.0,India-UK CETA,29/2026-Customs
94015200,All goods,0.0,0.0,0.0,India-UK CETA,29/2026-Customs
94015300,All goods,0.0,0.0,0.0,India-UK CETA,29/2026-Customs
94015900,All goods,0.0,0.0,0.0,India-UK CETA,29/2026-Customs
94016100,All goods,0.0,0.0,0.0,India-UK CETA,29/2026-Customs
94016900,All goods,0.0,0.0,0.0,India-UK CETA,29/2026-Customs
94017100,All goods,0.0,0.0,0.0,India-UK CETA,29/2026-Customs
94017900,All goods,0.0,0.0,0.0,India-UK CETA,29/2026-Customs
94018000,All goods,0.0,0.0,0.0,India-UK CETA,29/2026-Customs
94019100,All goods,19.8,5.0,0.0,India-UK CETA,29/2026-Customs
94019900,All goods,19.8,5.0,0.0,India-UK CETA,29/2026-Customs
94021010,All goods,0.0,0.0,0.0,India-UK CETA,29/2026-Customs
94021090,All goods,0.0,0.0,0.0,India-UK CETA,29/2026-Customs
94029010,All goods,0.0,0.0,0.0,India-UK CETA,29/2026-Customs
94029020,All goods,0.0,0.0,0.0,India-UK CETA,29/2026-Customs
94029090,All goods,0.0,0.0,0.0,India-UK CETA,29/2026-Customs
94031010,All goods,17.6,4.4,0.0,India-UK CETA,29/2026-Customs
94031090,All goods,19.8,5.0,0.0,India-UK CETA,29/2026-Customs
94032010,All goods,17.6,4.4,0.0,India-UK CETA,29/2026-Customs
94032090,All goods,17.6,4.4,0.0,India-UK CETA,29/2026-Customs
94033010,All goods,17.6,4.4,0.0,India-UK CETA,29/2026-Customs
94033090,All goods,17.6,4.4,0.0,India-UK CETA,29/2026-Customs
94034000,All goods,17.6,4.4,0.0,India-UK CETA,29/2026-Customs
94035010,All goods,17.6,4.4,0.0,India-UK CETA,29/2026-Customs
94035090,All goods,17.6,4.4,0.0,India-UK CETA,29/2026-Customs
94036000,All goods,19.8,5.0,0.0,India-UK CETA,29/2026-Customs
94037000,All goods,17.6,4.4,0.0,India-UK CETA,29/2026-Customs
94038200,All goods,0.0,0.0,0.0,India-UK CETA,29/2026-Customs
94038300,All goods,0.0,0.0,0.0,India-UK CETA,29/2026-Customs
94038900,All goods,17.6,4.4,0.0,India-UK CETA,29/2026-Customs
94039100,All goods,17.6,4.4,0.0,India-UK CETA,29/2026-Customs
94039900,All goods,17.6,4.4,0.0,India-UK CETA,29/2026-Customs
94041000,All goods,0.0,0.0,0.0,India-UK CETA,29/2026-Customs
94042110,All goods,0.0,0.0,0.0,India-UK CETA,29/2026-Customs
94042190,All goods,0.0,0.0,0.0,India-UK CETA,29/2026-Customs
94042910,All goods,0.0,0.0,0.0,India-UK CETA,29/2026-Customs
94042920,All goods,0.0,0.0,0.0,India-UK CETA,29/2026-Customs
94042990,All goods,0.0,0.0,0.0,India-UK CETA,29/2026-Customs
94043010,All goods,0.0,0.0,0.0,India-UK CETA,29/2026-Customs
94043090,All goods,0.0,0.0,0.0,India-UK CETA,29/2026-Customs
94044010,All goods,0.0,0.0,0.0,India-UK CETA,29/2026-Customs
94044020,All goods,0.0,0.0,0.0,India-UK CETA,29/2026-Customs
94044030,All goods,0.0,0.0,0.0,India-UK CETA,29/2026-Customs
94044040,All goods,0.0,0.0,0.0,India-UK CETA,29/2026-Customs
94049000,All goods,0.0,0.0,0.0,India-UK CETA,29/2026-Customs
94051100,All goods,0.0,0.0,0.0,India-UK CETA,29/2026-Customs
94051900,All goods,0.0,0.0,0.0,India-UK CETA,29/2026-Customs
94052100,All goods,0.0,0.0,0.0,India-UK CETA,29/2026-Customs
94052900,All goods,0.0,0.0,0.0,India-UK CETA,29/2026-Customs
94053100,All goods,0.0,0.0,0.0,India-UK CETA,29/2026-Customs
94053900,All goods,0.0,0.0,0.0,India-UK CETA,29/2026-Customs
94054100,All goods,0.0,0.0,0.0,India-UK CETA,29/2026-Customs
94054200,All goods,0.0,0.0,0.0,India-UK CETA,29/2026-Customs
94054900,All goods,0.0,0.0,0.0,India-UK CETA,29/2026-Customs
94055000,All goods,17.6,4.4,0.0,India-UK CETA,29/2026-Customs
94056100,All goods,0.0,0.0,0.0,India-UK CETA,29/2026-Customs
94056900,All goods,0.0,0.0,0.0,India-UK CETA,29/2026-Customs
94059100,All goods,0.0,0.0,0.0,India-UK CETA,29/2026-Customs
94059200,All goods,0.0,0.0,0.0,India-UK CETA,29/2026-Customs
94059900,All goods,0.0,0.0,0.0,India-UK CETA,29/2026-Customs
94061010,All goods,0.0,0.0,0.0,India-UK CETA,29/2026-Customs
94061020,All goods,0.0,0.0,0.0,India-UK CETA,29/2026-Customs
94061030,All goods,0.0,0.0,0.0,India-UK CETA,29/2026-Customs
94061090,All goods,0.0,0.0,0.0,India-UK CETA,29/2026-Customs
94062000,All goods,9.0,0.0,0.0,India-UK CETA,29/2026-Customs
94069010,All goods,0.0,0.0,0.0,India-UK CETA,29/2026-Customs
94069020,All goods,0.0,0.0,0.0,India-UK CETA,29/2026-Customs
94069030,All goods,0.0,0.0,0.0,India-UK CETA,29/2026-Customs
94069090,All goods,9.0,0.0,0.0,India-UK CETA,29/2026-Customs
95030010,All goods,62.7,0.0,0.0,India-UK CETA,29/2026-Customs
95030020,All goods,62.7,0.0,0.0,India-UK CETA,29/2026-Customs
95030091,All goods,18.0,20.0,0.0,India-UK CETA,29/2026-Customs
95030099,All goods,62.7,0.0,0.0,India-UK CETA,29/2026-Customs
95042000,All goods,16.0,0.0,0.0,India-UK CETA,29/2026-Customs
95043000,All goods,16.0,0.0,0.0,India-UK CETA,29/2026-Customs
95044000,All goods,16.0,0.0,0.0,India-UK CETA,29/2026-Customs
95045000,All goods,18.0,0.0,0.0,India-UK CETA,29/2026-Customs
95049010,All goods,18.0,0.0,0.0,India-UK CETA,29/2026-Customs
95049020,All goods,18.0,0.0,0.0,India-UK CETA,29/2026-Customs
95049090,All goods,18.0,0.0,0.0,India-UK CETA,29/2026-Customs
95051000,All goods,16.0,0.0,0.0,India-UK CETA,29/2026-Customs
95059010,All goods,18.0,0.0,0.0,India-UK CETA,29/2026-Customs
95059090,All goods,18.0,0.0,0.0,India-UK CETA,29/2026-Customs
95061100,All goods,0.0,0.0,0.0,India-UK CETA,29/2026-Customs
95061200,All goods,0.0,0.0,0.0,India-UK CETA,29/2026-Customs
95061900,All goods,0.0,0.0,0.0,India-UK CETA,29/2026-Customs
95062100,All goods,0.0,0.0,0.0,India-UK CETA,29/2026-Customs
95062900,All goods,0.0,0.0,0.0,India-UK CETA,29/2026-Customs
95063100,All goods,18.0,0.0,0.0,India-UK CETA,29/2026-Customs
95063200,All goods,18.0,0.0,0.0,India-UK CETA,29/2026-Customs
95063900,All goods,18.0,0.0,0.0,India-UK CETA,29/2026-Customs
95064000,All goods,18.0,0.0,0.0,India-UK CETA,29/2026-Customs
95065100,All goods,18.0,0.0,0.0,India-UK CETA,29/2026-Customs
95065910,All goods,16.0,0.0,0.0,India-UK CETA,29/2026-Customs
95065990,All goods,16.0,0.0,0.0,India-UK CETA,29/2026-Customs
95066100,All goods,16.0,0.0,0.0,India-UK CETA,29/2026-Customs
95066210,All goods,16.0,0.0,0.0,India-UK CETA,29/2026-Customs
95066220,All goods,16.0,0.0,0.0,India-UK CETA,29/2026-Customs
95066230,All goods,16.0,0.0,0.0,India-UK CETA,29/2026-Customs
95066290,All goods,16.0,0.0,0.0,India-UK CETA,29/2026-Customs
95066910,All goods,16.0,0.0,0.0,India-UK CETA,29/2026-Customs
95066920,All goods,16.0,0.0,0.0,India-UK CETA,29/2026-Customs
95066930,All goods,16.0,0.0,0.0,India-UK CETA,29/2026-Customs
95066940,All goods,16.0,0.0,0.0,India-UK CETA,29/2026-Customs
95066990,All goods,16.0,0.0,0.0,India-UK CETA,29/2026-Customs
95067000,All goods,16.0,0.0,0.0,India-UK CETA,29/2026-Customs
95069110,All goods,0.0,0.0,0.0,India-UK CETA,29/2026-Customs
95069190,All goods,9.0,0.0,0.0,India-UK CETA,29/2026-Customs
95069910,All goods,16.0,0.0,0.0,India-UK CETA,29/2026-Customs
95069920,All goods,16.0,0.0,0.0,India-UK CETA,29/2026-Customs
95069930,All goods,16.0,0.0,0.0,India-UK CETA,29/2026-Customs
95069940,All goods,16.0,0.0,0.0,India-UK CETA,29/2026-Customs
95069950,All goods,16.0,0.0,0.0,India-UK CETA,29/2026-Customs
95069960,All goods,16.0,0.0,0.0,India-UK CETA,29/2026-Customs
95069970,All goods,16.0,0.0,0.0,India-UK CETA,29/2026-Customs
95069980,All goods,16.0,0.0,0.0,India-UK CETA,29/2026-Customs
95069990,All goods,16.0,0.0,0.0,India-UK CETA,29/2026-Customs
95071000,All goods,17.2,0.0,0.0,India-UK CETA,29/2026-Customs
95072000,All goods,17.2,0.0,0.0,India-UK CETA,29/2026-Customs
95073000,All goods,17.2,0.0,0.0,India-UK CETA,29/2026-Customs
95079010,All goods,17.2,0.0,0.0,India-UK CETA,29/2026-Customs
95079090,All goods,17.2,0.0,0.0,India-UK CETA,29/2026-Customs
95081000,All goods,16.0,0.0,0.0,India-UK CETA,29/2026-Customs
95082100,All goods,16.0,0.0,0.0,India-UK CETA,29/2026-Customs
95082200,All goods,16.0,0.0,0.0,India-UK CETA,29/2026-Customs
95082300,All goods,16.0,0.0,0.0,India-UK CETA,29/2026-Customs
95082400,All goods,16.0,0.0,0.0,India-UK CETA,29/2026-Customs
95082500,All goods,16.0,0.0,0.0,India-UK CETA,29/2026-Customs
95082600,All goods,16.0,0.0,0.0,India-UK CETA,29/2026-Customs
95082900,All goods,16.0,0.0,0.0,India-UK CETA,29/2026-Customs
95083000,All goods,16.0,0.0,0.0,India-UK CETA,29/2026-Customs
95084000,All goods,16.0,0.0,0.0,India-UK CETA,29/2026-Customs
96011000,All goods,0.0,0.0,0.0,India-UK CETA,29/2026-Customs
96019010,All goods,0.0,0.0,0.0,India-UK CETA,29/2026-Customs
96019020,All goods,0.0,0.0,0.0,India-UK CETA,29/2026-Customs
96019030,All goods,0.0,0.0,0.0,India-UK CETA,29/2026-Customs
96019040,All goods,0.0,0.0,0.0,India-UK CETA,29/2026-Customs
96019090,All goods,0.0,0.0,0.0,India-UK CETA,29/2026-Customs
96020010,All goods,0.0,0.0,0.0,India-UK CETA,29/2026-Customs
96020020,All goods,0.0,0.0,0.0,India-UK CETA,29/2026-Customs
96020030,All goods,0.0,0.0,0.0,India-UK CETA,29/2026-Customs
96020040,All goods,0.0,0.0,0.0,India-UK CETA,29/2026-Customs
96020090,All goods,0.0,0.0,0.0,India-UK CETA,29/2026-Customs
96031000,All goods,16.0,0.0,0.0,India-UK CETA,29/2026-Customs
96032100,All goods,16.0,0.0,0.0,India-UK CETA,29/2026-Customs
96032900,All goods,16.0,0.0,0.0,India-UK CETA,29/2026-Customs
96033010,All goods,16.0,0.0,0.0,India-UK CETA,29/2026-Customs
96033020,All goods,16.0,0.0,0.0,India-UK CETA,29/2026-Customs
96033090,All goods,16.0,0.0,0.0,India-UK CETA,29/2026-Customs
96034010,All goods,16.0,0.0,0.0,India-UK CETA,29/2026-Customs
96034020,All goods,16.0,0.0,0.0,India-UK CETA,29/2026-Customs
96035000,All goods,16.0,0.0,0.0,India-UK CETA,29/2026-Customs
96039000,All goods,16.0,0.0,0.0,India-UK CETA,29/2026-Customs
96040000,All goods,0.0,0.0,0.0,India-UK CETA,29/2026-Customs
96050010,All goods,0.0,0.0,0.0,India-UK CETA,29/2026-Customs
96050090,All goods,0.0,0.0,0.0,India-UK CETA,29/2026-Customs
96061010,All goods,0.0,0.0,0.0,India-UK CETA,29/2026-Customs
96061020,All goods,0.0,0.0,0.0,India-UK CETA,29/2026-Customs
96062100,All goods,0.0,0.0,0.0,India-UK CETA,29/2026-Customs
96062200,All goods,0.0,0.0,0.0,India-UK CETA,29/2026-Customs
96062910,All goods,0.0,0.0,0.0,India-UK CETA,29/2026-Customs
96062990,All goods,0.0,0.0,0.0,India-UK CETA,29/2026-Customs
96063010,All goods,0.0,0.0,0.0,India-UK CETA,29/2026-Customs
96063090,All goods,0.0,0.0,0.0,India-UK CETA,29/2026-Customs
96071110,All goods,0.0,0.0,0.0,India-UK CETA,29/2026-Customs
96071190,All goods,0.0,0.0,0.0,India-UK CETA,29/2026-Customs
96071910,All goods,0.0,0.0,0.0,India-UK CETA,29/2026-Customs
96071990,All goods,0.0,0.0,0.0,India-UK CETA,29/2026-Customs
96072000,All goods,0.0,0.0,0.0,India-UK CETA,29/2026-Customs
96081011,All goods,0.0,0.0,0.0,India-UK CETA,29/2026-Customs
96081012,All goods,0.0,0.0,0.0,India-UK CETA,29/2026-Customs
96081019,All goods,0.0,0.0,0.0,India-UK CETA,29/2026-Customs
96081091,All goods,0.0,0.0,0.0,India-UK CETA,29/2026-Customs
96081092,All goods,0.0,0.0,0.0,India-UK CETA,29/2026-Customs
96081099,All goods,0.0,0.0,0.0,India-UK CETA,29/2026-Customs
96082000,All goods,0.0,0.0,0.0,India-UK CETA,29/2026-Customs
96083011,All goods,0.0,0.0,0.0,India-UK CETA,29/2026-Customs
96083012,All goods,0.0,0.0,0.0,India-UK CETA,29/2026-Customs
96083019,All goods,0.0,0.0,0.0,India-UK CETA,29/2026-Customs
96083021,All goods,0.0,0.0,0.0,India-UK CETA,29/2026-Customs
96083022,All goods,0.0,0.0,0.0,India-UK CETA,29/2026-Customs
96083029,All goods,0.0,0.0,0.0,India-UK CETA,29/2026-Customs
96083091,All goods,0.0,0.0,0.0,India-UK CETA,29/2026-Customs
96083092,All goods,0.0,0.0,0.0,India-UK CETA,29/2026-Customs
96083099,All goods,0.0,0.0,0.0,India-UK CETA,29/2026-Customs
96084000,All goods,0.0,0.0,0.0,India-UK CETA,29/2026-Customs
96085000,All goods,0.0,0.0,0.0,India-UK CETA,29/2026-Customs
96086010,All goods,0.0,0.0,0.0,India-UK CETA,29/2026-Customs
96086090,All goods,0.0,0.0,0.0,India-UK CETA,29/2026-Customs
96089110,All goods,0.0,0.0,0.0,India-UK CETA,29/2026-Customs
96089120,All goods,0.0,0.0,0.0,India-UK CETA,29/2026-Customs
96089130,All goods,0.0,0.0,0.0,India-UK CETA,29/2026-Customs
96089191,All goods,0.0,0.0,0.0,India-UK CETA,29/2026-Customs
96089199,All goods,0.0,0.0,0.0,India-UK CETA,29/2026-Customs
96089910,All goods,0.0,0.0,0.0,India-UK CETA,29/2026-Customs
96089990,All goods,0.0,0.0,0.0,India-UK CETA,29/2026-Customs
96091000,All goods,0.0,0.0,0.0,India-UK CETA,29/2026-Customs
96092000,All goods,0.0,0.0,0.0,India-UK CETA,29/2026-Customs
96099010,All goods,0.0,0.0,0.0,India-UK CETA,29/2026-Customs
96099020,All goods,0.0,0.0,0.0,India-UK CETA,29/2026-Customs
96099030,All goods,0.0,0.0,0.0,India-UK CETA,29/2026-Customs
96099090,All goods,0.0,0.0,0.0,India-UK CETA,29/2026-Customs
96100000,All goods,0.0,0.0,0.0,India-UK CETA,29/2026-Customs
96110000,All goods,16.0,0.0,0.0,India-UK CETA,29/2026-Customs
96121010,All goods,9.0,0.0,0.0,India-UK CETA,29/2026-Customs
96121020,All goods,9.0,0.0,0.0,India-UK CETA,29/2026-Customs
96121030,All goods,9.0,0.0,0.0,India-UK CETA,29/2026-Customs
96121090,All goods,9.0,0.0,0.0,India-UK CETA,29/2026-Customs
96122000,All goods,0.0,0.0,0.0,India-UK CETA,29/2026-Customs
96131000,All goods,16.0,0.0,0.0,India-UK CETA,29/2026-Customs
96132000,All goods,16.0,0.0,0.0,India-UK CETA,29/2026-Customs
96138010,All goods,16.0,0.0,0.0,India-UK CETA,29/2026-Customs
96138090,All goods,16.0,0.0,0.0,India-UK CETA,29/2026-Customs
96139000,All goods,16.0,0.0,0.0,India-UK CETA,29/2026-Customs
96140000,All goods,0.0,0.0,0.0,India-UK CETA,29/2026-Customs
96151100,All goods,0.0,0.0,0.0,India-UK CETA,29/2026-Customs
96151900,All goods,0.0,0.0,0.0,India-UK CETA,29/2026-Customs
96159000,All goods,0.0,0.0,0.0,India-UK CETA,29/2026-Customs
96161010,All goods,16.0,0.0,0.0,India-UK CETA,29/2026-Customs
96161020,All goods,16.0,0.0,0.0,India-UK CETA,29/2026-Customs
96162000,All goods,16.0,0.0,0.0,India-UK CETA,29/2026-Customs
96170011,All goods,0.0,0.0,0.0,India-UK CETA,29/2026-Customs
96170012,All goods,0.0,0.0,0.0,India-UK CETA,29/2026-Customs
96170013,All goods,0.0,0.0,0.0,India-UK CETA,29/2026-Customs
96170019,All goods,0.0,0.0,0.0,India-UK CETA,29/2026-Customs
96170090,All goods,0.0,0.0,0.0,India-UK CETA,29/2026-Customs
96180000,All goods,0.0,0.0,0.0,India-UK CETA,29/2026-Customs
96190010,All goods,9.0,0.0,0.0,India-UK CETA,29/2026-Customs
96190020,All goods,9.0,0.0,0.0,India-UK CETA,29/2026-Customs
96190030,All goods,9.0,0.0,0.0,India-UK CETA,29/2026-Customs
96190040,All goods,9.0,0.0,0.0,India-UK CETA,29/2026-Customs
96190090,All goods,9.0,0.0,0.0,India-UK CETA,29/2026-Customs
96200000,All goods,0.0,0.0,0.0,India-UK CETA,29/2026-Customs
97012100,All goods,0.0,0.0,0.0,India-UK CETA,29/2026-Customs
97012200,All goods,0.0,0.0,0.0,India-UK CETA,29/2026-Customs
97012900,All goods,0.0,0.0,0.0,India-UK CETA,29/2026-Customs
97019100,All goods,9.0,0.0,0.0,India-UK CETA,29/2026-Customs
97019200,All goods,0.0,0.0,0.0,India-UK CETA,29/2026-Customs
97019900,All goods,0.0,0.0,0.0,India-UK CETA,29/2026-Customs
97021000,All goods,0.0,0.0,0.0,India-UK CETA,29/2026-Customs
97029000,All goods,0.0,0.0,0.0,India-UK CETA,29/2026-Customs
97031010,All goods,0.0,0.0,0.0,India-UK CETA,29/2026-Customs
97031020,All goods,0.0,0.0,0.0,India-UK CETA,29/2026-Customs
97031090,All goods,0.0,0.0,0.0,India-UK CETA,29/2026-Customs
97039010,All goods,0.0,0.0,0.0,India-UK CETA,29/2026-Customs
97039020,All goods,0.0,0.0,0.0,India-UK CETA,29/2026-Customs
97039090,All goods,9.0,0.0,0.0,India-UK CETA,29/2026-Customs
97040010,All goods,0.0,0.0,0.0,India-UK CETA,29/2026-Customs
97040020,All goods,0.0,0.0,0.0,India-UK CETA,29/2026-Customs
97040090,All goods,0.0,0.0,0.0,India-UK CETA,29/2026-Customs
97051000,All goods,0.0,0.0,0.0,India-UK CETA,29/2026-Customs
97052100,All goods,0.0,0.0,0.0,India-UK CETA,29/2026-Customs
97052200,All goods,0.0,0.0,0.0,India-UK CETA,29/2026-Customs
97052900,All goods,0.0,0.0,0.0,India-UK CETA,29/2026-Customs
97053100,All goods,0.0,0.0,0.0,India-UK CETA,29/2026-Customs
97053900,All goods,0.0,0.0,0.0,India-UK CETA,29/2026-Customs
97061000,All goods,9.0,0.0,0.0,India-UK CETA,29/2026-Customs
97069000,All goods,9.0,0.0,0.0,India-UK CETA,29/2026-Customs
