Billing Document,Billing Date,Document Type,Company Code,Sales Organization,Distribution Channel,Division,Sold-to Party Name,Payer,Country Key,Material Description,Net Value,Currency,Reference Sales Order,Fiscal Year Period,Created By,Created On
1800000003,2024-05-29,F2,NL01,NL01,10,00,Timmermans Bouw B.V.,Timmermans Bouw B.V.,Netherlands,Electric Motor EM-750,7349.55,EUR,SO-4932009,2024/05,BATCHJOB,2024-05-29
1800000005,2024-06-13,F2,NL01,NL01,20,00,Bos Facility Services B.V.,Bos Facility Services B.V.,Netherlands,Cloud Hosting Subscription (Annual),15000.0,EUR,SO-1148483,2024/06,S.BAKKER,2024-06-13
1800000006,2024-10-25,F2,NL01,NL01,30,00,Kuipers Machinefabriek B.V.,Kuipers Machinefabriek B.V.,Netherlands,Cloud Hosting Subscription (Annual),28379.38,EUR,SO-5973174,2024/10,A.KOK,2024-10-25
1800000008,2024-10-09,F2,NL01,NL01,10,00,Global Tech Solutions Inc,Global Tech Solutions Inc,United States,Standard Spare Parts Bundle,10500.0,EUR,SO-5391677,2024/10,R.JANSSEN,2024-10-09
1800000009,2024-11-08,F2,NL01,NL01,20,00,Hendriks Metaalbewerking B.V.,Hendriks Metaalbewerking B.V.,Netherlands,Data Migration Services,4500.0,EUR,SO-3745804,2024/11,A.KOK,2024-11-08
1800000011,2024-09-02,F2,NL01,NL01,10,00,De Boer Industrial N.V.,De Boer Industrial N.V.,Netherlands,Custom Integration Services,5720.34,EUR,SO-6797899,2024/09,S.BAKKER,2024-09-02
1800000013,2024-06-04,F2,NL01,NL01,10,00,Timmermans Bouw B.V.,Timmermans Bouw B.V.,Netherlands,Industrial Network Switch NS-24,8000.0,EUR,SO-4977178,2024/06,S.BAKKER,2024-06-04
1800000014,2025-03-13,F2,NL01,NL01,30,00,Van Dijk Transport B.V.,Van Dijk Transport B.V.,Netherlands,Warehouse Management Module,22178.71,EUR,SO-4592302,2025/03,M.DEVRIES,2025-03-13
1800000016,2024-10-18,F2,NL01,NL01,30,00,Dekker IT Solutions B.V.,Dekker IT Solutions B.V.,Netherlands,Support Retainer Services,46217.83,EUR,SO-1671665,2024/10,R.JANSSEN,2024-10-18
1800000018,2024-04-03,F2,NL01,NL01,20,00,Van Dijk Transport B.V.,Van Dijk Transport B.V.,Netherlands,Industrial Sensor Module X200,22619.47,EUR,SO-8327111,2024/04,M.DEVRIES,2024-04-03
1800000019,2024-10-21,F2,NL01,NL01,20,00,De Groot Handelsonderneming B.V.,De Groot Handelsonderneming B.V.,Netherlands,Annual Maintenance Contract,7394.18,EUR,SO-9269499,2024/10,A.KOK,2024-10-21
1800000020,2024-07-15,F2,NL01,NL01,10,00,Hendriks Metaalbewerking B.V.,Hendriks Metaalbewerking B.V.,Netherlands,Cloud Hosting Subscription (Annual),14984.26,EUR,SO-5666372,2024/07,R.JANSSEN,2024-07-15
1800000021,2024-07-30,F2,NL01,NL01,10,00,De Boer Industrial N.V.,De Boer Industrial N.V.,Netherlands,Implementation Consulting Services,12603.81,EUR,SO-7707799,2024/07,R.JANSSEN,2024-07-30
1800000023,2024-06-18,F2,NL01,NL01,20,00,Rotterdam Haven Diensten B.V.,Rotterdam Haven Diensten B.V.,Netherlands,Standard Spare Parts Bundle,4556.06,EUR,SO-6262087,2024/06,BATCHJOB,2024-06-18
1800000024,2024-06-11,F2,NL01,NL01,20,00,Hendriks Metaalbewerking B.V.,Hendriks Metaalbewerking B.V.,Netherlands,Standard Spare Parts Bundle,9602.08,EUR,SO-4481530,2024/06,S.BAKKER,2024-06-11
1800000026,2024-04-24,F2,NL01,NL01,10,00,Smith and Co Industrial Ltd,Smith and Co Industrial Ltd,United Kingdom,Electric Motor EM-750,13955.96,EUR,SO-1462408,2024/04,S.BAKKER,2024-04-24
1800000028,2025-02-24,F2,NL01,NL01,10,00,Van Damme Trading NV,Van Damme Trading NV,Belgium,Conveyor Belt System CB-12,16500.0,EUR,SO-7134891,2025/02,BATCHJOB,2025-02-24
1800000029,2024-12-20,F2,NL01,NL01,10,00,Van Damme Trading NV,Van Damme Trading NV,Belgium,PLC Programming Unit,7523.24,EUR,SO-5204237,2024/12,R.JANSSEN,2024-12-20
1800000030,2024-04-22,F2,NL01,NL01,10,00,Meijer Energie B.V.,Meijer Energie B.V.,Netherlands,Automation Controller Pro,1771.09,EUR,SO-4630885,2024/04,BATCHJOB,2024-04-22
1800000031,2025-01-09,F2,NL01,NL01,30,00,Kuipers Machinefabriek B.V.,Kuipers Machinefabriek B.V.,Netherlands,Standard Spare Parts Bundle,3371.53,EUR,SO-8815125,2025/01,M.DEVRIES,2025-01-09
1800000033,2024-12-06,F2,NL01,NL01,10,00,Hendriks Metaalbewerking B.V.,Hendriks Metaalbewerking B.V.,Netherlands,Electric Motor EM-750,8789.62,EUR,SO-6339651,2024/12,R.JANSSEN,2024-12-06
1800000034,2025-03-19,F2,NL01,NL01,20,00,Global Tech Solutions Inc,Global Tech Solutions Inc,United States,Technical Training Package,3553.92,EUR,SO-2352163,2025/03,BATCHJOB,2025-03-19
1800000036,2025-01-29,F2,NL01,NL01,10,00,Kuipers Machinefabriek B.V.,Kuipers Machinefabriek B.V.,Netherlands,Conveyor Belt System CB-12,17021.36,EUR,SO-5985595,2025/01,S.BAKKER,2025-01-29
1800000038,2025-01-13,F2,NL01,NL01,10,00,Amsterdam Tech Solutions B.V.,Amsterdam Tech Solutions B.V.,Netherlands,PLC Programming Unit,23576.47,EUR,SO-5362850,2025/01,S.BAKKER,2025-01-13
1800000039,2024-09-10,F2,NL01,NL01,10,00,Kuipers Machinefabriek B.V.,Kuipers Machinefabriek B.V.,Netherlands,Sensor Calibration Kit,12869.39,EUR,SO-9299190,2024/09,A.KOK,2024-09-10
1800000041,2024-10-25,F2,NL01,NL01,10,00,Hendriks Metaalbewerking B.V.,Hendriks Metaalbewerking B.V.,Netherlands,Industrial Network Switch NS-24,32500.0,EUR,SO-3550874,2024/10,R.JANSSEN,2024-10-25
1800000043,2025-03-11,F2,NL01,NL01,10,00,Kuipers Machinefabriek B.V.,Kuipers Machinefabriek B.V.,Netherlands,PLC Programming Unit,3427.9,EUR,SO-8581306,2025/03,R.JANSSEN,2025-03-11
1800000044,2024-04-18,F2,NL01,NL01,10,00,Muller Industrietechnik GmbH,Muller Industrietechnik GmbH,Germany,Custom Integration Services,9429.26,EUR,SO-5139560,2024/04,BATCHJOB,2024-04-18
1800000045,2024-12-05,F2,NL01,NL01,20,00,Smit Engineering B.V.,Smit Engineering B.V.,Netherlands,Conveyor Belt System CB-12,17888.23,EUR,SO-2074041,2024/12,M.DEVRIES,2024-12-05
1800000046,2025-02-04,F2,NL01,NL01,10,00,Hendriks Metaalbewerking B.V.,Hendriks Metaalbewerking B.V.,Netherlands,Hydraulic Pump Unit HP-450,15916.21,EUR,SO-6681818,2025/02,S.BAKKER,2025-02-04
1800000048,2024-10-18,F2,NL01,NL01,10,00,Rotterdam Haven Diensten B.V.,Rotterdam Haven Diensten B.V.,Netherlands,Data Migration Services,5100.02,EUR,SO-8453891,2024/10,A.KOK,2024-10-18
1800000049,2024-09-26,F2,NL01,NL01,20,00,De Boer Industrial N.V.,De Boer Industrial N.V.,Netherlands,Annual Maintenance Contract,23673.59,EUR,SO-6473986,2024/09,A.KOK,2024-09-26
1800000051,2025-02-11,F2,NL01,NL01,10,00,De Boer Industrial N.V.,De Boer Industrial N.V.,Netherlands,Analytics Suite License (Annual),21552.82,EUR,SO-9110664,2025/02,S.BAKKER,2025-02-11
1800000052,2025-01-14,F2,NL01,NL01,30,00,Dekker IT Solutions B.V.,Dekker IT Solutions B.V.,Netherlands,Annual Maintenance Contract,5364.75,EUR,SO-2094140,2025/01,S.BAKKER,2025-01-14
1800000053,2025-03-22,F2,NL01,NL01,30,00,Visser Machinebouw B.V.,Visser Machinebouw B.V.,Netherlands,Industrial Sensor Module X200,23388.92,EUR,SO-1904845,2025/03,S.BAKKER,2025-03-22
1800000054,2024-08-08,F2,NL01,NL01,10,00,Van der Berg Logistiek B.V.,Van der Berg Logistiek B.V.,Netherlands,Sensor Calibration Kit,9634.05,EUR,SO-5431875,2024/08,A.KOK,2024-08-08
1800000055,2025-01-31,F2,NL01,NL01,30,00,Visser Machinebouw B.V.,Visser Machinebouw B.V.,Netherlands,Analytics Suite License (Annual),11835.83,EUR,SO-5567414,2025/01,S.BAKKER,2025-01-31
1800000056,2024-10-18,F2,NL01,NL01,10,00,Verhoeven Technische Handel B.V.,Verhoeven Technische Handel B.V.,Netherlands,Analytics Suite License (Annual),16843.53,EUR,SO-3911391,2024/10,A.KOK,2024-10-18
1800000057,2024-11-06,F2,NL01,NL01,20,00,Verhoeven Technische Handel B.V.,Verhoeven Technische Handel B.V.,Netherlands,Annual Maintenance Contract,15193.83,EUR,SO-9695416,2024/11,M.DEVRIES,2024-11-06
1800000058,2024-04-24,F2,NL01,NL01,20,00,Kok Software B.V.,Kok Software B.V.,Netherlands,Support Retainer Services,14687.17,EUR,SO-2439200,2024/04,A.KOK,2024-04-24
1800000059,2024-05-15,F2,NL01,NL01,20,00,Hendriks Metaalbewerking B.V.,Hendriks Metaalbewerking B.V.,Netherlands,Industrial Sensor Module X200,17709.86,EUR,SO-9217965,2024/05,R.JANSSEN,2024-05-15
1800000061,2024-04-04,F2,NL01,NL01,10,00,Dekker IT Solutions B.V.,Dekker IT Solutions B.V.,Netherlands,Custom Integration Services,6673.09,EUR,SO-3257198,2024/04,R.JANSSEN,2024-04-04
1800000062,2024-08-20,G2,NL01,NL01,20,00,Hendriks Metaalbewerking B.V.,Hendriks Metaalbewerking B.V.,Netherlands,Electric Motor EM-750,-5178.11,EUR,SO-9451124,2024/08,M.DEVRIES,2024-08-20
1800000063,2024-11-26,F2,NL01,NL01,10,00,Schneider Maschinenbau GmbH,Schneider Maschinenbau GmbH,Germany,Implementation Consulting Services,6637.76,EUR,SO-1019337,2024/11,A.KOK,2024-11-26
1800000064,2025-01-26,F2,NL01,NL01,10,00,Timmermans Bouw B.V.,Timmermans Bouw B.V.,Netherlands,Safety System Upgrade Kit,6524.4,EUR,SO-3669005,2025/01,S.BAKKER,2025-01-26
1800000065,2024-05-01,F2,NL01,NL01,10,00,Hendriks Metaalbewerking B.V.,Hendriks Metaalbewerking B.V.,Netherlands,Sensor Calibration Kit,12201.8,EUR,SO-1944815,2024/05,BATCHJOB,2024-05-01
1800000066,2024-08-30,F2,NL01,NL01,10,00,Hendriks Metaalbewerking B.V.,Hendriks Metaalbewerking B.V.,Netherlands,Data Migration Services,9500.0,EUR,SO-5109105,2024/08,R.JANSSEN,2024-08-30
1800000068,2024-10-03,F2,NL01,NL01,10,00,Post Digitale Diensten B.V.,Post Digitale Diensten B.V.,Netherlands,Electric Motor EM-750,8719.54,EUR,SO-5165208,2024/10,BATCHJOB,2024-10-03
1800000069,2025-02-05,F2,NL01,NL01,20,00,Van der Berg Logistiek B.V.,Van der Berg Logistiek B.V.,Netherlands,PLC Programming Unit,21310.78,EUR,SO-9461148,2025/02,M.DEVRIES,2025-02-05
1800000071,2024-05-14,F2,NL01,NL01,20,00,Meijer Energie B.V.,Meijer Energie B.V.,Netherlands,ERP Connector License (Annual),8567.97,EUR,SO-2808203,2024/05,S.BAKKER,2024-05-14
1800000072,2024-04-11,F2,NL01,NL01,10,00,Peters Automatisering B.V.,Peters Automatisering B.V.,Netherlands,Conveyor Belt System CB-12,30708.7,EUR,SO-5153922,2024/04,A.KOK,2024-04-11
1800000073,2024-09-09,G2,NL01,NL01,10,00,Dekker IT Solutions B.V.,Dekker IT Solutions B.V.,Netherlands,Technical Training Package,-1950.0,EUR,SO-6283709,2024/09,R.JANSSEN,2024-09-09
1800000075,2024-12-20,F2,NL01,NL01,30,00,Dekker IT Solutions B.V.,Dekker IT Solutions B.V.,Netherlands,Support Retainer Services,43766.0,EUR,SO-8586944,2024/12,R.JANSSEN,2024-12-20
1800000077,2024-08-09,F2,NL01,NL01,30,00,Hendriks Metaalbewerking B.V.,Hendriks Metaalbewerking B.V.,Netherlands,Warehouse Management Module,5206.0,EUR,SO-3565118,2024/08,R.JANSSEN,2024-08-09
1800000078,2024-09-21,F2,NL01,NL01,20,00,De Boer Industrial N.V.,De Boer Industrial N.V.,Netherlands,Cloud Hosting Subscription (Annual),6487.34,EUR,SO-4798397,2024/09,S.BAKKER,2024-09-21
1800000080,2024-05-15,F2,NL01,NL01,10,00,Bakker Elektronica B.V.,Bakker Elektronica B.V.,Netherlands,Analytics Suite License (Annual),19731.32,EUR,SO-4304858,2024/05,M.DEVRIES,2024-05-15
1800000082,2025-01-27,F2,NL01,NL01,10,00,Van der Berg Logistiek B.V.,Van der Berg Logistiek B.V.,Netherlands,Electric Motor EM-750,8610.24,EUR,SO-6643915,2025/01,M.DEVRIES,2025-01-27
1800000083,2025-02-05,G2,NL01,NL01,20,00,Hendriks Metaalbewerking B.V.,Hendriks Metaalbewerking B.V.,Netherlands,Cloud Hosting Subscription (Annual),-6608.15,EUR,SO-3291999,2025/02,M.DEVRIES,2025-02-05
1800000084,2025-03-03,F2,NL01,NL01,10,00,Dekker IT Solutions B.V.,Dekker IT Solutions B.V.,Netherlands,PLC Programming Unit,17150.37,EUR,SO-7816318,2025/03,M.DEVRIES,2025-03-03
1800000085,2025-03-28,F2,NL01,NL01,20,00,Van den Berg Retail Group B.V.,Van den Berg Retail Group B.V.,Netherlands,Support Retainer Services,6974.56,EUR,SO-4898425,2025/03,R.JANSSEN,2025-03-28
1800000087,2024-08-20,F2,NL01,NL01,10,00,Groenendijk Handel B.V.,Groenendijk Handel B.V.,Netherlands,Analytics Suite License (Annual),22500.0,EUR,SO-5987831,2024/08,S.BAKKER,2024-08-20
1800000088,2024-06-05,F2,NL01,NL01,10,00,Kuipers Machinefabriek B.V.,Kuipers Machinefabriek B.V.,Netherlands,PLC Programming Unit,2673.12,EUR,SO-2475325,2024/06,S.BAKKER,2024-06-05
1800000090,2025-03-12,F2,NL01,NL01,10,00,Hendriks Metaalbewerking B.V.,Hendriks Metaalbewerking B.V.,Netherlands,Custom Integration Services,12933.11,EUR,SO-2053867,2025/03,S.BAKKER,2025-03-12
1800000092,2024-05-13,F2,NL01,NL01,30,00,Van der Heijden Supply Chain B.V.,Van der Heijden Supply Chain B.V.,Netherlands,Conveyor Belt System CB-12,1547.15,EUR,SO-6192497,2024/05,A.KOK,2024-05-13
1800000094,2025-01-26,F2,NL01,NL01,10,00,Hendriks Metaalbewerking B.V.,Hendriks Metaalbewerking B.V.,Netherlands,Safety System Upgrade Kit,9554.59,EUR,SO-7471780,2025/01,S.BAKKER,2025-01-26
1800000095,2024-04-01,F2,NL01,NL01,20,00,Verhoeven Technische Handel B.V.,Verhoeven Technische Handel B.V.,Netherlands,Data Migration Services,11750.49,EUR,SO-5129373,2024/04,A.KOK,2024-04-01
1800000096,2024-07-08,F2,NL01,NL01,20,00,Amsterdam Tech Solutions B.V.,Amsterdam Tech Solutions B.V.,Netherlands,Electric Motor EM-750,18182.36,EUR,SO-6672807,2024/07,R.JANSSEN,2024-07-08
1800000097,2024-05-16,G2,NL01,NL01,20,00,Rotterdam Haven Diensten B.V.,Rotterdam Haven Diensten B.V.,Netherlands,Sensor Calibration Kit,-2716.73,EUR,SO-9743323,2024/05,S.BAKKER,2024-05-16
1800000098,2025-02-19,F2,NL01,NL01,10,00,Hendriks Metaalbewerking B.V.,Hendriks Metaalbewerking B.V.,Netherlands,Analytics Suite License (Annual),8977.12,EUR,SO-5752380,2025/02,BATCHJOB,2025-02-19
1800000099,2024-05-02,F2,NL01,NL01,10,00,Schneider Maschinenbau GmbH,Schneider Maschinenbau GmbH,Germany,Analytics Suite License (Annual),683.08,EUR,SO-5624140,2024/05,S.BAKKER,2024-05-02
1800000101,2024-05-28,F2,NL01,NL01,10,00,Meijer Energie B.V.,Meijer Energie B.V.,Netherlands,Cloud Hosting Subscription (Annual),6017.51,EUR,SO-8032324,2024/05,R.JANSSEN,2024-05-28
1800000102,2024-05-09,F2,NL01,NL01,20,00,Dekker IT Solutions B.V.,Dekker IT Solutions B.V.,Netherlands,Support Retainer Services,10033.5,EUR,SO-1039232,2024/05,A.KOK,2024-05-09
1800000104,2024-10-03,F2,NL01,NL01,10,00,Brouwer Data Systems B.V.,Brouwer Data Systems B.V.,Netherlands,Industrial Sensor Module X200,23868.83,EUR,SO-6882663,2024/10,R.JANSSEN,2024-10-03
1800000105,2024-06-26,F2,NL01,NL01,20,00,Meijer Energie B.V.,Meijer Energie B.V.,Netherlands,Automation Controller Pro,28801.88,EUR,SO-1734288,2024/06,M.DEVRIES,2024-06-26
1800000107,2024-04-24,F2,NL01,NL01,20,00,Timmermans Bouw B.V.,Timmermans Bouw B.V.,Netherlands,Safety System Upgrade Kit,6788.96,EUR,SO-7985944,2024/04,A.KOK,2024-04-24
1800000109,2024-12-05,F2,NL01,NL01,10,00,Schneider Maschinenbau GmbH,Schneider Maschinenbau GmbH,Germany,Standard Spare Parts Bundle,31572.38,EUR,SO-6804195,2024/12,BATCHJOB,2024-12-05
1800000111,2024-04-15,F2,NL01,NL01,10,00,Van der Berg Logistiek B.V.,Van der Berg Logistiek B.V.,Netherlands,Analytics Suite License (Annual),11243.0,EUR,SO-8898038,2024/04,BATCHJOB,2024-04-15
1800000113,2024-08-16,F2,NL01,NL01,20,00,Rotterdam Haven Diensten B.V.,Rotterdam Haven Diensten B.V.,Netherlands,Automation Controller Pro,10951.02,EUR,SO-3999688,2024/08,R.JANSSEN,2024-08-16
1800000115,2024-05-23,F2,NL01,NL01,10,00,Hendriks Metaalbewerking B.V.,Hendriks Metaalbewerking B.V.,Netherlands,Annual Maintenance Contract,10082.14,EUR,SO-9110023,2024/05,M.DEVRIES,2024-05-23
1800000116,2025-01-02,F2,NL01,NL01,10,00,Kuipers Machinefabriek B.V.,Kuipers Machinefabriek B.V.,Netherlands,Automation Controller Pro,36000.0,EUR,SO-8044194,2025/01,M.DEVRIES,2025-01-02
1800000117,2024-04-05,F2,NL01,NL01,30,00,Van den Berg Retail Group B.V.,Van den Berg Retail Group B.V.,Netherlands,Electric Motor EM-750,8048.92,EUR,SO-2742424,2024/04,S.BAKKER,2024-04-05
1800000118,2025-02-14,F2,NL01,NL01,10,00,Rotterdam Haven Diensten B.V.,Rotterdam Haven Diensten B.V.,Netherlands,ERP Connector License (Annual),10646.73,EUR,SO-3251072,2025/02,M.DEVRIES,2025-02-14
1800000119,2024-09-27,F2,NL01,NL01,10,00,Dekker IT Solutions B.V.,Dekker IT Solutions B.V.,Netherlands,Data Migration Services,13380.71,EUR,SO-9730701,2024/09,R.JANSSEN,2024-09-27
1800000121,2025-01-01,F2,NL01,NL01,10,00,Schouten Productie B.V.,Schouten Productie B.V.,Netherlands,Technical Training Package,17966.8,EUR,SO-9188161,2025/01,S.BAKKER,2025-01-01
1800000122,2025-02-24,F2,NL01,NL01,10,00,Utrecht Systemen B.V.,Utrecht Systemen B.V.,Netherlands,Conveyor Belt System CB-12,3632.55,EUR,SO-5239177,2025/02,M.DEVRIES,2025-02-24
1800000124,2025-02-26,F2,NL01,NL01,10,00,De Boer Industrial N.V.,De Boer Industrial N.V.,Netherlands,Automation Controller Pro,16064.95,EUR,SO-2743956,2025/02,S.BAKKER,2025-02-26
1800000126,2024-10-21,F2,NL01,NL01,10,00,De Groot Handelsonderneming B.V.,De Groot Handelsonderneming B.V.,Netherlands,Cloud Hosting Subscription (Annual),9787.54,EUR,SO-8969210,2024/10,BATCHJOB,2024-10-21
1800000128,2024-10-15,F2,NL01,NL01,10,00,De Boer Industrial N.V.,De Boer Industrial N.V.,Netherlands,PLC Programming Unit,12763.03,EUR,SO-1437498,2024/10,S.BAKKER,2024-10-15
1800000129,2024-05-02,F2,NL01,NL01,10,00,Rotterdam Haven Diensten B.V.,Rotterdam Haven Diensten B.V.,Netherlands,Industrial Network Switch NS-24,6037.77,EUR,SO-8363161,2024/05,S.BAKKER,2024-05-02
1800000131,2025-01-01,F2,NL01,NL01,10,00,De Groot Handelsonderneming B.V.,De Groot Handelsonderneming B.V.,Netherlands,Standard Spare Parts Bundle,7272.22,EUR,SO-6796167,2025/01,A.KOK,2025-01-01
1800000133,2025-02-19,F2,NL01,NL01,30,00,Martens Industrieel B.V.,Martens Industrieel B.V.,Netherlands,Automation Controller Pro,8821.53,EUR,SO-1304447,2025/02,R.JANSSEN,2025-02-19
1800000134,2025-02-11,F2,NL01,NL01,10,00,Hofman Electro B.V.,Hofman Electro B.V.,Netherlands,Standard Spare Parts Bundle,21000.0,EUR,SO-6254935,2025/02,M.DEVRIES,2025-02-11
1800000136,2024-10-24,F2,NL01,NL01,20,00,Hendriks Metaalbewerking B.V.,Hendriks Metaalbewerking B.V.,Netherlands,Standard Spare Parts Bundle,4579.33,EUR,SO-9542576,2024/10,R.JANSSEN,2024-10-24
1800000138,2025-03-22,F2,NL01,NL01,10,00,Timmermans Bouw B.V.,Timmermans Bouw B.V.,Netherlands,Industrial Network Switch NS-24,18088.03,EUR,SO-8748723,2025/03,R.JANSSEN,2025-03-22
1800000140,2024-11-05,F2,NL01,NL01,10,00,Amsterdam Tech Solutions B.V.,Amsterdam Tech Solutions B.V.,Netherlands,Sensor Calibration Kit,6630.45,EUR,SO-3076911,2024/11,R.JANSSEN,2024-11-05
1800000141,2024-11-14,F2,NL01,NL01,30,00,Van der Berg Logistiek B.V.,Van der Berg Logistiek B.V.,Netherlands,Industrial Network Switch NS-24,17610.77,EUR,SO-7862501,2024/11,S.BAKKER,2024-11-14
1800000142,2024-05-13,F2,NL01,NL01,20,00,Meijer Energie B.V.,Meijer Energie B.V.,Netherlands,Industrial Network Switch NS-24,67324.42,EUR,SO-2042165,2024/05,A.KOK,2024-05-13
1800000143,2024-04-16,F2,NL01,NL01,10,00,Van der Heijden Supply Chain B.V.,Van der Heijden Supply Chain B.V.,Netherlands,Electric Motor EM-750,3710.87,EUR,SO-5992807,2024/04,M.DEVRIES,2024-04-16
1800000145,2025-03-12,F2,NL01,NL01,20,00,Utrecht Systemen B.V.,Utrecht Systemen B.V.,Netherlands,Custom Integration Services,4813.78,EUR,SO-6106057,2025/03,S.BAKKER,2025-03-12
1800000146,2024-04-10,F2,NL01,NL01,10,00,Van den Berg Retail Group B.V.,Van den Berg Retail Group B.V.,Netherlands,Data Migration Services,12013.16,EUR,SO-3936165,2024/04,A.KOK,2024-04-10
1800000148,2024-04-24,F2,NL01,NL01,10,00,De Groot Handelsonderneming B.V.,De Groot Handelsonderneming B.V.,Netherlands,Support Retainer Services,44765.48,EUR,SO-9031571,2024/04,A.KOK,2024-04-24
1800000149,2024-11-22,F2,NL01,NL01,30,00,Hendriks Metaalbewerking B.V.,Hendriks Metaalbewerking B.V.,Netherlands,ERP Connector License (Annual),18111.71,EUR,SO-5807481,2024/11,M.DEVRIES,2024-11-22
1800000150,2024-06-11,F2,NL01,NL01,20,00,Verhoeven Technische Handel B.V.,Verhoeven Technische Handel B.V.,Netherlands,Technical Training Package,31767.87,EUR,SO-9983072,2024/06,S.BAKKER,2024-06-11
1800000151,2025-01-29,F2,NL01,NL01,20,00,De Groot Handelsonderneming B.V.,De Groot Handelsonderneming B.V.,Netherlands,Custom Integration Services,15178.13,EUR,SO-3260324,2025/01,A.KOK,2025-01-29
1800000153,2025-03-31,F2,NL01,NL01,10,00,Van der Linden Advies B.V.,Van der Linden Advies B.V.,Netherlands,Electric Motor EM-750,11899.77,EUR,SO-2921865,2025/03,S.BAKKER,2025-03-31
1800000154,2025-02-21,F2,NL01,NL01,10,00,Kuipers Machinefabriek B.V.,Kuipers Machinefabriek B.V.,Netherlands,Implementation Consulting Services,21670.28,EUR,SO-3672203,2025/02,M.DEVRIES,2025-02-21
1800000156,2025-03-24,F2,NL01,NL01,10,00,Willemsen Innovatie B.V.,Willemsen Innovatie B.V.,Netherlands,Industrial Sensor Module X200,28000.0,EUR,SO-5076697,2025/03,M.DEVRIES,2025-03-24
1800000158,2024-04-24,F2,NL01,NL01,10,00,Van den Berg Retail Group B.V.,Van den Berg Retail Group B.V.,Netherlands,Sensor Calibration Kit,31012.16,EUR,SO-9670403,2024/04,BATCHJOB,2024-04-24
1800000160,2024-06-11,F2,NL01,NL01,10,00,Hendriks Metaalbewerking B.V.,Hendriks Metaalbewerking B.V.,Netherlands,Standard Spare Parts Bundle,23955.97,EUR,SO-4140401,2024/06,BATCHJOB,2024-06-11
1800000162,2024-11-12,F2,NL01,NL01,10,00,Kuipers Machinefabriek B.V.,Kuipers Machinefabriek B.V.,Netherlands,Standard Spare Parts Bundle,13000.0,EUR,SO-8404335,2024/11,BATCHJOB,2024-11-12
1800000164,2024-10-09,F2,NL01,NL01,10,00,Dekker IT Solutions B.V.,Dekker IT Solutions B.V.,Netherlands,Industrial Network Switch NS-24,5025.36,EUR,SO-4250120,2024/10,S.BAKKER,2024-10-09
1800000165,2025-03-10,F2,NL01,NL01,10,00,Hendriks Metaalbewerking B.V.,Hendriks Metaalbewerking B.V.,Netherlands,Automation Controller Pro,1486.58,EUR,SO-3645021,2025/03,A.KOK,2025-03-10
1800000166,2024-04-16,F2,NL01,NL01,10,00,Peters Automatisering B.V.,Peters Automatisering B.V.,Netherlands,Annual Maintenance Contract,4647.19,EUR,SO-7329334,2024/04,M.DEVRIES,2024-04-16
1800000168,2024-05-21,F2,NL01,NL01,10,00,Dekker IT Solutions B.V.,Dekker IT Solutions B.V.,Netherlands,Implementation Consulting Services,2726.0,EUR,SO-1300706,2024/05,M.DEVRIES,2024-05-21
1800000170,2025-02-06,F2,NL01,NL01,10,00,Martens Industrieel B.V.,Martens Industrieel B.V.,Netherlands,Automation Controller Pro,23225.04,EUR,SO-6994270,2025/02,S.BAKKER,2025-02-06
1800000172,2024-10-07,F2,NL01,NL01,20,00,Vermeulen Logistics B.V.,Vermeulen Logistics B.V.,Netherlands,Annual Maintenance Contract,34242.27,EUR,SO-6714988,2024/10,A.KOK,2024-10-07
1800000174,2024-06-13,G2,NL01,NL01,20,00,Vermeulen Logistics B.V.,Vermeulen Logistics B.V.,Netherlands,Data Migration Services,-1455.77,EUR,SO-3939212,2024/06,BATCHJOB,2024-06-13
1800000176,2024-05-28,F2,NL01,NL01,10,00,Hendriks Metaalbewerking B.V.,Hendriks Metaalbewerking B.V.,Netherlands,Industrial Sensor Module X200,15110.97,EUR,SO-9554005,2024/05,M.DEVRIES,2024-05-28
1800000178,2024-10-14,F2,NL01,NL01,10,00,Willemsen Innovatie B.V.,Willemsen Innovatie B.V.,Netherlands,ERP Connector License (Annual),13737.99,EUR,SO-7675017,2024/10,M.DEVRIES,2024-10-14
1800000179,2024-12-15,F2,NL01,NL01,10,00,De Wit Consultancy B.V.,De Wit Consultancy B.V.,Netherlands,Data Migration Services,42239.96,EUR,SO-8179632,2024/12,S.BAKKER,2024-12-15
1800000180,2024-04-17,F2,NL01,NL01,10,00,Duval Distribution SARL,Duval Distribution SARL,France,Support Retainer Services,12197.92,EUR,SO-5296438,2024/04,A.KOK,2024-04-17
1800000181,2025-03-02,F2,NL01,NL01,10,00,Muller Industrietechnik GmbH,Muller Industrietechnik GmbH,Germany,Analytics Suite License (Annual),7238.04,EUR,SO-2073069,2025/03,S.BAKKER,2025-03-02
1800000182,2025-02-18,F2,NL01,NL01,10,00,Van den Berg Retail Group B.V.,Van den Berg Retail Group B.V.,Netherlands,Electric Motor EM-750,7448.3,EUR,SO-2917678,2025/02,R.JANSSEN,2025-02-18
1800000184,2024-05-23,F2,NL01,NL01,10,00,Van den Berg Retail Group B.V.,Van den Berg Retail Group B.V.,Netherlands,Technical Training Package,10000.0,EUR,SO-3156503,2024/05,A.KOK,2024-05-23
1800000185,2025-02-18,F2,NL01,NL01,10,00,Amsterdam Tech Solutions B.V.,Amsterdam Tech Solutions B.V.,Netherlands,Analytics Suite License (Annual),9585.98,EUR,SO-6769266,2025/02,BATCHJOB,2025-02-18
1800000186,2025-03-05,F2,NL01,NL01,10,00,Hendriks Metaalbewerking B.V.,Hendriks Metaalbewerking B.V.,Netherlands,Electric Motor EM-750,14945.1,EUR,SO-6072881,2025/03,BATCHJOB,2025-03-05
1800000188,2024-04-19,F2,NL01,NL01,20,00,Hendriks Metaalbewerking B.V.,Hendriks Metaalbewerking B.V.,Netherlands,Analytics Suite License (Annual),6348.25,EUR,SO-2746823,2024/04,M.DEVRIES,2024-04-19
1800000190,2024-10-30,F2,NL01,NL01,20,00,Bakker Elektronica B.V.,Bakker Elektronica B.V.,Netherlands,Standard Spare Parts Bundle,7726.78,EUR,SO-4720967,2024/10,R.JANSSEN,2024-10-30
1800000191,2024-12-10,F2,NL01,NL01,10,00,Hendriks Metaalbewerking B.V.,Hendriks Metaalbewerking B.V.,Netherlands,PLC Programming Unit,26874.57,EUR,SO-9966850,2024/12,R.JANSSEN,2024-12-10
1800000193,2025-01-24,F2,NL01,NL01,20,00,Schouten Productie B.V.,Schouten Productie B.V.,Netherlands,Support Retainer Services,2026.01,EUR,SO-2652664,2025/01,M.DEVRIES,2025-01-24
1800000195,2024-12-19,F2,NL01,NL01,20,00,Meijer Energie B.V.,Meijer Energie B.V.,Netherlands,Safety System Upgrade Kit,9806.7,EUR,SO-7799665,2024/12,S.BAKKER,2024-12-19
1800000196,2024-05-24,F2,NL01,NL01,10,00,Post Digitale Diensten B.V.,Post Digitale Diensten B.V.,Netherlands,Technical Training Package,32615.63,EUR,SO-5072170,2024/05,A.KOK,2024-05-24
1800000197,2025-03-12,F2,NL01,NL01,30,00,De Boer Industrial N.V.,De Boer Industrial N.V.,Netherlands,Cloud Hosting Subscription (Annual),8261.39,EUR,SO-9840256,2025/03,BATCHJOB,2025-03-12
1800000199,2024-11-25,F2,NL01,NL01,10,00,Schneider Maschinenbau GmbH,Schneider Maschinenbau GmbH,Germany,Warehouse Management Module,11109.09,EUR,SO-3705230,2024/11,S.BAKKER,2024-11-25
1800000201,2025-01-22,F2,NL01,NL01,20,00,Timmermans Bouw B.V.,Timmermans Bouw B.V.,Netherlands,Automation Controller Pro,14963.27,EUR,SO-2106971,2025/01,S.BAKKER,2025-01-22
1800000203,2024-10-03,F2,NL01,NL01,10,00,Verhoeven Technische Handel B.V.,Verhoeven Technische Handel B.V.,Netherlands,ERP Connector License (Annual),26320.59,EUR,SO-6478905,2024/10,A.KOK,2024-10-03
1800000204,2025-03-03,F2,NL01,NL01,10,00,Van Damme Trading NV,Van Damme Trading NV,Belgium,Industrial Sensor Module X200,9846.54,EUR,SO-7708180,2025/03,S.BAKKER,2025-03-03
1800000205,2025-02-24,F2,NL01,NL01,20,00,Verhoeven Technische Handel B.V.,Verhoeven Technische Handel B.V.,Netherlands,Custom Integration Services,15576.73,EUR,SO-6812048,2025/02,R.JANSSEN,2025-02-24
1800000206,2024-07-31,F2,NL01,NL01,20,00,Hendriks Metaalbewerking B.V.,Hendriks Metaalbewerking B.V.,Netherlands,Technical Training Package,9946.18,EUR,SO-3849755,2024/07,M.DEVRIES,2024-07-31
1800000207,2024-06-21,F2,NL01,NL01,30,00,Willemsen Innovatie B.V.,Willemsen Innovatie B.V.,Netherlands,Hydraulic Pump Unit HP-450,6265.59,EUR,SO-2221845,2024/06,A.KOK,2024-06-21
1800000208,2024-11-12,F2,NL01,NL01,10,00,Rotterdam Haven Diensten B.V.,Rotterdam Haven Diensten B.V.,Netherlands,Custom Integration Services,34000.0,EUR,SO-6687665,2024/11,S.BAKKER,2024-11-12
1800000210,2025-01-07,F2,NL01,NL01,20,00,De Groot Handelsonderneming B.V.,De Groot Handelsonderneming B.V.,Netherlands,Implementation Consulting Services,25229.37,EUR,SO-7030986,2025/01,BATCHJOB,2025-01-07
1800000211,2025-01-29,G2,NL01,NL01,20,00,Vermeulen Logistics B.V.,Vermeulen Logistics B.V.,Netherlands,Standard Spare Parts Bundle,-1737.3,EUR,SO-9634452,2025/01,M.DEVRIES,2025-01-29
1800000212,2024-06-13,F2,NL01,NL01,10,00,Rotterdam Haven Diensten B.V.,Rotterdam Haven Diensten B.V.,Netherlands,Data Migration Services,8481.03,EUR,SO-1069749,2024/06,R.JANSSEN,2024-06-13
1800000214,2024-05-30,F2,NL01,NL01,10,00,De Vries Energy Solutions B.V.,De Vries Energy Solutions B.V.,Netherlands,Standard Spare Parts Bundle,15813.38,EUR,SO-7221476,2024/05,BATCHJOB,2024-05-30
1800000215,2024-05-14,F2,NL01,NL01,10,00,Van Leeuwen Staal B.V.,Van Leeuwen Staal B.V.,Netherlands,Industrial Network Switch NS-24,25920.94,EUR,SO-2295322,2024/05,M.DEVRIES,2024-05-14
1800000216,2025-02-06,F2,NL01,NL01,10,00,De Boer Industrial N.V.,De Boer Industrial N.V.,Netherlands,Annual Maintenance Contract,22235.06,EUR,SO-7669864,2025/02,A.KOK,2025-02-06
1800000218,2024-09-23,F2,NL01,NL01,20,00,Hendriks Metaalbewerking B.V.,Hendriks Metaalbewerking B.V.,Netherlands,Implementation Consulting Services,20395.09,EUR,SO-1767304,2024/09,M.DEVRIES,2024-09-23
1800000220,2025-01-23,G2,NL01,NL01,20,00,Kuipers Machinefabriek B.V.,Kuipers Machinefabriek B.V.,Netherlands,Conveyor Belt System CB-12,-4371.04,EUR,SO-5654783,2025/01,S.BAKKER,2025-01-23
1800000221,2025-03-28,F2,NL01,NL01,30,00,Hendriks Metaalbewerking B.V.,Hendriks Metaalbewerking B.V.,Netherlands,PLC Programming Unit,16629.87,EUR,SO-6351299,2025/03,S.BAKKER,2025-03-28
1800000222,2025-02-10,F2,NL01,NL01,20,00,Kuipers Machinefabriek B.V.,Kuipers Machinefabriek B.V.,Netherlands,Cloud Hosting Subscription (Annual),6793.91,EUR,SO-3774542,2025/02,A.KOK,2025-02-10
1800000224,2025-01-31,F2,NL01,NL01,10,00,Post Digitale Diensten B.V.,Post Digitale Diensten B.V.,Netherlands,Technical Training Package,13675.82,EUR,SO-9349271,2025/01,A.KOK,2025-01-31
1800000226,2024-10-31,F2,NL01,NL01,20,00,Willemsen Innovatie B.V.,Willemsen Innovatie B.V.,Netherlands,PLC Programming Unit,20000.0,EUR,SO-7639297,2024/10,S.BAKKER,2024-10-31
1800000227,2024-05-22,F2,NL01,NL01,30,00,Van Damme Trading NV,Van Damme Trading NV,Belgium,ERP Connector License (Annual),12000.0,EUR,SO-2848492,2024/05,R.JANSSEN,2024-05-22
1800000229,2024-10-17,F2,NL01,NL01,30,00,Van Dijk Transport B.V.,Van Dijk Transport B.V.,Netherlands,Safety System Upgrade Kit,45395.03,EUR,SO-3237482,2024/10,R.JANSSEN,2024-10-17
1800000230,2024-06-12,F2,NL01,NL01,20,00,Van Dijk Transport B.V.,Van Dijk Transport B.V.,Netherlands,Analytics Suite License (Annual),5312.59,EUR,SO-5951863,2024/06,S.BAKKER,2024-06-12
1800000231,2024-10-04,F2,NL01,NL01,10,00,Schneider Maschinenbau GmbH,Schneider Maschinenbau GmbH,Germany,ERP Connector License (Annual),8090.17,EUR,SO-6339582,2024/10,BATCHJOB,2024-10-04
1800000232,2025-03-14,F2,NL01,NL01,30,00,Amsterdam Tech Solutions B.V.,Amsterdam Tech Solutions B.V.,Netherlands,Sensor Calibration Kit,5626.14,EUR,SO-4863577,2025/03,S.BAKKER,2025-03-14
1800000233,2025-01-11,F2,NL01,NL01,10,00,Van der Berg Logistiek B.V.,Van der Berg Logistiek B.V.,Netherlands,Industrial Sensor Module X200,9974.48,EUR,SO-4326164,2025/01,BATCHJOB,2025-01-11
1800000235,2024-10-09,F2,NL01,NL01,10,00,Hendriks Metaalbewerking B.V.,Hendriks Metaalbewerking B.V.,Netherlands,Custom Integration Services,9881.29,EUR,SO-5399492,2024/10,S.BAKKER,2024-10-09
1800000237,2024-12-13,F2,NL01,NL01,10,00,Bos Facility Services B.V.,Bos Facility Services B.V.,Netherlands,Annual Maintenance Contract,6627.01,EUR,SO-4978633,2024/12,M.DEVRIES,2024-12-13
1800000238,2024-08-20,F2,NL01,NL01,10,00,Peters Automatisering B.V.,Peters Automatisering B.V.,Netherlands,Annual Maintenance Contract,15500.29,EUR,SO-9805499,2024/08,M.DEVRIES,2024-08-20
1800000240,2025-03-05,F2,NL01,NL01,10,00,De Vries Energy Solutions B.V.,De Vries Energy Solutions B.V.,Netherlands,Analytics Suite License (Annual),5866.9,EUR,SO-2627669,2025/03,A.KOK,2025-03-05
1800000242,2024-06-04,F2,NL01,NL01,10,00,Kuipers Machinefabriek B.V.,Kuipers Machinefabriek B.V.,Netherlands,PLC Programming Unit,6852.31,EUR,SO-6443257,2024/06,S.BAKKER,2024-06-04
1800000244,2025-03-25,F2,NL01,NL01,30,00,Hendriks Metaalbewerking B.V.,Hendriks Metaalbewerking B.V.,Netherlands,Industrial Sensor Module X200,12000.63,EUR,SO-8732118,2025/03,M.DEVRIES,2025-03-25
1800000245,2024-05-13,F2,NL01,NL01,10,00,Kuipers Machinefabriek B.V.,Kuipers Machinefabriek B.V.,Netherlands,Electric Motor EM-750,9000.0,EUR,SO-3151598,2024/05,M.DEVRIES,2024-05-13
1800000247,2024-11-21,F2,NL01,NL01,20,00,Rotterdam Haven Diensten B.V.,Rotterdam Haven Diensten B.V.,Netherlands,Analytics Suite License (Annual),5270.11,EUR,SO-6675431,2024/11,S.BAKKER,2024-11-21
1800000249,2024-08-26,F2,NL01,NL01,20,00,Timmermans Bouw B.V.,Timmermans Bouw B.V.,Netherlands,Hydraulic Pump Unit HP-450,7573.32,EUR,SO-5313905,2024/08,M.DEVRIES,2024-08-26
1800000250,2024-12-16,F2,NL01,NL01,10,00,De Wit Consultancy B.V.,De Wit Consultancy B.V.,Netherlands,Electric Motor EM-750,2808.38,EUR,SO-8945569,2024/12,S.BAKKER,2024-12-16
1800000251,2024-05-21,F2,NL01,NL01,10,00,Martens Industrieel B.V.,Martens Industrieel B.V.,Netherlands,Automation Controller Pro,13620.6,EUR,SO-7694788,2024/05,A.KOK,2024-05-21
1800000253,2025-02-21,F2,NL01,NL01,10,00,Hendriks Metaalbewerking B.V.,Hendriks Metaalbewerking B.V.,Netherlands,Safety System Upgrade Kit,18629.18,EUR,SO-6770056,2025/02,A.KOK,2025-02-21
1800000255,2024-10-15,F2,NL01,NL01,30,00,Timmermans Bouw B.V.,Timmermans Bouw B.V.,Netherlands,Sensor Calibration Kit,3000.0,EUR,SO-4149461,2024/10,M.DEVRIES,2024-10-15
1800000257,2024-09-05,F2,NL01,NL01,10,00,Vermeulen Logistics B.V.,Vermeulen Logistics B.V.,Netherlands,Cloud Hosting Subscription (Annual),8506.59,EUR,SO-3979402,2024/09,BATCHJOB,2024-09-05
1800000259,2024-07-10,F2,NL01,NL01,10,00,Hendriks Metaalbewerking B.V.,Hendriks Metaalbewerking B.V.,Netherlands,Warehouse Management Module,7812.24,EUR,SO-6367114,2024/07,M.DEVRIES,2024-07-10
1800000261,2025-02-26,F2,NL01,NL01,10,00,Hofman Electro B.V.,Hofman Electro B.V.,Netherlands,Industrial Sensor Module X200,11856.58,EUR,SO-5467701,2025/02,R.JANSSEN,2025-02-26
1800000262,2024-11-14,F2,NL01,NL01,10,00,Hendriks Metaalbewerking B.V.,Hendriks Metaalbewerking B.V.,Netherlands,Support Retainer Services,33328.87,EUR,SO-1761474,2024/11,S.BAKKER,2024-11-14
1800000264,2024-05-08,F2,NL01,NL01,10,00,Schneider Maschinenbau GmbH,Schneider Maschinenbau GmbH,Germany,Standard Spare Parts Bundle,23553.68,EUR,SO-8646602,2024/05,R.JANSSEN,2024-05-08
1800000265,2025-03-11,F2,NL01,NL01,10,00,Post Digitale Diensten B.V.,Post Digitale Diensten B.V.,Netherlands,Custom Integration Services,2536.45,EUR,SO-6628966,2025/03,A.KOK,2025-03-11
1800000266,2024-07-12,F2,NL01,NL01,10,00,De Boer Industrial N.V.,De Boer Industrial N.V.,Netherlands,Industrial Network Switch NS-24,24286.23,EUR,SO-4274280,2024/07,M.DEVRIES,2024-07-12
1800000267,2025-02-19,G2,NL01,NL01,10,00,Van Dijk Transport B.V.,Van Dijk Transport B.V.,Netherlands,Sensor Calibration Kit,-4581.45,EUR,SO-5850350,2025/02,R.JANSSEN,2025-02-19
1800000269,2024-06-03,F2,NL01,NL01,20,00,Van Dijk Transport B.V.,Van Dijk Transport B.V.,Netherlands,Technical Training Package,25963.96,EUR,SO-6235204,2024/06,S.BAKKER,2024-06-03
1800000271,2024-05-15,F2,NL01,NL01,10,00,Hendriks Metaalbewerking B.V.,Hendriks Metaalbewerking B.V.,Netherlands,Analytics Suite License (Annual),22588.02,EUR,SO-1856906,2024/05,M.DEVRIES,2024-05-15
1800000273,2025-03-24,F2,NL01,NL01,10,00,Dekker IT Solutions B.V.,Dekker IT Solutions B.V.,Netherlands,Cloud Hosting Subscription (Annual),11288.62,EUR,SO-6910903,2025/03,A.KOK,2025-03-24
1800000275,2024-11-28,F2,NL01,NL01,10,00,Hendriks Metaalbewerking B.V.,Hendriks Metaalbewerking B.V.,Netherlands,Industrial Network Switch NS-24,3321.52,EUR,SO-3235754,2024/11,R.JANSSEN,2024-11-28
1800000277,2024-05-17,F2,NL01,NL01,10,00,Hendriks Metaalbewerking B.V.,Hendriks Metaalbewerking B.V.,Netherlands,Hydraulic Pump Unit HP-450,7526.36,EUR,SO-6453541,2024/05,BATCHJOB,2024-05-17
1800000278,2025-03-18,F2,NL01,NL01,10,00,Hendriks Metaalbewerking B.V.,Hendriks Metaalbewerking B.V.,Netherlands,Automation Controller Pro,8908.79,EUR,SO-2966305,2025/03,A.KOK,2025-03-18
1800000280,2024-10-31,F2,NL01,NL01,20,00,Amsterdam Tech Solutions B.V.,Amsterdam Tech Solutions B.V.,Netherlands,ERP Connector License (Annual),9389.32,EUR,SO-3789297,2024/10,BATCHJOB,2024-10-31
1800000282,2024-04-11,F2,NL01,NL01,30,00,Van den Berg Retail Group B.V.,Van den Berg Retail Group B.V.,Netherlands,Annual Maintenance Contract,9983.85,EUR,SO-6686542,2024/04,R.JANSSEN,2024-04-11
1800000284,2025-01-20,F2,NL01,NL01,10,00,De Wit Consultancy B.V.,De Wit Consultancy B.V.,Netherlands,PLC Programming Unit,15982.46,EUR,SO-9439101,2025/01,BATCHJOB,2025-01-20
1800000286,2025-01-13,F2,NL01,NL01,20,00,Timmermans Bouw B.V.,Timmermans Bouw B.V.,Netherlands,Standard Spare Parts Bundle,14160.25,EUR,SO-9225034,2025/01,M.DEVRIES,2025-01-13
1800000288,2024-10-30,F2,NL01,NL01,10,00,Verhoeven Technische Handel B.V.,Verhoeven Technische Handel B.V.,Netherlands,Hydraulic Pump Unit HP-450,8344.06,EUR,SO-9920338,2024/10,S.BAKKER,2024-10-30
1800000290,2024-12-26,F2,NL01,NL01,20,00,Bakker Elektronica B.V.,Bakker Elektronica B.V.,Netherlands,Industrial Network Switch NS-24,23500.0,EUR,SO-4430160,2024/12,S.BAKKER,2024-12-26
1800000292,2024-12-03,F2,NL01,NL01,10,00,Hendriks Metaalbewerking B.V.,Hendriks Metaalbewerking B.V.,Netherlands,Standard Spare Parts Bundle,3820.56,EUR,SO-5495250,2024/12,R.JANSSEN,2024-12-03
1800000293,2024-12-02,F2,NL01,NL01,10,00,Dekker IT Solutions B.V.,Dekker IT Solutions B.V.,Netherlands,Annual Maintenance Contract,4900.41,EUR,SO-7068429,2024/12,S.BAKKER,2024-12-02
1800000294,2025-03-24,F2,NL01,NL01,10,00,Van Leeuwen Staal B.V.,Van Leeuwen Staal B.V.,Netherlands,Sensor Calibration Kit,10787.31,EUR,SO-9493190,2025/03,BATCHJOB,2025-03-24
1800000295,2025-02-11,F2,NL01,NL01,10,00,Van Leeuwen Staal B.V.,Van Leeuwen Staal B.V.,Netherlands,Cloud Hosting Subscription (Annual),7219.95,EUR,SO-7437091,2025/02,BATCHJOB,2025-02-11
1800000296,2024-05-06,F2,NL01,NL01,20,00,Van Dijk Transport B.V.,Van Dijk Transport B.V.,Netherlands,Technical Training Package,4599.82,EUR,SO-5423191,2024/05,S.BAKKER,2024-05-06
1800000298,2024-10-25,F2,NL01,NL01,10,00,Dekker IT Solutions B.V.,Dekker IT Solutions B.V.,Netherlands,Cloud Hosting Subscription (Annual),9092.19,EUR,SO-5006820,2024/10,A.KOK,2024-10-25
1800000299,2024-09-16,F2,NL01,NL01,10,00,Dekker IT Solutions B.V.,Dekker IT Solutions B.V.,Netherlands,Cloud Hosting Subscription (Annual),11659.19,EUR,SO-1722554,2024/09,BATCHJOB,2024-09-16
1800000301,2025-03-13,F2,NL01,NL01,10,00,De Wit Consultancy B.V.,De Wit Consultancy B.V.,Netherlands,Technical Training Package,7088.28,EUR,SO-2483311,2025/03,A.KOK,2025-03-13
1800000302,2024-07-02,F2,NL01,NL01,20,00,Verhoeven Technische Handel B.V.,Verhoeven Technische Handel B.V.,Netherlands,ERP Connector License (Annual),2070.31,EUR,SO-3751707,2024/07,R.JANSSEN,2024-07-02
1800000304,2025-02-26,F2,NL01,NL01,10,00,Van den Berg Retail Group B.V.,Van den Berg Retail Group B.V.,Netherlands,Technical Training Package,18684.68,EUR,SO-2427070,2025/02,S.BAKKER,2025-02-26
1800000306,2024-12-26,F2,NL01,NL01,10,00,Verhoeven Technische Handel B.V.,Verhoeven Technische Handel B.V.,Netherlands,ERP Connector License (Annual),10689.4,EUR,SO-6905525,2024/12,A.KOK,2024-12-26
1800000308,2024-10-24,F2,NL01,NL01,10,00,Willemsen Innovatie B.V.,Willemsen Innovatie B.V.,Netherlands,Sensor Calibration Kit,13126.46,EUR,SO-5428178,2024/10,M.DEVRIES,2024-10-24
1800000310,2025-02-28,F2,NL01,NL01,10,00,Vermeulen Logistics B.V.,Vermeulen Logistics B.V.,Netherlands,ERP Connector License (Annual),15500.0,EUR,SO-7445198,2025/02,R.JANSSEN,2025-02-28
1800000311,2025-01-13,F2,NL01,NL01,10,00,Kok Software B.V.,Kok Software B.V.,Netherlands,ERP Connector License (Annual),6690.82,EUR,SO-4232309,2025/01,S.BAKKER,2025-01-13
1800000313,2024-12-05,F2,NL01,NL01,20,00,Kuipers Machinefabriek B.V.,Kuipers Machinefabriek B.V.,Netherlands,Warehouse Management Module,15942.64,EUR,SO-2966351,2024/12,S.BAKKER,2024-12-05
1800000315,2024-04-29,F2,NL01,NL01,20,00,Kok Software B.V.,Kok Software B.V.,Netherlands,Electric Motor EM-750,26411.88,EUR,SO-8573383,2024/04,S.BAKKER,2024-04-29
1800000317,2024-06-21,F2,NL01,NL01,10,00,Dekker IT Solutions B.V.,Dekker IT Solutions B.V.,Netherlands,Annual Maintenance Contract,21095.19,EUR,SO-5327874,2024/06,S.BAKKER,2024-06-21
1800000318,2024-11-06,F2,NL01,NL01,20,00,Kuipers Machinefabriek B.V.,Kuipers Machinefabriek B.V.,Netherlands,Implementation Consulting Services,14209.11,EUR,SO-4923340,2024/11,M.DEVRIES,2024-11-06
1800000320,2024-12-25,F2,NL01,NL01,10,00,Post Digitale Diensten B.V.,Post Digitale Diensten B.V.,Netherlands,Industrial Sensor Module X200,20515.25,EUR,SO-6601712,2024/12,R.JANSSEN,2024-12-25
1800000322,2024-08-22,F2,NL01,NL01,10,00,Hendriks Metaalbewerking B.V.,Hendriks Metaalbewerking B.V.,Netherlands,Data Migration Services,6483.36,EUR,SO-3033977,2024/08,BATCHJOB,2024-08-22
1800000324,2025-01-06,F2,NL01,NL01,10,00,Rotterdam Haven Diensten B.V.,Rotterdam Haven Diensten B.V.,Netherlands,Implementation Consulting Services,14000.0,EUR,SO-2473671,2025/01,S.BAKKER,2025-01-06
1800000325,2024-09-04,F2,NL01,NL01,20,00,Martens Industrieel B.V.,Martens Industrieel B.V.,Netherlands,Warehouse Management Module,19467.45,EUR,SO-6134835,2024/09,BATCHJOB,2024-09-04
1800000326,2024-10-14,F2,NL01,NL01,10,00,Dekker IT Solutions B.V.,Dekker IT Solutions B.V.,Netherlands,Cloud Hosting Subscription (Annual),11874.1,EUR,SO-3893669,2024/10,A.KOK,2024-10-14
1800000327,2024-05-03,F2,NL01,NL01,10,00,Hendriks Metaalbewerking B.V.,Hendriks Metaalbewerking B.V.,Netherlands,Support Retainer Services,15548.45,EUR,SO-6473865,2024/05,M.DEVRIES,2024-05-03
1800000328,2024-10-31,F2,NL01,NL01,20,00,Hendriks Metaalbewerking B.V.,Hendriks Metaalbewerking B.V.,Netherlands,Safety System Upgrade Kit,2900.72,EUR,SO-8111552,2024/10,S.BAKKER,2024-10-31
1800000330,2025-01-16,F2,NL01,NL01,10,00,De Boer Industrial N.V.,De Boer Industrial N.V.,Netherlands,Automation Controller Pro,13954.87,EUR,SO-1640423,2025/01,BATCHJOB,2025-01-16
1800000331,2024-04-04,F2,NL01,NL01,20,00,Rotterdam Haven Diensten B.V.,Rotterdam Haven Diensten B.V.,Netherlands,Cloud Hosting Subscription (Annual),42583.81,EUR,SO-8066847,2024/04,S.BAKKER,2024-04-04
1800000333,2025-03-04,F2,NL01,NL01,30,00,Hendriks Metaalbewerking B.V.,Hendriks Metaalbewerking B.V.,Netherlands,Implementation Consulting Services,5398.1,EUR,SO-4743845,2025/03,A.KOK,2025-03-04
1800000334,2024-09-13,F2,NL01,NL01,10,00,Brouwer Data Systems B.V.,Brouwer Data Systems B.V.,Netherlands,Automation Controller Pro,11967.29,EUR,SO-4944547,2024/09,R.JANSSEN,2024-09-13
1800000335,2024-09-27,F2,NL01,NL01,10,00,Hendriks Metaalbewerking B.V.,Hendriks Metaalbewerking B.V.,Netherlands,Custom Integration Services,29882.64,EUR,SO-3700601,2024/09,R.JANSSEN,2024-09-27
1800000337,2025-01-01,F2,NL01,NL01,30,00,Timmermans Bouw B.V.,Timmermans Bouw B.V.,Netherlands,Industrial Sensor Module X200,4000.0,EUR,SO-1861915,2025/01,S.BAKKER,2025-01-01
1800000339,2025-02-24,F2,NL01,NL01,10,00,Timmermans Bouw B.V.,Timmermans Bouw B.V.,Netherlands,ERP Connector License (Annual),10668.36,EUR,SO-3346305,2025/02,A.KOK,2025-02-24
1800000340,2024-11-14,F2,NL01,NL01,10,00,Timmermans Bouw B.V.,Timmermans Bouw B.V.,Netherlands,Technical Training Package,20178.03,EUR,SO-6728967,2024/11,A.KOK,2024-11-14
1800000341,2024-04-10,F2,NL01,NL01,30,00,Martens Industrieel B.V.,Martens Industrieel B.V.,Netherlands,ERP Connector License (Annual),5407.26,EUR,SO-2758890,2024/04,R.JANSSEN,2024-04-10
1800000342,2024-11-05,F2,NL01,NL01,10,00,De Vries Energy Solutions B.V.,De Vries Energy Solutions B.V.,Netherlands,Conveyor Belt System CB-12,3822.57,EUR,SO-9730802,2024/11,BATCHJOB,2024-11-05
1800000343,2025-01-29,F2,NL01,NL01,20,00,Hendriks Metaalbewerking B.V.,Hendriks Metaalbewerking B.V.,Netherlands,Cloud Hosting Subscription (Annual),9500.0,EUR,SO-6515148,2025/01,M.DEVRIES,2025-01-29
1800000345,2024-09-18,F2,NL01,NL01,10,00,De Boer Industrial N.V.,De Boer Industrial N.V.,Netherlands,Sensor Calibration Kit,24000.0,EUR,SO-6294765,2024/09,R.JANSSEN,2024-09-18
1800000347,2024-05-21,F2,NL01,NL01,10,00,Hendriks Metaalbewerking B.V.,Hendriks Metaalbewerking B.V.,Netherlands,Annual Maintenance Contract,9500.0,EUR,SO-7191807,2024/05,A.KOK,2024-05-21
1800000348,2024-07-16,F2,NL01,NL01,10,00,De Wit Consultancy B.V.,De Wit Consultancy B.V.,Netherlands,Electric Motor EM-750,17876.15,EUR,SO-4582777,2024/07,BATCHJOB,2024-07-16
1800000350,2025-01-10,F2,NL01,NL01,10,00,De Boer Industrial N.V.,De Boer Industrial N.V.,Netherlands,Warehouse Management Module,4737.73,EUR,SO-3031931,2025/01,S.BAKKER,2025-01-10
1800000352,2025-01-02,F2,NL01,NL01,10,00,Hendriks Metaalbewerking B.V.,Hendriks Metaalbewerking B.V.,Netherlands,Cloud Hosting Subscription (Annual),6192.05,EUR,SO-2454462,2025/01,M.DEVRIES,2025-01-02
1800000354,2024-12-05,F2,NL01,NL01,30,00,De Groot Handelsonderneming B.V.,De Groot Handelsonderneming B.V.,Netherlands,Support Retainer Services,33440.41,EUR,SO-4672400,2024/12,R.JANSSEN,2024-12-05
1800000356,2024-12-30,F2,NL01,NL01,10,00,Post Digitale Diensten B.V.,Post Digitale Diensten B.V.,Netherlands,ERP Connector License (Annual),9000.0,EUR,SO-8602748,2024/12,M.DEVRIES,2024-12-30
1800000357,2024-05-02,F2,NL01,NL01,30,00,Verhoeven Technische Handel B.V.,Verhoeven Technische Handel B.V.,Netherlands,Hydraulic Pump Unit HP-450,13127.76,EUR,SO-5505312,2024/05,M.DEVRIES,2024-05-02
1800000359,2025-03-11,F2,NL01,NL01,10,00,Vermeulen Logistics B.V.,Vermeulen Logistics B.V.,Netherlands,Implementation Consulting Services,11000.0,EUR,SO-9153122,2025/03,M.DEVRIES,2025-03-11
1800000361,2025-01-15,F2,NL01,NL01,20,00,Hendriks Metaalbewerking B.V.,Hendriks Metaalbewerking B.V.,Netherlands,Standard Spare Parts Bundle,12013.05,EUR,SO-4406762,2025/01,S.BAKKER,2025-01-15
1800000363,2025-03-03,F2,NL01,NL01,20,00,Dekker IT Solutions B.V.,Dekker IT Solutions B.V.,Netherlands,PLC Programming Unit,6623.88,EUR,SO-5502863,2025/03,R.JANSSEN,2025-03-03
1800000364,2025-03-14,F2,NL01,NL01,20,00,Timmermans Bouw B.V.,Timmermans Bouw B.V.,Netherlands,ERP Connector License (Annual),45152.19,EUR,SO-9726308,2025/03,A.KOK,2025-03-14
1800000365,2025-01-27,F2,NL01,NL01,20,00,Hendriks Metaalbewerking B.V.,Hendriks Metaalbewerking B.V.,Netherlands,Custom Integration Services,30586.88,EUR,SO-6304365,2025/01,M.DEVRIES,2025-01-27
1800000366,2025-03-26,F2,NL01,NL01,10,00,De Boer Industrial N.V.,De Boer Industrial N.V.,Netherlands,Annual Maintenance Contract,2485.36,EUR,SO-9258423,2025/03,BATCHJOB,2025-03-26
1800000367,2024-11-06,F2,NL01,NL01,20,00,Verhoeven Technische Handel B.V.,Verhoeven Technische Handel B.V.,Netherlands,Safety System Upgrade Kit,13000.0,EUR,SO-7547648,2024/11,R.JANSSEN,2024-11-06
1800000369,2024-09-27,F2,NL01,NL01,10,00,Peters Automatisering B.V.,Peters Automatisering B.V.,Netherlands,Hydraulic Pump Unit HP-450,3203.19,EUR,SO-1320131,2024/09,A.KOK,2024-09-27
1800000371,2025-02-07,F2,NL01,NL01,10,00,Bos Facility Services B.V.,Bos Facility Services B.V.,Netherlands,Safety System Upgrade Kit,4518.32,EUR,SO-6476478,2025/02,R.JANSSEN,2025-02-07
1800000373,2025-01-10,F2,NL01,NL01,10,00,Hendriks Metaalbewerking B.V.,Hendriks Metaalbewerking B.V.,Netherlands,Cloud Hosting Subscription (Annual),4715.57,EUR,SO-9399909,2025/01,A.KOK,2025-01-10
1800000374,2024-09-02,F2,NL01,NL01,10,00,Global Tech Solutions Inc,Global Tech Solutions Inc,United States,Analytics Suite License (Annual),3000.0,EUR,SO-1728705,2024/09,BATCHJOB,2024-09-02
1800000375,2024-09-15,F2,NL01,NL01,10,00,De Boer Industrial N.V.,De Boer Industrial N.V.,Netherlands,Technical Training Package,20027.08,EUR,SO-7456050,2024/09,BATCHJOB,2024-09-15
1800000376,2024-04-19,F2,NL01,NL01,20,00,Martens Industrieel B.V.,Martens Industrieel B.V.,Netherlands,Sensor Calibration Kit,6527.36,EUR,SO-3503483,2024/04,S.BAKKER,2024-04-19
1800000378,2024-09-05,F2,NL01,NL01,20,00,Willemsen Innovatie B.V.,Willemsen Innovatie B.V.,Netherlands,Industrial Network Switch NS-24,4257.56,EUR,SO-4413132,2024/09,A.KOK,2024-09-05
1800000379,2025-01-09,F2,NL01,NL01,20,00,Dekker IT Solutions B.V.,Dekker IT Solutions B.V.,Netherlands,Implementation Consulting Services,24722.1,EUR,SO-4115525,2025/01,M.DEVRIES,2025-01-09
1800000380,2024-06-19,F2,NL01,NL01,10,00,Rotterdam Haven Diensten B.V.,Rotterdam Haven Diensten B.V.,Netherlands,Data Migration Services,15248.13,EUR,SO-6326064,2024/06,M.DEVRIES,2024-06-19
1800000381,2024-11-01,F2,NL01,NL01,10,00,Rotterdam Haven Diensten B.V.,Rotterdam Haven Diensten B.V.,Netherlands,Custom Integration Services,22000.0,EUR,SO-5238416,2024/11,A.KOK,2024-11-01
1800000383,2025-03-18,F2,NL01,NL01,10,00,Hendriks Metaalbewerking B.V.,Hendriks Metaalbewerking B.V.,Netherlands,Technical Training Package,19306.86,EUR,SO-4186424,2025/03,M.DEVRIES,2025-03-18
1800000384,2024-08-28,F2,NL01,NL01,30,00,Hendriks Metaalbewerking B.V.,Hendriks Metaalbewerking B.V.,Netherlands,Analytics Suite License (Annual),7680.24,EUR,SO-3444122,2024/08,S.BAKKER,2024-08-28
1800000386,2024-11-22,F2,NL01,NL01,30,00,Van der Heijden Supply Chain B.V.,Van der Heijden Supply Chain B.V.,Netherlands,Analytics Suite License (Annual),16247.6,EUR,SO-6341502,2024/11,M.DEVRIES,2024-11-22
1800000387,2024-07-30,F2,NL01,NL01,10,00,Hendriks Metaalbewerking B.V.,Hendriks Metaalbewerking B.V.,Netherlands,Industrial Sensor Module X200,21974.22,EUR,SO-3207564,2024/07,A.KOK,2024-07-30
1800000389,2024-05-31,F2,NL01,NL01,10,00,Kuipers Machinefabriek B.V.,Kuipers Machinefabriek B.V.,Netherlands,PLC Programming Unit,8500.0,EUR,SO-7307106,2024/05,S.BAKKER,2024-05-31
1800000391,2024-09-12,F2,NL01,NL01,10,00,Utrecht Systemen B.V.,Utrecht Systemen B.V.,Netherlands,Standard Spare Parts Bundle,21687.64,EUR,SO-3880410,2024/09,A.KOK,2024-09-12
1800000393,2024-11-18,F2,NL01,NL01,30,00,Hofman Electro B.V.,Hofman Electro B.V.,Netherlands,Conveyor Belt System CB-12,8588.74,EUR,SO-3580223,2024/11,R.JANSSEN,2024-11-18
1800000394,2024-06-19,F2,NL01,NL01,10,00,Hendriks Metaalbewerking B.V.,Hendriks Metaalbewerking B.V.,Netherlands,Support Retainer Services,4588.08,EUR,SO-3160213,2024/06,A.KOK,2024-06-19
1800000396,2025-01-28,F2,NL01,NL01,30,00,Van der Heijden Supply Chain B.V.,Van der Heijden Supply Chain B.V.,Netherlands,Annual Maintenance Contract,1030.03,EUR,SO-2080877,2025/01,R.JANSSEN,2025-01-28
1800000398,2024-12-04,F2,NL01,NL01,30,00,Groenendijk Handel B.V.,Groenendijk Handel B.V.,Netherlands,Industrial Network Switch NS-24,16097.67,EUR,SO-5493660,2024/12,BATCHJOB,2024-12-04
1800000400,2024-06-03,F2,NL01,NL01,30,00,Timmermans Bouw B.V.,Timmermans Bouw B.V.,Netherlands,Standard Spare Parts Bundle,17021.56,EUR,SO-8348801,2024/06,M.DEVRIES,2024-06-03
1800000401,2024-12-04,F2,NL01,NL01,10,00,Hendriks Metaalbewerking B.V.,Hendriks Metaalbewerking B.V.,Netherlands,Sensor Calibration Kit,7309.11,EUR,SO-6821150,2024/12,R.JANSSEN,2024-12-04
1800000403,2024-12-02,F2,NL01,NL01,20,00,Meijer Energie B.V.,Meijer Energie B.V.,Netherlands,Cloud Hosting Subscription (Annual),4456.08,EUR,SO-8583164,2024/12,R.JANSSEN,2024-12-02
1800000405,2024-09-24,F2,NL01,NL01,10,00,Van der Berg Logistiek B.V.,Van der Berg Logistiek B.V.,Netherlands,Sensor Calibration Kit,24624.28,EUR,SO-8654710,2024/09,BATCHJOB,2024-09-24
1800000406,2024-08-02,F2,NL01,NL01,10,00,Martens Industrieel B.V.,Martens Industrieel B.V.,Netherlands,Conveyor Belt System CB-12,6449.63,EUR,SO-9974847,2024/08,R.JANSSEN,2024-08-02
1800000407,2025-01-24,F2,NL01,NL01,20,00,Amsterdam Tech Solutions B.V.,Amsterdam Tech Solutions B.V.,Netherlands,Implementation Consulting Services,19911.15,EUR,SO-4774311,2025/01,A.KOK,2025-01-24
1800000409,2024-08-16,G2,NL01,NL01,30,00,Kok Software B.V.,Kok Software B.V.,Netherlands,Industrial Network Switch NS-24,-1154.68,EUR,SO-1562789,2024/08,S.BAKKER,2024-08-16
1800000411,2024-12-24,F2,NL01,NL01,20,00,Rotterdam Haven Diensten B.V.,Rotterdam Haven Diensten B.V.,Netherlands,Support Retainer Services,12537.35,EUR,SO-6698047,2024/12,R.JANSSEN,2024-12-24
1800000413,2024-07-18,F2,NL01,NL01,10,00,Hendriks Metaalbewerking B.V.,Hendriks Metaalbewerking B.V.,Netherlands,Conveyor Belt System CB-12,11720.5,EUR,SO-1474960,2024/07,M.DEVRIES,2024-07-18
1800000414,2025-03-31,F2,NL01,NL01,10,00,Kuipers Machinefabriek B.V.,Kuipers Machinefabriek B.V.,Netherlands,ERP Connector License (Annual),8864.75,EUR,SO-7646132,2025/03,A.KOK,2025-03-31
1800000415,2024-10-04,F2,NL01,NL01,20,00,Dekker IT Solutions B.V.,Dekker IT Solutions B.V.,Netherlands,ERP Connector License (Annual),23738.87,EUR,SO-7178651,2024/10,M.DEVRIES,2024-10-04
1800000417,2024-04-29,F2,NL01,NL01,20,00,De Boer Industrial N.V.,De Boer Industrial N.V.,Netherlands,Warehouse Management Module,5621.48,EUR,SO-2197240,2024/04,A.KOK,2024-04-29
1800000419,2024-09-06,F2,NL01,NL01,20,00,Hendriks Metaalbewerking B.V.,Hendriks Metaalbewerking B.V.,Netherlands,Standard Spare Parts Bundle,28412.55,EUR,SO-6856979,2024/09,A.KOK,2024-09-06
1800000420,2025-01-22,F2,NL01,NL01,20,00,De Boer Industrial N.V.,De Boer Industrial N.V.,Netherlands,Custom Integration Services,19598.37,EUR,SO-7766172,2025/01,BATCHJOB,2025-01-22
1800000422,2025-02-10,F2,NL01,NL01,10,00,Meijer Energie B.V.,Meijer Energie B.V.,Netherlands,Electric Motor EM-750,22071.04,EUR,SO-1437886,2025/02,S.BAKKER,2025-02-10
1800000424,2024-10-14,F2,NL01,NL01,20,00,Smit Engineering B.V.,Smit Engineering B.V.,Netherlands,Annual Maintenance Contract,9273.01,EUR,SO-2676033,2024/10,BATCHJOB,2024-10-14
1800000425,2025-02-02,F2,NL01,NL01,10,00,De Wit Consultancy B.V.,De Wit Consultancy B.V.,Netherlands,Automation Controller Pro,26292.13,EUR,SO-2099230,2025/02,S.BAKKER,2025-02-02
1800000426,2024-06-20,F2,NL01,NL01,20,00,Dekker IT Solutions B.V.,Dekker IT Solutions B.V.,Netherlands,Warehouse Management Module,8561.12,EUR,SO-3006474,2024/06,S.BAKKER,2024-06-20
1800000427,2025-01-23,F2,NL01,NL01,20,00,Amsterdam Tech Solutions B.V.,Amsterdam Tech Solutions B.V.,Netherlands,Annual Maintenance Contract,15263.98,EUR,SO-1130454,2025/01,R.JANSSEN,2025-01-23
1800000428,2024-04-11,F2,NL01,NL01,20,00,Rotterdam Haven Diensten B.V.,Rotterdam Haven Diensten B.V.,Netherlands,Standard Spare Parts Bundle,4234.55,EUR,SO-7971474,2024/04,A.KOK,2024-04-11
1800000429,2024-09-13,F2,NL01,NL01,20,00,Global Tech Solutions Inc,Global Tech Solutions Inc,United States,Annual Maintenance Contract,39606.37,EUR,SO-1853208,2024/09,M.DEVRIES,2024-09-13
1800000431,2024-07-01,F2,NL01,NL01,10,00,Van Dijk Transport B.V.,Van Dijk Transport B.V.,Netherlands,Sensor Calibration Kit,217.07,EUR,SO-4370722,2024/07,R.JANSSEN,2024-07-01
1800000432,2024-04-26,F2,NL01,NL01,30,00,Bos Facility Services B.V.,Bos Facility Services B.V.,Netherlands,Support Retainer Services,34164.2,EUR,SO-2273341,2024/04,S.BAKKER,2024-04-26
1800000434,2025-02-27,F2,NL01,NL01,10,00,Brouwer Data Systems B.V.,Brouwer Data Systems B.V.,Netherlands,Analytics Suite License (Annual),13371.93,EUR,SO-8376194,2025/02,M.DEVRIES,2025-02-27
1800000435,2024-05-03,F2,NL01,NL01,20,00,Hofman Electro B.V.,Hofman Electro B.V.,Netherlands,PLC Programming Unit,11740.8,EUR,SO-3200328,2024/05,A.KOK,2024-05-03
1800000437,2024-04-05,F2,NL01,NL01,20,00,Rotterdam Haven Diensten B.V.,Rotterdam Haven Diensten B.V.,Netherlands,Warehouse Management Module,10233.2,EUR,SO-6966730,2024/04,BATCHJOB,2024-04-05
1800000439,2024-12-20,F2,NL01,NL01,20,00,Smith and Co Industrial Ltd,Smith and Co Industrial Ltd,United Kingdom,Hydraulic Pump Unit HP-450,12581.89,EUR,SO-2991608,2024/12,R.JANSSEN,2024-12-20
1800000440,2024-11-22,F2,NL01,NL01,30,00,Hendriks Metaalbewerking B.V.,Hendriks Metaalbewerking B.V.,Netherlands,Analytics Suite License (Annual),69655.93,EUR,SO-7410652,2024/11,BATCHJOB,2024-11-22
1800000441,2024-11-20,F2,NL01,NL01,10,00,Utrecht Systemen B.V.,Utrecht Systemen B.V.,Netherlands,Industrial Network Switch NS-24,12000.0,EUR,SO-4745471,2024/11,R.JANSSEN,2024-11-20
1800000442,2025-02-21,F2,NL01,NL01,10,00,Kok Software B.V.,Kok Software B.V.,Netherlands,Data Migration Services,12007.42,EUR,SO-7241733,2025/02,R.JANSSEN,2025-02-21
1800000444,2025-01-17,F2,NL01,NL01,30,00,Kuipers Machinefabriek B.V.,Kuipers Machinefabriek B.V.,Netherlands,Electric Motor EM-750,13124.98,EUR,SO-6207563,2025/01,A.KOK,2025-01-17
1800000445,2025-01-07,F2,NL01,NL01,10,00,Duval Distribution SARL,Duval Distribution SARL,France,Annual Maintenance Contract,15042.95,EUR,SO-8965743,2025/01,R.JANSSEN,2025-01-07
1800000447,2025-01-03,F2,NL01,NL01,20,00,Smith and Co Industrial Ltd,Smith and Co Industrial Ltd,United Kingdom,Technical Training Package,4719.79,EUR,SO-6521422,2025/01,A.KOK,2025-01-03
1800000448,2024-05-29,F2,NL01,NL01,10,00,Bos Facility Services B.V.,Bos Facility Services B.V.,Netherlands,Cloud Hosting Subscription (Annual),19049.06,EUR,SO-8583092,2024/05,BATCHJOB,2024-05-29
1800000450,2024-08-09,F2,NL01,NL01,30,00,Van Dijk Transport B.V.,Van Dijk Transport B.V.,Netherlands,Industrial Sensor Module X200,17535.91,EUR,SO-9233420,2024/08,BATCHJOB,2024-08-09
1800000451,2024-11-07,F2,NL01,NL01,20,00,Verhoeven Technische Handel B.V.,Verhoeven Technische Handel B.V.,Netherlands,Cloud Hosting Subscription (Annual),13902.56,EUR,SO-1016050,2024/11,R.JANSSEN,2024-11-07
1800000452,2025-03-18,F2,NL01,NL01,10,00,Van der Linden Advies B.V.,Van der Linden Advies B.V.,Netherlands,Conveyor Belt System CB-12,1562.76,EUR,SO-2415279,2025/03,BATCHJOB,2025-03-18
1800000454,2025-01-27,F2,NL01,NL01,20,00,Meijer Energie B.V.,Meijer Energie B.V.,Netherlands,Data Migration Services,11207.38,EUR,SO-9906608,2025/01,BATCHJOB,2025-01-27
1800000456,2025-03-19,F2,NL01,NL01,20,00,De Groot Handelsonderneming B.V.,De Groot Handelsonderneming B.V.,Netherlands,Industrial Network Switch NS-24,12401.99,EUR,SO-3451169,2025/03,BATCHJOB,2025-03-19
1800000457,2025-03-15,F2,NL01,NL01,10,00,Hendriks Metaalbewerking B.V.,Hendriks Metaalbewerking B.V.,Netherlands,Industrial Sensor Module X200,13706.76,EUR,SO-2235730,2025/03,A.KOK,2025-03-15
1800000459,2024-10-15,F2,NL01,NL01,10,00,Timmermans Bouw B.V.,Timmermans Bouw B.V.,Netherlands,Automation Controller Pro,9139.73,EUR,SO-1420084,2024/10,A.KOK,2024-10-15
1800000460,2025-02-21,F2,NL01,NL01,10,00,Hendriks Metaalbewerking B.V.,Hendriks Metaalbewerking B.V.,Netherlands,Standard Spare Parts Bundle,25858.58,EUR,SO-6076922,2025/02,BATCHJOB,2025-02-21
1800000462,2024-04-03,F2,NL01,NL01,10,00,Post Digitale Diensten B.V.,Post Digitale Diensten B.V.,Netherlands,ERP Connector License (Annual),4776.24,EUR,SO-6444969,2024/04,A.KOK,2024-04-03
1800000464,2024-07-05,F2,NL01,NL01,10,00,Visser Machinebouw B.V.,Visser Machinebouw B.V.,Netherlands,Cloud Hosting Subscription (Annual),24316.69,EUR,SO-4038932,2024/07,S.BAKKER,2024-07-05
1800000465,2025-01-26,F2,NL01,NL01,20,00,Willemsen Innovatie B.V.,Willemsen Innovatie B.V.,Netherlands,Support Retainer Services,5297.41,EUR,SO-4674378,2025/01,M.DEVRIES,2025-01-26
1800000467,2025-03-11,F2,NL01,NL01,10,00,Global Tech Solutions Inc,Global Tech Solutions Inc,United States,Industrial Sensor Module X200,12458.53,EUR,SO-2287523,2025/03,M.DEVRIES,2025-03-11
1800000469,2024-06-04,F2,NL01,NL01,10,00,Jansen Bouwmaterialen B.V.,Jansen Bouwmaterialen B.V.,Netherlands,Annual Maintenance Contract,24553.56,EUR,SO-5928335,2024/06,BATCHJOB,2024-06-04
1800000470,2024-08-09,F2,NL01,NL01,20,00,Timmermans Bouw B.V.,Timmermans Bouw B.V.,Netherlands,Analytics Suite License (Annual),7311.36,EUR,SO-9955544,2024/08,R.JANSSEN,2024-08-09
1800000471,2024-11-21,F2,NL01,NL01,10,00,Hendriks Metaalbewerking B.V.,Hendriks Metaalbewerking B.V.,Netherlands,Industrial Network Switch NS-24,11122.79,EUR,SO-4343765,2024/11,A.KOK,2024-11-21
1800000472,2024-10-11,F2,NL01,NL01,30,00,Hendriks Metaalbewerking B.V.,Hendriks Metaalbewerking B.V.,Netherlands,Hydraulic Pump Unit HP-450,11500.0,EUR,SO-4846161,2024/10,R.JANSSEN,2024-10-11
1800000474,2024-04-24,F2,NL01,NL01,10,00,Verhoeven Technische Handel B.V.,Verhoeven Technische Handel B.V.,Netherlands,ERP Connector License (Annual),2976.79,EUR,SO-2989084,2024/04,M.DEVRIES,2024-04-24
1800000476,2024-10-29,F2,NL01,NL01,20,00,Van den Berg Retail Group B.V.,Van den Berg Retail Group B.V.,Netherlands,Conveyor Belt System CB-12,11829.41,EUR,SO-1785618,2024/10,A.KOK,2024-10-29
1800000477,2024-04-25,F2,NL01,NL01,20,00,Kuipers Machinefabriek B.V.,Kuipers Machinefabriek B.V.,Netherlands,Industrial Network Switch NS-24,17700.97,EUR,SO-5272749,2024/04,BATCHJOB,2024-04-25
1800000479,2025-02-14,F2,NL01,NL01,30,00,Van den Berg Retail Group B.V.,Van den Berg Retail Group B.V.,Netherlands,Data Migration Services,10542.28,EUR,SO-8863016,2025/02,M.DEVRIES,2025-02-14
1800000480,2024-09-19,F2,NL01,NL01,10,00,Amsterdam Tech Solutions B.V.,Amsterdam Tech Solutions B.V.,Netherlands,Technical Training Package,11654.11,EUR,SO-4133185,2024/09,M.DEVRIES,2024-09-19
1800000481,2024-05-10,F2,NL01,NL01,20,00,Verhoeven Technische Handel B.V.,Verhoeven Technische Handel B.V.,Netherlands,Industrial Network Switch NS-24,12248.49,EUR,SO-7502121,2024/05,M.DEVRIES,2024-05-10
1800000482,2025-03-17,F2,NL01,NL01,10,00,Van Dijk Transport B.V.,Van Dijk Transport B.V.,Netherlands,PLC Programming Unit,4634.4,EUR,SO-9437837,2025/03,M.DEVRIES,2025-03-17
1800000484,2024-10-26,F2,NL01,NL01,20,00,Timmermans Bouw B.V.,Timmermans Bouw B.V.,Netherlands,Industrial Sensor Module X200,27318.96,EUR,SO-5701073,2024/10,S.BAKKER,2024-10-26
1800000486,2024-05-24,F2,NL01,NL01,10,00,Amsterdam Tech Solutions B.V.,Amsterdam Tech Solutions B.V.,Netherlands,Industrial Network Switch NS-24,3654.02,EUR,SO-5439368,2024/05,BATCHJOB,2024-05-24
1800000488,2024-10-14,F2,NL01,NL01,20,00,Hofman Electro B.V.,Hofman Electro B.V.,Netherlands,Warehouse Management Module,13273.05,EUR,SO-5268697,2024/10,M.DEVRIES,2024-10-14
1800000490,2024-09-23,F2,NL01,NL01,20,00,Timmermans Bouw B.V.,Timmermans Bouw B.V.,Netherlands,Hydraulic Pump Unit HP-450,17706.86,EUR,SO-3549417,2024/09,A.KOK,2024-09-23
1800000492,2024-07-29,F2,NL01,NL01,10,00,Kuipers Machinefabriek B.V.,Kuipers Machinefabriek B.V.,Netherlands,Standard Spare Parts Bundle,24722.66,EUR,SO-9747436,2024/07,A.KOK,2024-07-29
1800000494,2024-09-20,F2,NL01,NL01,10,00,Schneider Maschinenbau GmbH,Schneider Maschinenbau GmbH,Germany,Implementation Consulting Services,14881.36,EUR,SO-5265512,2024/09,R.JANSSEN,2024-09-20
1800000495,2024-10-15,F2,NL01,NL01,20,00,Van Damme Trading NV,Van Damme Trading NV,Belgium,Industrial Network Switch NS-24,1776.11,EUR,SO-6051033,2024/10,BATCHJOB,2024-10-15
1800000497,2024-11-12,F2,NL01,NL01,10,00,Van Dijk Transport B.V.,Van Dijk Transport B.V.,Netherlands,Data Migration Services,26322.5,EUR,SO-4728790,2024/11,R.JANSSEN,2024-11-12
1800000498,2024-10-11,F2,NL01,NL01,20,00,Dekker IT Solutions B.V.,Dekker IT Solutions B.V.,Netherlands,Analytics Suite License (Annual),7928.12,EUR,SO-2604172,2024/10,R.JANSSEN,2024-10-11
1800000500,2025-03-17,F2,NL01,NL01,20,00,Kuipers Machinefabriek B.V.,Kuipers Machinefabriek B.V.,Netherlands,Custom Integration Services,17815.12,EUR,SO-9723781,2025/03,BATCHJOB,2025-03-17
1800000502,2024-04-30,F2,NL01,NL01,30,00,Hendriks Metaalbewerking B.V.,Hendriks Metaalbewerking B.V.,Netherlands,Annual Maintenance Contract,10589.39,EUR,SO-2720001,2024/04,M.DEVRIES,2024-04-30
1800000503,2025-02-12,F2,NL01,NL01,10,00,De Wit Consultancy B.V.,De Wit Consultancy B.V.,Netherlands,Custom Integration Services,16015.54,EUR,SO-8002021,2025/02,A.KOK,2025-02-12
1800000504,2024-12-25,F2,NL01,NL01,30,00,Kok Software B.V.,Kok Software B.V.,Netherlands,Sensor Calibration Kit,1783.55,EUR,SO-7124084,2024/12,BATCHJOB,2024-12-25
1800000506,2024-11-05,F2,NL01,NL01,20,00,Van den Berg Retail Group B.V.,Van den Berg Retail Group B.V.,Netherlands,Data Migration Services,12950.3,EUR,SO-2199490,2024/11,BATCHJOB,2024-11-05
1800000508,2025-03-12,F2,NL01,NL01,10,00,Jansen Bouwmaterialen B.V.,Jansen Bouwmaterialen B.V.,Netherlands,Conveyor Belt System CB-12,3324.06,EUR,SO-8654606,2025/03,A.KOK,2025-03-12
1800000510,2024-09-16,F2,NL01,NL01,20,00,Hendriks Metaalbewerking B.V.,Hendriks Metaalbewerking B.V.,Netherlands,Standard Spare Parts Bundle,29001.14,EUR,SO-2316858,2024/09,M.DEVRIES,2024-09-16
1800000512,2024-04-24,F2,NL01,NL01,10,00,Mulder Groothandel B.V.,Mulder Groothandel B.V.,Netherlands,Sensor Calibration Kit,28757.59,EUR,SO-2531378,2024/04,BATCHJOB,2024-04-24
1800000514,2025-01-07,F2,NL01,NL01,10,00,De Groot Handelsonderneming B.V.,De Groot Handelsonderneming B.V.,Netherlands,Industrial Sensor Module X200,10810.9,EUR,SO-5586109,2025/01,BATCHJOB,2025-01-07
1800000515,2024-11-14,F2,NL01,NL01,10,00,De Vries Energy Solutions B.V.,De Vries Energy Solutions B.V.,Netherlands,Implementation Consulting Services,18550.37,EUR,SO-5913535,2024/11,BATCHJOB,2024-11-14
1800000517,2024-10-21,F2,NL01,NL01,10,00,De Boer Industrial N.V.,De Boer Industrial N.V.,Netherlands,Hydraulic Pump Unit HP-450,13025.41,EUR,SO-6344990,2024/10,A.KOK,2024-10-21
1800000519,2025-01-01,F2,NL01,NL01,20,00,Schneider Maschinenbau GmbH,Schneider Maschinenbau GmbH,Germany,Implementation Consulting Services,16444.91,EUR,SO-2591565,2025/01,S.BAKKER,2025-01-01
1800000521,2024-12-21,F2,NL01,NL01,30,00,Rotterdam Haven Diensten B.V.,Rotterdam Haven Diensten B.V.,Netherlands,Industrial Network Switch NS-24,12363.29,EUR,SO-3201193,2024/12,M.DEVRIES,2024-12-21
1800000523,2024-09-30,F2,NL01,NL01,30,00,Timmermans Bouw B.V.,Timmermans Bouw B.V.,Netherlands,Safety System Upgrade Kit,19987.29,EUR,SO-3557481,2024/09,A.KOK,2024-09-30
1800000524,2024-04-15,F2,NL01,NL01,10,00,Kuipers Machinefabriek B.V.,Kuipers Machinefabriek B.V.,Netherlands,Industrial Network Switch NS-24,1000.0,EUR,SO-2933275,2024/04,BATCHJOB,2024-04-15
1800000526,2024-11-26,F2,NL01,NL01,10,00,Van der Berg Logistiek B.V.,Van der Berg Logistiek B.V.,Netherlands,Data Migration Services,23428.64,EUR,SO-1567276,2024/11,BATCHJOB,2024-11-26
1800000528,2024-12-23,F2,NL01,NL01,10,00,Rotterdam Haven Diensten B.V.,Rotterdam Haven Diensten B.V.,Netherlands,Conveyor Belt System CB-12,7000.0,EUR,SO-9689532,2024/12,M.DEVRIES,2024-12-23
1800000529,2025-02-07,F2,NL01,NL01,10,00,De Vries Energy Solutions B.V.,De Vries Energy Solutions B.V.,Netherlands,Support Retainer Services,15780.47,EUR,SO-4121349,2025/02,A.KOK,2025-02-07
1800000530,2024-09-13,F2,NL01,NL01,20,00,Hendriks Metaalbewerking B.V.,Hendriks Metaalbewerking B.V.,Netherlands,Cloud Hosting Subscription (Annual),3500.0,EUR,SO-5934502,2024/09,R.JANSSEN,2024-09-13
1800000532,2024-12-09,F2,NL01,NL01,10,00,Hendriks Metaalbewerking B.V.,Hendriks Metaalbewerking B.V.,Netherlands,PLC Programming Unit,31763.31,EUR,SO-9635794,2024/12,M.DEVRIES,2024-12-09
1800000534,2025-01-17,F2,NL01,NL01,10,00,Bos Facility Services B.V.,Bos Facility Services B.V.,Netherlands,Conveyor Belt System CB-12,19930.64,EUR,SO-4915955,2025/01,M.DEVRIES,2025-01-17
1800000535,2024-05-10,F2,NL01,NL01,20,00,Meijer Energie B.V.,Meijer Energie B.V.,Netherlands,Support Retainer Services,37921.46,EUR,SO-6001685,2024/05,BATCHJOB,2024-05-10
1800000536,2025-01-03,F2,NL01,NL01,20,00,Hendriks Metaalbewerking B.V.,Hendriks Metaalbewerking B.V.,Netherlands,Electric Motor EM-750,1860.3,EUR,SO-9642026,2025/01,BATCHJOB,2025-01-03
1800000538,2024-08-13,F2,NL01,NL01,10,00,De Boer Industrial N.V.,De Boer Industrial N.V.,Netherlands,Safety System Upgrade Kit,18882.58,EUR,SO-5521129,2024/08,BATCHJOB,2024-08-13
1800000539,2025-02-23,F2,NL01,NL01,20,00,Van der Linden Advies B.V.,Van der Linden Advies B.V.,Netherlands,Technical Training Package,9490.9,EUR,SO-4004471,2025/02,M.DEVRIES,2025-02-23
1800000541,2024-04-16,F2,NL01,NL01,10,00,Smit Engineering B.V.,Smit Engineering B.V.,Netherlands,Cloud Hosting Subscription (Annual),11954.09,EUR,SO-5000514,2024/04,M.DEVRIES,2024-04-16
1800000542,2025-01-24,F2,NL01,NL01,10,00,Van den Berg Retail Group B.V.,Van den Berg Retail Group B.V.,Netherlands,Implementation Consulting Services,22000.0,EUR,SO-5437881,2025/01,M.DEVRIES,2025-01-24
1800000544,2024-08-21,F2,NL01,NL01,10,00,Timmermans Bouw B.V.,Timmermans Bouw B.V.,Netherlands,ERP Connector License (Annual),5770.21,EUR,SO-8427101,2024/08,R.JANSSEN,2024-08-21
1800000546,2024-05-08,F2,NL01,NL01,10,00,Van Damme Trading NV,Van Damme Trading NV,Belgium,Automation Controller Pro,17743.63,EUR,SO-4799536,2024/05,M.DEVRIES,2024-05-08
1800000547,2024-07-16,F2,NL01,NL01,10,00,Visser Machinebouw B.V.,Visser Machinebouw B.V.,Netherlands,ERP Connector License (Annual),12820.67,EUR,SO-7245668,2024/07,M.DEVRIES,2024-07-16
1800000548,2024-11-04,F2,NL01,NL01,10,00,Van den Berg Retail Group B.V.,Van den Berg Retail Group B.V.,Netherlands,ERP Connector License (Annual),49256.96,EUR,SO-7476588,2024/11,M.DEVRIES,2024-11-04
1800000550,2025-03-02,F2,NL01,NL01,10,00,Brouwer Data Systems B.V.,Brouwer Data Systems B.V.,Netherlands,Cloud Hosting Subscription (Annual),5741.14,EUR,SO-9790078,2025/03,M.DEVRIES,2025-03-02
1800000551,2024-06-19,F2,NL01,NL01,20,00,Van den Berg Retail Group B.V.,Van den Berg Retail Group B.V.,Netherlands,ERP Connector License (Annual),10900.27,EUR,SO-5042919,2024/06,BATCHJOB,2024-06-19
1800000552,2024-10-02,F2,NL01,NL01,20,00,Van den Berg Retail Group B.V.,Van den Berg Retail Group B.V.,Netherlands,PLC Programming Unit,21917.23,EUR,SO-1834206,2024/10,M.DEVRIES,2024-10-02
1800000553,2025-01-03,F2,NL01,NL01,10,00,Hendriks Metaalbewerking B.V.,Hendriks Metaalbewerking B.V.,Netherlands,Standard Spare Parts Bundle,4620.19,EUR,SO-7203611,2025/01,R.JANSSEN,2025-01-03
1800000555,2024-12-04,F2,NL01,NL01,20,00,Groenendijk Handel B.V.,Groenendijk Handel B.V.,Netherlands,Analytics Suite License (Annual),3728.44,EUR,SO-8610449,2024/12,A.KOK,2024-12-04
1800000557,2024-12-09,F2,NL01,NL01,10,00,Van den Berg Retail Group B.V.,Van den Berg Retail Group B.V.,Netherlands,Warehouse Management Module,22532.96,EUR,SO-1530950,2024/12,M.DEVRIES,2024-12-09
1800000559,2024-11-28,F2,NL01,NL01,20,00,Hofman Electro B.V.,Hofman Electro B.V.,Netherlands,Analytics Suite License (Annual),13500.0,EUR,SO-9840629,2024/11,S.BAKKER,2024-11-28
1800000560,2024-11-04,F2,NL01,NL01,10,00,Rotterdam Haven Diensten B.V.,Rotterdam Haven Diensten B.V.,Netherlands,Technical Training Package,7834.99,EUR,SO-1283566,2024/11,BATCHJOB,2024-11-04
1800000561,2025-02-07,F2,NL01,NL01,10,00,Hendriks Metaalbewerking B.V.,Hendriks Metaalbewerking B.V.,Netherlands,Technical Training Package,6019.83,EUR,SO-5471458,2025/02,R.JANSSEN,2025-02-07
1800000563,2025-02-19,F2,NL01,NL01,10,00,De Boer Industrial N.V.,De Boer Industrial N.V.,Netherlands,Custom Integration Services,3106.83,EUR,SO-1573122,2025/02,R.JANSSEN,2025-02-19
1800000565,2025-03-20,F2,NL01,NL01,10,00,Peters Automatisering B.V.,Peters Automatisering B.V.,Netherlands,ERP Connector License (Annual),9475.18,EUR,SO-7190311,2025/03,R.JANSSEN,2025-03-20
1800000567,2025-02-18,F2,NL01,NL01,10,00,Muller Industrietechnik GmbH,Muller Industrietechnik GmbH,Germany,Safety System Upgrade Kit,10347.63,EUR,SO-8700774,2025/02,BATCHJOB,2025-02-18
1800000568,2024-12-19,F2,NL01,NL01,20,00,Schneider Maschinenbau GmbH,Schneider Maschinenbau GmbH,Germany,Implementation Consulting Services,7785.49,EUR,SO-9439538,2024/12,M.DEVRIES,2024-12-19
1800000570,2024-11-22,F2,NL01,NL01,20,00,Hofman Electro B.V.,Hofman Electro B.V.,Netherlands,Technical Training Package,9185.51,EUR,SO-7601825,2024/11,BATCHJOB,2024-11-22
1800000572,2024-05-15,F2,NL01,NL01,20,00,Brouwer Data Systems B.V.,Brouwer Data Systems B.V.,Netherlands,Custom Integration Services,18787.84,EUR,SO-2871224,2024/05,R.JANSSEN,2024-05-15
1800000574,2024-04-03,F2,NL01,NL01,10,00,Bos Facility Services B.V.,Bos Facility Services B.V.,Netherlands,ERP Connector License (Annual),9442.65,EUR,SO-6519395,2024/04,BATCHJOB,2024-04-03
1800000576,2024-08-27,F2,NL01,NL01,20,00,Vermeulen Logistics B.V.,Vermeulen Logistics B.V.,Netherlands,Electric Motor EM-750,5950.85,EUR,SO-6204802,2024/08,BATCHJOB,2024-08-27
1800000577,2025-01-17,F2,NL01,NL01,30,00,Hendriks Metaalbewerking B.V.,Hendriks Metaalbewerking B.V.,Netherlands,Standard Spare Parts Bundle,9728.16,EUR,SO-5945047,2025/01,S.BAKKER,2025-01-17
1800000578,2025-01-29,F2,NL01,NL01,10,00,Hendriks Metaalbewerking B.V.,Hendriks Metaalbewerking B.V.,Netherlands,Warehouse Management Module,6986.39,EUR,SO-4107864,2025/01,S.BAKKER,2025-01-29
1800000580,2025-03-08,F2,NL01,NL01,10,00,Kuipers Machinefabriek B.V.,Kuipers Machinefabriek B.V.,Netherlands,Electric Motor EM-750,3015.9,EUR,SO-4014667,2025/03,BATCHJOB,2025-03-08
1800000581,2025-02-24,F2,NL01,NL01,20,00,Schneider Maschinenbau GmbH,Schneider Maschinenbau GmbH,Germany,Automation Controller Pro,11963.44,EUR,SO-1334043,2025/02,R.JANSSEN,2025-02-24
1800000583,2025-03-20,F2,NL01,NL01,10,00,Kuipers Machinefabriek B.V.,Kuipers Machinefabriek B.V.,Netherlands,Safety System Upgrade Kit,4924.02,EUR,SO-9486899,2025/03,A.KOK,2025-03-20
1800000584,2024-06-18,F2,NL01,NL01,10,00,Hendriks Metaalbewerking B.V.,Hendriks Metaalbewerking B.V.,Netherlands,Electric Motor EM-750,8742.03,EUR,SO-6826926,2024/06,R.JANSSEN,2024-06-18
1800000586,2024-07-29,F2,NL01,NL01,10,00,Kok Software B.V.,Kok Software B.V.,Netherlands,Sensor Calibration Kit,6033.56,EUR,SO-9384017,2024/07,R.JANSSEN,2024-07-29
1800000587,2024-04-23,F2,NL01,NL01,20,00,Hendriks Metaalbewerking B.V.,Hendriks Metaalbewerking B.V.,Netherlands,Industrial Sensor Module X200,4946.51,EUR,SO-3134367,2024/04,M.DEVRIES,2024-04-23
1800000588,2025-02-13,F2,NL01,NL01,20,00,Peters Automatisering B.V.,Peters Automatisering B.V.,Netherlands,Analytics Suite License (Annual),10913.06,EUR,SO-5970594,2025/02,R.JANSSEN,2025-02-13
1800000590,2025-02-17,F2,NL01,NL01,10,00,Bakker Elektronica B.V.,Bakker Elektronica B.V.,Netherlands,Conveyor Belt System CB-12,6761.56,EUR,SO-9970453,2025/02,M.DEVRIES,2025-02-17
1800000592,2024-12-05,F2,NL01,NL01,10,00,Visser Machinebouw B.V.,Visser Machinebouw B.V.,Netherlands,Automation Controller Pro,24893.54,EUR,SO-9462493,2024/12,A.KOK,2024-12-05
1800000594,2024-12-11,F2,NL01,NL01,10,00,Timmermans Bouw B.V.,Timmermans Bouw B.V.,Netherlands,Conveyor Belt System CB-12,6446.78,EUR,SO-3632444,2024/12,BATCHJOB,2024-12-11
1800000595,2025-03-25,F2,NL01,NL01,20,00,Van der Heijden Supply Chain B.V.,Van der Heijden Supply Chain B.V.,Netherlands,Automation Controller Pro,2876.09,EUR,SO-8961505,2025/03,S.BAKKER,2025-03-25
1800000597,2024-05-17,F2,NL01,NL01,20,00,Hendriks Metaalbewerking B.V.,Hendriks Metaalbewerking B.V.,Netherlands,Safety System Upgrade Kit,19834.51,EUR,SO-3378471,2024/05,R.JANSSEN,2024-05-17
1800000598,2025-03-24,F2,NL01,NL01,20,00,Hendriks Metaalbewerking B.V.,Hendriks Metaalbewerking B.V.,Netherlands,Industrial Sensor Module X200,18602.17,EUR,SO-8160154,2025/03,BATCHJOB,2025-03-24
1800000600,2025-03-24,F2,NL01,NL01,20,00,De Boer Industrial N.V.,De Boer Industrial N.V.,Netherlands,Automation Controller Pro,9878.46,EUR,SO-5228556,2025/03,M.DEVRIES,2025-03-24
1800000601,2025-01-31,F2,NL01,NL01,10,00,Kuipers Machinefabriek B.V.,Kuipers Machinefabriek B.V.,Netherlands,Support Retainer Services,13542.35,EUR,SO-9128634,2025/01,A.KOK,2025-01-31
1800000602,2024-10-25,F2,NL01,NL01,30,00,Hendriks Metaalbewerking B.V.,Hendriks Metaalbewerking B.V.,Netherlands,Support Retainer Services,21074.18,EUR,SO-1959090,2024/10,S.BAKKER,2024-10-25
1800000604,2024-04-09,F2,NL01,NL01,10,00,Hendriks Metaalbewerking B.V.,Hendriks Metaalbewerking B.V.,Netherlands,Safety System Upgrade Kit,11000.0,EUR,SO-2253662,2024/04,R.JANSSEN,2024-04-09
1800000605,2024-11-19,F2,NL01,NL01,10,00,Hendriks Metaalbewerking B.V.,Hendriks Metaalbewerking B.V.,Netherlands,ERP Connector License (Annual),4318.95,EUR,SO-6185339,2024/11,M.DEVRIES,2024-11-19
1800000607,2024-11-25,F2,NL01,NL01,20,00,Kuipers Machinefabriek B.V.,Kuipers Machinefabriek B.V.,Netherlands,Implementation Consulting Services,4915.9,EUR,SO-9093402,2024/11,M.DEVRIES,2024-11-25
1800000608,2024-09-06,F2,NL01,NL01,10,00,Van der Berg Logistiek B.V.,Van der Berg Logistiek B.V.,Netherlands,Cloud Hosting Subscription (Annual),16580.24,EUR,SO-3720494,2024/09,R.JANSSEN,2024-09-06
1800000610,2024-09-02,F2,NL01,NL01,10,00,Hendriks Metaalbewerking B.V.,Hendriks Metaalbewerking B.V.,Netherlands,Technical Training Package,5970.58,EUR,SO-6324212,2024/09,R.JANSSEN,2024-09-02
1800000611,2024-12-24,F2,NL01,NL01,10,00,Dekker IT Solutions B.V.,Dekker IT Solutions B.V.,Netherlands,Safety System Upgrade Kit,4985.57,EUR,SO-6139717,2024/12,M.DEVRIES,2024-12-24
1800000613,2025-03-11,F2,NL01,NL01,10,00,De Groot Handelsonderneming B.V.,De Groot Handelsonderneming B.V.,Netherlands,Custom Integration Services,26853.33,EUR,SO-1895894,2025/03,A.KOK,2025-03-11
1800000614,2024-04-30,F2,NL01,NL01,20,00,Bos Facility Services B.V.,Bos Facility Services B.V.,Netherlands,PLC Programming Unit,7692.84,EUR,SO-8141625,2024/04,M.DEVRIES,2024-04-30
1800000615,2024-05-31,F2,NL01,NL01,10,00,Van Damme Trading NV,Van Damme Trading NV,Belgium,Sensor Calibration Kit,3422.91,EUR,SO-4536663,2024/05,BATCHJOB,2024-05-31
1800000616,2025-03-19,F2,NL01,NL01,10,00,De Wit Consultancy B.V.,De Wit Consultancy B.V.,Netherlands,Automation Controller Pro,16495.68,EUR,SO-8592584,2025/03,M.DEVRIES,2025-03-19
1800000618,2024-11-18,F2,NL01,NL01,10,00,Dekker IT Solutions B.V.,Dekker IT Solutions B.V.,Netherlands,Industrial Network Switch NS-24,4152.04,EUR,SO-9848387,2024/11,A.KOK,2024-11-18
1800000620,2024-08-09,F2,NL01,NL01,10,00,Van Damme Trading NV,Van Damme Trading NV,Belgium,Cloud Hosting Subscription (Annual),26452.34,EUR,SO-9991856,2024/08,R.JANSSEN,2024-08-09
1800000622,2025-03-27,F2,NL01,NL01,10,00,Schouten Productie B.V.,Schouten Productie B.V.,Netherlands,Cloud Hosting Subscription (Annual),41604.08,EUR,SO-6438591,2025/03,M.DEVRIES,2025-03-27
1800000623,2024-09-05,F2,NL01,NL01,10,00,Meijer Energie B.V.,Meijer Energie B.V.,Netherlands,Cloud Hosting Subscription (Annual),5482.79,EUR,SO-3227071,2024/09,M.DEVRIES,2024-09-05
1800000624,2024-09-28,F2,NL01,NL01,20,00,Hendriks Metaalbewerking B.V.,Hendriks Metaalbewerking B.V.,Netherlands,Warehouse Management Module,1323.71,EUR,SO-1126655,2024/09,S.BAKKER,2024-09-28
1800000625,2025-01-07,F2,NL01,NL01,10,00,Utrecht Systemen B.V.,Utrecht Systemen B.V.,Netherlands,Conveyor Belt System CB-12,5923.17,EUR,SO-7891052,2025/01,A.KOK,2025-01-07
1800000627,2025-02-13,F2,NL01,NL01,10,00,Martens Industrieel B.V.,Martens Industrieel B.V.,Netherlands,Automation Controller Pro,23640.76,EUR,SO-7851596,2025/02,BATCHJOB,2025-02-13
1800000629,2024-04-15,F2,NL01,NL01,20,00,Timmermans Bouw B.V.,Timmermans Bouw B.V.,Netherlands,Sensor Calibration Kit,12190.48,EUR,SO-3744533,2024/04,M.DEVRIES,2024-04-15
1800000631,2025-01-09,F2,NL01,NL01,10,00,Dekker IT Solutions B.V.,Dekker IT Solutions B.V.,Netherlands,Data Migration Services,17859.14,EUR,SO-8015410,2025/01,M.DEVRIES,2025-01-09
1800000633,2024-11-29,F2,NL01,NL01,30,00,Post Digitale Diensten B.V.,Post Digitale Diensten B.V.,Netherlands,Analytics Suite License (Annual),4451.74,EUR,SO-6126642,2024/11,S.BAKKER,2024-11-29
1800000634,2025-02-07,F2,NL01,NL01,10,00,Global Tech Solutions Inc,Global Tech Solutions Inc,United States,Data Migration Services,21442.9,EUR,SO-2208748,2025/02,S.BAKKER,2025-02-07
1800000636,2025-02-03,F2,NL01,NL01,10,00,Hofman Electro B.V.,Hofman Electro B.V.,Netherlands,Technical Training Package,26015.74,EUR,SO-6774648,2025/02,M.DEVRIES,2025-02-03
1800000637,2024-04-18,F2,NL01,NL01,10,00,Kuipers Machinefabriek B.V.,Kuipers Machinefabriek B.V.,Netherlands,Safety System Upgrade Kit,12545.68,EUR,SO-1622753,2024/04,A.KOK,2024-04-18
1800000639,2024-10-30,F2,NL01,NL01,20,00,Rotterdam Haven Diensten B.V.,Rotterdam Haven Diensten B.V.,Netherlands,Industrial Sensor Module X200,10312.59,EUR,SO-1622290,2024/10,M.DEVRIES,2024-10-30
1800000641,2025-02-07,F2,NL01,NL01,30,00,Hendriks Metaalbewerking B.V.,Hendriks Metaalbewerking B.V.,Netherlands,Annual Maintenance Contract,43347.42,EUR,SO-6498541,2025/02,R.JANSSEN,2025-02-07
1800000642,2024-12-25,F2,NL01,NL01,10,00,Kuipers Machinefabriek B.V.,Kuipers Machinefabriek B.V.,Netherlands,Standard Spare Parts Bundle,6485.0,EUR,SO-8910467,2024/12,S.BAKKER,2024-12-25
1800000643,2025-01-06,F2,NL01,NL01,10,00,Timmermans Bouw B.V.,Timmermans Bouw B.V.,Netherlands,Sensor Calibration Kit,5986.47,EUR,SO-5823979,2025/01,S.BAKKER,2025-01-06
1800000644,2024-06-03,F2,NL01,NL01,10,00,Kuipers Machinefabriek B.V.,Kuipers Machinefabriek B.V.,Netherlands,Analytics Suite License (Annual),7469.0,EUR,SO-6028511,2024/06,R.JANSSEN,2024-06-03
1800000646,2025-02-06,F2,NL01,NL01,10,00,Van den Berg Retail Group B.V.,Van den Berg Retail Group B.V.,Netherlands,Technical Training Package,15404.23,EUR,SO-6262131,2025/02,M.DEVRIES,2025-02-06
1800000648,2024-04-24,F2,NL01,NL01,20,00,Timmermans Bouw B.V.,Timmermans Bouw B.V.,Netherlands,Annual Maintenance Contract,55121.64,EUR,SO-7370195,2024/04,M.DEVRIES,2024-04-24
1800000650,2025-03-21,F2,NL01,NL01,10,00,Van Dijk Transport B.V.,Van Dijk Transport B.V.,Netherlands,Electric Motor EM-750,12592.8,EUR,SO-5795979,2025/03,A.KOK,2025-03-21
1800000651,2025-01-07,F2,NL01,NL01,10,00,Vermeulen Logistics B.V.,Vermeulen Logistics B.V.,Netherlands,Safety System Upgrade Kit,13928.33,EUR,SO-9820218,2025/01,R.JANSSEN,2025-01-07
1800000653,2024-06-27,F2,NL01,NL01,10,00,Kuipers Machinefabriek B.V.,Kuipers Machinefabriek B.V.,Netherlands,Support Retainer Services,15051.25,EUR,SO-7857037,2024/06,R.JANSSEN,2024-06-27
1800000654,2025-03-26,F2,NL01,NL01,10,00,Van der Berg Logistiek B.V.,Van der Berg Logistiek B.V.,Netherlands,Safety System Upgrade Kit,40201.14,EUR,SO-5838719,2025/03,A.KOK,2025-03-26
1800000655,2024-10-17,F2,NL01,NL01,20,00,Schouten Productie B.V.,Schouten Productie B.V.,Netherlands,Warehouse Management Module,21483.09,EUR,SO-8024724,2024/10,R.JANSSEN,2024-10-17
1800000657,2024-11-27,F2,NL01,NL01,20,00,Post Digitale Diensten B.V.,Post Digitale Diensten B.V.,Netherlands,Automation Controller Pro,8470.2,EUR,SO-4859355,2024/11,M.DEVRIES,2024-11-27
1800000658,2024-07-20,F2,NL01,NL01,10,00,De Boer Industrial N.V.,De Boer Industrial N.V.,Netherlands,Conveyor Belt System CB-12,2500.0,EUR,SO-2553114,2024/07,R.JANSSEN,2024-07-20
1800000660,2024-09-24,F2,NL01,NL01,20,00,De Boer Industrial N.V.,De Boer Industrial N.V.,Netherlands,Industrial Network Switch NS-24,16240.15,EUR,SO-5409711,2024/09,M.DEVRIES,2024-09-24
1800000661,2024-07-24,F2,NL01,NL01,30,00,Hofman Electro B.V.,Hofman Electro B.V.,Netherlands,ERP Connector License (Annual),3322.69,EUR,SO-5497669,2024/07,BATCHJOB,2024-07-24
1800000662,2024-04-10,F2,NL01,NL01,30,00,Meijer Energie B.V.,Meijer Energie B.V.,Netherlands,Analytics Suite License (Annual),7405.55,EUR,SO-7564915,2024/04,A.KOK,2024-04-10
1800000663,2025-02-06,F2,NL01,NL01,10,00,Hendriks Metaalbewerking B.V.,Hendriks Metaalbewerking B.V.,Netherlands,ERP Connector License (Annual),23046.18,EUR,SO-8138266,2025/02,BATCHJOB,2025-02-06
1800000665,2024-10-29,F2,NL01,NL01,10,00,De Wit Consultancy B.V.,De Wit Consultancy B.V.,Netherlands,Industrial Network Switch NS-24,9437.43,EUR,SO-6805798,2024/10,R.JANSSEN,2024-10-29
1800000666,2024-11-09,F2,NL01,NL01,20,00,Martens Industrieel B.V.,Martens Industrieel B.V.,Netherlands,Custom Integration Services,8148.22,EUR,SO-3511527,2024/11,BATCHJOB,2024-11-09
1800000667,2024-06-03,F2,NL01,NL01,30,00,De Boer Industrial N.V.,De Boer Industrial N.V.,Netherlands,ERP Connector License (Annual),11365.94,EUR,SO-2305460,2024/06,A.KOK,2024-06-03
1800000669,2024-10-08,F2,NL01,NL01,20,00,Van der Berg Logistiek B.V.,Van der Berg Logistiek B.V.,Netherlands,Hydraulic Pump Unit HP-450,14709.07,EUR,SO-6926356,2024/10,M.DEVRIES,2024-10-08
1800000671,2024-05-16,G2,NL01,NL01,20,00,Hendriks Metaalbewerking B.V.,Hendriks Metaalbewerking B.V.,Netherlands,Standard Spare Parts Bundle,-2850.0,EUR,SO-4554350,2024/05,BATCHJOB,2024-05-16
1800000672,2024-04-26,F2,NL01,NL01,10,00,Vermeulen Logistics B.V.,Vermeulen Logistics B.V.,Netherlands,Industrial Sensor Module X200,9000.0,EUR,SO-2184810,2024/04,R.JANSSEN,2024-04-26
1800000673,2024-04-30,F2,NL01,NL01,10,00,Van den Berg Retail Group B.V.,Van den Berg Retail Group B.V.,Netherlands,Technical Training Package,25687.32,EUR,SO-4974336,2024/04,A.KOK,2024-04-30
1800000674,2024-10-18,F2,NL01,NL01,30,00,Hendriks Metaalbewerking B.V.,Hendriks Metaalbewerking B.V.,Netherlands,Industrial Network Switch NS-24,2823.87,EUR,SO-6974693,2024/10,R.JANSSEN,2024-10-18
1800000676,2024-08-08,F2,NL01,NL01,20,00,Timmermans Bouw B.V.,Timmermans Bouw B.V.,Netherlands,Safety System Upgrade Kit,2461.49,EUR,SO-6581860,2024/08,A.KOK,2024-08-08
1800000677,2024-04-04,F2,NL01,NL01,10,00,Hendriks Metaalbewerking B.V.,Hendriks Metaalbewerking B.V.,Netherlands,Industrial Network Switch NS-24,9402.7,EUR,SO-5496683,2024/04,S.BAKKER,2024-04-04
1800000679,2024-12-30,F2,NL01,NL01,20,00,Van der Heijden Supply Chain B.V.,Van der Heijden Supply Chain B.V.,Netherlands,Safety System Upgrade Kit,16092.89,EUR,SO-9215104,2024/12,S.BAKKER,2024-12-30
1800000680,2024-10-16,F2,NL01,NL01,20,00,Amsterdam Tech Solutions B.V.,Amsterdam Tech Solutions B.V.,Netherlands,Annual Maintenance Contract,18090.67,EUR,SO-7914840,2024/10,S.BAKKER,2024-10-16
1800000681,2024-12-26,F2,NL01,NL01,10,00,Van der Heijden Supply Chain B.V.,Van der Heijden Supply Chain B.V.,Netherlands,Data Migration Services,8885.81,EUR,SO-2793690,2024/12,BATCHJOB,2024-12-26
1800000683,2024-10-31,F2,NL01,NL01,20,00,Utrecht Systemen B.V.,Utrecht Systemen B.V.,Netherlands,Support Retainer Services,26949.6,EUR,SO-5146288,2024/10,A.KOK,2024-10-31
1800000685,2024-12-31,F2,NL01,NL01,10,00,Timmermans Bouw B.V.,Timmermans Bouw B.V.,Netherlands,Conveyor Belt System CB-12,14145.4,EUR,SO-1495758,2024/12,S.BAKKER,2024-12-31
1800000686,2024-11-08,F2,NL01,NL01,20,00,Timmermans Bouw B.V.,Timmermans Bouw B.V.,Netherlands,Standard Spare Parts Bundle,14375.07,EUR,SO-1244140,2024/11,R.JANSSEN,2024-11-08
1800000688,2025-02-14,F2,NL01,NL01,10,00,De Groot Handelsonderneming B.V.,De Groot Handelsonderneming B.V.,Netherlands,Standard Spare Parts Bundle,21268.76,EUR,SO-1589352,2025/02,BATCHJOB,2025-02-14
1800000689,2025-03-25,F2,NL01,NL01,20,00,Timmermans Bouw B.V.,Timmermans Bouw B.V.,Netherlands,Industrial Sensor Module X200,21661.14,EUR,SO-6142584,2025/03,BATCHJOB,2025-03-25
1800000690,2025-02-17,F2,NL01,NL01,10,00,Smith and Co Industrial Ltd,Smith and Co Industrial Ltd,United Kingdom,Cloud Hosting Subscription (Annual),11509.22,EUR,SO-3554960,2025/02,A.KOK,2025-02-17
1800000692,2025-03-05,F2,NL01,NL01,10,00,Kuipers Machinefabriek B.V.,Kuipers Machinefabriek B.V.,Netherlands,Electric Motor EM-750,3235.74,EUR,SO-6449803,2025/03,A.KOK,2025-03-05
1800000693,2024-12-04,F2,NL01,NL01,30,00,Hendriks Metaalbewerking B.V.,Hendriks Metaalbewerking B.V.,Netherlands,ERP Connector License (Annual),8122.48,EUR,SO-6084088,2024/12,BATCHJOB,2024-12-04
1800000694,2024-04-08,F2,NL01,NL01,20,00,Van der Berg Logistiek B.V.,Van der Berg Logistiek B.V.,Netherlands,Warehouse Management Module,11500.0,EUR,SO-4827622,2024/04,A.KOK,2024-04-08
1800000696,2025-01-20,F2,NL01,NL01,10,00,Van der Linden Advies B.V.,Van der Linden Advies B.V.,Netherlands,Sensor Calibration Kit,10541.13,EUR,SO-4274598,2025/01,M.DEVRIES,2025-01-20
1800000697,2024-08-30,F2,NL01,NL01,10,00,Hendriks Metaalbewerking B.V.,Hendriks Metaalbewerking B.V.,Netherlands,Industrial Network Switch NS-24,5929.71,EUR,SO-3253828,2024/08,M.DEVRIES,2024-08-30
1800000698,2025-01-15,F2,NL01,NL01,30,00,Timmermans Bouw B.V.,Timmermans Bouw B.V.,Netherlands,Custom Integration Services,9559.23,EUR,SO-6941376,2025/01,M.DEVRIES,2025-01-15
1800000699,2024-12-06,F2,NL01,NL01,10,00,Amsterdam Tech Solutions B.V.,Amsterdam Tech Solutions B.V.,Netherlands,Implementation Consulting Services,8008.9,EUR,SO-6556749,2024/12,R.JANSSEN,2024-12-06
1800000701,2024-11-05,F2,NL01,NL01,10,00,Hendriks Metaalbewerking B.V.,Hendriks Metaalbewerking B.V.,Netherlands,Implementation Consulting Services,17836.25,EUR,SO-7918288,2024/11,BATCHJOB,2024-11-05
1800000703,2025-03-11,F2,NL01,NL01,20,00,Smit Engineering B.V.,Smit Engineering B.V.,Netherlands,Cloud Hosting Subscription (Annual),7143.25,EUR,SO-4760794,2025/03,S.BAKKER,2025-03-11
1800000705,2024-11-15,F2,NL01,NL01,10,00,Timmermans Bouw B.V.,Timmermans Bouw B.V.,Netherlands,Custom Integration Services,15616.09,EUR,SO-5737630,2024/11,S.BAKKER,2024-11-15
1800000707,2024-05-02,F2,NL01,NL01,10,00,Hendriks Metaalbewerking B.V.,Hendriks Metaalbewerking B.V.,Netherlands,PLC Programming Unit,3267.09,EUR,SO-7493528,2024/05,M.DEVRIES,2024-05-02
1800000709,2024-04-05,F2,NL01,NL01,10,00,Dekker IT Solutions B.V.,Dekker IT Solutions B.V.,Netherlands,PLC Programming Unit,5071.37,EUR,SO-8595433,2024/04,R.JANSSEN,2024-04-05
1800000710,2024-06-24,F2,NL01,NL01,20,00,Hendriks Metaalbewerking B.V.,Hendriks Metaalbewerking B.V.,Netherlands,Data Migration Services,12751.89,EUR,SO-6033706,2024/06,R.JANSSEN,2024-06-24
1800000712,2025-03-24,F2,NL01,NL01,20,00,Peters Automatisering B.V.,Peters Automatisering B.V.,Netherlands,Annual Maintenance Contract,4761.74,EUR,SO-2315262,2025/03,M.DEVRIES,2025-03-24
1800000713,2024-05-24,F2,NL01,NL01,10,00,Timmermans Bouw B.V.,Timmermans Bouw B.V.,Netherlands,Automation Controller Pro,14608.77,EUR,SO-6255041,2024/05,S.BAKKER,2024-05-24
1800000715,2024-07-23,F2,NL01,NL01,10,00,De Boer Industrial N.V.,De Boer Industrial N.V.,Netherlands,Data Migration Services,18442.68,EUR,SO-3301192,2024/07,M.DEVRIES,2024-07-23
1800000716,2024-12-20,F2,NL01,NL01,10,00,Hendriks Metaalbewerking B.V.,Hendriks Metaalbewerking B.V.,Netherlands,Custom Integration Services,31000.0,EUR,SO-5658757,2024/12,BATCHJOB,2024-12-20
1800000717,2024-11-21,F2,NL01,NL01,10,00,Dekker IT Solutions B.V.,Dekker IT Solutions B.V.,Netherlands,Industrial Network Switch NS-24,29534.2,EUR,SO-4575931,2024/11,BATCHJOB,2024-11-21
1800000718,2025-03-07,F2,NL01,NL01,30,00,Hendriks Metaalbewerking B.V.,Hendriks Metaalbewerking B.V.,Netherlands,Hydraulic Pump Unit HP-450,7285.65,EUR,SO-7419892,2025/03,BATCHJOB,2025-03-07
1800000720,2025-03-20,F2,NL01,NL01,10,00,Schneider Maschinenbau GmbH,Schneider Maschinenbau GmbH,Germany,Industrial Sensor Module X200,19756.17,EUR,SO-2045591,2025/03,M.DEVRIES,2025-03-20
1800000721,2024-10-31,F2,NL01,NL01,20,00,Visser Machinebouw B.V.,Visser Machinebouw B.V.,Netherlands,Support Retainer Services,8075.64,EUR,SO-3145705,2024/10,BATCHJOB,2024-10-31
1800000722,2025-02-05,F2,NL01,NL01,20,00,Schneider Maschinenbau GmbH,Schneider Maschinenbau GmbH,Germany,Automation Controller Pro,22788.1,EUR,SO-9111639,2025/02,BATCHJOB,2025-02-05
1800000724,2025-03-15,F2,NL01,NL01,20,00,Schouten Productie B.V.,Schouten Productie B.V.,Netherlands,PLC Programming Unit,15149.32,EUR,SO-2135120,2025/03,A.KOK,2025-03-15
1800000725,2024-05-30,F2,NL01,NL01,10,00,Timmermans Bouw B.V.,Timmermans Bouw B.V.,Netherlands,Automation Controller Pro,13017.82,EUR,SO-7836281,2024/05,A.KOK,2024-05-30
1800000726,2025-03-06,G2,NL01,NL01,10,00,Hendriks Metaalbewerking B.V.,Hendriks Metaalbewerking B.V.,Netherlands,Electric Motor EM-750,-1998.07,EUR,SO-6098759,2025/03,S.BAKKER,2025-03-06
1800000728,2024-12-25,F2,NL01,NL01,30,00,Van der Heijden Supply Chain B.V.,Van der Heijden Supply Chain B.V.,Netherlands,Conveyor Belt System CB-12,3037.93,EUR,SO-6072528,2024/12,R.JANSSEN,2024-12-25
1800000729,2025-03-26,F2,NL01,NL01,30,00,Timmermans Bouw B.V.,Timmermans Bouw B.V.,Netherlands,Hydraulic Pump Unit HP-450,7676.78,EUR,SO-2531804,2025/03,BATCHJOB,2025-03-26
1800000730,2024-09-25,G2,NL01,NL01,10,00,Bos Facility Services B.V.,Bos Facility Services B.V.,Netherlands,Sensor Calibration Kit,-3162.06,EUR,SO-7235554,2024/09,A.KOK,2024-09-25
1800000732,2024-04-22,F2,NL01,NL01,30,00,Dekker IT Solutions B.V.,Dekker IT Solutions B.V.,Netherlands,Implementation Consulting Services,9500.0,EUR,SO-1396713,2024/04,M.DEVRIES,2024-04-22
1800000733,2025-02-17,F2,NL01,NL01,20,00,Martens Industrieel B.V.,Martens Industrieel B.V.,Netherlands,Implementation Consulting Services,28872.47,EUR,SO-5235373,2025/02,R.JANSSEN,2025-02-17
1800000735,2024-11-14,F2,NL01,NL01,20,00,Schneider Maschinenbau GmbH,Schneider Maschinenbau GmbH,Germany,Industrial Network Switch NS-24,4360.95,EUR,SO-3260753,2024/11,M.DEVRIES,2024-11-14
1800000737,2024-09-23,F2,NL01,NL01,20,00,Timmermans Bouw B.V.,Timmermans Bouw B.V.,Netherlands,Safety System Upgrade Kit,2496.41,EUR,SO-5043648,2024/09,A.KOK,2024-09-23
1800000739,2024-06-19,F2,NL01,NL01,10,00,Verhoeven Technische Handel B.V.,Verhoeven Technische Handel B.V.,Netherlands,Analytics Suite License (Annual),15339.75,EUR,SO-9672283,2024/06,BATCHJOB,2024-06-19
1800000741,2024-05-28,F2,NL01,NL01,10,00,De Wit Consultancy B.V.,De Wit Consultancy B.V.,Netherlands,Annual Maintenance Contract,24963.77,EUR,SO-9239950,2024/05,BATCHJOB,2024-05-28
1800000742,2024-07-30,F2,NL01,NL01,10,00,Meijer Energie B.V.,Meijer Energie B.V.,Netherlands,Industrial Network Switch NS-24,11345.78,EUR,SO-7579056,2024/07,M.DEVRIES,2024-07-30
1800000744,2025-03-24,F2,NL01,NL01,10,00,Muller Industrietechnik GmbH,Muller Industrietechnik GmbH,Germany,Standard Spare Parts Bundle,1123.91,EUR,SO-9141006,2025/03,BATCHJOB,2025-03-24
1800000746,2025-03-25,F2,NL01,NL01,10,00,Vermeulen Logistics B.V.,Vermeulen Logistics B.V.,Netherlands,Sensor Calibration Kit,3306.66,EUR,SO-9305869,2025/03,BATCHJOB,2025-03-25
1800000747,2024-09-18,F2,NL01,NL01,10,00,Kok Software B.V.,Kok Software B.V.,Netherlands,Standard Spare Parts Bundle,8809.29,EUR,SO-9191958,2024/09,BATCHJOB,2024-09-18
1800000749,2025-02-26,F2,NL01,NL01,20,00,De Wit Consultancy B.V.,De Wit Consultancy B.V.,Netherlands,Custom Integration Services,11506.08,EUR,SO-8552159,2025/02,M.DEVRIES,2025-02-26
1800000750,2024-05-17,F2,NL01,NL01,10,00,Timmermans Bouw B.V.,Timmermans Bouw B.V.,Netherlands,Cloud Hosting Subscription (Annual),10369.39,EUR,SO-1972129,2024/05,A.KOK,2024-05-17
1800000751,2024-04-24,F2,NL01,NL01,10,00,Hendriks Metaalbewerking B.V.,Hendriks Metaalbewerking B.V.,Netherlands,Analytics Suite License (Annual),38922.56,EUR,SO-2755683,2024/04,M.DEVRIES,2024-04-24
1800000753,2024-07-17,F2,NL01,NL01,10,00,Hendriks Metaalbewerking B.V.,Hendriks Metaalbewerking B.V.,Netherlands,PLC Programming Unit,6748.06,EUR,SO-5490820,2024/07,M.DEVRIES,2024-07-17
1800000754,2025-03-10,F2,NL01,NL01,10,00,Hendriks Metaalbewerking B.V.,Hendriks Metaalbewerking B.V.,Netherlands,Technical Training Package,5865.98,EUR,SO-3412318,2025/03,A.KOK,2025-03-10
1800000755,2024-05-06,F2,NL01,NL01,10,00,De Boer Industrial N.V.,De Boer Industrial N.V.,Netherlands,Support Retainer Services,14801.21,EUR,SO-1656523,2024/05,BATCHJOB,2024-05-06
1800000757,2025-02-07,F2,NL01,NL01,10,00,Schneider Maschinenbau GmbH,Schneider Maschinenbau GmbH,Germany,Custom Integration Services,6589.11,EUR,SO-2697611,2025/02,M.DEVRIES,2025-02-07
1800000759,2024-06-11,F2,NL01,NL01,10,00,Martens Industrieel B.V.,Martens Industrieel B.V.,Netherlands,Implementation Consulting Services,16500.0,EUR,SO-4033116,2024/06,A.KOK,2024-06-11
1800000761,2025-01-26,F2,NL01,NL01,10,00,Hendriks Metaalbewerking B.V.,Hendriks Metaalbewerking B.V.,Netherlands,ERP Connector License (Annual),7453.81,EUR,SO-6339663,2025/01,S.BAKKER,2025-01-26
1800000762,2025-01-30,F2,NL01,NL01,20,00,Duval Distribution SARL,Duval Distribution SARL,France,Electric Motor EM-750,13093.2,EUR,SO-8960677,2025/01,A.KOK,2025-01-30
1800000764,2024-09-13,F2,NL01,NL01,20,00,Van der Berg Logistiek B.V.,Van der Berg Logistiek B.V.,Netherlands,PLC Programming Unit,33498.01,EUR,SO-6011875,2024/09,R.JANSSEN,2024-09-13
1800000766,2024-12-30,F2,NL01,NL01,20,00,Duval Distribution SARL,Duval Distribution SARL,France,Safety System Upgrade Kit,20981.44,EUR,SO-3334588,2024/12,R.JANSSEN,2024-12-30
1800000768,2024-10-21,F2,NL01,NL01,10,00,Schouten Productie B.V.,Schouten Productie B.V.,Netherlands,Cloud Hosting Subscription (Annual),19510.45,EUR,SO-8661241,2024/10,BATCHJOB,2024-10-21
1800000770,2025-01-19,F2,NL01,NL01,10,00,De Groot Handelsonderneming B.V.,De Groot Handelsonderneming B.V.,Netherlands,Conveyor Belt System CB-12,7114.52,EUR,SO-2661764,2025/01,R.JANSSEN,2025-01-19
1800000771,2025-01-13,F2,NL01,NL01,10,00,Hendriks Metaalbewerking B.V.,Hendriks Metaalbewerking B.V.,Netherlands,ERP Connector License (Annual),12841.12,EUR,SO-7694416,2025/01,S.BAKKER,2025-01-13
1800000772,2024-04-04,F2,NL01,NL01,20,00,De Groot Handelsonderneming B.V.,De Groot Handelsonderneming B.V.,Netherlands,Industrial Network Switch NS-24,12819.5,EUR,SO-9426087,2024/04,BATCHJOB,2024-04-04
1800000774,2024-09-02,F2,NL01,NL01,20,00,Van der Linden Advies B.V.,Van der Linden Advies B.V.,Netherlands,Warehouse Management Module,8012.16,EUR,SO-9152866,2024/09,A.KOK,2024-09-02
1800000775,2024-12-27,F2,NL01,NL01,10,00,Van der Berg Logistiek B.V.,Van der Berg Logistiek B.V.,Netherlands,Annual Maintenance Contract,4788.67,EUR,SO-9584816,2024/12,M.DEVRIES,2024-12-27
1800000776,2024-05-24,F2,NL01,NL01,20,00,Amsterdam Tech Solutions B.V.,Amsterdam Tech Solutions B.V.,Netherlands,Safety System Upgrade Kit,2000.0,EUR,SO-7524052,2024/05,BATCHJOB,2024-05-24
1800000778,2024-04-25,F2,NL01,NL01,10,00,Van den Berg Retail Group B.V.,Van den Berg Retail Group B.V.,Netherlands,Cloud Hosting Subscription (Annual),46632.22,EUR,SO-6607637,2024/04,A.KOK,2024-04-25
1800000779,2025-02-03,F2,NL01,NL01,10,00,Verhoeven Technische Handel B.V.,Verhoeven Technische Handel B.V.,Netherlands,Data Migration Services,5490.12,EUR,SO-1036367,2025/02,S.BAKKER,2025-02-03
1800000780,2025-01-20,F2,NL01,NL01,10,00,Smit Engineering B.V.,Smit Engineering B.V.,Netherlands,Technical Training Package,23439.81,EUR,SO-5309205,2025/01,S.BAKKER,2025-01-20
1800000781,2024-07-23,F2,NL01,NL01,10,00,De Boer Industrial N.V.,De Boer Industrial N.V.,Netherlands,Implementation Consulting Services,22500.0,EUR,SO-3939785,2024/07,M.DEVRIES,2024-07-23
1800000782,2024-05-08,G2,NL01,NL01,10,00,De Boer Industrial N.V.,De Boer Industrial N.V.,Netherlands,Data Migration Services,-9637.72,EUR,SO-3772278,2024/05,S.BAKKER,2024-05-08
1800000783,2025-02-20,F2,NL01,NL01,10,00,Hendriks Metaalbewerking B.V.,Hendriks Metaalbewerking B.V.,Netherlands,Annual Maintenance Contract,24745.38,EUR,SO-1324078,2025/02,BATCHJOB,2025-02-20
1800000784,2024-08-08,F2,NL01,NL01,20,00,Bakker Elektronica B.V.,Bakker Elektronica B.V.,Netherlands,Conveyor Belt System CB-12,21064.29,EUR,SO-8159771,2024/08,R.JANSSEN,2024-08-08
1800000785,2025-01-07,F2,NL01,NL01,10,00,Vermeulen Logistics B.V.,Vermeulen Logistics B.V.,Netherlands,Safety System Upgrade Kit,27866.1,EUR,SO-7315625,2025/01,BATCHJOB,2025-01-07
1800000786,2025-02-20,F2,NL01,NL01,10,00,Hendriks Metaalbewerking B.V.,Hendriks Metaalbewerking B.V.,Netherlands,Safety System Upgrade Kit,19047.33,EUR,SO-6367744,2025/02,S.BAKKER,2025-02-20
1800000787,2024-09-23,F2,NL01,NL01,10,00,Meijer Energie B.V.,Meijer Energie B.V.,Netherlands,Safety System Upgrade Kit,6867.41,EUR,SO-2579984,2024/09,BATCHJOB,2024-09-23
1800000789,2024-07-17,F2,NL01,NL01,10,00,Timmermans Bouw B.V.,Timmermans Bouw B.V.,Netherlands,Technical Training Package,17346.48,EUR,SO-1365422,2024/07,R.JANSSEN,2024-07-17
1800000790,2024-09-05,F2,NL01,NL01,10,00,Hendriks Metaalbewerking B.V.,Hendriks Metaalbewerking B.V.,Netherlands,Electric Motor EM-750,3574.66,EUR,SO-2979981,2024/09,A.KOK,2024-09-05
1800000792,2024-05-24,F2,NL01,NL01,10,00,Rotterdam Haven Diensten B.V.,Rotterdam Haven Diensten B.V.,Netherlands,Warehouse Management Module,17443.82,EUR,SO-2520085,2024/05,BATCHJOB,2024-05-24
1800000793,2025-03-13,F2,NL01,NL01,10,00,Timmermans Bouw B.V.,Timmermans Bouw B.V.,Netherlands,Hydraulic Pump Unit HP-450,10948.3,EUR,SO-4398131,2025/03,S.BAKKER,2025-03-13
1800000795,2025-01-09,F2,NL01,NL01,10,00,Van der Berg Logistiek B.V.,Van der Berg Logistiek B.V.,Netherlands,Custom Integration Services,15427.91,EUR,SO-9164938,2025/01,S.BAKKER,2025-01-09
1800000797,2024-12-31,F2,NL01,NL01,10,00,Hendriks Metaalbewerking B.V.,Hendriks Metaalbewerking B.V.,Netherlands,Data Migration Services,3457.23,EUR,SO-5505648,2024/12,R.JANSSEN,2024-12-31
1800000798,2025-03-06,F2,NL01,NL01,10,00,Van der Heijden Supply Chain B.V.,Van der Heijden Supply Chain B.V.,Netherlands,ERP Connector License (Annual),15991.21,EUR,SO-6621340,2025/03,BATCHJOB,2025-03-06
1800000800,2024-09-27,F2,NL01,NL01,10,00,Kuipers Machinefabriek B.V.,Kuipers Machinefabriek B.V.,Netherlands,Sensor Calibration Kit,4424.44,EUR,SO-5476464,2024/09,S.BAKKER,2024-09-27
1800000802,2025-03-19,F2,NL01,NL01,10,00,Van Dijk Transport B.V.,Van Dijk Transport B.V.,Netherlands,Sensor Calibration Kit,7491.16,EUR,SO-6181779,2025/03,A.KOK,2025-03-19
1800000804,2024-07-05,F2,NL01,NL01,20,00,Amsterdam Tech Solutions B.V.,Amsterdam Tech Solutions B.V.,Netherlands,PLC Programming Unit,11301.05,EUR,SO-3704907,2024/07,S.BAKKER,2024-07-05
1800000805,2024-05-13,G2,NL01,NL01,10,00,Timmermans Bouw B.V.,Timmermans Bouw B.V.,Netherlands,ERP Connector License (Annual),-3992.95,EUR,SO-1419727,2024/05,A.KOK,2024-05-13
1800000806,2025-01-22,F2,NL01,NL01,10,00,Timmermans Bouw B.V.,Timmermans Bouw B.V.,Netherlands,Support Retainer Services,29229.81,EUR,SO-6588035,2025/01,R.JANSSEN,2025-01-22
1800000808,2024-11-18,F2,NL01,NL01,10,00,Van der Berg Logistiek B.V.,Van der Berg Logistiek B.V.,Netherlands,Annual Maintenance Contract,14362.24,EUR,SO-8463525,2024/11,BATCHJOB,2024-11-18
1800000810,2025-02-20,F2,NL01,NL01,30,00,Hendriks Metaalbewerking B.V.,Hendriks Metaalbewerking B.V.,Netherlands,Sensor Calibration Kit,7120.09,EUR,SO-4911188,2025/02,M.DEVRIES,2025-02-20
1800000812,2025-03-25,F2,NL01,NL01,10,00,Schneider Maschinenbau GmbH,Schneider Maschinenbau GmbH,Germany,Electric Motor EM-750,19702.77,EUR,SO-5097075,2025/03,A.KOK,2025-03-25
1800000814,2025-03-14,F2,NL01,NL01,20,00,Global Tech Solutions Inc,Global Tech Solutions Inc,United States,Automation Controller Pro,6978.85,EUR,SO-5131948,2025/03,R.JANSSEN,2025-03-14
1800000816,2025-01-30,F2,NL01,NL01,10,00,Hendriks Metaalbewerking B.V.,Hendriks Metaalbewerking B.V.,Netherlands,Warehouse Management Module,11000.0,EUR,SO-6247582,2025/01,A.KOK,2025-01-30
1800000818,2024-10-12,F2,NL01,NL01,10,00,Van Damme Trading NV,Van Damme Trading NV,Belgium,Custom Integration Services,16736.57,EUR,SO-2018514,2024/10,S.BAKKER,2024-10-12
1800000819,2024-07-13,F2,NL01,NL01,10,00,Timmermans Bouw B.V.,Timmermans Bouw B.V.,Netherlands,Standard Spare Parts Bundle,5581.49,EUR,SO-8806889,2024/07,R.JANSSEN,2024-07-13
1800000821,2024-04-19,F2,NL01,NL01,20,00,Rotterdam Haven Diensten B.V.,Rotterdam Haven Diensten B.V.,Netherlands,Automation Controller Pro,11620.14,EUR,SO-1259762,2024/04,S.BAKKER,2024-04-19
1800000823,2024-05-15,F2,NL01,NL01,10,00,Muller Industrietechnik GmbH,Muller Industrietechnik GmbH,Germany,Industrial Network Switch NS-24,13500.0,EUR,SO-3498051,2024/05,R.JANSSEN,2024-05-15
1800000825,2025-01-29,F2,NL01,NL01,30,00,Van der Heijden Supply Chain B.V.,Van der Heijden Supply Chain B.V.,Netherlands,ERP Connector License (Annual),1304.11,EUR,SO-5843080,2025/01,S.BAKKER,2025-01-29
1800000826,2024-11-04,F2,NL01,NL01,10,00,Verhoeven Technische Handel B.V.,Verhoeven Technische Handel B.V.,Netherlands,Data Migration Services,23235.96,EUR,SO-7330735,2024/11,BATCHJOB,2024-11-04
1800000827,2024-04-17,F2,NL01,NL01,20,00,Van den Berg Retail Group B.V.,Van den Berg Retail Group B.V.,Netherlands,Industrial Sensor Module X200,6693.96,EUR,SO-2707922,2024/04,M.DEVRIES,2024-04-17
1800000828,2024-04-19,F2,NL01,NL01,10,00,Rotterdam Haven Diensten B.V.,Rotterdam Haven Diensten B.V.,Netherlands,ERP Connector License (Annual),4066.5,EUR,SO-5818913,2024/04,R.JANSSEN,2024-04-19
1800000829,2024-10-02,F2,NL01,NL01,30,00,Hendriks Metaalbewerking B.V.,Hendriks Metaalbewerking B.V.,Netherlands,Technical Training Package,32786.66,EUR,SO-2975564,2024/10,S.BAKKER,2024-10-02
1800000831,2025-02-18,F2,NL01,NL01,10,00,Schneider Maschinenbau GmbH,Schneider Maschinenbau GmbH,Germany,Annual Maintenance Contract,3431.26,EUR,SO-4689362,2025/02,A.KOK,2025-02-18
1800000832,2025-02-12,F2,NL01,NL01,10,00,Hendriks Metaalbewerking B.V.,Hendriks Metaalbewerking B.V.,Netherlands,Industrial Sensor Module X200,33164.15,EUR,SO-7248701,2025/02,M.DEVRIES,2025-02-12
1800000834,2024-12-10,F2,NL01,NL01,10,00,Duval Distribution SARL,Duval Distribution SARL,France,Cloud Hosting Subscription (Annual),25376.43,EUR,SO-7221447,2024/12,M.DEVRIES,2024-12-10
1800000836,2025-02-05,F2,NL01,NL01,10,00,Van den Berg Retail Group B.V.,Van den Berg Retail Group B.V.,Netherlands,Warehouse Management Module,15400.61,EUR,SO-2635254,2025/02,R.JANSSEN,2025-02-05
1800000838,2025-03-05,G2,NL01,NL01,10,00,Dekker IT Solutions B.V.,Dekker IT Solutions B.V.,Netherlands,Custom Integration Services,-4086.43,EUR,SO-3741864,2025/03,S.BAKKER,2025-03-05
1800000840,2024-10-08,F2,NL01,NL01,10,00,Kok Software B.V.,Kok Software B.V.,Netherlands,Analytics Suite License (Annual),3466.28,EUR,SO-2986641,2024/10,BATCHJOB,2024-10-08
1800000842,2025-02-14,F2,NL01,NL01,20,00,Timmermans Bouw B.V.,Timmermans Bouw B.V.,Netherlands,Cloud Hosting Subscription (Annual),16090.88,EUR,SO-4100724,2025/02,BATCHJOB,2025-02-14
1800000843,2024-11-26,F2,NL01,NL01,20,00,Van Dijk Transport B.V.,Van Dijk Transport B.V.,Netherlands,Electric Motor EM-750,57866.04,EUR,SO-6698475,2024/11,A.KOK,2024-11-26
1800000845,2024-12-31,F2,NL01,NL01,10,00,Rotterdam Haven Diensten B.V.,Rotterdam Haven Diensten B.V.,Netherlands,Hydraulic Pump Unit HP-450,9500.0,EUR,SO-4411019,2024/12,BATCHJOB,2024-12-31
1800000847,2024-04-18,F2,NL01,NL01,10,00,Amsterdam Tech Solutions B.V.,Amsterdam Tech Solutions B.V.,Netherlands,Technical Training Package,3631.18,EUR,SO-3630515,2024/04,BATCHJOB,2024-04-18
1800000848,2024-07-02,F2,NL01,NL01,10,00,Duval Distribution SARL,Duval Distribution SARL,France,Electric Motor EM-750,5347.22,EUR,SO-7598169,2024/07,BATCHJOB,2024-07-02
1800000849,2024-12-14,F2,NL01,NL01,30,00,Mulder Groothandel B.V.,Mulder Groothandel B.V.,Netherlands,Industrial Network Switch NS-24,13930.84,EUR,SO-5367978,2024/12,S.BAKKER,2024-12-14
1800000851,2024-04-12,F2,NL01,NL01,20,00,Amsterdam Tech Solutions B.V.,Amsterdam Tech Solutions B.V.,Netherlands,Industrial Network Switch NS-24,6500.0,EUR,SO-6485220,2024/04,BATCHJOB,2024-04-12
1800000853,2025-01-15,F2,NL01,NL01,10,00,Van der Linden Advies B.V.,Van der Linden Advies B.V.,Netherlands,Standard Spare Parts Bundle,19452.33,EUR,SO-3424655,2025/01,M.DEVRIES,2025-01-15
1800000855,2025-01-10,F2,NL01,NL01,20,00,Meijer Energie B.V.,Meijer Energie B.V.,Netherlands,Analytics Suite License (Annual),23470.88,EUR,SO-6939811,2025/01,S.BAKKER,2025-01-10
1800000857,2024-12-24,F2,NL01,NL01,10,00,Rotterdam Haven Diensten B.V.,Rotterdam Haven Diensten B.V.,Netherlands,Electric Motor EM-750,1816.76,EUR,SO-7917130,2024/12,BATCHJOB,2024-12-24
1800000859,2024-12-27,F2,NL01,NL01,20,00,Timmermans Bouw B.V.,Timmermans Bouw B.V.,Netherlands,Support Retainer Services,4000.0,EUR,SO-3723195,2024/12,M.DEVRIES,2024-12-27
1800000861,2025-03-18,F2,NL01,NL01,10,00,Van Damme Trading NV,Van Damme Trading NV,Belgium,Implementation Consulting Services,19000.0,EUR,SO-1241834,2025/03,A.KOK,2025-03-18
1800000862,2024-04-05,F2,NL01,NL01,10,00,Dekker IT Solutions B.V.,Dekker IT Solutions B.V.,Netherlands,ERP Connector License (Annual),16949.92,EUR,SO-6020567,2024/04,R.JANSSEN,2024-04-05
1800000863,2024-07-15,F2,NL01,NL01,30,00,Kuipers Machinefabriek B.V.,Kuipers Machinefabriek B.V.,Netherlands,Electric Motor EM-750,8151.7,EUR,SO-7879754,2024/07,S.BAKKER,2024-07-15
1800000865,2024-05-27,F2,NL01,NL01,10,00,De Wit Consultancy B.V.,De Wit Consultancy B.V.,Netherlands,Sensor Calibration Kit,5296.66,EUR,SO-2721690,2024/05,BATCHJOB,2024-05-27
1800000866,2025-01-10,F2,NL01,NL01,20,00,Meijer Energie B.V.,Meijer Energie B.V.,Netherlands,Industrial Network Switch NS-24,20125.51,EUR,SO-2979936,2025/01,R.JANSSEN,2025-01-10
1800000868,2025-02-17,F2,NL01,NL01,10,00,Kuipers Machinefabriek B.V.,Kuipers Machinefabriek B.V.,Netherlands,Safety System Upgrade Kit,11388.33,EUR,SO-5161968,2025/02,R.JANSSEN,2025-02-17
1800000870,2024-11-21,F2,NL01,NL01,20,00,Dekker IT Solutions B.V.,Dekker IT Solutions B.V.,Netherlands,Warehouse Management Module,11109.31,EUR,SO-8379358,2024/11,BATCHJOB,2024-11-21
1800000872,2024-10-11,F2,NL01,NL01,10,00,Amsterdam Tech Solutions B.V.,Amsterdam Tech Solutions B.V.,Netherlands,Electric Motor EM-750,8885.57,EUR,SO-2052459,2024/10,S.BAKKER,2024-10-11
1800000873,2025-03-24,F2,NL01,NL01,10,00,Verhoeven Technische Handel B.V.,Verhoeven Technische Handel B.V.,Netherlands,Hydraulic Pump Unit HP-450,1837.36,EUR,SO-2724920,2025/03,A.KOK,2025-03-24
1800000875,2024-12-18,F2,NL01,NL01,20,00,Mulder Groothandel B.V.,Mulder Groothandel B.V.,Netherlands,Annual Maintenance Contract,2004.61,EUR,SO-6426758,2024/12,M.DEVRIES,2024-12-18
1800000876,2025-01-29,F2,NL01,NL01,10,00,Hendriks Metaalbewerking B.V.,Hendriks Metaalbewerking B.V.,Netherlands,Industrial Sensor Module X200,4526.1,EUR,SO-8248234,2025/01,S.BAKKER,2025-01-29
1800000877,2025-03-05,F2,NL01,NL01,30,00,Peters Automatisering B.V.,Peters Automatisering B.V.,Netherlands,Annual Maintenance Contract,11772.56,EUR,SO-6643522,2025/03,S.BAKKER,2025-03-05
1800000878,2024-12-09,F2,NL01,NL01,20,00,Kuipers Machinefabriek B.V.,Kuipers Machinefabriek B.V.,Netherlands,Hydraulic Pump Unit HP-450,33000.0,EUR,SO-7564629,2024/12,A.KOK,2024-12-09
1800000880,2024-10-12,F2,NL01,NL01,10,00,De Boer Industrial N.V.,De Boer Industrial N.V.,Netherlands,Custom Integration Services,10718.66,EUR,SO-3681751,2024/10,M.DEVRIES,2024-10-12
1800000881,2025-03-31,F2,NL01,NL01,10,00,De Vries Energy Solutions B.V.,De Vries Energy Solutions B.V.,Netherlands,PLC Programming Unit,9591.85,EUR,SO-1537809,2025/03,M.DEVRIES,2025-03-31
1800000882,2025-03-06,F2,NL01,NL01,20,00,Peters Automatisering B.V.,Peters Automatisering B.V.,Netherlands,Automation Controller Pro,15907.84,EUR,SO-4342006,2025/03,M.DEVRIES,2025-03-06
1800000884,2025-03-07,F2,NL01,NL01,20,00,Van der Linden Advies B.V.,Van der Linden Advies B.V.,Netherlands,Analytics Suite License (Annual),43675.02,EUR,SO-2959497,2025/03,A.KOK,2025-03-07
1800000886,2024-08-18,F2,NL01,NL01,20,00,Van der Linden Advies B.V.,Van der Linden Advies B.V.,Netherlands,Custom Integration Services,11121.47,EUR,SO-8237395,2024/08,S.BAKKER,2024-08-18
1800000887,2024-05-06,F2,NL01,NL01,10,00,De Boer Industrial N.V.,De Boer Industrial N.V.,Netherlands,Conveyor Belt System CB-12,25842.14,EUR,SO-7975400,2024/05,S.BAKKER,2024-05-06
1800000889,2025-02-25,F2,NL01,NL01,10,00,Dekker IT Solutions B.V.,Dekker IT Solutions B.V.,Netherlands,Safety System Upgrade Kit,16571.06,EUR,SO-5238553,2025/02,S.BAKKER,2025-02-25
1800000891,2024-10-25,F2,NL01,NL01,10,00,Van Dijk Transport B.V.,Van Dijk Transport B.V.,Netherlands,Industrial Sensor Module X200,14096.47,EUR,SO-4315058,2024/10,S.BAKKER,2024-10-25
1800000892,2025-02-05,F2,NL01,NL01,30,00,Schneider Maschinenbau GmbH,Schneider Maschinenbau GmbH,Germany,Standard Spare Parts Bundle,3639.94,EUR,SO-5276502,2025/02,M.DEVRIES,2025-02-05
1800000893,2025-02-28,F2,NL01,NL01,20,00,Duval Distribution SARL,Duval Distribution SARL,France,Annual Maintenance Contract,30932.19,EUR,SO-6175441,2025/02,M.DEVRIES,2025-02-28
1800000894,2024-06-24,F2,NL01,NL01,10,00,De Wit Consultancy B.V.,De Wit Consultancy B.V.,Netherlands,Annual Maintenance Contract,25860.35,EUR,SO-4433566,2024/06,BATCHJOB,2024-06-24
1800000895,2025-02-03,F2,NL01,NL01,20,00,Bakker Elektronica B.V.,Bakker Elektronica B.V.,Netherlands,Automation Controller Pro,11574.32,EUR,SO-6755856,2025/02,R.JANSSEN,2025-02-03
1800000896,2024-09-19,F2,NL01,NL01,20,00,Dekker IT Solutions B.V.,Dekker IT Solutions B.V.,Netherlands,Analytics Suite License (Annual),31728.7,EUR,SO-1176799,2024/09,A.KOK,2024-09-19
1800000898,2025-03-28,F2,NL01,NL01,30,00,Meijer Energie B.V.,Meijer Energie B.V.,Netherlands,ERP Connector License (Annual),8258.73,EUR,SO-3234121,2025/03,R.JANSSEN,2025-03-28
1800000899,2024-04-22,F2,NL01,NL01,10,00,Hendriks Metaalbewerking B.V.,Hendriks Metaalbewerking B.V.,Netherlands,ERP Connector License (Annual),7751.75,EUR,SO-6611540,2024/04,M.DEVRIES,2024-04-22
1800000901,2024-10-15,F2,NL01,NL01,20,00,Timmermans Bouw B.V.,Timmermans Bouw B.V.,Netherlands,Safety System Upgrade Kit,4167.2,EUR,SO-9347434,2024/10,M.DEVRIES,2024-10-15
1800000902,2025-01-07,F2,NL01,NL01,10,00,Post Digitale Diensten B.V.,Post Digitale Diensten B.V.,Netherlands,Electric Motor EM-750,3500.0,EUR,SO-3820087,2025/01,S.BAKKER,2025-01-07
1800000903,2024-12-30,F2,NL01,NL01,10,00,Hendriks Metaalbewerking B.V.,Hendriks Metaalbewerking B.V.,Netherlands,Support Retainer Services,5968.85,EUR,SO-1473295,2024/12,BATCHJOB,2024-12-30
1800000904,2025-03-14,F2,NL01,NL01,10,00,De Vries Energy Solutions B.V.,De Vries Energy Solutions B.V.,Netherlands,ERP Connector License (Annual),13336.7,EUR,SO-2526760,2025/03,BATCHJOB,2025-03-14
1800000906,2025-02-19,F2,NL01,NL01,10,00,Kuipers Machinefabriek B.V.,Kuipers Machinefabriek B.V.,Netherlands,Warehouse Management Module,1291.29,EUR,SO-1558164,2025/02,A.KOK,2025-02-19
1800000908,2025-01-07,F2,NL01,NL01,10,00,Timmermans Bouw B.V.,Timmermans Bouw B.V.,Netherlands,Industrial Sensor Module X200,24618.9,EUR,SO-1926513,2025/01,A.KOK,2025-01-07
1800000910,2024-05-28,F2,NL01,NL01,20,00,Groenendijk Handel B.V.,Groenendijk Handel B.V.,Netherlands,Annual Maintenance Contract,18017.12,EUR,SO-5454913,2024/05,R.JANSSEN,2024-05-28
1800000912,2025-03-24,F2,NL01,NL01,10,00,Timmermans Bouw B.V.,Timmermans Bouw B.V.,Netherlands,Support Retainer Services,2503.2,EUR,SO-4223435,2025/03,S.BAKKER,2025-03-24
1800000914,2024-04-19,F2,NL01,NL01,10,00,Van den Berg Retail Group B.V.,Van den Berg Retail Group B.V.,Netherlands,Standard Spare Parts Bundle,7943.8,EUR,SO-3468596,2024/04,S.BAKKER,2024-04-19
1800000916,2024-12-20,F2,NL01,NL01,10,00,Kuipers Machinefabriek B.V.,Kuipers Machinefabriek B.V.,Netherlands,Implementation Consulting Services,19864.76,EUR,SO-2395537,2024/12,M.DEVRIES,2024-12-20
1800000917,2024-10-10,F2,NL01,NL01,10,00,De Groot Handelsonderneming B.V.,De Groot Handelsonderneming B.V.,Netherlands,Conveyor Belt System CB-12,13680.45,EUR,SO-6782349,2024/10,S.BAKKER,2024-10-10
1800000918,2025-01-19,F2,NL01,NL01,30,00,Rotterdam Haven Diensten B.V.,Rotterdam Haven Diensten B.V.,Netherlands,Custom Integration Services,15387.47,EUR,SO-8698478,2025/01,A.KOK,2025-01-19
1800000920,2024-10-21,F2,NL01,NL01,10,00,Vermeulen Logistics B.V.,Vermeulen Logistics B.V.,Netherlands,Automation Controller Pro,4329.37,EUR,SO-1134778,2024/10,M.DEVRIES,2024-10-21
1800000922,2024-06-11,F2,NL01,NL01,20,00,Peters Automatisering B.V.,Peters Automatisering B.V.,Netherlands,Conveyor Belt System CB-12,12155.9,EUR,SO-6935870,2024/06,BATCHJOB,2024-06-11
1800000924,2024-04-29,F2,NL01,NL01,20,00,Schneider Maschinenbau GmbH,Schneider Maschinenbau GmbH,Germany,Standard Spare Parts Bundle,2000.0,EUR,SO-3741109,2024/04,A.KOK,2024-04-29
1800000926,2024-11-01,F2,NL01,NL01,20,00,Martens Industrieel B.V.,Martens Industrieel B.V.,Netherlands,Analytics Suite License (Annual),23939.33,EUR,SO-1730398,2024/11,R.JANSSEN,2024-11-01
1800000927,2024-12-26,F2,NL01,NL01,10,00,Hofman Electro B.V.,Hofman Electro B.V.,Netherlands,Automation Controller Pro,11257.66,EUR,SO-9267817,2024/12,BATCHJOB,2024-12-26
1800000929,2024-12-25,F2,NL01,NL01,10,00,De Wit Consultancy B.V.,De Wit Consultancy B.V.,Netherlands,Safety System Upgrade Kit,10973.9,EUR,SO-7203368,2024/12,R.JANSSEN,2024-12-25
1800000931,2024-10-23,F2,NL01,NL01,10,00,De Vries Energy Solutions B.V.,De Vries Energy Solutions B.V.,Netherlands,Implementation Consulting Services,15744.21,EUR,SO-9146505,2024/10,A.KOK,2024-10-23
1800000933,2024-10-21,F2,NL01,NL01,20,00,De Boer Industrial N.V.,De Boer Industrial N.V.,Netherlands,Standard Spare Parts Bundle,11000.0,EUR,SO-6532430,2024/10,BATCHJOB,2024-10-21
1800000934,2024-12-17,F2,NL01,NL01,10,00,Hendriks Metaalbewerking B.V.,Hendriks Metaalbewerking B.V.,Netherlands,PLC Programming Unit,7205.77,EUR,SO-3183711,2024/12,BATCHJOB,2024-12-17
1800000935,2025-03-01,F2,NL01,NL01,10,00,Jansen Bouwmaterialen B.V.,Jansen Bouwmaterialen B.V.,Netherlands,ERP Connector License (Annual),9082.31,EUR,SO-7760027,2025/03,BATCHJOB,2025-03-01
1800000937,2025-03-20,F2,NL01,NL01,10,00,De Groot Handelsonderneming B.V.,De Groot Handelsonderneming B.V.,Netherlands,Sensor Calibration Kit,10054.68,EUR,SO-2983500,2025/03,R.JANSSEN,2025-03-20
1800000939,2024-11-07,F2,NL01,NL01,10,00,Willemsen Innovatie B.V.,Willemsen Innovatie B.V.,Netherlands,Implementation Consulting Services,9223.83,EUR,SO-2052773,2024/11,R.JANSSEN,2024-11-07
1800000941,2024-10-29,F2,NL01,NL01,20,00,Hendriks Metaalbewerking B.V.,Hendriks Metaalbewerking B.V.,Netherlands,Data Migration Services,7765.96,EUR,SO-7980822,2024/10,R.JANSSEN,2024-10-29
1800000943,2024-04-05,F2,NL01,NL01,10,00,Verhoeven Technische Handel B.V.,Verhoeven Technische Handel B.V.,Netherlands,Sensor Calibration Kit,14131.06,EUR,SO-9303481,2024/04,A.KOK,2024-04-05
1800000944,2025-03-18,F2,NL01,NL01,10,00,Hendriks Metaalbewerking B.V.,Hendriks Metaalbewerking B.V.,Netherlands,Industrial Network Switch NS-24,1720.83,EUR,SO-5422935,2025/03,A.KOK,2025-03-18
1800000946,2024-04-23,F2,NL01,NL01,10,00,Dekker IT Solutions B.V.,Dekker IT Solutions B.V.,Netherlands,Standard Spare Parts Bundle,18488.77,EUR,SO-5873457,2024/04,M.DEVRIES,2024-04-23
1800000947,2025-02-25,F2,NL01,NL01,20,00,Kuipers Machinefabriek B.V.,Kuipers Machinefabriek B.V.,Netherlands,Technical Training Package,14282.27,EUR,SO-6148025,2025/02,R.JANSSEN,2025-02-25
1800000949,2024-05-16,F2,NL01,NL01,10,00,Hendriks Metaalbewerking B.V.,Hendriks Metaalbewerking B.V.,Netherlands,Industrial Sensor Module X200,8046.0,EUR,SO-9450735,2024/05,M.DEVRIES,2024-05-16
1800000951,2024-07-22,F2,NL01,NL01,10,00,Martens Industrieel B.V.,Martens Industrieel B.V.,Netherlands,Implementation Consulting Services,20546.47,EUR,SO-7625834,2024/07,BATCHJOB,2024-07-22
1800000953,2025-01-23,F2,NL01,NL01,30,00,Van der Heijden Supply Chain B.V.,Van der Heijden Supply Chain B.V.,Netherlands,Warehouse Management Module,5310.19,EUR,SO-4262212,2025/01,BATCHJOB,2025-01-23
1800000955,2025-02-19,F2,NL01,NL01,10,00,Hendriks Metaalbewerking B.V.,Hendriks Metaalbewerking B.V.,Netherlands,Electric Motor EM-750,6154.18,EUR,SO-1291232,2025/02,S.BAKKER,2025-02-19
1800000956,2025-03-20,F2,NL01,NL01,20,00,Hendriks Metaalbewerking B.V.,Hendriks Metaalbewerking B.V.,Netherlands,Conveyor Belt System CB-12,13837.56,EUR,SO-9704587,2025/03,M.DEVRIES,2025-03-20
1800000957,2024-05-18,F2,NL01,NL01,30,00,Hofman Electro B.V.,Hofman Electro B.V.,Netherlands,Custom Integration Services,8721.45,EUR,SO-8079731,2024/05,BATCHJOB,2024-05-18
1800000958,2025-02-24,F2,NL01,NL01,20,00,Schneider Maschinenbau GmbH,Schneider Maschinenbau GmbH,Germany,Warehouse Management Module,8410.82,EUR,SO-6173876,2025/02,BATCHJOB,2025-02-24
1800000959,2024-12-13,F2,NL01,NL01,10,00,Timmermans Bouw B.V.,Timmermans Bouw B.V.,Netherlands,Automation Controller Pro,23014.31,EUR,SO-2844975,2024/12,R.JANSSEN,2024-12-13
1800000961,2024-08-23,F2,NL01,NL01,10,00,Peters Automatisering B.V.,Peters Automatisering B.V.,Netherlands,Electric Motor EM-750,19109.68,EUR,SO-5611802,2024/08,A.KOK,2024-08-23
1800000962,2025-02-28,F2,NL01,NL01,10,00,Amsterdam Tech Solutions B.V.,Amsterdam Tech Solutions B.V.,Netherlands,Electric Motor EM-750,13027.41,EUR,SO-2373692,2025/02,A.KOK,2025-02-28
1800000963,2025-02-21,F2,NL01,NL01,10,00,De Wit Consultancy B.V.,De Wit Consultancy B.V.,Netherlands,Automation Controller Pro,18000.0,EUR,SO-7430077,2025/02,R.JANSSEN,2025-02-21
1800000965,2024-11-25,F2,NL01,NL01,10,00,Van der Heijden Supply Chain B.V.,Van der Heijden Supply Chain B.V.,Netherlands,Warehouse Management Module,9981.31,EUR,SO-7057938,2024/11,A.KOK,2024-11-25
1800000966,2024-11-21,F2,NL01,NL01,10,00,Van der Berg Logistiek B.V.,Van der Berg Logistiek B.V.,Netherlands,Electric Motor EM-750,4168.22,EUR,SO-9438060,2024/11,R.JANSSEN,2024-11-21
1800000967,2025-01-20,F2,NL01,NL01,10,00,Hendriks Metaalbewerking B.V.,Hendriks Metaalbewerking B.V.,Netherlands,Hydraulic Pump Unit HP-450,3000.0,EUR,SO-6859832,2025/01,S.BAKKER,2025-01-20
1800000968,2025-01-10,F2,NL01,NL01,10,00,Mulder Groothandel B.V.,Mulder Groothandel B.V.,Netherlands,Custom Integration Services,6707.47,EUR,SO-2026959,2025/01,A.KOK,2025-01-10
1800000969,2024-05-21,F2,NL01,NL01,10,00,Hendriks Metaalbewerking B.V.,Hendriks Metaalbewerking B.V.,Netherlands,Technical Training Package,14000.0,EUR,SO-9644339,2024/05,M.DEVRIES,2024-05-21
1800000970,2024-12-09,F2,NL01,NL01,10,00,Van Damme Trading NV,Van Damme Trading NV,Belgium,Hydraulic Pump Unit HP-450,26974.07,EUR,SO-6669316,2024/12,R.JANSSEN,2024-12-09
1800000972,2025-01-14,F2,NL01,NL01,10,00,Kuipers Machinefabriek B.V.,Kuipers Machinefabriek B.V.,Netherlands,Cloud Hosting Subscription (Annual),9012.55,EUR,SO-8738972,2025/01,A.KOK,2025-01-14
1800000974,2024-11-22,F2,NL01,NL01,10,00,De Groot Handelsonderneming B.V.,De Groot Handelsonderneming B.V.,Netherlands,Support Retainer Services,12951.78,EUR,SO-4078997,2024/11,R.JANSSEN,2024-11-22
1800000976,2024-05-27,F2,NL01,NL01,20,00,Amsterdam Tech Solutions B.V.,Amsterdam Tech Solutions B.V.,Netherlands,Data Migration Services,2500.0,EUR,SO-7203360,2024/05,S.BAKKER,2024-05-27
1800000978,2024-07-24,F2,NL01,NL01,10,00,Kuipers Machinefabriek B.V.,Kuipers Machinefabriek B.V.,Netherlands,Standard Spare Parts Bundle,12160.43,EUR,SO-9057613,2024/07,S.BAKKER,2024-07-24
1800000980,2024-12-07,F2,NL01,NL01,20,00,Willemsen Innovatie B.V.,Willemsen Innovatie B.V.,Netherlands,Industrial Network Switch NS-24,10528.63,EUR,SO-3070300,2024/12,M.DEVRIES,2024-12-07
1800000982,2024-10-18,F2,NL01,NL01,20,00,De Vries Energy Solutions B.V.,De Vries Energy Solutions B.V.,Netherlands,Industrial Sensor Module X200,9500.0,EUR,SO-6828928,2024/10,M.DEVRIES,2024-10-18
1800000984,2024-04-28,F2,NL01,NL01,10,00,Willemsen Innovatie B.V.,Willemsen Innovatie B.V.,Netherlands,Custom Integration Services,17407.69,EUR,SO-2793576,2024/04,A.KOK,2024-04-28
1800000985,2025-02-05,F2,NL01,NL01,10,00,Van Damme Trading NV,Van Damme Trading NV,Belgium,ERP Connector License (Annual),7386.86,EUR,SO-2631795,2025/02,S.BAKKER,2025-02-05
1800000987,2025-01-14,F2,NL01,NL01,10,00,Dekker IT Solutions B.V.,Dekker IT Solutions B.V.,Netherlands,Conveyor Belt System CB-12,11324.07,EUR,SO-8768515,2025/01,A.KOK,2025-01-14
1800000988,2024-06-21,F2,NL01,NL01,20,00,Hendriks Metaalbewerking B.V.,Hendriks Metaalbewerking B.V.,Netherlands,Industrial Sensor Module X200,7519.22,EUR,SO-1553338,2024/06,M.DEVRIES,2024-06-21
1800000989,2025-02-10,F2,NL01,NL01,30,00,Timmermans Bouw B.V.,Timmermans Bouw B.V.,Netherlands,Hydraulic Pump Unit HP-450,11126.68,EUR,SO-4347427,2025/02,R.JANSSEN,2025-02-10
1800000990,2025-02-14,F2,NL01,NL01,20,00,Van der Berg Logistiek B.V.,Van der Berg Logistiek B.V.,Netherlands,Warehouse Management Module,13519.64,EUR,SO-3221561,2025/02,BATCHJOB,2025-02-14
1800000992,2024-11-27,F2,NL01,NL01,30,00,Duval Distribution SARL,Duval Distribution SARL,France,Electric Motor EM-750,10461.99,EUR,SO-1942370,2024/11,A.KOK,2024-11-27
1800000993,2025-01-21,F2,NL01,NL01,10,00,Timmermans Bouw B.V.,Timmermans Bouw B.V.,Netherlands,Standard Spare Parts Bundle,27000.0,EUR,SO-2566691,2025/01,A.KOK,2025-01-21
1800000995,2024-08-02,F2,NL01,NL01,20,00,Smit Engineering B.V.,Smit Engineering B.V.,Netherlands,Analytics Suite License (Annual),17941.08,EUR,SO-7012631,2024/08,S.BAKKER,2024-08-02
1800000997,2024-12-16,F2,NL01,NL01,30,00,De Boer Industrial N.V.,De Boer Industrial N.V.,Netherlands,Implementation Consulting Services,12215.59,EUR,SO-3136655,2024/12,M.DEVRIES,2024-12-16
1800000999,2025-01-11,F2,NL01,NL01,20,00,Bakker Elektronica B.V.,Bakker Elektronica B.V.,Netherlands,Custom Integration Services,18050.56,EUR,SO-3912404,2025/01,S.BAKKER,2025-01-11
1800001001,2024-08-26,F2,NL01,NL01,10,00,Mulder Groothandel B.V.,Mulder Groothandel B.V.,Netherlands,Analytics Suite License (Annual),29500.0,EUR,SO-8147959,2024/08,BATCHJOB,2024-08-26
1800001002,2025-01-03,F2,NL01,NL01,20,00,Peters Automatisering B.V.,Peters Automatisering B.V.,Netherlands,Safety System Upgrade Kit,1171.69,EUR,SO-2571482,2025/01,R.JANSSEN,2025-01-03
1800001003,2024-09-06,F2,NL01,NL01,10,00,Van Dijk Transport B.V.,Van Dijk Transport B.V.,Netherlands,Custom Integration Services,4950.52,EUR,SO-1720605,2024/09,BATCHJOB,2024-09-06
1800001005,2024-05-09,F2,NL01,NL01,20,00,Verhoeven Technische Handel B.V.,Verhoeven Technische Handel B.V.,Netherlands,Custom Integration Services,8838.12,EUR,SO-6024053,2024/05,A.KOK,2024-05-09
1800001006,2025-02-13,F2,NL01,NL01,10,00,De Groot Handelsonderneming B.V.,De Groot Handelsonderneming B.V.,Netherlands,Warehouse Management Module,4216.46,EUR,SO-6527956,2025/02,S.BAKKER,2025-02-13
1800001008,2024-07-24,F2,NL01,NL01,30,00,Timmermans Bouw B.V.,Timmermans Bouw B.V.,Netherlands,Custom Integration Services,12500.0,EUR,SO-3017574,2024/07,M.DEVRIES,2024-07-24
1800001009,2024-12-16,F2,NL01,NL01,20,00,Hendriks Metaalbewerking B.V.,Hendriks Metaalbewerking B.V.,Netherlands,Standard Spare Parts Bundle,5627.28,EUR,SO-1520762,2024/12,A.KOK,2024-12-16
1800001010,2024-10-07,F2,NL01,NL01,10,00,Bos Facility Services B.V.,Bos Facility Services B.V.,Netherlands,Annual Maintenance Contract,10744.77,EUR,SO-6962465,2024/10,A.KOK,2024-10-07
1800001012,2024-12-04,F2,NL01,NL01,10,00,Meijer Energie B.V.,Meijer Energie B.V.,Netherlands,Electric Motor EM-750,5430.61,EUR,SO-2133704,2024/12,A.KOK,2024-12-04
1800001014,2024-06-04,F2,NL01,NL01,20,00,Jansen Bouwmaterialen B.V.,Jansen Bouwmaterialen B.V.,Netherlands,ERP Connector License (Annual),9639.78,EUR,SO-9137593,2024/06,R.JANSSEN,2024-06-04
1800001016,2025-03-06,F2,NL01,NL01,10,00,Schneider Maschinenbau GmbH,Schneider Maschinenbau GmbH,Germany,Cloud Hosting Subscription (Annual),1535.66,EUR,SO-9608100,2025/03,R.JANSSEN,2025-03-06
1800001018,2024-10-22,F2,NL01,NL01,10,00,Kok Software B.V.,Kok Software B.V.,Netherlands,Sensor Calibration Kit,6908.75,EUR,SO-8285173,2024/10,S.BAKKER,2024-10-22
1800001019,2024-07-05,G2,NL01,NL01,10,00,Smith and Co Industrial Ltd,Smith and Co Industrial Ltd,United Kingdom,Analytics Suite License (Annual),-1281.12,EUR,SO-5017747,2024/07,R.JANSSEN,2024-07-05
1800001021,2025-02-14,F2,NL01,NL01,10,00,Hendriks Metaalbewerking B.V.,Hendriks Metaalbewerking B.V.,Netherlands,Sensor Calibration Kit,12000.0,EUR,SO-1761952,2025/02,R.JANSSEN,2025-02-14
1800001022,2024-07-23,F2,NL01,NL01,10,00,Van der Heijden Supply Chain B.V.,Van der Heijden Supply Chain B.V.,Netherlands,Technical Training Package,19355.77,EUR,SO-9613489,2024/07,A.KOK,2024-07-23
1800001024,2024-08-19,F2,NL01,NL01,10,00,De Groot Handelsonderneming B.V.,De Groot Handelsonderneming B.V.,Netherlands,Custom Integration Services,4300.97,EUR,SO-7010997,2024/08,BATCHJOB,2024-08-19
1800001025,2024-07-08,F2,NL01,NL01,20,00,Timmermans Bouw B.V.,Timmermans Bouw B.V.,Netherlands,Implementation Consulting Services,15179.89,EUR,SO-3184153,2024/07,S.BAKKER,2024-07-08
1800001026,2025-01-08,F2,NL01,NL01,20,00,Van Dijk Transport B.V.,Van Dijk Transport B.V.,Netherlands,Implementation Consulting Services,9786.18,EUR,SO-7843022,2025/01,A.KOK,2025-01-08
1800001027,2024-09-25,F2,NL01,NL01,20,00,Van Dijk Transport B.V.,Van Dijk Transport B.V.,Netherlands,Electric Motor EM-750,27184.37,EUR,SO-9219047,2024/09,R.JANSSEN,2024-09-25
1800001028,2024-09-17,F2,NL01,NL01,10,00,Hendriks Metaalbewerking B.V.,Hendriks Metaalbewerking B.V.,Netherlands,Automation Controller Pro,8774.77,EUR,SO-5778405,2024/09,M.DEVRIES,2024-09-17
1800001029,2025-03-06,F2,NL01,NL01,20,00,Van Leeuwen Staal B.V.,Van Leeuwen Staal B.V.,Netherlands,Data Migration Services,20285.06,EUR,SO-3640151,2025/03,S.BAKKER,2025-03-06
1800001030,2024-05-30,F2,NL01,NL01,20,00,Van der Heijden Supply Chain B.V.,Van der Heijden Supply Chain B.V.,Netherlands,Support Retainer Services,22500.0,EUR,SO-4323965,2024/05,M.DEVRIES,2024-05-30
1800001031,2024-10-11,F2,NL01,NL01,10,00,Timmermans Bouw B.V.,Timmermans Bouw B.V.,Netherlands,Hydraulic Pump Unit HP-450,8226.68,EUR,SO-5896952,2024/10,R.JANSSEN,2024-10-11
1800001032,2024-10-02,F2,NL01,NL01,20,00,Van Dijk Transport B.V.,Van Dijk Transport B.V.,Netherlands,Analytics Suite License (Annual),13835.77,EUR,SO-2539351,2024/10,M.DEVRIES,2024-10-02
1800001034,2024-11-04,F2,NL01,NL01,10,00,De Groot Handelsonderneming B.V.,De Groot Handelsonderneming B.V.,Netherlands,Analytics Suite License (Annual),11596.86,EUR,SO-9014016,2024/11,M.DEVRIES,2024-11-04
1800001035,2024-08-23,F2,NL01,NL01,10,00,Post Digitale Diensten B.V.,Post Digitale Diensten B.V.,Netherlands,Data Migration Services,6679.67,EUR,SO-9950082,2024/08,A.KOK,2024-08-23
1800001036,2024-07-30,G2,NL01,NL01,10,00,Hendriks Metaalbewerking B.V.,Hendriks Metaalbewerking B.V.,Netherlands,Sensor Calibration Kit,-1441.89,EUR,SO-2422610,2024/07,A.KOK,2024-07-30
1800001037,2024-11-20,G2,NL01,NL01,30,00,Kuipers Machinefabriek B.V.,Kuipers Machinefabriek B.V.,Netherlands,Implementation Consulting Services,-4964.88,EUR,SO-2490039,2024/11,M.DEVRIES,2024-11-20
1800001039,2024-07-22,F2,NL01,NL01,20,00,Hendriks Metaalbewerking B.V.,Hendriks Metaalbewerking B.V.,Netherlands,Electric Motor EM-750,8126.32,EUR,SO-5190528,2024/07,BATCHJOB,2024-07-22
1800001041,2024-12-30,F2,NL01,NL01,10,00,Jansen Bouwmaterialen B.V.,Jansen Bouwmaterialen B.V.,Netherlands,PLC Programming Unit,6416.35,EUR,SO-7280574,2024/12,A.KOK,2024-12-30
1800001043,2024-09-27,G2,NL01,NL01,10,00,Kuipers Machinefabriek B.V.,Kuipers Machinefabriek B.V.,Netherlands,Annual Maintenance Contract,-4045.84,EUR,SO-4325930,2024/09,S.BAKKER,2024-09-27
1800001044,2024-06-07,F2,NL01,NL01,10,00,Peters Automatisering B.V.,Peters Automatisering B.V.,Netherlands,Hydraulic Pump Unit HP-450,23405.53,EUR,SO-6598707,2024/06,BATCHJOB,2024-06-07
1800001046,2024-06-24,F2,NL01,NL01,10,00,Timmermans Bouw B.V.,Timmermans Bouw B.V.,Netherlands,Conveyor Belt System CB-12,5060.07,EUR,SO-5329933,2024/06,R.JANSSEN,2024-06-24
1800001047,2024-05-25,G2,NL01,NL01,10,00,Kuipers Machinefabriek B.V.,Kuipers Machinefabriek B.V.,Netherlands,Industrial Sensor Module X200,-2969.5,EUR,SO-9610495,2024/05,A.KOK,2024-05-25
1800001049,2025-01-24,F2,NL01,NL01,10,00,Muller Industrietechnik GmbH,Muller Industrietechnik GmbH,Germany,Cloud Hosting Subscription (Annual),9061.8,EUR,SO-3947202,2025/01,A.KOK,2025-01-24
1800001050,2024-12-30,F2,NL01,NL01,10,00,Jansen Bouwmaterialen B.V.,Jansen Bouwmaterialen B.V.,Netherlands,Analytics Suite License (Annual),5652.72,EUR,SO-8887220,2024/12,BATCHJOB,2024-12-30
1800001052,2024-11-27,F2,NL01,NL01,10,00,Van der Heijden Supply Chain B.V.,Van der Heijden Supply Chain B.V.,Netherlands,Implementation Consulting Services,3155.0,EUR,SO-7358826,2024/11,A.KOK,2024-11-27
1800001054,2024-12-25,F2,NL01,NL01,10,00,Verhoeven Technische Handel B.V.,Verhoeven Technische Handel B.V.,Netherlands,Custom Integration Services,24866.0,EUR,SO-6590372,2024/12,BATCHJOB,2024-12-25
1800001056,2024-11-01,F2,NL01,NL01,10,00,Hendriks Metaalbewerking B.V.,Hendriks Metaalbewerking B.V.,Netherlands,Annual Maintenance Contract,17500.0,EUR,SO-2186677,2024/11,A.KOK,2024-11-01
1800001057,2025-01-02,F2,NL01,NL01,20,00,Mulder Groothandel B.V.,Mulder Groothandel B.V.,Netherlands,Conveyor Belt System CB-12,14159.82,EUR,SO-5541254,2025/01,S.BAKKER,2025-01-02
1800001059,2024-10-10,F2,NL01,NL01,10,00,De Boer Industrial N.V.,De Boer Industrial N.V.,Netherlands,Implementation Consulting Services,14413.65,EUR,SO-3264411,2024/10,S.BAKKER,2024-10-10
1800001061,2024-12-13,F2,NL01,NL01,10,00,De Boer Industrial N.V.,De Boer Industrial N.V.,Netherlands,Data Migration Services,7107.56,EUR,SO-4075968,2024/12,A.KOK,2024-12-13
1800001062,2024-07-08,F2,NL01,NL01,10,00,De Boer Industrial N.V.,De Boer Industrial N.V.,Netherlands,PLC Programming Unit,11735.57,EUR,SO-8818315,2024/07,BATCHJOB,2024-07-08
1800001063,2024-11-14,F2,NL01,NL01,30,00,Amsterdam Tech Solutions B.V.,Amsterdam Tech Solutions B.V.,Netherlands,Analytics Suite License (Annual),3594.45,EUR,SO-3394342,2024/11,M.DEVRIES,2024-11-14
1800001064,2025-01-22,F2,NL01,NL01,10,00,Rotterdam Haven Diensten B.V.,Rotterdam Haven Diensten B.V.,Netherlands,Technical Training Package,5890.21,EUR,SO-3135422,2025/01,S.BAKKER,2025-01-22
1800001065,2025-02-26,F2,NL01,NL01,10,00,Dekker IT Solutions B.V.,Dekker IT Solutions B.V.,Netherlands,Technical Training Package,24000.39,EUR,SO-8315368,2025/02,R.JANSSEN,2025-02-26
1800001067,2024-11-18,F2,NL01,NL01,20,00,Hendriks Metaalbewerking B.V.,Hendriks Metaalbewerking B.V.,Netherlands,Standard Spare Parts Bundle,6000.0,EUR,SO-2041668,2024/11,R.JANSSEN,2024-11-18
1800001068,2024-05-21,F2,NL01,NL01,10,00,Hendriks Metaalbewerking B.V.,Hendriks Metaalbewerking B.V.,Netherlands,Conveyor Belt System CB-12,3119.84,EUR,SO-5851851,2024/05,BATCHJOB,2024-05-21
1800001069,2025-03-12,F2,NL01,NL01,20,00,Hendriks Metaalbewerking B.V.,Hendriks Metaalbewerking B.V.,Netherlands,Hydraulic Pump Unit HP-450,17484.16,EUR,SO-1431503,2025/03,BATCHJOB,2025-03-12
1800001070,2024-06-10,F2,NL01,NL01,30,00,Visser Machinebouw B.V.,Visser Machinebouw B.V.,Netherlands,Technical Training Package,26563.34,EUR,SO-3692810,2024/06,A.KOK,2024-06-10
1800001072,2024-12-16,F2,NL01,NL01,10,00,Meijer Energie B.V.,Meijer Energie B.V.,Netherlands,Custom Integration Services,16142.65,EUR,SO-9465241,2024/12,M.DEVRIES,2024-12-16
1800001073,2025-01-16,F2,NL01,NL01,10,00,Meijer Energie B.V.,Meijer Energie B.V.,Netherlands,Automation Controller Pro,18698.65,EUR,SO-4169150,2025/01,M.DEVRIES,2025-01-16
1800001075,2024-07-18,F2,NL01,NL01,10,00,Willemsen Innovatie B.V.,Willemsen Innovatie B.V.,Netherlands,Sensor Calibration Kit,3635.1,EUR,SO-6223356,2024/07,BATCHJOB,2024-07-18
1800001076,2024-09-20,F2,NL01,NL01,30,00,Van Damme Trading NV,Van Damme Trading NV,Belgium,Warehouse Management Module,4026.35,EUR,SO-5387803,2024/09,A.KOK,2024-09-20
1800001077,2024-05-23,F2,NL01,NL01,10,00,Utrecht Systemen B.V.,Utrecht Systemen B.V.,Netherlands,Sensor Calibration Kit,10410.7,EUR,SO-3483018,2024/05,R.JANSSEN,2024-05-23
1800001079,2024-09-16,F2,NL01,NL01,20,00,Post Digitale Diensten B.V.,Post Digitale Diensten B.V.,Netherlands,Technical Training Package,37893.01,EUR,SO-6424189,2024/09,M.DEVRIES,2024-09-16
1800001081,2024-04-22,F2,NL01,NL01,10,00,Hendriks Metaalbewerking B.V.,Hendriks Metaalbewerking B.V.,Netherlands,Standard Spare Parts Bundle,9656.36,EUR,SO-8211902,2024/04,R.JANSSEN,2024-04-22
1800001083,2024-06-14,F2,NL01,NL01,10,00,Vermeulen Logistics B.V.,Vermeulen Logistics B.V.,Netherlands,Cloud Hosting Subscription (Annual),50172.95,EUR,SO-3037144,2024/06,A.KOK,2024-06-14
1800001085,2025-01-24,F2,NL01,NL01,10,00,Hendriks Metaalbewerking B.V.,Hendriks Metaalbewerking B.V.,Netherlands,Hydraulic Pump Unit HP-450,5000.0,EUR,SO-9922642,2025/01,M.DEVRIES,2025-01-24
1800001086,2024-06-04,F2,NL01,NL01,10,00,Willemsen Innovatie B.V.,Willemsen Innovatie B.V.,Netherlands,Sensor Calibration Kit,14500.98,EUR,SO-4361513,2024/06,M.DEVRIES,2024-06-04
1800001087,2025-01-21,F2,NL01,NL01,10,00,De Groot Handelsonderneming B.V.,De Groot Handelsonderneming B.V.,Netherlands,Custom Integration Services,5112.21,EUR,SO-6180643,2025/01,A.KOK,2025-01-21
1800001089,2024-10-02,F2,NL01,NL01,20,00,Global Tech Solutions Inc,Global Tech Solutions Inc,United States,Support Retainer Services,18698.48,EUR,SO-5634995,2024/10,M.DEVRIES,2024-10-02
1800001091,2025-03-14,F2,NL01,NL01,10,00,Hendriks Metaalbewerking B.V.,Hendriks Metaalbewerking B.V.,Netherlands,Warehouse Management Module,9567.12,EUR,SO-7229402,2025/03,A.KOK,2025-03-14
1800001092,2025-01-31,F2,NL01,NL01,10,00,Hendriks Metaalbewerking B.V.,Hendriks Metaalbewerking B.V.,Netherlands,Custom Integration Services,21606.97,EUR,SO-4119816,2025/01,S.BAKKER,2025-01-31
1800001093,2024-10-31,F2,NL01,NL01,30,00,Jansen Bouwmaterialen B.V.,Jansen Bouwmaterialen B.V.,Netherlands,Safety System Upgrade Kit,11312.73,EUR,SO-9354444,2024/10,A.KOK,2024-10-31
1800001095,2024-04-22,F2,NL01,NL01,10,00,Hendriks Metaalbewerking B.V.,Hendriks Metaalbewerking B.V.,Netherlands,ERP Connector License (Annual),8870.96,EUR,SO-2373907,2024/04,S.BAKKER,2024-04-22
1800001097,2025-01-14,F2,NL01,NL01,10,00,Hendriks Metaalbewerking B.V.,Hendriks Metaalbewerking B.V.,Netherlands,Implementation Consulting Services,26432.74,EUR,SO-7666650,2025/01,M.DEVRIES,2025-01-14
1800001098,2024-07-26,F2,NL01,NL01,20,00,Meijer Energie B.V.,Meijer Energie B.V.,Netherlands,Analytics Suite License (Annual),18534.05,EUR,SO-7906388,2024/07,M.DEVRIES,2024-07-26
1800001099,2024-04-24,F2,NL01,NL01,10,00,Brouwer Data Systems B.V.,Brouwer Data Systems B.V.,Netherlands,Data Migration Services,23000.0,EUR,SO-5649796,2024/04,S.BAKKER,2024-04-24
1800001101,2024-07-19,F2,NL01,NL01,10,00,Hendriks Metaalbewerking B.V.,Hendriks Metaalbewerking B.V.,Netherlands,Conveyor Belt System CB-12,10000.0,EUR,SO-5357477,2024/07,BATCHJOB,2024-07-19
1800001103,2025-02-13,F2,NL01,NL01,20,00,Hendriks Metaalbewerking B.V.,Hendriks Metaalbewerking B.V.,Netherlands,Electric Motor EM-750,7267.05,EUR,SO-1380961,2025/02,R.JANSSEN,2025-02-13
1800001105,2025-02-04,F2,NL01,NL01,10,00,Hendriks Metaalbewerking B.V.,Hendriks Metaalbewerking B.V.,Netherlands,Standard Spare Parts Bundle,15535.09,EUR,SO-4312426,2025/02,BATCHJOB,2025-02-04
1800001106,2025-02-11,F2,NL01,NL01,30,00,Dekker IT Solutions B.V.,Dekker IT Solutions B.V.,Netherlands,Annual Maintenance Contract,22604.49,EUR,SO-2351737,2025/02,S.BAKKER,2025-02-11
1800001108,2025-02-25,F2,NL01,NL01,10,00,Dekker IT Solutions B.V.,Dekker IT Solutions B.V.,Netherlands,ERP Connector License (Annual),12559.12,EUR,SO-6099112,2025/02,M.DEVRIES,2025-02-25
1800001110,2025-03-31,F2,NL01,NL01,20,00,Willemsen Innovatie B.V.,Willemsen Innovatie B.V.,Netherlands,Custom Integration Services,9049.74,EUR,SO-2893879,2025/03,M.DEVRIES,2025-03-31
1800001112,2024-10-07,F2,NL01,NL01,10,00,Kuipers Machinefabriek B.V.,Kuipers Machinefabriek B.V.,Netherlands,Data Migration Services,22273.92,EUR,SO-9251076,2024/10,A.KOK,2024-10-07
1800001114,2024-05-08,F2,NL01,NL01,20,00,Timmermans Bouw B.V.,Timmermans Bouw B.V.,Netherlands,Analytics Suite License (Annual),45668.08,EUR,SO-8839236,2024/05,R.JANSSEN,2024-05-08
1800001115,2024-04-26,F2,NL01,NL01,10,00,Amsterdam Tech Solutions B.V.,Amsterdam Tech Solutions B.V.,Netherlands,Industrial Network Switch NS-24,4546.28,EUR,SO-3313005,2024/04,M.DEVRIES,2024-04-26
1800001117,2024-06-14,F2,NL01,NL01,10,00,Hendriks Metaalbewerking B.V.,Hendriks Metaalbewerking B.V.,Netherlands,Support Retainer Services,7742.73,EUR,SO-4085091,2024/06,S.BAKKER,2024-06-14
1800001119,2025-01-27,F2,NL01,NL01,10,00,Van der Heijden Supply Chain B.V.,Van der Heijden Supply Chain B.V.,Netherlands,PLC Programming Unit,12773.38,EUR,SO-5817629,2025/01,M.DEVRIES,2025-01-27
1800001120,2024-06-19,F2,NL01,NL01,10,00,Timmermans Bouw B.V.,Timmermans Bouw B.V.,Netherlands,Electric Motor EM-750,10086.04,EUR,SO-2824712,2024/06,M.DEVRIES,2024-06-19
1800001122,2024-05-24,F2,NL01,NL01,10,00,De Boer Industrial N.V.,De Boer Industrial N.V.,Netherlands,Custom Integration Services,3943.78,EUR,SO-3799527,2024/05,R.JANSSEN,2024-05-24
1800001123,2024-05-15,F2,NL01,NL01,30,00,De Wit Consultancy B.V.,De Wit Consultancy B.V.,Netherlands,Custom Integration Services,7228.53,EUR,SO-7991478,2024/05,S.BAKKER,2024-05-15
1800001124,2024-08-08,F2,NL01,NL01,10,00,Hendriks Metaalbewerking B.V.,Hendriks Metaalbewerking B.V.,Netherlands,Safety System Upgrade Kit,23081.67,EUR,SO-2413908,2024/08,BATCHJOB,2024-08-08
1800001125,2024-11-19,F2,NL01,NL01,20,00,Kuipers Machinefabriek B.V.,Kuipers Machinefabriek B.V.,Netherlands,Technical Training Package,25218.78,EUR,SO-7967156,2024/11,BATCHJOB,2024-11-19
1800001127,2024-07-18,F2,NL01,NL01,30,00,De Vries Energy Solutions B.V.,De Vries Energy Solutions B.V.,Netherlands,Automation Controller Pro,12045.2,EUR,SO-1889072,2024/07,BATCHJOB,2024-07-18
1800001129,2024-06-26,F2,NL01,NL01,20,00,Van der Heijden Supply Chain B.V.,Van der Heijden Supply Chain B.V.,Netherlands,Conveyor Belt System CB-12,8248.87,EUR,SO-8011167,2024/06,BATCHJOB,2024-06-26
1800001131,2024-09-04,F2,NL01,NL01,20,00,Van Damme Trading NV,Van Damme Trading NV,Belgium,Annual Maintenance Contract,7323.04,EUR,SO-5665076,2024/09,A.KOK,2024-09-04
1800001133,2025-01-29,F2,NL01,NL01,10,00,Dekker IT Solutions B.V.,Dekker IT Solutions B.V.,Netherlands,Standard Spare Parts Bundle,22706.39,EUR,SO-3139356,2025/01,BATCHJOB,2025-01-29
1800001134,2024-07-11,F2,NL01,NL01,10,00,Hendriks Metaalbewerking B.V.,Hendriks Metaalbewerking B.V.,Netherlands,PLC Programming Unit,19000.0,EUR,SO-5228530,2024/07,S.BAKKER,2024-07-11
1800001135,2024-09-30,F2,NL01,NL01,20,00,Dekker IT Solutions B.V.,Dekker IT Solutions B.V.,Netherlands,Industrial Sensor Module X200,31229.34,EUR,SO-9123316,2024/09,M.DEVRIES,2024-09-30
1800001136,2025-03-17,F2,NL01,NL01,10,00,Rotterdam Haven Diensten B.V.,Rotterdam Haven Diensten B.V.,Netherlands,Standard Spare Parts Bundle,29270.04,EUR,SO-5693151,2025/03,S.BAKKER,2025-03-17
1800001137,2024-05-02,F2,NL01,NL01,30,00,Timmermans Bouw B.V.,Timmermans Bouw B.V.,Netherlands,Support Retainer Services,28500.0,EUR,SO-5853038,2024/05,A.KOK,2024-05-02
1800001139,2024-05-09,F2,NL01,NL01,10,00,Vermeulen Logistics B.V.,Vermeulen Logistics B.V.,Netherlands,Electric Motor EM-750,2761.37,EUR,SO-2046017,2024/05,BATCHJOB,2024-05-09
1800001141,2024-08-02,F2,NL01,NL01,20,00,Timmermans Bouw B.V.,Timmermans Bouw B.V.,Netherlands,Warehouse Management Module,17312.98,EUR,SO-5135304,2024/08,M.DEVRIES,2024-08-02
1800001143,2025-02-17,F2,NL01,NL01,10,00,Kuipers Machinefabriek B.V.,Kuipers Machinefabriek B.V.,Netherlands,Cloud Hosting Subscription (Annual),12500.0,EUR,SO-4869320,2025/02,BATCHJOB,2025-02-17
1800001145,2024-10-29,F2,NL01,NL01,10,00,Kuipers Machinefabriek B.V.,Kuipers Machinefabriek B.V.,Netherlands,PLC Programming Unit,21712.36,EUR,SO-5371884,2024/10,BATCHJOB,2024-10-29
1800001147,2024-04-10,F2,NL01,NL01,10,00,Hendriks Metaalbewerking B.V.,Hendriks Metaalbewerking B.V.,Netherlands,Warehouse Management Module,3363.58,EUR,SO-5111062,2024/04,BATCHJOB,2024-04-10
1800001149,2025-01-17,F2,NL01,NL01,20,00,Timmermans Bouw B.V.,Timmermans Bouw B.V.,Netherlands,Analytics Suite License (Annual),17973.17,EUR,SO-5789266,2025/01,S.BAKKER,2025-01-17
1800001150,2025-02-14,F2,NL01,NL01,20,00,De Vries Energy Solutions B.V.,De Vries Energy Solutions B.V.,Netherlands,Technical Training Package,8472.07,EUR,SO-8371282,2025/02,M.DEVRIES,2025-02-14
1800001151,2024-04-01,F2,NL01,NL01,10,00,Meijer Energie B.V.,Meijer Energie B.V.,Netherlands,Implementation Consulting Services,3666.4,EUR,SO-6495022,2024/04,M.DEVRIES,2024-04-01
1800001153,2024-06-02,F2,NL01,NL01,10,00,Schneider Maschinenbau GmbH,Schneider Maschinenbau GmbH,Germany,Industrial Network Switch NS-24,8171.95,EUR,SO-3867941,2024/06,S.BAKKER,2024-06-02
1800001155,2025-03-21,F2,NL01,NL01,10,00,Hendriks Metaalbewerking B.V.,Hendriks Metaalbewerking B.V.,Netherlands,Implementation Consulting Services,9577.29,EUR,SO-3772852,2025/03,A.KOK,2025-03-21
1800001156,2024-09-26,F2,NL01,NL01,10,00,Smith and Co Industrial Ltd,Smith and Co Industrial Ltd,United Kingdom,Industrial Sensor Module X200,18548.29,EUR,SO-5388251,2024/09,S.BAKKER,2024-09-26
1800001158,2024-10-21,F2,NL01,NL01,10,00,Hendriks Metaalbewerking B.V.,Hendriks Metaalbewerking B.V.,Netherlands,ERP Connector License (Annual),11154.37,EUR,SO-6462014,2024/10,A.KOK,2024-10-21
1800001160,2024-11-03,F2,NL01,NL01,20,00,Timmermans Bouw B.V.,Timmermans Bouw B.V.,Netherlands,Custom Integration Services,8799.01,EUR,SO-8647058,2024/11,R.JANSSEN,2024-11-03
1800001161,2024-05-10,F2,NL01,NL01,10,00,Van Dijk Transport B.V.,Van Dijk Transport B.V.,Netherlands,Industrial Network Switch NS-24,9567.28,EUR,SO-8777471,2024/05,R.JANSSEN,2024-05-10
1800001162,2025-03-13,F2,NL01,NL01,10,00,Hendriks Metaalbewerking B.V.,Hendriks Metaalbewerking B.V.,Netherlands,Industrial Sensor Module X200,2308.07,EUR,SO-3504540,2025/03,R.JANSSEN,2025-03-13
1800001164,2024-12-11,F2,NL01,NL01,20,00,Kok Software B.V.,Kok Software B.V.,Netherlands,Sensor Calibration Kit,8292.93,EUR,SO-7544971,2024/12,A.KOK,2024-12-11
1800001165,2025-03-28,F2,NL01,NL01,30,00,Hendriks Metaalbewerking B.V.,Hendriks Metaalbewerking B.V.,Netherlands,Automation Controller Pro,4726.0,EUR,SO-9894207,2025/03,S.BAKKER,2025-03-28
1800001167,2024-08-20,F2,NL01,NL01,10,00,Hendriks Metaalbewerking B.V.,Hendriks Metaalbewerking B.V.,Netherlands,Support Retainer Services,27788.97,EUR,SO-7310112,2024/08,A.KOK,2024-08-20
1800001168,2024-05-21,F2,NL01,NL01,30,00,Visser Machinebouw B.V.,Visser Machinebouw B.V.,Netherlands,Conveyor Belt System CB-12,27151.02,EUR,SO-6364299,2024/05,M.DEVRIES,2024-05-21
1800001170,2025-03-21,F2,NL01,NL01,10,00,Van Dijk Transport B.V.,Van Dijk Transport B.V.,Netherlands,Warehouse Management Module,16697.96,EUR,SO-5463847,2025/03,R.JANSSEN,2025-03-21
1800001171,2024-08-16,F2,NL01,NL01,10,00,De Groot Handelsonderneming B.V.,De Groot Handelsonderneming B.V.,Netherlands,Support Retainer Services,15105.69,EUR,SO-1519407,2024/08,A.KOK,2024-08-16
1800001172,2024-09-27,F2,NL01,NL01,10,00,Van der Berg Logistiek B.V.,Van der Berg Logistiek B.V.,Netherlands,PLC Programming Unit,25437.58,EUR,SO-4587144,2024/09,A.KOK,2024-09-27
1800001173,2024-09-19,F2,NL01,NL01,10,00,Smith and Co Industrial Ltd,Smith and Co Industrial Ltd,United Kingdom,Annual Maintenance Contract,12029.63,EUR,SO-9227649,2024/09,R.JANSSEN,2024-09-19
1800001175,2024-11-20,F2,NL01,NL01,10,00,Van der Berg Logistiek B.V.,Van der Berg Logistiek B.V.,Netherlands,Data Migration Services,14041.27,EUR,SO-6867304,2024/11,S.BAKKER,2024-11-20
1800001176,2024-09-17,F2,NL01,NL01,10,00,Bos Facility Services B.V.,Bos Facility Services B.V.,Netherlands,Analytics Suite License (Annual),5170.98,EUR,SO-1150676,2024/09,S.BAKKER,2024-09-17
1800001178,2024-10-07,F2,NL01,NL01,20,00,Global Tech Solutions Inc,Global Tech Solutions Inc,United States,ERP Connector License (Annual),7440.08,EUR,SO-9058199,2024/10,BATCHJOB,2024-10-07
1800001179,2025-03-26,F2,NL01,NL01,20,00,Van der Linden Advies B.V.,Van der Linden Advies B.V.,Netherlands,Hydraulic Pump Unit HP-450,9491.86,EUR,SO-2891559,2025/03,A.KOK,2025-03-26
1800001180,2024-06-26,F2,NL01,NL01,30,00,Kuipers Machinefabriek B.V.,Kuipers Machinefabriek B.V.,Netherlands,Industrial Sensor Module X200,7770.62,EUR,SO-5768114,2024/06,BATCHJOB,2024-06-26
1800001181,2024-08-29,F2,NL01,NL01,10,00,Duval Distribution SARL,Duval Distribution SARL,France,Data Migration Services,18700.66,EUR,SO-7766537,2024/08,A.KOK,2024-08-29
1800001182,2024-06-11,F2,NL01,NL01,30,00,Hendriks Metaalbewerking B.V.,Hendriks Metaalbewerking B.V.,Netherlands,Industrial Network Switch NS-24,30623.1,EUR,SO-4640434,2024/06,S.BAKKER,2024-06-11
1800001184,2024-11-05,F2,NL01,NL01,30,00,Dekker IT Solutions B.V.,Dekker IT Solutions B.V.,Netherlands,Standard Spare Parts Bundle,2838.86,EUR,SO-4878737,2024/11,S.BAKKER,2024-11-05
1800001185,2025-03-31,F2,NL01,NL01,20,00,Van Damme Trading NV,Van Damme Trading NV,Belgium,Cloud Hosting Subscription (Annual),19288.3,EUR,SO-4301548,2025/03,M.DEVRIES,2025-03-31
1800001187,2024-08-30,F2,NL01,NL01,20,00,Smith and Co Industrial Ltd,Smith and Co Industrial Ltd,United Kingdom,Data Migration Services,18559.09,EUR,SO-3378751,2024/08,S.BAKKER,2024-08-30
1800001188,2024-04-05,F2,NL01,NL01,10,00,Hendriks Metaalbewerking B.V.,Hendriks Metaalbewerking B.V.,Netherlands,Cloud Hosting Subscription (Annual),22089.83,EUR,SO-9424608,2024/04,M.DEVRIES,2024-04-05
1800001189,2024-07-02,F2,NL01,NL01,30,00,Hendriks Metaalbewerking B.V.,Hendriks Metaalbewerking B.V.,Netherlands,ERP Connector License (Annual),21321.72,EUR,SO-9782210,2024/07,BATCHJOB,2024-07-02
1800001191,2024-08-22,F2,NL01,NL01,20,00,Utrecht Systemen B.V.,Utrecht Systemen B.V.,Netherlands,Analytics Suite License (Annual),25353.56,EUR,SO-6690468,2024/08,R.JANSSEN,2024-08-22
1800001193,2025-01-30,F2,NL01,NL01,20,00,Hendriks Metaalbewerking B.V.,Hendriks Metaalbewerking B.V.,Netherlands,Support Retainer Services,12817.89,EUR,SO-3437241,2025/01,A.KOK,2025-01-30
1800001195,2024-08-02,F2,NL01,NL01,20,00,De Wit Consultancy B.V.,De Wit Consultancy B.V.,Netherlands,Annual Maintenance Contract,2529.97,EUR,SO-3911684,2024/08,S.BAKKER,2024-08-02
1800001197,2025-03-20,F2,NL01,NL01,10,00,Verhoeven Technische Handel B.V.,Verhoeven Technische Handel B.V.,Netherlands,Conveyor Belt System CB-12,3782.14,EUR,SO-3753362,2025/03,A.KOK,2025-03-20
1800001198,2025-03-31,F2,NL01,NL01,10,00,Van den Berg Retail Group B.V.,Van den Berg Retail Group B.V.,Netherlands,Industrial Network Switch NS-24,25444.35,EUR,SO-2908053,2025/03,S.BAKKER,2025-03-31
1800001200,2025-03-06,F2,NL01,NL01,10,00,Duval Distribution SARL,Duval Distribution SARL,France,Industrial Sensor Module X200,19235.32,EUR,SO-4840487,2025/03,R.JANSSEN,2025-03-06
1800001202,2024-09-06,F2,NL01,NL01,20,00,Kuipers Machinefabriek B.V.,Kuipers Machinefabriek B.V.,Netherlands,Custom Integration Services,10593.31,EUR,SO-7352907,2024/09,M.DEVRIES,2024-09-06
1800001203,2024-05-06,F2,NL01,NL01,20,00,Bakker Elektronica B.V.,Bakker Elektronica B.V.,Netherlands,Custom Integration Services,13865.68,EUR,SO-3990680,2024/05,R.JANSSEN,2024-05-06
1800001205,2025-03-06,F2,NL01,NL01,30,00,Hendriks Metaalbewerking B.V.,Hendriks Metaalbewerking B.V.,Netherlands,ERP Connector License (Annual),4500.0,EUR,SO-2004148,2025/03,S.BAKKER,2025-03-06
1800001207,2024-09-19,F2,NL01,NL01,20,00,Willemsen Innovatie B.V.,Willemsen Innovatie B.V.,Netherlands,Conveyor Belt System CB-12,34000.0,EUR,SO-2383086,2024/09,A.KOK,2024-09-19
1800001209,2024-12-17,F2,NL01,NL01,20,00,Hendriks Metaalbewerking B.V.,Hendriks Metaalbewerking B.V.,Netherlands,Custom Integration Services,9292.39,EUR,SO-4973888,2024/12,S.BAKKER,2024-12-17
1800001210,2024-11-20,F2,NL01,NL01,30,00,Van Dijk Transport B.V.,Van Dijk Transport B.V.,Netherlands,Warehouse Management Module,10824.47,EUR,SO-7612782,2024/11,S.BAKKER,2024-11-20
1800001211,2024-06-24,F2,NL01,NL01,10,00,Hofman Electro B.V.,Hofman Electro B.V.,Netherlands,Implementation Consulting Services,13583.24,EUR,SO-5256126,2024/06,R.JANSSEN,2024-06-24
1800001213,2024-04-22,F2,NL01,NL01,30,00,Hofman Electro B.V.,Hofman Electro B.V.,Netherlands,Annual Maintenance Contract,5818.53,EUR,SO-2731831,2024/04,M.DEVRIES,2024-04-22
1800001214,2024-07-23,F2,NL01,NL01,10,00,De Groot Handelsonderneming B.V.,De Groot Handelsonderneming B.V.,Netherlands,Support Retainer Services,6870.75,EUR,SO-9049834,2024/07,A.KOK,2024-07-23
1800001216,2025-02-12,F2,NL01,NL01,10,00,Van der Linden Advies B.V.,Van der Linden Advies B.V.,Netherlands,ERP Connector License (Annual),4296.12,EUR,SO-3233980,2025/02,A.KOK,2025-02-12
1800001218,2024-11-25,F2,NL01,NL01,10,00,Timmermans Bouw B.V.,Timmermans Bouw B.V.,Netherlands,Safety System Upgrade Kit,18800.7,EUR,SO-8305646,2024/11,S.BAKKER,2024-11-25
1800001220,2025-01-27,F2,NL01,NL01,10,00,Duval Distribution SARL,Duval Distribution SARL,France,Analytics Suite License (Annual),21405.84,EUR,SO-9437278,2025/01,A.KOK,2025-01-27
1800001222,2025-03-10,F2,NL01,NL01,10,00,Peters Automatisering B.V.,Peters Automatisering B.V.,Netherlands,PLC Programming Unit,10205.9,EUR,SO-4245683,2025/03,S.BAKKER,2025-03-10
1800001223,2024-05-24,F2,NL01,NL01,20,00,Mulder Groothandel B.V.,Mulder Groothandel B.V.,Netherlands,ERP Connector License (Annual),7433.7,EUR,SO-2858411,2024/05,R.JANSSEN,2024-05-24
1800001224,2024-09-12,F2,NL01,NL01,20,00,Van der Heijden Supply Chain B.V.,Van der Heijden Supply Chain B.V.,Netherlands,Industrial Sensor Module X200,9172.42,EUR,SO-8450191,2024/09,R.JANSSEN,2024-09-12
1800001226,2024-10-23,F2,NL01,NL01,10,00,Vermeulen Logistics B.V.,Vermeulen Logistics B.V.,Netherlands,Support Retainer Services,4758.85,EUR,SO-7917702,2024/10,M.DEVRIES,2024-10-23
1800001228,2025-02-06,F2,NL01,NL01,10,00,Van Leeuwen Staal B.V.,Van Leeuwen Staal B.V.,Netherlands,Annual Maintenance Contract,24039.09,EUR,SO-2441476,2025/02,A.KOK,2025-02-06
1800001230,2024-10-21,F2,NL01,NL01,20,00,Vermeulen Logistics B.V.,Vermeulen Logistics B.V.,Netherlands,Industrial Sensor Module X200,13203.9,EUR,SO-6289037,2024/10,A.KOK,2024-10-21
1800001231,2024-10-08,F2,NL01,NL01,10,00,Amsterdam Tech Solutions B.V.,Amsterdam Tech Solutions B.V.,Netherlands,Data Migration Services,34698.96,EUR,SO-3763505,2024/10,BATCHJOB,2024-10-08
1800001232,2025-02-04,F2,NL01,NL01,30,00,Vermeulen Logistics B.V.,Vermeulen Logistics B.V.,Netherlands,Annual Maintenance Contract,1500.0,EUR,SO-3001345,2025/02,R.JANSSEN,2025-02-04
1800001234,2025-03-02,F2,NL01,NL01,10,00,Hendriks Metaalbewerking B.V.,Hendriks Metaalbewerking B.V.,Netherlands,Sensor Calibration Kit,12109.17,EUR,SO-9021723,2025/03,R.JANSSEN,2025-03-02
1800001236,2024-10-26,F2,NL01,NL01,20,00,Smit Engineering B.V.,Smit Engineering B.V.,Netherlands,PLC Programming Unit,9832.99,EUR,SO-2697049,2024/10,BATCHJOB,2024-10-26
1800001237,2025-02-03,F2,NL01,NL01,10,00,De Boer Industrial N.V.,De Boer Industrial N.V.,Netherlands,Custom Integration Services,17004.6,EUR,SO-8158114,2025/02,M.DEVRIES,2025-02-03
1800001238,2024-09-03,F2,NL01,NL01,30,00,Dekker IT Solutions B.V.,Dekker IT Solutions B.V.,Netherlands,Conveyor Belt System CB-12,6240.35,EUR,SO-7742617,2024/09,S.BAKKER,2024-09-03
1800001239,2024-11-06,F2,NL01,NL01,10,00,Van der Heijden Supply Chain B.V.,Van der Heijden Supply Chain B.V.,Netherlands,Technical Training Package,16585.56,EUR,SO-3302649,2024/11,S.BAKKER,2024-11-06
1800001240,2024-10-29,F2,NL01,NL01,10,00,Verhoeven Technische Handel B.V.,Verhoeven Technische Handel B.V.,Netherlands,Hydraulic Pump Unit HP-450,17595.0,EUR,SO-3264510,2024/10,S.BAKKER,2024-10-29
1800001242,2024-08-07,F2,NL01,NL01,10,00,Mulder Groothandel B.V.,Mulder Groothandel B.V.,Netherlands,Support Retainer Services,14631.94,EUR,SO-2674746,2024/08,R.JANSSEN,2024-08-07
1800001243,2024-12-17,F2,NL01,NL01,10,00,Van Damme Trading NV,Van Damme Trading NV,Belgium,Data Migration Services,11639.4,EUR,SO-6834144,2024/12,A.KOK,2024-12-17
1800001244,2024-10-10,F2,NL01,NL01,20,00,De Vries Energy Solutions B.V.,De Vries Energy Solutions B.V.,Netherlands,Hydraulic Pump Unit HP-450,1167.2,EUR,SO-9796471,2024/10,A.KOK,2024-10-10
1800001245,2024-06-24,F2,NL01,NL01,10,00,Smit Engineering B.V.,Smit Engineering B.V.,Netherlands,Custom Integration Services,11239.13,EUR,SO-2946653,2024/06,S.BAKKER,2024-06-24
1800001247,2024-06-09,F2,NL01,NL01,20,00,Verhoeven Technische Handel B.V.,Verhoeven Technische Handel B.V.,Netherlands,PLC Programming Unit,17615.39,EUR,SO-9873666,2024/06,M.DEVRIES,2024-06-09
1800001248,2024-04-01,F2,NL01,NL01,10,00,Visser Machinebouw B.V.,Visser Machinebouw B.V.,Netherlands,Sensor Calibration Kit,14260.74,EUR,SO-6294739,2024/04,BATCHJOB,2024-04-01
1800001250,2024-05-01,F2,NL01,NL01,10,00,Utrecht Systemen B.V.,Utrecht Systemen B.V.,Netherlands,Standard Spare Parts Bundle,2830.13,EUR,SO-4401410,2024/05,BATCHJOB,2024-05-01
1800001252,2024-10-29,F2,NL01,NL01,20,00,Kok Software B.V.,Kok Software B.V.,Netherlands,Data Migration Services,6659.26,EUR,SO-8358023,2024/10,A.KOK,2024-10-29
1800001254,2024-11-07,F2,NL01,NL01,20,00,Timmermans Bouw B.V.,Timmermans Bouw B.V.,Netherlands,Data Migration Services,7463.57,EUR,SO-5978937,2024/11,S.BAKKER,2024-11-07
1800001256,2024-04-25,F2,NL01,NL01,10,00,Van der Linden Advies B.V.,Van der Linden Advies B.V.,Netherlands,Annual Maintenance Contract,8366.52,EUR,SO-5415500,2024/04,BATCHJOB,2024-04-25
1800001257,2024-11-01,F2,NL01,NL01,10,00,De Boer Industrial N.V.,De Boer Industrial N.V.,Netherlands,Industrial Network Switch NS-24,7000.0,EUR,SO-1134353,2024/11,A.KOK,2024-11-01
1800001259,2025-02-10,F2,NL01,NL01,30,00,Hendriks Metaalbewerking B.V.,Hendriks Metaalbewerking B.V.,Netherlands,Custom Integration Services,33000.0,EUR,SO-7415302,2025/02,A.KOK,2025-02-10
1800001260,2025-03-17,F2,NL01,NL01,20,00,Van Dijk Transport B.V.,Van Dijk Transport B.V.,Netherlands,Implementation Consulting Services,3639.47,EUR,SO-7862999,2025/03,BATCHJOB,2025-03-17
1800001261,2024-06-01,G2,NL01,NL01,20,00,Hendriks Metaalbewerking B.V.,Hendriks Metaalbewerking B.V.,Netherlands,Analytics Suite License (Annual),-4379.73,EUR,SO-9989839,2024/06,BATCHJOB,2024-06-01
1800001262,2024-06-23,F2,NL01,NL01,10,00,Schouten Productie B.V.,Schouten Productie B.V.,Netherlands,ERP Connector License (Annual),8500.0,EUR,SO-1648518,2024/06,A.KOK,2024-06-23
1800001263,2025-01-15,F2,NL01,NL01,30,00,Timmermans Bouw B.V.,Timmermans Bouw B.V.,Netherlands,Conveyor Belt System CB-12,11615.87,EUR,SO-1698682,2025/01,R.JANSSEN,2025-01-15
1800001264,2025-03-14,F2,NL01,NL01,10,00,Post Digitale Diensten B.V.,Post Digitale Diensten B.V.,Netherlands,Automation Controller Pro,20212.54,EUR,SO-3320361,2025/03,BATCHJOB,2025-03-14
1800001266,2024-10-24,G2,NL01,NL01,10,00,Brouwer Data Systems B.V.,Brouwer Data Systems B.V.,Netherlands,Custom Integration Services,-1890.14,EUR,SO-3366804,2024/10,S.BAKKER,2024-10-24
1800001267,2024-04-25,F2,NL01,NL01,10,00,Van der Linden Advies B.V.,Van der Linden Advies B.V.,Netherlands,Industrial Network Switch NS-24,13000.0,EUR,SO-7534177,2024/04,BATCHJOB,2024-04-25
1800001269,2024-07-04,F2,NL01,NL01,10,00,Hendriks Metaalbewerking B.V.,Hendriks Metaalbewerking B.V.,Netherlands,ERP Connector License (Annual),8021.62,EUR,SO-6396131,2024/07,M.DEVRIES,2024-07-04
1800001270,2024-04-01,F2,NL01,NL01,20,00,Timmermans Bouw B.V.,Timmermans Bouw B.V.,Netherlands,Conveyor Belt System CB-12,9219.55,EUR,SO-9456227,2024/04,M.DEVRIES,2024-04-01
1800001271,2024-10-28,F2,NL01,NL01,20,00,De Boer Industrial N.V.,De Boer Industrial N.V.,Netherlands,Electric Motor EM-750,5161.24,EUR,SO-1137225,2024/10,S.BAKKER,2024-10-28
1800001272,2024-11-14,F2,NL01,NL01,10,00,De Boer Industrial N.V.,De Boer Industrial N.V.,Netherlands,Electric Motor EM-750,4644.6,EUR,SO-4288272,2024/11,M.DEVRIES,2024-11-14
1800001274,2024-05-01,F2,NL01,NL01,10,00,Bos Facility Services B.V.,Bos Facility Services B.V.,Netherlands,Hydraulic Pump Unit HP-450,20762.66,EUR,SO-6037346,2024/05,A.KOK,2024-05-01
1800001276,2025-01-06,F2,NL01,NL01,30,00,Schneider Maschinenbau GmbH,Schneider Maschinenbau GmbH,Germany,Technical Training Package,34386.8,EUR,SO-9060135,2025/01,BATCHJOB,2025-01-06
1800001278,2025-03-26,F2,NL01,NL01,20,00,Van der Heijden Supply Chain B.V.,Van der Heijden Supply Chain B.V.,Netherlands,ERP Connector License (Annual),17679.76,EUR,SO-3622099,2025/03,A.KOK,2025-03-26
1800001280,2024-10-21,F2,NL01,NL01,20,00,Global Tech Solutions Inc,Global Tech Solutions Inc,United States,Automation Controller Pro,5160.06,EUR,SO-9038072,2024/10,M.DEVRIES,2024-10-21
1800001282,2024-07-27,F2,NL01,NL01,20,00,Willemsen Innovatie B.V.,Willemsen Innovatie B.V.,Netherlands,Industrial Sensor Module X200,10905.53,EUR,SO-2700278,2024/07,M.DEVRIES,2024-07-27
1800001284,2024-09-25,F2,NL01,NL01,20,00,Hendriks Metaalbewerking B.V.,Hendriks Metaalbewerking B.V.,Netherlands,Annual Maintenance Contract,6500.0,EUR,SO-2121554,2024/09,R.JANSSEN,2024-09-25
1800001285,2025-03-31,F2,NL01,NL01,20,00,Hendriks Metaalbewerking B.V.,Hendriks Metaalbewerking B.V.,Netherlands,Industrial Network Switch NS-24,7766.09,EUR,SO-1232735,2025/03,BATCHJOB,2025-03-31
1800001286,2024-06-21,F2,NL01,NL01,10,00,Dekker IT Solutions B.V.,Dekker IT Solutions B.V.,Netherlands,ERP Connector License (Annual),1347.7,EUR,SO-3032084,2024/06,BATCHJOB,2024-06-21
1800001288,2025-01-21,F2,NL01,NL01,10,00,Hendriks Metaalbewerking B.V.,Hendriks Metaalbewerking B.V.,Netherlands,Electric Motor EM-750,15000.0,EUR,SO-2624179,2025/01,S.BAKKER,2025-01-21
1800001289,2025-01-01,F2,NL01,NL01,10,00,Muller Industrietechnik GmbH,Muller Industrietechnik GmbH,Germany,Custom Integration Services,33611.95,EUR,SO-4954601,2025/01,R.JANSSEN,2025-01-01
1800001290,2024-05-02,F2,NL01,NL01,10,00,Van den Berg Retail Group B.V.,Van den Berg Retail Group B.V.,Netherlands,Support Retainer Services,15756.77,EUR,SO-7154918,2024/05,S.BAKKER,2024-05-02
1800001291,2024-08-30,F2,NL01,NL01,10,00,De Vries Energy Solutions B.V.,De Vries Energy Solutions B.V.,Netherlands,Analytics Suite License (Annual),17669.46,EUR,SO-3955851,2024/08,R.JANSSEN,2024-08-30
1800001292,2025-02-06,F2,NL01,NL01,10,00,De Groot Handelsonderneming B.V.,De Groot Handelsonderneming B.V.,Netherlands,Industrial Network Switch NS-24,17532.69,EUR,SO-7698018,2025/02,M.DEVRIES,2025-02-06
1800001293,2024-08-15,F2,NL01,NL01,10,00,Van den Berg Retail Group B.V.,Van den Berg Retail Group B.V.,Netherlands,Electric Motor EM-750,31732.66,EUR,SO-9280705,2024/08,R.JANSSEN,2024-08-15
1800001295,2024-09-06,F2,NL01,NL01,10,00,Duval Distribution SARL,Duval Distribution SARL,France,Automation Controller Pro,14600.91,EUR,SO-5358027,2024/09,A.KOK,2024-09-06
1800001297,2025-03-14,G2,NL01,NL01,10,00,Global Tech Solutions Inc,Global Tech Solutions Inc,United States,PLC Programming Unit,-3294.34,EUR,SO-5172282,2025/03,R.JANSSEN,2025-03-14
1800001298,2024-11-30,F2,NL01,NL01,10,00,Meijer Energie B.V.,Meijer Energie B.V.,Netherlands,Hydraulic Pump Unit HP-450,9906.3,EUR,SO-1402702,2024/11,BATCHJOB,2024-11-30
1800001300,2024-06-21,F2,NL01,NL01,10,00,De Wit Consultancy B.V.,De Wit Consultancy B.V.,Netherlands,PLC Programming Unit,6653.25,EUR,SO-6150954,2024/06,BATCHJOB,2024-06-21
1800001301,2025-01-31,F2,NL01,NL01,10,00,Van den Berg Retail Group B.V.,Van den Berg Retail Group B.V.,Netherlands,Cloud Hosting Subscription (Annual),37000.0,EUR,SO-6845039,2025/01,M.DEVRIES,2025-01-31
1800001303,2024-11-18,F2,NL01,NL01,20,00,De Wit Consultancy B.V.,De Wit Consultancy B.V.,Netherlands,Analytics Suite License (Annual),4891.22,EUR,SO-1181329,2024/11,S.BAKKER,2024-11-18
1800001305,2024-06-26,F2,NL01,NL01,10,00,Van den Berg Retail Group B.V.,Van den Berg Retail Group B.V.,Netherlands,Industrial Network Switch NS-24,5500.0,EUR,SO-4239903,2024/06,A.KOK,2024-06-26
1800001307,2024-06-10,F2,NL01,NL01,10,00,Hendriks Metaalbewerking B.V.,Hendriks Metaalbewerking B.V.,Netherlands,Annual Maintenance Contract,53325.95,EUR,SO-7247352,2024/06,S.BAKKER,2024-06-10
1800001308,2024-09-19,F2,NL01,NL01,10,00,Van der Linden Advies B.V.,Van der Linden Advies B.V.,Netherlands,Analytics Suite License (Annual),8266.53,EUR,SO-3655300,2024/09,S.BAKKER,2024-09-19
1800001310,2024-12-13,F2,NL01,NL01,20,00,Timmermans Bouw B.V.,Timmermans Bouw B.V.,Netherlands,Sensor Calibration Kit,25477.29,EUR,SO-7107155,2024/12,R.JANSSEN,2024-12-13
1800001311,2025-02-21,F2,NL01,NL01,20,00,Verhoeven Technische Handel B.V.,Verhoeven Technische Handel B.V.,Netherlands,Warehouse Management Module,16438.82,EUR,SO-5068575,2025/02,BATCHJOB,2025-02-21
1800001312,2024-09-05,F2,NL01,NL01,10,00,Willemsen Innovatie B.V.,Willemsen Innovatie B.V.,Netherlands,Analytics Suite License (Annual),9405.66,EUR,SO-7400805,2024/09,M.DEVRIES,2024-09-05
1800001313,2025-03-07,F2,NL01,NL01,30,00,Visser Machinebouw B.V.,Visser Machinebouw B.V.,Netherlands,Standard Spare Parts Bundle,3000.0,EUR,SO-9273632,2025/03,S.BAKKER,2025-03-07
1800001314,2024-09-18,F2,NL01,NL01,20,00,Smith and Co Industrial Ltd,Smith and Co Industrial Ltd,United Kingdom,Analytics Suite License (Annual),36127.25,EUR,SO-6055852,2024/09,BATCHJOB,2024-09-18
1800001315,2024-10-24,F2,NL01,NL01,20,00,Timmermans Bouw B.V.,Timmermans Bouw B.V.,Netherlands,Analytics Suite License (Annual),15901.51,EUR,SO-5847676,2024/10,S.BAKKER,2024-10-24
1800001316,2025-03-28,F2,NL01,NL01,20,00,Van der Heijden Supply Chain B.V.,Van der Heijden Supply Chain B.V.,Netherlands,Cloud Hosting Subscription (Annual),9069.86,EUR,SO-2013099,2025/03,M.DEVRIES,2025-03-28
1800001318,2024-05-03,F2,NL01,NL01,10,00,Hendriks Metaalbewerking B.V.,Hendriks Metaalbewerking B.V.,Netherlands,Conveyor Belt System CB-12,5543.44,EUR,SO-8951075,2024/05,A.KOK,2024-05-03
1800001319,2024-11-05,F2,NL01,NL01,10,00,Rotterdam Haven Diensten B.V.,Rotterdam Haven Diensten B.V.,Netherlands,Standard Spare Parts Bundle,11500.0,EUR,SO-3032421,2024/11,BATCHJOB,2024-11-05
1800001321,2025-02-21,F2,NL01,NL01,10,00,Schouten Productie B.V.,Schouten Productie B.V.,Netherlands,PLC Programming Unit,15036.26,EUR,SO-3475850,2025/02,BATCHJOB,2025-02-21
1800001322,2024-11-05,F2,NL01,NL01,20,00,Hendriks Metaalbewerking B.V.,Hendriks Metaalbewerking B.V.,Netherlands,Safety System Upgrade Kit,1986.0,EUR,SO-4598108,2024/11,M.DEVRIES,2024-11-05
1800001324,2024-07-25,F2,NL01,NL01,10,00,Visser Machinebouw B.V.,Visser Machinebouw B.V.,Netherlands,Automation Controller Pro,23128.52,EUR,SO-7314016,2024/07,BATCHJOB,2024-07-25
1800001325,2024-10-25,F2,NL01,NL01,10,00,Timmermans Bouw B.V.,Timmermans Bouw B.V.,Netherlands,Hydraulic Pump Unit HP-450,21772.6,EUR,SO-2085773,2024/10,A.KOK,2024-10-25
1800001327,2024-08-07,F2,NL01,NL01,30,00,Willemsen Innovatie B.V.,Willemsen Innovatie B.V.,Netherlands,Conveyor Belt System CB-12,2411.26,EUR,SO-4635312,2024/08,M.DEVRIES,2024-08-07
1800001328,2025-02-03,F2,NL01,NL01,30,00,Hendriks Metaalbewerking B.V.,Hendriks Metaalbewerking B.V.,Netherlands,Support Retainer Services,37264.86,EUR,SO-1027824,2025/02,S.BAKKER,2025-02-03
1800001329,2024-05-29,F2,NL01,NL01,10,00,Schneider Maschinenbau GmbH,Schneider Maschinenbau GmbH,Germany,ERP Connector License (Annual),21758.31,EUR,SO-9161642,2024/05,R.JANSSEN,2024-05-29
1800001331,2024-05-24,F2,NL01,NL01,10,00,Timmermans Bouw B.V.,Timmermans Bouw B.V.,Netherlands,Warehouse Management Module,6812.26,EUR,SO-1854881,2024/05,R.JANSSEN,2024-05-24
1800001332,2024-07-04,F2,NL01,NL01,10,00,Schouten Productie B.V.,Schouten Productie B.V.,Netherlands,Cloud Hosting Subscription (Annual),18257.91,EUR,SO-2111610,2024/07,S.BAKKER,2024-07-04
1800001333,2025-02-21,F2,NL01,NL01,20,00,Hendriks Metaalbewerking B.V.,Hendriks Metaalbewerking B.V.,Netherlands,Technical Training Package,5603.49,EUR,SO-9059667,2025/02,M.DEVRIES,2025-02-21
1800001334,2024-12-02,G2,NL01,NL01,20,00,Hendriks Metaalbewerking B.V.,Hendriks Metaalbewerking B.V.,Netherlands,Analytics Suite License (Annual),-6078.94,EUR,SO-1944297,2024/12,S.BAKKER,2024-12-02
1800001335,2024-09-18,F2,NL01,NL01,30,00,Hendriks Metaalbewerking B.V.,Hendriks Metaalbewerking B.V.,Netherlands,Annual Maintenance Contract,18859.6,EUR,SO-4012700,2024/09,M.DEVRIES,2024-09-18
1800001336,2025-03-25,F2,NL01,NL01,10,00,De Boer Industrial N.V.,De Boer Industrial N.V.,Netherlands,Safety System Upgrade Kit,15388.78,EUR,SO-3257401,2025/03,R.JANSSEN,2025-03-25
1800001338,2024-07-03,F2,NL01,NL01,10,00,Van der Berg Logistiek B.V.,Van der Berg Logistiek B.V.,Netherlands,Industrial Sensor Module X200,4549.03,EUR,SO-5013100,2024/07,A.KOK,2024-07-03
1800001339,2025-02-25,F2,NL01,NL01,10,00,Global Tech Solutions Inc,Global Tech Solutions Inc,United States,PLC Programming Unit,27058.21,EUR,SO-5460957,2025/02,A.KOK,2025-02-25
1800001340,2024-05-02,F2,NL01,NL01,30,00,Van den Berg Retail Group B.V.,Van den Berg Retail Group B.V.,Netherlands,Implementation Consulting Services,5000.0,EUR,SO-6987842,2024/05,S.BAKKER,2024-05-02
1800001341,2025-01-24,F2,NL01,NL01,20,00,Timmermans Bouw B.V.,Timmermans Bouw B.V.,Netherlands,Industrial Network Switch NS-24,28660.33,EUR,SO-7112517,2025/01,S.BAKKER,2025-01-24
1800001343,2025-03-12,F2,NL01,NL01,10,00,Amsterdam Tech Solutions B.V.,Amsterdam Tech Solutions B.V.,Netherlands,Safety System Upgrade Kit,11915.42,EUR,SO-6943899,2025/03,R.JANSSEN,2025-03-12
1800001345,2025-02-14,F2,NL01,NL01,30,00,Post Digitale Diensten B.V.,Post Digitale Diensten B.V.,Netherlands,Custom Integration Services,18521.77,EUR,SO-7090805,2025/02,S.BAKKER,2025-02-14
1800001346,2024-06-25,F2,NL01,NL01,10,00,Rotterdam Haven Diensten B.V.,Rotterdam Haven Diensten B.V.,Netherlands,Sensor Calibration Kit,8103.18,EUR,SO-5667396,2024/06,R.JANSSEN,2024-06-25
1800001347,2025-02-06,F2,NL01,NL01,10,00,Dekker IT Solutions B.V.,Dekker IT Solutions B.V.,Netherlands,Automation Controller Pro,27931.56,EUR,SO-4254231,2025/02,BATCHJOB,2025-02-06
1800001349,2024-10-02,F2,NL01,NL01,10,00,Amsterdam Tech Solutions B.V.,Amsterdam Tech Solutions B.V.,Netherlands,Sensor Calibration Kit,8100.77,EUR,SO-3539556,2024/10,R.JANSSEN,2024-10-02
1800001350,2025-01-10,F2,NL01,NL01,10,00,Hendriks Metaalbewerking B.V.,Hendriks Metaalbewerking B.V.,Netherlands,Safety System Upgrade Kit,14000.0,EUR,SO-6562368,2025/01,M.DEVRIES,2025-01-10
1800001352,2024-12-05,F2,NL01,NL01,20,00,Hendriks Metaalbewerking B.V.,Hendriks Metaalbewerking B.V.,Netherlands,Industrial Network Switch NS-24,27000.0,EUR,SO-1560484,2024/12,A.KOK,2024-12-05
1800001353,2024-09-25,F2,NL01,NL01,20,00,Hofman Electro B.V.,Hofman Electro B.V.,Netherlands,Data Migration Services,15118.23,EUR,SO-9211839,2024/09,A.KOK,2024-09-25
1800001354,2024-09-06,F2,NL01,NL01,20,00,Bos Facility Services B.V.,Bos Facility Services B.V.,Netherlands,Annual Maintenance Contract,29189.21,EUR,SO-2303912,2024/09,BATCHJOB,2024-09-06
1800001355,2024-05-30,F2,NL01,NL01,20,00,Willemsen Innovatie B.V.,Willemsen Innovatie B.V.,Netherlands,Electric Motor EM-750,23261.04,EUR,SO-5191524,2024/05,BATCHJOB,2024-05-30
1800001357,2024-10-26,F2,NL01,NL01,30,00,Dekker IT Solutions B.V.,Dekker IT Solutions B.V.,Netherlands,Safety System Upgrade Kit,37564.9,EUR,SO-4338877,2024/10,M.DEVRIES,2024-10-26
1800001359,2025-03-10,F2,NL01,NL01,10,00,Global Tech Solutions Inc,Global Tech Solutions Inc,United States,Conveyor Belt System CB-12,4530.0,EUR,SO-1441864,2025/03,S.BAKKER,2025-03-10
1800001361,2025-03-28,F2,NL01,NL01,10,00,Martens Industrieel B.V.,Martens Industrieel B.V.,Netherlands,ERP Connector License (Annual),8996.68,EUR,SO-5301348,2025/03,S.BAKKER,2025-03-28
1800001363,2024-10-16,F2,NL01,NL01,30,00,Verhoeven Technische Handel B.V.,Verhoeven Technische Handel B.V.,Netherlands,Warehouse Management Module,20096.62,EUR,SO-9305548,2024/10,M.DEVRIES,2024-10-16
1800001364,2025-02-05,F2,NL01,NL01,30,00,Van den Berg Retail Group B.V.,Van den Berg Retail Group B.V.,Netherlands,Warehouse Management Module,6865.12,EUR,SO-4278166,2025/02,S.BAKKER,2025-02-05
1800001366,2024-08-29,F2,NL01,NL01,10,00,Martens Industrieel B.V.,Martens Industrieel B.V.,Netherlands,Industrial Sensor Module X200,17792.36,EUR,SO-8262672,2024/08,R.JANSSEN,2024-08-29
1800001368,2025-03-31,F2,NL01,NL01,30,00,Van den Berg Retail Group B.V.,Van den Berg Retail Group B.V.,Netherlands,Cloud Hosting Subscription (Annual),35194.45,EUR,SO-3003147,2025/03,M.DEVRIES,2025-03-31
1800001370,2024-10-29,F2,NL01,NL01,20,00,Van der Berg Logistiek B.V.,Van der Berg Logistiek B.V.,Netherlands,Warehouse Management Module,5000.0,EUR,SO-5161555,2024/10,M.DEVRIES,2024-10-29
1800001372,2024-11-25,F2,NL01,NL01,10,00,Rotterdam Haven Diensten B.V.,Rotterdam Haven Diensten B.V.,Netherlands,Sensor Calibration Kit,10671.64,EUR,SO-4025157,2024/11,BATCHJOB,2024-11-25
1800001374,2024-11-28,F2,NL01,NL01,10,00,De Vries Energy Solutions B.V.,De Vries Energy Solutions B.V.,Netherlands,ERP Connector License (Annual),22754.06,EUR,SO-2107496,2024/11,R.JANSSEN,2024-11-28
1800001376,2025-03-25,F2,NL01,NL01,10,00,Post Digitale Diensten B.V.,Post Digitale Diensten B.V.,Netherlands,Custom Integration Services,12233.51,EUR,SO-3121240,2025/03,BATCHJOB,2025-03-25
1800001378,2024-06-13,F2,NL01,NL01,10,00,Van Leeuwen Staal B.V.,Van Leeuwen Staal B.V.,Netherlands,Annual Maintenance Contract,19799.0,EUR,SO-9444859,2024/06,R.JANSSEN,2024-06-13
1800001379,2024-12-10,F2,NL01,NL01,10,00,Vermeulen Logistics B.V.,Vermeulen Logistics B.V.,Netherlands,Conveyor Belt System CB-12,28706.02,EUR,SO-6175403,2024/12,S.BAKKER,2024-12-10
1800001381,2025-02-21,F2,NL01,NL01,20,00,Timmermans Bouw B.V.,Timmermans Bouw B.V.,Netherlands,Electric Motor EM-750,10998.61,EUR,SO-4404122,2025/02,M.DEVRIES,2025-02-21
1800001382,2024-04-19,F2,NL01,NL01,20,00,Hofman Electro B.V.,Hofman Electro B.V.,Netherlands,Industrial Network Switch NS-24,4872.6,EUR,SO-9920066,2024/04,S.BAKKER,2024-04-19
1800001384,2024-11-07,F2,NL01,NL01,10,00,Van der Heijden Supply Chain B.V.,Van der Heijden Supply Chain B.V.,Netherlands,Safety System Upgrade Kit,5061.39,EUR,SO-1810870,2024/11,R.JANSSEN,2024-11-07
1800001386,2025-02-21,F2,NL01,NL01,20,00,De Boer Industrial N.V.,De Boer Industrial N.V.,Netherlands,Industrial Sensor Module X200,10387.22,EUR,SO-5183583,2025/02,BATCHJOB,2025-02-21
1800001388,2024-06-25,F2,NL01,NL01,10,00,Hendriks Metaalbewerking B.V.,Hendriks Metaalbewerking B.V.,Netherlands,Conveyor Belt System CB-12,9838.98,EUR,SO-9189276,2024/06,BATCHJOB,2024-06-25
1800001390,2024-09-30,F2,NL01,NL01,30,00,Hendriks Metaalbewerking B.V.,Hendriks Metaalbewerking B.V.,Netherlands,Implementation Consulting Services,4638.83,EUR,SO-1405205,2024/09,M.DEVRIES,2024-09-30
1800001391,2024-08-19,F2,NL01,NL01,10,00,Muller Industrietechnik GmbH,Muller Industrietechnik GmbH,Germany,Custom Integration Services,10138.68,EUR,SO-7983632,2024/08,R.JANSSEN,2024-08-19
1800001392,2025-01-13,F2,NL01,NL01,20,00,Hendriks Metaalbewerking B.V.,Hendriks Metaalbewerking B.V.,Netherlands,Standard Spare Parts Bundle,18000.0,EUR,SO-6724071,2025/01,A.KOK,2025-01-13
1800001394,2025-02-28,F2,NL01,NL01,10,00,Global Tech Solutions Inc,Global Tech Solutions Inc,United States,PLC Programming Unit,24715.08,EUR,SO-6995964,2025/02,A.KOK,2025-02-28
1800001396,2024-04-23,F2,NL01,NL01,20,00,Schneider Maschinenbau GmbH,Schneider Maschinenbau GmbH,Germany,Standard Spare Parts Bundle,39312.85,EUR,SO-6644153,2024/04,R.JANSSEN,2024-04-23
1800001398,2024-12-21,F2,NL01,NL01,10,00,De Boer Industrial N.V.,De Boer Industrial N.V.,Netherlands,Industrial Sensor Module X200,26252.2,EUR,SO-3522794,2024/12,R.JANSSEN,2024-12-21
1800001400,2025-02-21,F2,NL01,NL01,20,00,Amsterdam Tech Solutions B.V.,Amsterdam Tech Solutions B.V.,Netherlands,Support Retainer Services,5628.46,EUR,SO-3776252,2025/02,A.KOK,2025-02-21
1800001401,2024-10-16,F2,NL01,NL01,10,00,Verhoeven Technische Handel B.V.,Verhoeven Technische Handel B.V.,Netherlands,Analytics Suite License (Annual),5514.66,EUR,SO-6799007,2024/10,S.BAKKER,2024-10-16
1800001402,2025-03-13,F2,NL01,NL01,10,00,Peters Automatisering B.V.,Peters Automatisering B.V.,Netherlands,Safety System Upgrade Kit,5689.17,EUR,SO-9214892,2025/03,A.KOK,2025-03-13
1800001403,2025-01-22,F2,NL01,NL01,30,00,Mulder Groothandel B.V.,Mulder Groothandel B.V.,Netherlands,PLC Programming Unit,18758.77,EUR,SO-6205392,2025/01,BATCHJOB,2025-01-22
1800001405,2024-09-16,F2,NL01,NL01,20,00,Schneider Maschinenbau GmbH,Schneider Maschinenbau GmbH,Germany,Safety System Upgrade Kit,17217.9,EUR,SO-6190580,2024/09,R.JANSSEN,2024-09-16
1800001407,2025-03-03,F2,NL01,NL01,20,00,Schneider Maschinenbau GmbH,Schneider Maschinenbau GmbH,Germany,Automation Controller Pro,32000.0,EUR,SO-7614487,2025/03,S.BAKKER,2025-03-03
1800001408,2024-05-08,F2,NL01,NL01,10,00,Van Leeuwen Staal B.V.,Van Leeuwen Staal B.V.,Netherlands,Conveyor Belt System CB-12,6881.25,EUR,SO-8404943,2024/05,R.JANSSEN,2024-05-08
1800001410,2025-03-08,F2,NL01,NL01,10,00,Hendriks Metaalbewerking B.V.,Hendriks Metaalbewerking B.V.,Netherlands,Industrial Sensor Module X200,58043.6,EUR,SO-8125973,2025/03,A.KOK,2025-03-08
1800001411,2024-07-26,F2,NL01,NL01,20,00,Smit Engineering B.V.,Smit Engineering B.V.,Netherlands,Safety System Upgrade Kit,13681.42,EUR,SO-5813660,2024/07,BATCHJOB,2024-07-26
1800001412,2024-10-11,F2,NL01,NL01,20,00,Verhoeven Technische Handel B.V.,Verhoeven Technische Handel B.V.,Netherlands,Data Migration Services,7346.06,EUR,SO-2478854,2024/10,S.BAKKER,2024-10-11
1800001413,2024-05-09,F2,NL01,NL01,30,00,De Wit Consultancy B.V.,De Wit Consultancy B.V.,Netherlands,Custom Integration Services,9927.16,EUR,SO-1446493,2024/05,M.DEVRIES,2024-05-09
1800001414,2024-11-11,F2,NL01,NL01,10,00,Global Tech Solutions Inc,Global Tech Solutions Inc,United States,Conveyor Belt System CB-12,9944.67,EUR,SO-6987592,2024/11,R.JANSSEN,2024-11-11
1800001416,2025-01-02,F2,NL01,NL01,10,00,Schneider Maschinenbau GmbH,Schneider Maschinenbau GmbH,Germany,Industrial Sensor Module X200,8564.01,EUR,SO-8045140,2025/01,R.JANSSEN,2025-01-02
1800001418,2024-10-01,F2,NL01,NL01,10,00,Rotterdam Haven Diensten B.V.,Rotterdam Haven Diensten B.V.,Netherlands,Sensor Calibration Kit,39598.56,EUR,SO-4405429,2024/10,R.JANSSEN,2024-10-01
1800001419,2024-06-05,F2,NL01,NL01,10,00,Mulder Groothandel B.V.,Mulder Groothandel B.V.,Netherlands,Custom Integration Services,4785.39,EUR,SO-2407023,2024/06,A.KOK,2024-06-05
1800001420,2025-03-04,F2,NL01,NL01,10,00,Van der Berg Logistiek B.V.,Van der Berg Logistiek B.V.,Netherlands,Sensor Calibration Kit,22637.6,EUR,SO-2248863,2025/03,M.DEVRIES,2025-03-04
1800001421,2024-06-17,F2,NL01,NL01,10,00,Smit Engineering B.V.,Smit Engineering B.V.,Netherlands,Annual Maintenance Contract,18207.95,EUR,SO-1509141,2024/06,S.BAKKER,2024-06-17
1800001422,2024-09-17,F2,NL01,NL01,20,00,Martens Industrieel B.V.,Martens Industrieel B.V.,Netherlands,Standard Spare Parts Bundle,11816.35,EUR,SO-6996328,2024/09,R.JANSSEN,2024-09-17
1800001423,2024-10-31,F2,NL01,NL01,10,00,Van den Berg Retail Group B.V.,Van den Berg Retail Group B.V.,Netherlands,Conveyor Belt System CB-12,11101.31,EUR,SO-4888386,2024/10,BATCHJOB,2024-10-31
1800001424,2024-11-21,F2,NL01,NL01,10,00,Hendriks Metaalbewerking B.V.,Hendriks Metaalbewerking B.V.,Netherlands,Support Retainer Services,12283.48,EUR,SO-6111498,2024/11,S.BAKKER,2024-11-21
1800001425,2025-03-15,F2,NL01,NL01,10,00,Hendriks Metaalbewerking B.V.,Hendriks Metaalbewerking B.V.,Netherlands,PLC Programming Unit,19500.0,EUR,SO-8789356,2025/03,R.JANSSEN,2025-03-15
1800001427,2025-02-03,F2,NL01,NL01,20,00,Rotterdam Haven Diensten B.V.,Rotterdam Haven Diensten B.V.,Netherlands,Warehouse Management Module,21079.79,EUR,SO-4377685,2025/02,BATCHJOB,2025-02-03
1800001429,2024-04-04,F2,NL01,NL01,10,00,Dekker IT Solutions B.V.,Dekker IT Solutions B.V.,Netherlands,Industrial Network Switch NS-24,4309.91,EUR,SO-4211655,2024/04,M.DEVRIES,2024-04-04
1800001430,2024-05-20,F2,NL01,NL01,20,00,De Wit Consultancy B.V.,De Wit Consultancy B.V.,Netherlands,Safety System Upgrade Kit,12254.87,EUR,SO-4378265,2024/05,BATCHJOB,2024-05-20
1800001432,2024-04-08,F2,NL01,NL01,10,00,Hendriks Metaalbewerking B.V.,Hendriks Metaalbewerking B.V.,Netherlands,Implementation Consulting Services,11891.54,EUR,SO-7103461,2024/04,M.DEVRIES,2024-04-08
1800001434,2025-01-20,F2,NL01,NL01,10,00,Hendriks Metaalbewerking B.V.,Hendriks Metaalbewerking B.V.,Netherlands,Safety System Upgrade Kit,23402.7,EUR,SO-4980949,2025/01,S.BAKKER,2025-01-20
1800001435,2024-10-03,F2,NL01,NL01,10,00,Hendriks Metaalbewerking B.V.,Hendriks Metaalbewerking B.V.,Netherlands,ERP Connector License (Annual),7057.33,EUR,SO-5899633,2024/10,R.JANSSEN,2024-10-03
1800001436,2025-03-06,F2,NL01,NL01,30,00,Hendriks Metaalbewerking B.V.,Hendriks Metaalbewerking B.V.,Netherlands,Support Retainer Services,7671.54,EUR,SO-7494994,2025/03,BATCHJOB,2025-03-06
1800001437,2024-12-19,F2,NL01,NL01,20,00,Hendriks Metaalbewerking B.V.,Hendriks Metaalbewerking B.V.,Netherlands,Conveyor Belt System CB-12,7447.29,EUR,SO-3230523,2024/12,M.DEVRIES,2024-12-19
1800001439,2024-11-13,F2,NL01,NL01,20,00,Hendriks Metaalbewerking B.V.,Hendriks Metaalbewerking B.V.,Netherlands,ERP Connector License (Annual),19731.01,EUR,SO-7654576,2024/11,A.KOK,2024-11-13
1800001440,2024-06-11,F2,NL01,NL01,10,00,Timmermans Bouw B.V.,Timmermans Bouw B.V.,Netherlands,Sensor Calibration Kit,4390.8,EUR,SO-5431226,2024/06,BATCHJOB,2024-06-11
1800001441,2025-03-12,F2,NL01,NL01,10,00,Timmermans Bouw B.V.,Timmermans Bouw B.V.,Netherlands,Standard Spare Parts Bundle,21000.0,EUR,SO-5250864,2025/03,S.BAKKER,2025-03-12
1800001443,2025-03-20,F2,NL01,NL01,10,00,De Vries Energy Solutions B.V.,De Vries Energy Solutions B.V.,Netherlands,Safety System Upgrade Kit,25500.0,EUR,SO-7409813,2025/03,M.DEVRIES,2025-03-20
1800001445,2024-10-13,F2,NL01,NL01,30,00,Global Tech Solutions Inc,Global Tech Solutions Inc,United States,Standard Spare Parts Bundle,5384.25,EUR,SO-5656906,2024/10,A.KOK,2024-10-13
1800001446,2024-10-21,F2,NL01,NL01,20,00,Timmermans Bouw B.V.,Timmermans Bouw B.V.,Netherlands,Industrial Sensor Module X200,9352.89,EUR,SO-4293391,2024/10,A.KOK,2024-10-21
1800001448,2024-05-16,F2,NL01,NL01,10,00,Hendriks Metaalbewerking B.V.,Hendriks Metaalbewerking B.V.,Netherlands,Warehouse Management Module,6153.5,EUR,SO-1864465,2024/05,BATCHJOB,2024-05-16
1800001449,2024-10-31,F2,NL01,NL01,10,00,Bos Facility Services B.V.,Bos Facility Services B.V.,Netherlands,Annual Maintenance Contract,4036.02,EUR,SO-7607140,2024/10,A.KOK,2024-10-31
1800001451,2024-10-24,F2,NL01,NL01,10,00,Van Damme Trading NV,Van Damme Trading NV,Belgium,Conveyor Belt System CB-12,20395.37,EUR,SO-1041768,2024/10,S.BAKKER,2024-10-24
1800001453,2024-07-18,F2,NL01,NL01,10,00,Hendriks Metaalbewerking B.V.,Hendriks Metaalbewerking B.V.,Netherlands,Data Migration Services,28926.93,EUR,SO-4206889,2024/07,A.KOK,2024-07-18
1800001454,2024-07-04,F2,NL01,NL01,10,00,Hendriks Metaalbewerking B.V.,Hendriks Metaalbewerking B.V.,Netherlands,Custom Integration Services,9444.24,EUR,SO-6352385,2024/07,S.BAKKER,2024-07-04
1800001455,2024-06-05,F2,NL01,NL01,20,00,Kuipers Machinefabriek B.V.,Kuipers Machinefabriek B.V.,Netherlands,Custom Integration Services,11753.04,EUR,SO-3203726,2024/06,S.BAKKER,2024-06-05
1800001457,2025-01-06,F2,NL01,NL01,20,00,Post Digitale Diensten B.V.,Post Digitale Diensten B.V.,Netherlands,Automation Controller Pro,10873.5,EUR,SO-4478082,2025/01,A.KOK,2025-01-06
1800001459,2024-11-29,F2,NL01,NL01,10,00,Timmermans Bouw B.V.,Timmermans Bouw B.V.,Netherlands,Electric Motor EM-750,9684.43,EUR,SO-4267873,2024/11,R.JANSSEN,2024-11-29
1800001460,2024-09-09,F2,NL01,NL01,10,00,Martens Industrieel B.V.,Martens Industrieel B.V.,Netherlands,Implementation Consulting Services,18229.55,EUR,SO-7516790,2024/09,A.KOK,2024-09-09
1800001462,2024-08-08,F2,NL01,NL01,10,00,Van Dijk Transport B.V.,Van Dijk Transport B.V.,Netherlands,Custom Integration Services,6333.22,EUR,SO-7663964,2024/08,S.BAKKER,2024-08-08
1800001463,2025-03-11,F2,NL01,NL01,30,00,Dekker IT Solutions B.V.,Dekker IT Solutions B.V.,Netherlands,PLC Programming Unit,7938.88,EUR,SO-6725103,2025/03,R.JANSSEN,2025-03-11
1800001465,2024-11-29,F2,NL01,NL01,10,00,Dekker IT Solutions B.V.,Dekker IT Solutions B.V.,Netherlands,Sensor Calibration Kit,29879.87,EUR,SO-7332360,2024/11,M.DEVRIES,2024-11-29
1800001467,2024-04-09,F2,NL01,NL01,10,00,Jansen Bouwmaterialen B.V.,Jansen Bouwmaterialen B.V.,Netherlands,Annual Maintenance Contract,13906.52,EUR,SO-2228484,2024/04,R.JANSSEN,2024-04-09
1800001469,2024-09-06,F2,NL01,NL01,20,00,Dekker IT Solutions B.V.,Dekker IT Solutions B.V.,Netherlands,Implementation Consulting Services,20361.25,EUR,SO-2191837,2024/09,R.JANSSEN,2024-09-06
1800001470,2024-06-22,F2,NL01,NL01,30,00,De Vries Energy Solutions B.V.,De Vries Energy Solutions B.V.,Netherlands,Electric Motor EM-750,11769.16,EUR,SO-4179840,2024/06,BATCHJOB,2024-06-22
1800001472,2024-12-29,F2,NL01,NL01,20,00,Hendriks Metaalbewerking B.V.,Hendriks Metaalbewerking B.V.,Netherlands,Safety System Upgrade Kit,16539.07,EUR,SO-2231019,2024/12,A.KOK,2024-12-29
1800001474,2024-12-31,F2,NL01,NL01,20,00,Hendriks Metaalbewerking B.V.,Hendriks Metaalbewerking B.V.,Netherlands,Sensor Calibration Kit,13960.45,EUR,SO-6792525,2024/12,A.KOK,2024-12-31
1800001476,2024-04-04,F2,NL01,NL01,10,00,Van den Berg Retail Group B.V.,Van den Berg Retail Group B.V.,Netherlands,Electric Motor EM-750,6481.43,EUR,SO-3266824,2024/04,R.JANSSEN,2024-04-04
1800001478,2024-11-29,F2,NL01,NL01,10,00,Jansen Bouwmaterialen B.V.,Jansen Bouwmaterialen B.V.,Netherlands,Custom Integration Services,939220.32,EUR,SO-4303258,2024/11,S.BAKKER,2024-11-29
1800001479,2024-07-05,F2,NL01,NL01,30,00,Kok Software B.V.,Kok Software B.V.,Netherlands,Custom Integration Services,634490.27,EUR,SO-5921473,2024/07,S.BAKKER,2024-07-05
1800001481,2025-03-17,F2,NL01,NL01,30,00,Timmermans Bouw B.V.,Timmermans Bouw B.V.,Netherlands,Custom Integration Services,779928.19,EUR,SO-2582071,2025/03,BATCHJOB,2025-03-17
1800001483,2024-05-06,F2,NL01,NL01,10,00,De Boer Industrial N.V.,De Boer Industrial N.V.,Netherlands,Custom Integration Services,617177.65,EUR,SO-5883025,2024/05,BATCHJOB,2024-05-06
1800001485,2025-03-26,F2,NL01,NL01,30,00,Brouwer Data Systems B.V.,Brouwer Data Systems B.V.,Netherlands,Custom Integration Services,1298736.37,EUR,SO-5751432,2025/03,R.JANSSEN,2025-03-26
1800001486,2025-02-08,F2,NL01,NL01,10,00,Bakker Elektronica B.V.,Bakker Elektronica B.V.,Netherlands,Hydraulic Pump Unit HP-450,3318.59,EUR,SO-3034362,2025/02,R.JANSSEN,2025-02-08
1800001488,2024-06-08,F2,NL01,NL01,30,00,Van der Linden Advies B.V.,Van der Linden Advies B.V.,Netherlands,Industrial Sensor Module X200,13166.5,EUR,SO-8008088,2024/06,S.BAKKER,2024-06-08
1800001490,2024-10-27,F2,NL01,NL01,30,00,Bos Facility Services B.V.,Bos Facility Services B.V.,Netherlands,Hydraulic Pump Unit HP-450,7235.02,EUR,SO-6469528,2024/10,A.KOK,2024-10-27
1800001491,2024-12-14,F2,NL01,NL01,30,00,Hendriks Metaalbewerking B.V.,Hendriks Metaalbewerking B.V.,Netherlands,Technical Training Package,23233.17,EUR,SO-6910477,2024/12,S.BAKKER,2024-12-14
1800001492,2024-12-21,F2,NL01,NL01,30,00,Muller Industrietechnik GmbH,Muller Industrietechnik GmbH,Germany,Support Retainer Services,1350.37,EUR,SO-6902046,2024/12,A.KOK,2024-12-21
1800001493,2024-09-29,F2,NL01,NL01,20,00,Smith and Co Industrial Ltd,Smith and Co Industrial Ltd,United Kingdom,Conveyor Belt System CB-12,9541.53,EUR,SO-5144856,2024/09,BATCHJOB,2024-09-29
1800001494,2024-11-30,F2,NL01,NL01,30,00,Brouwer Data Systems B.V.,Brouwer Data Systems B.V.,Netherlands,Warehouse Management Module,21838.14,EUR,SO-2820415,2024/11,S.BAKKER,2024-11-30
1800001496,2024-10-12,F2,NL01,NL01,20,00,De Vries Energy Solutions B.V.,De Vries Energy Solutions B.V.,Netherlands,Standard Spare Parts Bundle,8402.68,EUR,SO-7421302,2024/10,S.BAKKER,2024-10-12
1800001497,2024-06-29,F2,NL01,NL01,30,00,Van der Heijden Supply Chain B.V.,Van der Heijden Supply Chain B.V.,Netherlands,Safety System Upgrade Kit,26458.13,EUR,SO-3935445,2024/06,S.BAKKER,2024-06-29
1800001498,2024-04-21,F2,NL01,NL01,30,00,Hendriks Metaalbewerking B.V.,Hendriks Metaalbewerking B.V.,Netherlands,Annual Maintenance Contract,5036.46,EUR,SO-8447953,2024/04,R.JANSSEN,2024-04-21
1800001500,2025-03-30,F2,NL01,NL01,30,00,Vermeulen Logistics B.V.,Vermeulen Logistics B.V.,Netherlands,ERP Connector License (Annual),106094.91,EUR,SO-4980585,2025/03,M.DEVRIES,2025-03-30
1800001501,2025-03-31,F2,NL01,NL01,30,00,Kok Software B.V.,Kok Software B.V.,Netherlands,Hydraulic Pump Unit HP-450,131377.23,EUR,SO-5343027,2025/03,A.KOK,2025-03-31
1800001502,2025-03-30,F2,NL01,NL01,10,00,Brouwer Data Systems B.V.,Brouwer Data Systems B.V.,Netherlands,Electric Motor EM-750,78544.37,EUR,SO-2795961,2025/03,S.BAKKER,2025-03-30
1800001503,2025-03-31,F2,NL01,NL01,30,00,Hendriks Metaalbewerking B.V.,Hendriks Metaalbewerking B.V.,Netherlands,Standard Spare Parts Bundle,180041.12,EUR,SO-2431128,2025/03,R.JANSSEN,2025-03-31
1800001504,2025-03-30,F2,NL01,NL01,20,00,Global Tech Solutions Inc,Global Tech Solutions Inc,United States,Electric Motor EM-750,98530.17,EUR,SO-9289309,2025/03,R.JANSSEN,2025-03-30
1800001505,2024-12-08,F2,NL01,NL01,10,00,Smith and Co Industrial Ltd,Smith and Co Industrial Ltd,United Kingdom,Standard Spare Parts Bundle,31107.79,EUR,SO-8687795,2024/12,R.JANSSEN,2024-12-08
1800001506,2024-12-09,F2,NL01,NL01,10,00,Smith and Co Industrial Ltd,Smith and Co Industrial Ltd,United Kingdom,Standard Spare Parts Bundle,31107.79,EUR,SO-2316270,2024/12,M.DEVRIES,2024-12-09
1800001508,2024-11-18,F2,NL01,NL01,30,00,Spot Order Client 845 B.V.,Spot Order Client 845 B.V.,Netherlands,Industrial Network Switch NS-24,8354.64,EUR,SO-5815681,2024/11,A.KOK,2024-11-18
1800001509,2025-03-28,F2,NL01,NL01,30,00,Spot Order Client 625 B.V.,Spot Order Client 625 B.V.,Netherlands,Hydraulic Pump Unit HP-450,9102.82,EUR,SO-5093729,2025/03,BATCHJOB,2025-03-28
1800001511,2024-05-06,F2,NL01,NL01,30,00,Spot Order Client 838 B.V.,Spot Order Client 838 B.V.,Netherlands,Support Retainer Services,2568.6,EUR,SO-7732702,2024/05,A.KOK,2024-05-06
