Billing Document,Billing Date,Document Type,Company Code,Sales Organization,Distribution Channel,Division,Sold-to Party Name,Payer,Country Key,Material Description,Net Value,Currency,Reference Sales Order,Fiscal Year Period,Created By,Created On
1900000003,2026-02-17,F2,NL01,NL01,10,00,De Wit Consultancy B.V.,De Wit Consultancy B.V.,Netherlands,Data Migration Services,7594.78,EUR,SO-1429476,2026/02,A.KOK,2026-02-17
1900000004,2026-02-13,F2,NL01,NL01,10,00,Van der Heijden Supply Chain B.V.,Van der Heijden Supply Chain B.V.,Netherlands,Implementation Consulting Services,10247.44,EUR,SO-4545371,2026/02,R.JANSSEN,2026-02-13
1900000005,2025-12-11,F2,NL01,NL01,10,00,Smit Engineering B.V.,Smit Engineering B.V.,Netherlands,Implementation Consulting Services,14000.0,EUR,SO-9648023,2025/12,S.BAKKER,2025-12-11
1900000007,2026-02-04,F2,NL01,NL01,20,00,De Groot Handelsonderneming B.V.,De Groot Handelsonderneming B.V.,Netherlands,Automation Controller Pro,11405.75,EUR,SO-2689526,2026/02,M.DEVRIES,2026-02-04
1900000008,2026-03-24,F2,NL01,NL01,20,00,Visser Machinebouw B.V.,Visser Machinebouw B.V.,Netherlands,Hydraulic Pump Unit HP-450,5736.15,EUR,SO-6704984,2026/03,S.BAKKER,2026-03-24
1900000010,2025-08-08,F2,NL01,NL01,20,00,Hendriks Metaalbewerking B.V.,Hendriks Metaalbewerking B.V.,Netherlands,Hydraulic Pump Unit HP-450,3607.99,EUR,SO-2753328,2025/08,BATCHJOB,2025-08-08
1900000012,2025-10-27,F2,NL01,NL01,20,00,Peters Automatisering B.V.,Peters Automatisering B.V.,Netherlands,Automation Controller Pro,7000.0,EUR,SO-3502207,2025/10,R.JANSSEN,2025-10-27
1900000014,2025-05-21,F2,NL01,NL01,20,00,Meijer Energie B.V.,Meijer Energie B.V.,Netherlands,Electric Motor EM-750,11546.43,EUR,SO-3802839,2025/05,BATCHJOB,2025-05-21
1900000016,2026-03-03,F2,NL01,NL01,10,00,De Vries Energy Solutions B.V.,De Vries Energy Solutions B.V.,Netherlands,Support Retainer Services,11875.99,EUR,SO-4843359,2026/03,A.KOK,2026-03-03
1900000018,2025-12-01,F2,NL01,NL01,30,00,Martens Industrieel B.V.,Martens Industrieel B.V.,Netherlands,PLC Programming Unit,15777.45,EUR,SO-7902314,2025/12,BATCHJOB,2025-12-01
1900000020,2025-11-07,F2,NL01,NL01,10,00,Visser Machinebouw B.V.,Visser Machinebouw B.V.,Netherlands,Cloud Hosting Subscription (Annual),11258.02,EUR,SO-2263948,2025/11,R.JANSSEN,2025-11-07
1900000022,2026-03-12,F2,NL01,NL01,10,00,Van der Heijden Supply Chain B.V.,Van der Heijden Supply Chain B.V.,Netherlands,Safety System Upgrade Kit,31551.09,EUR,SO-3085927,2026/03,M.DEVRIES,2026-03-12
1900000024,2026-03-02,F2,NL01,NL01,10,00,Van der Heijden Supply Chain B.V.,Van der Heijden Supply Chain B.V.,Netherlands,Annual Maintenance Contract,472.38,EUR,SO-8603456,2026/03,A.KOK,2026-03-02
1900000025,2025-05-14,F2,NL01,NL01,10,00,Dijkstra Precision B.V.,Dijkstra Precision B.V.,Netherlands,Implementation Consulting Services,12829.84,EUR,SO-4906681,2025/05,A.KOK,2025-05-14
1900000026,2025-09-25,F2,NL01,NL01,10,00,Verhoeven Technische Handel B.V.,Verhoeven Technische Handel B.V.,Netherlands,Conveyor Belt System CB-12,18000.0,EUR,SO-2596838,2025/09,M.DEVRIES,2025-09-25
1900000027,2025-06-16,F2,NL01,NL01,20,00,Dijkstra Precision B.V.,Dijkstra Precision B.V.,Netherlands,Cloud Hosting Subscription (Annual),8479.07,EUR,SO-4746768,2025/06,BATCHJOB,2025-06-16
1900000028,2025-11-03,F2,NL01,NL01,10,00,Baumann Prazisionstechnik GmbH,Baumann Prazisionstechnik GmbH,Germany,Implementation Consulting Services,3872.69,EUR,SO-2457424,2025/11,R.JANSSEN,2025-11-03
1900000029,2026-03-12,F2,NL01,NL01,20,00,Bos Facility Services B.V.,Bos Facility Services B.V.,Netherlands,PLC Programming Unit,20565.35,EUR,SO-1714741,2026/03,M.DEVRIES,2026-03-12
1900000030,2025-09-17,F2,NL01,NL01,10,00,Hendriks Metaalbewerking B.V.,Hendriks Metaalbewerking B.V.,Netherlands,Warehouse Management Module,17583.91,EUR,SO-8750387,2025/09,S.BAKKER,2025-09-17
1900000032,2025-12-10,F2,NL01,NL01,10,00,De Wit Consultancy B.V.,De Wit Consultancy B.V.,Netherlands,Conveyor Belt System CB-12,25804.78,EUR,SO-4765846,2025/12,A.KOK,2025-12-10
1900000033,2025-12-24,F2,NL01,NL01,20,00,Van der Heijden Supply Chain B.V.,Van der Heijden Supply Chain B.V.,Netherlands,Custom Integration Services,3383.22,EUR,SO-1333574,2025/12,S.BAKKER,2025-12-24
1900000034,2026-01-16,F2,NL01,NL01,10,00,Van Beek Sustainable Energy B.V.,Van Beek Sustainable Energy B.V.,Netherlands,Data Migration Services,20022.55,EUR,SO-2634766,2026/01,BATCHJOB,2026-01-16
1900000035,2026-01-09,F2,NL01,NL01,10,00,Van Dijk Transport B.V.,Van Dijk Transport B.V.,Netherlands,Analytics Suite License (Annual),4571.07,EUR,SO-4402786,2026/01,A.KOK,2026-01-09
1900000037,2026-03-09,F2,NL01,NL01,10,00,Hendriks Metaalbewerking B.V.,Hendriks Metaalbewerking B.V.,Netherlands,Annual Maintenance Contract,27661.57,EUR,SO-3098560,2026/03,R.JANSSEN,2026-03-09
1900000039,2025-04-06,F2,NL01,NL01,20,00,Willemsen Innovatie B.V.,Willemsen Innovatie B.V.,Netherlands,Analytics Suite License (Annual),16500.0,EUR,SO-3028405,2025/04,A.KOK,2025-04-06
1900000040,2025-12-17,F2,NL01,NL01,10,00,De Wit Consultancy B.V.,De Wit Consultancy B.V.,Netherlands,Analytics Suite License (Annual),12799.63,EUR,SO-6110488,2025/12,R.JANSSEN,2025-12-17
1900000042,2025-06-19,F2,NL01,NL01,20,00,Utrecht Systemen B.V.,Utrecht Systemen B.V.,Netherlands,Data Migration Services,3733.16,EUR,SO-6805433,2025/06,BATCHJOB,2025-06-19
1900000044,2025-06-17,F2,NL01,NL01,10,00,Noord Maritiem Diensten B.V.,Noord Maritiem Diensten B.V.,Netherlands,Sensor Calibration Kit,14875.17,EUR,SO-8664757,2025/06,M.DEVRIES,2025-06-17
1900000046,2025-11-12,F2,NL01,NL01,20,00,Noord Maritiem Diensten B.V.,Noord Maritiem Diensten B.V.,Netherlands,Hydraulic Pump Unit HP-450,11015.2,EUR,SO-3856673,2025/11,M.DEVRIES,2025-11-12
1900000048,2025-10-24,F2,NL01,NL01,30,00,Willemsen Innovatie B.V.,Willemsen Innovatie B.V.,Netherlands,Electric Motor EM-750,8380.52,EUR,SO-9131163,2025/10,A.KOK,2025-10-24
1900000049,2025-11-10,F2,NL01,NL01,10,00,Martens Industrieel B.V.,Martens Industrieel B.V.,Netherlands,Conveyor Belt System CB-12,17803.93,EUR,SO-7366364,2025/11,S.BAKKER,2025-11-10
1900000051,2025-05-06,F2,NL01,NL01,10,00,Timmermans Bouw B.V.,Timmermans Bouw B.V.,Netherlands,Custom Integration Services,7365.09,EUR,SO-9021963,2025/05,M.DEVRIES,2025-05-06
1900000053,2025-05-23,F2,NL01,NL01,30,00,Hendriks Metaalbewerking B.V.,Hendriks Metaalbewerking B.V.,Netherlands,Analytics Suite License (Annual),13000.0,EUR,SO-9781222,2025/05,S.BAKKER,2025-05-23
1900000055,2025-05-01,F2,NL01,NL01,10,00,Kramer Robotics B.V.,Kramer Robotics B.V.,Netherlands,Standard Spare Parts Bundle,21083.6,EUR,SO-3333014,2025/05,S.BAKKER,2025-05-01
1900000057,2025-04-09,F2,NL01,NL01,10,00,Post Digitale Diensten B.V.,Post Digitale Diensten B.V.,Netherlands,Annual Maintenance Contract,20162.59,EUR,SO-1752350,2025/04,M.DEVRIES,2025-04-09
1900000059,2025-12-12,F2,NL01,NL01,20,00,Verhoeven Technische Handel B.V.,Verhoeven Technische Handel B.V.,Netherlands,Hydraulic Pump Unit HP-450,12968.8,EUR,SO-5439181,2025/12,A.KOK,2025-12-12
1900000060,2026-02-16,F2,NL01,NL01,10,00,Van Leeuwen Staal B.V.,Van Leeuwen Staal B.V.,Netherlands,Implementation Consulting Services,36726.62,EUR,SO-6131122,2026/02,BATCHJOB,2026-02-16
1900000062,2026-01-13,F2,NL01,NL01,10,00,Smit Engineering B.V.,Smit Engineering B.V.,Netherlands,Standard Spare Parts Bundle,16258.09,EUR,SO-4834186,2026/01,BATCHJOB,2026-01-13
1900000064,2025-07-16,F2,NL01,NL01,10,00,Scholten Data Center Services B.V.,Scholten Data Center Services B.V.,Netherlands,Data Migration Services,13469.05,EUR,SO-7494218,2025/07,BATCHJOB,2025-07-16
1900000065,2025-12-04,F2,NL01,NL01,20,00,Kramer Robotics B.V.,Kramer Robotics B.V.,Netherlands,Electric Motor EM-750,11958.78,EUR,SO-7293396,2025/12,R.JANSSEN,2025-12-04
1900000066,2026-03-20,F2,NL01,NL01,10,00,Dijkstra Precision B.V.,Dijkstra Precision B.V.,Netherlands,Electric Motor EM-750,19944.24,EUR,SO-1352110,2026/03,R.JANSSEN,2026-03-20
1900000067,2026-03-06,F2,NL01,NL01,10,00,Van der Heijden Supply Chain B.V.,Van der Heijden Supply Chain B.V.,Netherlands,PLC Programming Unit,6000.0,EUR,SO-6275115,2026/03,BATCHJOB,2026-03-06
1900000069,2026-02-24,F2,NL01,NL01,10,00,Duval Distribution SARL,Duval Distribution SARL,France,Industrial Sensor Module X200,11864.85,EUR,SO-1106915,2026/02,S.BAKKER,2026-02-24
1900000071,2025-12-02,F2,NL01,NL01,10,00,Duval Distribution SARL,Duval Distribution SARL,France,Annual Maintenance Contract,4646.1,EUR,SO-9197482,2025/12,S.BAKKER,2025-12-02
1900000073,2026-02-26,F2,NL01,NL01,30,00,Van der Heijden Supply Chain B.V.,Van der Heijden Supply Chain B.V.,Netherlands,Cloud Hosting Subscription (Annual),7313.13,EUR,SO-8823993,2026/02,A.KOK,2026-02-26
1900000075,2025-06-09,F2,NL01,NL01,10,00,Dijkstra Precision B.V.,Dijkstra Precision B.V.,Netherlands,PLC Programming Unit,10564.51,EUR,SO-5872717,2025/06,R.JANSSEN,2025-06-09
1900000076,2025-04-25,F2,NL01,NL01,10,00,De Wit Consultancy B.V.,De Wit Consultancy B.V.,Netherlands,Standard Spare Parts Bundle,15916.34,EUR,SO-3473366,2025/04,M.DEVRIES,2025-04-25
1900000078,2025-08-30,F2,NL01,NL01,30,00,Van Leeuwen Staal B.V.,Van Leeuwen Staal B.V.,Netherlands,Warehouse Management Module,17500.0,EUR,SO-6347580,2025/08,A.KOK,2025-08-30
1900000080,2025-09-26,F2,NL01,NL01,10,00,Van Beek Sustainable Energy B.V.,Van Beek Sustainable Energy B.V.,Netherlands,Safety System Upgrade Kit,15001.31,EUR,SO-2414939,2025/09,A.KOK,2025-09-26
1900000082,2025-09-03,F2,NL01,NL01,10,00,Willemsen Innovatie B.V.,Willemsen Innovatie B.V.,Netherlands,Annual Maintenance Contract,21895.73,EUR,SO-3017410,2025/09,M.DEVRIES,2025-09-03
1900000083,2025-07-19,F2,NL01,NL01,10,00,Van der Heijden Supply Chain B.V.,Van der Heijden Supply Chain B.V.,Netherlands,Technical Training Package,50337.22,EUR,SO-6889591,2025/07,R.JANSSEN,2025-07-19
1900000084,2025-12-18,F2,NL01,NL01,30,00,Timmermans Bouw B.V.,Timmermans Bouw B.V.,Netherlands,Electric Motor EM-750,26141.69,EUR,SO-5777915,2025/12,M.DEVRIES,2025-12-18
1900000086,2025-11-14,F2,NL01,NL01,10,00,De Wit Consultancy B.V.,De Wit Consultancy B.V.,Netherlands,Warehouse Management Module,15910.45,EUR,SO-2789365,2025/11,A.KOK,2025-11-14
1900000088,2026-01-26,F2,NL01,NL01,10,00,Van der Heijden Supply Chain B.V.,Van der Heijden Supply Chain B.V.,Netherlands,Implementation Consulting Services,9903.77,EUR,SO-1031495,2026/01,R.JANSSEN,2026-01-26
1900000089,2025-05-30,F2,NL01,NL01,10,00,Noord Maritiem Diensten B.V.,Noord Maritiem Diensten B.V.,Netherlands,Data Migration Services,16885.75,EUR,SO-5965793,2025/05,M.DEVRIES,2025-05-30
1900000090,2025-10-20,F2,NL01,NL01,10,00,Van der Linden Advies B.V.,Van der Linden Advies B.V.,Netherlands,ERP Connector License (Annual),3939.53,EUR,SO-8906412,2025/10,BATCHJOB,2025-10-20
1900000092,2025-07-15,F2,NL01,NL01,10,00,Kramer Robotics B.V.,Kramer Robotics B.V.,Netherlands,Electric Motor EM-750,11585.58,EUR,SO-3003604,2025/07,A.KOK,2025-07-15
1900000094,2026-01-16,F2,NL01,NL01,10,00,Dijkstra Precision B.V.,Dijkstra Precision B.V.,Netherlands,Automation Controller Pro,4312.86,EUR,SO-6083842,2026/01,A.KOK,2026-01-16
1900000096,2025-09-09,F2,NL01,NL01,20,00,Kuipers Machinefabriek B.V.,Kuipers Machinefabriek B.V.,Netherlands,Standard Spare Parts Bundle,22645.71,EUR,SO-6055622,2025/09,M.DEVRIES,2025-09-09
1900000098,2026-03-18,F2,NL01,NL01,20,00,De Groot Handelsonderneming B.V.,De Groot Handelsonderneming B.V.,Netherlands,Support Retainer Services,4173.4,EUR,SO-8504409,2026/03,A.KOK,2026-03-18
1900000100,2025-06-24,F2,NL01,NL01,10,00,Van der Heijden Supply Chain B.V.,Van der Heijden Supply Chain B.V.,Netherlands,Electric Motor EM-750,32786.49,EUR,SO-2481039,2025/06,BATCHJOB,2025-06-24
1900000101,2026-02-05,F2,NL01,NL01,10,00,Van Dijk Transport B.V.,Van Dijk Transport B.V.,Netherlands,Hydraulic Pump Unit HP-450,18214.95,EUR,SO-3746525,2026/02,BATCHJOB,2026-02-05
1900000103,2025-10-31,F2,NL01,NL01,10,00,Brouwer Data Systems B.V.,Brouwer Data Systems B.V.,Netherlands,Data Migration Services,9109.7,EUR,SO-8273315,2025/10,S.BAKKER,2025-10-31
1900000105,2025-12-18,F2,NL01,NL01,10,00,Smit Engineering B.V.,Smit Engineering B.V.,Netherlands,Industrial Network Switch NS-24,12655.38,EUR,SO-4678377,2025/12,A.KOK,2025-12-18
1900000106,2025-12-19,F2,NL01,NL01,30,00,De Wit Consultancy B.V.,De Wit Consultancy B.V.,Netherlands,Analytics Suite License (Annual),13505.89,EUR,SO-8368731,2025/12,BATCHJOB,2025-12-19
1900000107,2026-02-11,F2,NL01,NL01,10,00,Bos Facility Services B.V.,Bos Facility Services B.V.,Netherlands,Standard Spare Parts Bundle,17536.88,EUR,SO-4080202,2026/02,BATCHJOB,2026-02-11
1900000109,2025-11-10,F2,NL01,NL01,10,00,De Groot Handelsonderneming B.V.,De Groot Handelsonderneming B.V.,Netherlands,Hydraulic Pump Unit HP-450,5955.48,EUR,SO-3746210,2025/11,M.DEVRIES,2025-11-10
1900000111,2026-03-18,F2,NL01,NL01,10,00,De Vries Energy Solutions B.V.,De Vries Energy Solutions B.V.,Netherlands,Custom Integration Services,20500.0,EUR,SO-1073225,2026/03,A.KOK,2026-03-18
1900000113,2025-10-08,F2,NL01,NL01,10,00,Van Beek Sustainable Energy B.V.,Van Beek Sustainable Energy B.V.,Netherlands,ERP Connector License (Annual),13958.63,EUR,SO-4252284,2025/10,BATCHJOB,2025-10-08
1900000114,2025-04-23,F2,NL01,NL01,10,00,Noord Maritiem Diensten B.V.,Noord Maritiem Diensten B.V.,Netherlands,Standard Spare Parts Bundle,3480.15,EUR,SO-6731640,2025/04,M.DEVRIES,2025-04-23
1900000116,2025-10-14,F2,NL01,NL01,20,00,Duval Distribution SARL,Duval Distribution SARL,France,Hydraulic Pump Unit HP-450,10235.49,EUR,SO-7862244,2025/10,M.DEVRIES,2025-10-14
1900000118,2025-07-26,F2,NL01,NL01,20,00,Van den Berg Retail Group B.V.,Van den Berg Retail Group B.V.,Netherlands,Implementation Consulting Services,8307.42,EUR,SO-8145777,2025/07,R.JANSSEN,2025-07-26
1900000119,2026-03-30,F2,NL01,NL01,10,00,Van den Berg Retail Group B.V.,Van den Berg Retail Group B.V.,Netherlands,Custom Integration Services,34241.37,EUR,SO-7704840,2026/03,BATCHJOB,2026-03-30
1900000120,2025-08-29,F2,NL01,NL01,30,00,Dekker IT Solutions B.V.,Dekker IT Solutions B.V.,Netherlands,Industrial Network Switch NS-24,21384.14,EUR,SO-4095566,2025/08,S.BAKKER,2025-08-29
1900000122,2025-09-22,F2,NL01,NL01,20,00,Smith and Co Industrial Ltd,Smith and Co Industrial Ltd,United Kingdom,Standard Spare Parts Bundle,8767.42,EUR,SO-8365200,2025/09,A.KOK,2025-09-22
1900000123,2025-07-01,F2,NL01,NL01,10,00,Van der Linden Advies B.V.,Van der Linden Advies B.V.,Netherlands,Support Retainer Services,5742.83,EUR,SO-6277959,2025/07,S.BAKKER,2025-07-01
1900000124,2025-12-16,F2,NL01,NL01,10,00,Brouwer Data Systems B.V.,Brouwer Data Systems B.V.,Netherlands,PLC Programming Unit,5824.92,EUR,SO-5446227,2025/12,R.JANSSEN,2025-12-16
1900000125,2025-04-30,F2,NL01,NL01,10,00,Van der Heijden Supply Chain B.V.,Van der Heijden Supply Chain B.V.,Netherlands,Sensor Calibration Kit,9379.79,EUR,SO-7584888,2025/04,BATCHJOB,2025-04-30
1900000127,2025-04-16,F2,NL01,NL01,10,00,Baumann Prazisionstechnik GmbH,Baumann Prazisionstechnik GmbH,Germany,Technical Training Package,14344.85,EUR,SO-9249593,2025/04,M.DEVRIES,2025-04-16
1900000129,2025-04-21,F2,NL01,NL01,10,00,Van Damme Trading NV,Van Damme Trading NV,Belgium,PLC Programming Unit,36500.0,EUR,SO-6642668,2025/04,R.JANSSEN,2025-04-21
1900000130,2026-03-26,F2,NL01,NL01,20,00,Brouwer Data Systems B.V.,Brouwer Data Systems B.V.,Netherlands,Industrial Sensor Module X200,12351.72,EUR,SO-1416964,2026/03,BATCHJOB,2026-03-26
1900000132,2025-04-15,F2,NL01,NL01,10,00,De Groot Handelsonderneming B.V.,De Groot Handelsonderneming B.V.,Netherlands,Industrial Network Switch NS-24,10973.22,EUR,SO-2639885,2025/04,S.BAKKER,2025-04-15
1900000134,2025-06-04,F2,NL01,NL01,30,00,Mulder Groothandel B.V.,Mulder Groothandel B.V.,Netherlands,ERP Connector License (Annual),6500.0,EUR,SO-1263113,2025/06,M.DEVRIES,2025-06-04
1900000136,2025-08-08,F2,NL01,NL01,10,00,Peters Automatisering B.V.,Peters Automatisering B.V.,Netherlands,Standard Spare Parts Bundle,17555.22,EUR,SO-8740077,2025/08,BATCHJOB,2025-08-08
1900000138,2025-11-19,F2,NL01,NL01,20,00,Post Digitale Diensten B.V.,Post Digitale Diensten B.V.,Netherlands,Analytics Suite License (Annual),12000.0,EUR,SO-3616618,2025/11,M.DEVRIES,2025-11-19
1900000140,2026-03-02,F2,NL01,NL01,10,00,Verhoeven Technische Handel B.V.,Verhoeven Technische Handel B.V.,Netherlands,Safety System Upgrade Kit,6323.99,EUR,SO-8549815,2026/03,BATCHJOB,2026-03-02
1900000141,2026-03-23,F2,NL01,NL01,20,00,Van Damme Trading NV,Van Damme Trading NV,Belgium,Annual Maintenance Contract,7500.0,EUR,SO-3504188,2026/03,M.DEVRIES,2026-03-23
1900000142,2026-03-25,F2,NL01,NL01,10,00,Bos Facility Services B.V.,Bos Facility Services B.V.,Netherlands,Data Migration Services,7757.16,EUR,SO-7045596,2026/03,S.BAKKER,2026-03-25
1900000143,2025-06-04,F2,NL01,NL01,20,00,Bos Facility Services B.V.,Bos Facility Services B.V.,Netherlands,Automation Controller Pro,11354.83,EUR,SO-8949199,2025/06,M.DEVRIES,2025-06-04
1900000145,2025-12-30,F2,NL01,NL01,30,00,Van der Heijden Supply Chain B.V.,Van der Heijden Supply Chain B.V.,Netherlands,Warehouse Management Module,51714.61,EUR,SO-6750378,2025/12,BATCHJOB,2025-12-30
1900000147,2026-03-12,F2,NL01,NL01,20,00,Van der Heijden Supply Chain B.V.,Van der Heijden Supply Chain B.V.,Netherlands,Support Retainer Services,10946.8,EUR,SO-5618688,2026/03,A.KOK,2026-03-12
1900000148,2025-11-19,F2,NL01,NL01,10,00,Noord Maritiem Diensten B.V.,Noord Maritiem Diensten B.V.,Netherlands,Warehouse Management Module,10500.0,EUR,SO-2266870,2025/11,R.JANSSEN,2025-11-19
1900000150,2025-06-12,F2,NL01,NL01,30,00,Smit Engineering B.V.,Smit Engineering B.V.,Netherlands,Annual Maintenance Contract,5000.0,EUR,SO-5113135,2025/06,R.JANSSEN,2025-06-12
1900000151,2025-09-22,F2,NL01,NL01,10,00,Dijkstra Precision B.V.,Dijkstra Precision B.V.,Netherlands,PLC Programming Unit,16346.33,EUR,SO-6235187,2025/09,A.KOK,2025-09-22
1900000152,2025-10-07,F2,NL01,NL01,10,00,Van Leeuwen Staal B.V.,Van Leeuwen Staal B.V.,Netherlands,Cloud Hosting Subscription (Annual),24500.0,EUR,SO-9183239,2025/10,BATCHJOB,2025-10-07
1900000153,2025-05-29,F2,NL01,NL01,30,00,Meijer Energie B.V.,Meijer Energie B.V.,Netherlands,Custom Integration Services,14693.76,EUR,SO-7715308,2025/05,BATCHJOB,2025-05-29
1900000154,2025-11-10,F2,NL01,NL01,10,00,Duval Distribution SARL,Duval Distribution SARL,France,Industrial Sensor Module X200,20019.59,EUR,SO-6864109,2025/11,A.KOK,2025-11-10
1900000156,2026-03-25,F2,NL01,NL01,10,00,Kuipers Machinefabriek B.V.,Kuipers Machinefabriek B.V.,Netherlands,Data Migration Services,6221.48,EUR,SO-9875397,2026/03,S.BAKKER,2026-03-25
1900000157,2026-01-16,F2,NL01,NL01,10,00,Noord Maritiem Diensten B.V.,Noord Maritiem Diensten B.V.,Netherlands,Cloud Hosting Subscription (Annual),9812.13,EUR,SO-4944342,2026/01,A.KOK,2026-01-16
1900000159,2026-01-20,F2,NL01,NL01,10,00,Brouwer Data Systems B.V.,Brouwer Data Systems B.V.,Netherlands,Annual Maintenance Contract,16768.89,EUR,SO-3555704,2026/01,R.JANSSEN,2026-01-20
1900000160,2025-05-09,F2,NL01,NL01,10,00,Van Beek Sustainable Energy B.V.,Van Beek Sustainable Energy B.V.,Netherlands,Standard Spare Parts Bundle,7500.0,EUR,SO-7796704,2025/05,S.BAKKER,2025-05-09
1900000162,2025-05-09,F2,NL01,NL01,10,00,Van den Berg Retail Group B.V.,Van den Berg Retail Group B.V.,Netherlands,Industrial Sensor Module X200,7500.0,EUR,SO-8653676,2025/05,R.JANSSEN,2025-05-09
1900000164,2026-02-03,F2,NL01,NL01,20,00,Noord Maritiem Diensten B.V.,Noord Maritiem Diensten B.V.,Netherlands,Hydraulic Pump Unit HP-450,12936.79,EUR,SO-1638256,2026/02,M.DEVRIES,2026-02-03
1900000166,2026-03-18,F2,NL01,NL01,10,00,Noord Maritiem Diensten B.V.,Noord Maritiem Diensten B.V.,Netherlands,Industrial Sensor Module X200,9000.0,EUR,SO-8126964,2026/03,M.DEVRIES,2026-03-18
1900000168,2025-07-16,F2,NL01,NL01,20,00,Van Dijk Transport B.V.,Van Dijk Transport B.V.,Netherlands,Standard Spare Parts Bundle,4541.37,EUR,SO-6657134,2025/07,BATCHJOB,2025-07-16
1900000170,2025-05-30,F2,NL01,NL01,20,00,Dekker IT Solutions B.V.,Dekker IT Solutions B.V.,Netherlands,Automation Controller Pro,3000.0,EUR,SO-9113273,2025/05,A.KOK,2025-05-30
1900000171,2025-12-24,F2,NL01,NL01,10,00,Global Tech Solutions Inc,Global Tech Solutions Inc,United States,Automation Controller Pro,66354.88,EUR,SO-3923231,2025/12,S.BAKKER,2025-12-24
1900000172,2025-11-03,F2,NL01,NL01,20,00,Hendriks Metaalbewerking B.V.,Hendriks Metaalbewerking B.V.,Netherlands,Cloud Hosting Subscription (Annual),17340.18,EUR,SO-9823154,2025/11,M.DEVRIES,2025-11-03
1900000173,2025-10-14,F2,NL01,NL01,10,00,Van Damme Trading NV,Van Damme Trading NV,Belgium,Technical Training Package,18505.66,EUR,SO-6912568,2025/10,A.KOK,2025-10-14
1900000174,2025-04-21,F2,NL01,NL01,30,00,Kramer Robotics B.V.,Kramer Robotics B.V.,Netherlands,Support Retainer Services,14379.8,EUR,SO-8152986,2025/04,R.JANSSEN,2025-04-21
1900000176,2025-09-12,F2,NL01,NL01,20,00,Martens Industrieel B.V.,Martens Industrieel B.V.,Netherlands,Standard Spare Parts Bundle,23530.24,EUR,SO-7582550,2025/09,A.KOK,2025-09-12
1900000178,2025-12-23,F2,NL01,NL01,20,00,De Groot Handelsonderneming B.V.,De Groot Handelsonderneming B.V.,Netherlands,Sensor Calibration Kit,9875.79,EUR,SO-1638925,2025/12,R.JANSSEN,2025-12-23
1900000179,2026-01-21,F2,NL01,NL01,10,00,Van der Heijden Supply Chain B.V.,Van der Heijden Supply Chain B.V.,Netherlands,Industrial Network Switch NS-24,7549.79,EUR,SO-7284434,2026/01,R.JANSSEN,2026-01-21
1900000180,2026-01-15,F2,NL01,NL01,10,00,Groenendijk Handel B.V.,Groenendijk Handel B.V.,Netherlands,PLC Programming Unit,11771.37,EUR,SO-6454718,2026/01,BATCHJOB,2026-01-15
1900000181,2025-04-08,F2,NL01,NL01,20,00,Smit Engineering B.V.,Smit Engineering B.V.,Netherlands,Industrial Network Switch NS-24,17500.0,EUR,SO-3891074,2025/04,BATCHJOB,2025-04-08
1900000182,2025-12-04,F2,NL01,NL01,10,00,Verhoeven Technische Handel B.V.,Verhoeven Technische Handel B.V.,Netherlands,Standard Spare Parts Bundle,4084.29,EUR,SO-2582205,2025/12,M.DEVRIES,2025-12-04
1900000184,2025-10-30,F2,NL01,NL01,10,00,De Wit Consultancy B.V.,De Wit Consultancy B.V.,Netherlands,Hydraulic Pump Unit HP-450,5856.32,EUR,SO-3835071,2025/10,A.KOK,2025-10-30
1900000186,2025-06-26,F2,NL01,NL01,30,00,Mulder Groothandel B.V.,Mulder Groothandel B.V.,Netherlands,Automation Controller Pro,40500.0,EUR,SO-7515656,2025/06,BATCHJOB,2025-06-26
1900000188,2025-06-09,F2,NL01,NL01,10,00,Martens Industrieel B.V.,Martens Industrieel B.V.,Netherlands,Industrial Sensor Module X200,5097.54,EUR,SO-4062050,2025/06,A.KOK,2025-06-09
1900000190,2025-04-04,F2,NL01,NL01,10,00,Duval Distribution SARL,Duval Distribution SARL,France,Custom Integration Services,23000.0,EUR,SO-3419197,2025/04,BATCHJOB,2025-04-04
1900000192,2026-01-08,F2,NL01,NL01,10,00,Schneider Maschinenbau GmbH,Schneider Maschinenbau GmbH,Germany,Industrial Network Switch NS-24,48415.66,EUR,SO-2020613,2026/01,R.JANSSEN,2026-01-08
1900000194,2026-02-03,F2,NL01,NL01,20,00,Duval Distribution SARL,Duval Distribution SARL,France,Conveyor Belt System CB-12,47500.0,EUR,SO-6662358,2026/02,A.KOK,2026-02-03
1900000195,2026-02-04,F2,NL01,NL01,10,00,Duval Distribution SARL,Duval Distribution SARL,France,Analytics Suite License (Annual),7325.33,EUR,SO-8285923,2026/02,S.BAKKER,2026-02-04
1900000196,2025-09-03,F2,NL01,NL01,10,00,Dijkstra Precision B.V.,Dijkstra Precision B.V.,Netherlands,Implementation Consulting Services,29977.56,EUR,SO-7116051,2025/09,A.KOK,2025-09-03
1900000198,2025-12-02,F2,NL01,NL01,10,00,Kramer Robotics B.V.,Kramer Robotics B.V.,Netherlands,Sensor Calibration Kit,43976.88,EUR,SO-6054171,2025/12,R.JANSSEN,2025-12-02
1900000199,2025-08-06,F2,NL01,NL01,10,00,Groenendijk Handel B.V.,Groenendijk Handel B.V.,Netherlands,Technical Training Package,19680.72,EUR,SO-1578606,2025/08,BATCHJOB,2025-08-06
1900000201,2025-08-12,F2,NL01,NL01,10,00,Van Dijk Transport B.V.,Van Dijk Transport B.V.,Netherlands,PLC Programming Unit,7258.48,EUR,SO-2773199,2025/08,M.DEVRIES,2025-08-12
1900000202,2025-10-23,F2,NL01,NL01,10,00,De Wit Consultancy B.V.,De Wit Consultancy B.V.,Netherlands,Sensor Calibration Kit,9626.67,EUR,SO-9307549,2025/10,M.DEVRIES,2025-10-23
1900000204,2025-11-25,F2,NL01,NL01,20,00,Timmermans Bouw B.V.,Timmermans Bouw B.V.,Netherlands,Technical Training Package,10668.86,EUR,SO-5805322,2025/11,BATCHJOB,2025-11-25
1900000205,2025-11-10,F2,NL01,NL01,10,00,Hofman Electro B.V.,Hofman Electro B.V.,Netherlands,Sensor Calibration Kit,22500.0,EUR,SO-8035733,2025/11,R.JANSSEN,2025-11-10
1900000207,2026-03-12,F2,NL01,NL01,10,00,Brouwer Data Systems B.V.,Brouwer Data Systems B.V.,Netherlands,Hydraulic Pump Unit HP-450,4278.73,EUR,SO-9508647,2026/03,A.KOK,2026-03-12
1900000208,2025-10-30,F2,NL01,NL01,10,00,Smith and Co Industrial Ltd,Smith and Co Industrial Ltd,United Kingdom,ERP Connector License (Annual),4638.24,EUR,SO-8398430,2025/10,S.BAKKER,2025-10-30
1900000209,2026-03-03,F2,NL01,NL01,30,00,Martens Industrieel B.V.,Martens Industrieel B.V.,Netherlands,Hydraulic Pump Unit HP-450,7945.44,EUR,SO-4481127,2026/03,M.DEVRIES,2026-03-03
1900000211,2026-02-04,F2,NL01,NL01,10,00,Dijkstra Precision B.V.,Dijkstra Precision B.V.,Netherlands,Annual Maintenance Contract,17838.54,EUR,SO-7942895,2026/02,S.BAKKER,2026-02-04
1900000213,2025-10-17,F2,NL01,NL01,20,00,Smith and Co Industrial Ltd,Smith and Co Industrial Ltd,United Kingdom,Sensor Calibration Kit,5939.25,EUR,SO-4535882,2025/10,S.BAKKER,2025-10-17
1900000215,2025-10-07,F2,NL01,NL01,10,00,Noord Maritiem Diensten B.V.,Noord Maritiem Diensten B.V.,Netherlands,ERP Connector License (Annual),23591.44,EUR,SO-5305326,2025/10,BATCHJOB,2025-10-07
1900000217,2026-01-08,F2,NL01,NL01,10,00,De Groot Handelsonderneming B.V.,De Groot Handelsonderneming B.V.,Netherlands,Custom Integration Services,18137.14,EUR,SO-9939458,2026/01,M.DEVRIES,2026-01-08
1900000218,2025-06-04,F2,NL01,NL01,30,00,Dijkstra Precision B.V.,Dijkstra Precision B.V.,Netherlands,Implementation Consulting Services,11684.46,EUR,SO-7257565,2025/06,A.KOK,2025-06-04
1900000220,2025-12-26,F2,NL01,NL01,20,00,Dekker IT Solutions B.V.,Dekker IT Solutions B.V.,Netherlands,Industrial Network Switch NS-24,27093.13,EUR,SO-7593498,2025/12,S.BAKKER,2025-12-26
1900000221,2026-03-26,F2,NL01,NL01,20,00,De Vries Energy Solutions B.V.,De Vries Energy Solutions B.V.,Netherlands,Annual Maintenance Contract,22764.52,EUR,SO-1691144,2026/03,R.JANSSEN,2026-03-26
1900000222,2025-10-28,F2,NL01,NL01,20,00,Van der Heijden Supply Chain B.V.,Van der Heijden Supply Chain B.V.,Netherlands,Electric Motor EM-750,29841.02,EUR,SO-3643635,2025/10,R.JANSSEN,2025-10-28
1900000223,2025-09-22,F2,NL01,NL01,20,00,Noord Maritiem Diensten B.V.,Noord Maritiem Diensten B.V.,Netherlands,Conveyor Belt System CB-12,18778.1,EUR,SO-3424028,2025/09,M.DEVRIES,2025-09-22
1900000225,2026-01-30,F2,NL01,NL01,30,00,Visser Machinebouw B.V.,Visser Machinebouw B.V.,Netherlands,Industrial Sensor Module X200,20689.49,EUR,SO-1054026,2026/01,BATCHJOB,2026-01-30
1900000227,2025-12-24,F2,NL01,NL01,10,00,Van der Heijden Supply Chain B.V.,Van der Heijden Supply Chain B.V.,Netherlands,Automation Controller Pro,23499.36,EUR,SO-1457387,2025/12,S.BAKKER,2025-12-24
1900000228,2025-05-29,F2,NL01,NL01,30,00,Bos Facility Services B.V.,Bos Facility Services B.V.,Netherlands,Support Retainer Services,4850.51,EUR,SO-2842302,2025/05,M.DEVRIES,2025-05-29
1900000229,2025-09-04,F2,NL01,NL01,20,00,Van Dijk Transport B.V.,Van Dijk Transport B.V.,Netherlands,Custom Integration Services,3890.34,EUR,SO-7741457,2025/09,S.BAKKER,2025-09-04
1900000230,2025-06-04,F2,NL01,NL01,10,00,Brouwer Data Systems B.V.,Brouwer Data Systems B.V.,Netherlands,Sensor Calibration Kit,9500.0,EUR,SO-4206103,2025/06,A.KOK,2025-06-04
1900000232,2025-05-14,F2,NL01,NL01,10,00,Noord Maritiem Diensten B.V.,Noord Maritiem Diensten B.V.,Netherlands,Industrial Sensor Module X200,23675.99,EUR,SO-5766911,2025/05,R.JANSSEN,2025-05-14
1900000233,2025-11-28,F2,NL01,NL01,10,00,Utrecht Systemen B.V.,Utrecht Systemen B.V.,Netherlands,Automation Controller Pro,10660.07,EUR,SO-1786203,2025/11,R.JANSSEN,2025-11-28
1900000234,2025-10-14,F2,NL01,NL01,30,00,Baumann Prazisionstechnik GmbH,Baumann Prazisionstechnik GmbH,Germany,Warehouse Management Module,11000.0,EUR,SO-4499615,2025/10,A.KOK,2025-10-14
1900000235,2025-12-22,F2,NL01,NL01,10,00,Mulder Groothandel B.V.,Mulder Groothandel B.V.,Netherlands,Automation Controller Pro,20273.12,EUR,SO-8633779,2025/12,R.JANSSEN,2025-12-22
1900000236,2025-08-15,F2,NL01,NL01,20,00,De Vries Energy Solutions B.V.,De Vries Energy Solutions B.V.,Netherlands,Data Migration Services,17799.68,EUR,SO-4355670,2025/08,BATCHJOB,2025-08-15
1900000238,2025-09-11,F2,NL01,NL01,20,00,Van der Heijden Supply Chain B.V.,Van der Heijden Supply Chain B.V.,Netherlands,Electric Motor EM-750,13819.82,EUR,SO-7659610,2025/09,M.DEVRIES,2025-09-11
1900000239,2025-10-27,F2,NL01,NL01,20,00,Mulder Groothandel B.V.,Mulder Groothandel B.V.,Netherlands,Automation Controller Pro,7379.54,EUR,SO-4334615,2025/10,BATCHJOB,2025-10-27
1900000240,2025-08-23,F2,NL01,NL01,20,00,De Wit Consultancy B.V.,De Wit Consultancy B.V.,Netherlands,PLC Programming Unit,22161.17,EUR,SO-9402867,2025/08,M.DEVRIES,2025-08-23
1900000241,2025-09-22,F2,NL01,NL01,20,00,Global Tech Solutions Inc,Global Tech Solutions Inc,United States,Cloud Hosting Subscription (Annual),28563.51,EUR,SO-4913119,2025/09,M.DEVRIES,2025-09-22
1900000242,2025-09-19,F2,NL01,NL01,20,00,Van Leeuwen Staal B.V.,Van Leeuwen Staal B.V.,Netherlands,Industrial Sensor Module X200,24754.51,EUR,SO-4153245,2025/09,BATCHJOB,2025-09-19
1900000243,2025-05-22,F2,NL01,NL01,10,00,Schouten Productie B.V.,Schouten Productie B.V.,Netherlands,Implementation Consulting Services,35220.3,EUR,SO-2738978,2025/05,R.JANSSEN,2025-05-22
1900000245,2025-10-03,F2,NL01,NL01,10,00,Kok Software B.V.,Kok Software B.V.,Netherlands,Data Migration Services,14453.85,EUR,SO-3441467,2025/10,A.KOK,2025-10-03
1900000247,2025-09-22,G2,NL01,NL01,10,00,De Groot Handelsonderneming B.V.,De Groot Handelsonderneming B.V.,Netherlands,Analytics Suite License (Annual),-6150.0,EUR,SO-1725866,2025/09,R.JANSSEN,2025-09-22
1900000248,2026-03-26,F2,NL01,NL01,10,00,Noord Maritiem Diensten B.V.,Noord Maritiem Diensten B.V.,Netherlands,Automation Controller Pro,15563.04,EUR,SO-9592036,2026/03,R.JANSSEN,2026-03-26
1900000249,2025-05-30,F2,NL01,NL01,10,00,Van Dijk Transport B.V.,Van Dijk Transport B.V.,Netherlands,Annual Maintenance Contract,12500.0,EUR,SO-3494535,2025/05,A.KOK,2025-05-30
1900000250,2026-03-04,F2,NL01,NL01,10,00,Martens Industrieel B.V.,Martens Industrieel B.V.,Netherlands,Annual Maintenance Contract,36107.57,EUR,SO-2968111,2026/03,M.DEVRIES,2026-03-04
1900000252,2025-10-21,F2,NL01,NL01,10,00,Visser Machinebouw B.V.,Visser Machinebouw B.V.,Netherlands,Industrial Sensor Module X200,22514.64,EUR,SO-6636894,2025/10,R.JANSSEN,2025-10-21
1900000253,2026-03-06,F2,NL01,NL01,10,00,Vermeulen Logistics B.V.,Vermeulen Logistics B.V.,Netherlands,Technical Training Package,13500.0,EUR,SO-8261565,2026/03,S.BAKKER,2026-03-06
1900000254,2026-02-09,F2,NL01,NL01,10,00,Willemsen Innovatie B.V.,Willemsen Innovatie B.V.,Netherlands,Custom Integration Services,14785.11,EUR,SO-3542106,2026/02,S.BAKKER,2026-02-09
1900000256,2026-02-19,F2,NL01,NL01,20,00,Schneider Maschinenbau GmbH,Schneider Maschinenbau GmbH,Germany,Conveyor Belt System CB-12,15110.17,EUR,SO-7800446,2026/02,BATCHJOB,2026-02-19
1900000257,2025-09-10,F2,NL01,NL01,10,00,Martens Industrieel B.V.,Martens Industrieel B.V.,Netherlands,Standard Spare Parts Bundle,73904.8,EUR,SO-1830844,2025/09,BATCHJOB,2025-09-10
1900000259,2025-09-09,F2,NL01,NL01,10,00,Duval Distribution SARL,Duval Distribution SARL,France,Warehouse Management Module,20089.32,EUR,SO-6103511,2025/09,M.DEVRIES,2025-09-09
1900000260,2025-12-03,F2,NL01,NL01,20,00,Schouten Productie B.V.,Schouten Productie B.V.,Netherlands,Sensor Calibration Kit,8686.9,EUR,SO-5669265,2025/12,M.DEVRIES,2025-12-03
1900000262,2025-05-06,F2,NL01,NL01,10,00,Peters Automatisering B.V.,Peters Automatisering B.V.,Netherlands,Conveyor Belt System CB-12,22834.85,EUR,SO-5756260,2025/05,R.JANSSEN,2025-05-06
1900000264,2026-01-18,F2,NL01,NL01,10,00,Mulder Groothandel B.V.,Mulder Groothandel B.V.,Netherlands,Annual Maintenance Contract,20489.19,EUR,SO-8662577,2026/01,R.JANSSEN,2026-01-18
1900000266,2025-04-10,F2,NL01,NL01,10,00,Willemsen Innovatie B.V.,Willemsen Innovatie B.V.,Netherlands,ERP Connector License (Annual),10213.53,EUR,SO-4029469,2025/04,A.KOK,2025-04-10
1900000267,2026-02-09,F2,NL01,NL01,10,00,Duval Distribution SARL,Duval Distribution SARL,France,Conveyor Belt System CB-12,5623.02,EUR,SO-8603756,2026/02,R.JANSSEN,2026-02-09
1900000269,2025-09-29,F2,NL01,NL01,10,00,Dijkstra Precision B.V.,Dijkstra Precision B.V.,Netherlands,Industrial Network Switch NS-24,1712.31,EUR,SO-2130778,2025/09,M.DEVRIES,2025-09-29
1900000270,2025-11-26,F2,NL01,NL01,30,00,Dijkstra Precision B.V.,Dijkstra Precision B.V.,Netherlands,Conveyor Belt System CB-12,3498.22,EUR,SO-3242578,2025/11,M.DEVRIES,2025-11-26
1900000272,2026-01-22,F2,NL01,NL01,30,00,Bos Facility Services B.V.,Bos Facility Services B.V.,Netherlands,Industrial Sensor Module X200,25010.68,EUR,SO-9657538,2026/01,M.DEVRIES,2026-01-22
1900000273,2025-05-07,F2,NL01,NL01,20,00,Groenendijk Handel B.V.,Groenendijk Handel B.V.,Netherlands,Hydraulic Pump Unit HP-450,5801.95,EUR,SO-9457257,2025/05,M.DEVRIES,2025-05-07
1900000274,2025-05-15,F2,NL01,NL01,20,00,Noord Maritiem Diensten B.V.,Noord Maritiem Diensten B.V.,Netherlands,Annual Maintenance Contract,27855.1,EUR,SO-8846801,2025/05,M.DEVRIES,2025-05-15
1900000275,2025-10-24,F2,NL01,NL01,10,00,Martens Industrieel B.V.,Martens Industrieel B.V.,Netherlands,Annual Maintenance Contract,5210.9,EUR,SO-8912153,2025/10,A.KOK,2025-10-24
1900000276,2026-02-11,F2,NL01,NL01,30,00,Van Dijk Transport B.V.,Van Dijk Transport B.V.,Netherlands,Sensor Calibration Kit,16872.78,EUR,SO-4117785,2026/02,S.BAKKER,2026-02-11
1900000277,2025-08-29,F2,NL01,NL01,20,00,Van den Berg Retail Group B.V.,Van den Berg Retail Group B.V.,Netherlands,Support Retainer Services,20337.72,EUR,SO-5285205,2025/08,BATCHJOB,2025-08-29
1900000279,2026-01-22,F2,NL01,NL01,10,00,Dekker IT Solutions B.V.,Dekker IT Solutions B.V.,Netherlands,Industrial Network Switch NS-24,8775.59,EUR,SO-1099500,2026/01,R.JANSSEN,2026-01-22
1900000281,2025-12-03,F2,NL01,NL01,10,00,Kramer Robotics B.V.,Kramer Robotics B.V.,Netherlands,Conveyor Belt System CB-12,46011.09,EUR,SO-8067250,2025/12,S.BAKKER,2025-12-03
1900000282,2025-06-12,F2,NL01,NL01,10,00,Van Damme Trading NV,Van Damme Trading NV,Belgium,Warehouse Management Module,32307.65,EUR,SO-4209409,2025/06,M.DEVRIES,2025-06-12
1900000284,2026-01-07,F2,NL01,NL01,20,00,De Vries Energy Solutions B.V.,De Vries Energy Solutions B.V.,Netherlands,Electric Motor EM-750,25500.0,EUR,SO-4342791,2026/01,M.DEVRIES,2026-01-07
1900000285,2026-02-24,F2,NL01,NL01,10,00,Van Dijk Transport B.V.,Van Dijk Transport B.V.,Netherlands,Support Retainer Services,14033.0,EUR,SO-6289005,2026/02,S.BAKKER,2026-02-24
1900000286,2025-12-30,F2,NL01,NL01,20,00,Post Digitale Diensten B.V.,Post Digitale Diensten B.V.,Netherlands,Standard Spare Parts Bundle,27500.0,EUR,SO-4160815,2025/12,BATCHJOB,2025-12-30
1900000287,2025-05-26,F2,NL01,NL01,20,00,De Groot Handelsonderneming B.V.,De Groot Handelsonderneming B.V.,Netherlands,Automation Controller Pro,12838.36,EUR,SO-3779300,2025/05,R.JANSSEN,2025-05-26
1900000289,2025-05-06,F2,NL01,NL01,30,00,Post Digitale Diensten B.V.,Post Digitale Diensten B.V.,Netherlands,Analytics Suite License (Annual),19832.08,EUR,SO-5684636,2025/05,BATCHJOB,2025-05-06
1900000290,2025-05-06,F2,NL01,NL01,10,00,Brouwer Data Systems B.V.,Brouwer Data Systems B.V.,Netherlands,Hydraulic Pump Unit HP-450,17724.57,EUR,SO-4566827,2025/05,A.KOK,2025-05-06
1900000292,2026-02-18,F2,NL01,NL01,20,00,Van Dijk Transport B.V.,Van Dijk Transport B.V.,Netherlands,Industrial Sensor Module X200,18929.54,EUR,SO-9747007,2026/02,BATCHJOB,2026-02-18
1900000293,2025-09-14,F2,NL01,NL01,10,00,Van Leeuwen Staal B.V.,Van Leeuwen Staal B.V.,Netherlands,Safety System Upgrade Kit,18273.34,EUR,SO-7067233,2025/09,M.DEVRIES,2025-09-14
1900000295,2025-04-01,G2,NL01,NL01,10,00,Van den Berg Retail Group B.V.,Van den Berg Retail Group B.V.,Netherlands,Industrial Sensor Module X200,-8375.6,EUR,SO-5390570,2025/04,A.KOK,2025-04-01
1900000297,2026-03-16,F2,NL01,NL01,20,00,Van Beek Sustainable Energy B.V.,Van Beek Sustainable Energy B.V.,Netherlands,Conveyor Belt System CB-12,30175.37,EUR,SO-3289609,2026/03,S.BAKKER,2026-03-16
1900000298,2025-11-25,F2,NL01,NL01,20,00,Utrecht Systemen B.V.,Utrecht Systemen B.V.,Netherlands,Sensor Calibration Kit,6388.72,EUR,SO-1208437,2025/11,BATCHJOB,2025-11-25
1900000299,2026-03-20,F2,NL01,NL01,20,00,Kuipers Machinefabriek B.V.,Kuipers Machinefabriek B.V.,Netherlands,Annual Maintenance Contract,25629.42,EUR,SO-2592036,2026/03,R.JANSSEN,2026-03-20
1900000300,2025-04-24,F2,NL01,NL01,10,00,Peters Automatisering B.V.,Peters Automatisering B.V.,Netherlands,Safety System Upgrade Kit,2884.69,EUR,SO-1913415,2025/04,R.JANSSEN,2025-04-24
1900000301,2025-06-27,F2,NL01,NL01,30,00,Baumann Prazisionstechnik GmbH,Baumann Prazisionstechnik GmbH,Germany,Standard Spare Parts Bundle,12500.0,EUR,SO-6665648,2025/06,BATCHJOB,2025-06-27
1900000302,2025-08-12,F2,NL01,NL01,30,00,Visser Machinebouw B.V.,Visser Machinebouw B.V.,Netherlands,Standard Spare Parts Bundle,26566.45,EUR,SO-7544162,2025/08,S.BAKKER,2025-08-12
1900000303,2025-11-30,F2,NL01,NL01,30,00,Dijkstra Precision B.V.,Dijkstra Precision B.V.,Netherlands,Warehouse Management Module,21544.07,EUR,SO-6731884,2025/11,A.KOK,2025-11-30
1900000305,2025-04-12,F2,NL01,NL01,20,00,Visser Machinebouw B.V.,Visser Machinebouw B.V.,Netherlands,Standard Spare Parts Bundle,15177.41,EUR,SO-5327556,2025/04,R.JANSSEN,2025-04-12
1900000306,2025-12-17,F2,NL01,NL01,10,00,Scholten Data Center Services B.V.,Scholten Data Center Services B.V.,Netherlands,Conveyor Belt System CB-12,14877.1,EUR,SO-3789281,2025/12,R.JANSSEN,2025-12-17
1900000307,2025-09-25,F2,NL01,NL01,30,00,Mulder Groothandel B.V.,Mulder Groothandel B.V.,Netherlands,Industrial Network Switch NS-24,10643.19,EUR,SO-4223854,2025/09,S.BAKKER,2025-09-25
1900000309,2025-10-01,F2,NL01,NL01,10,00,Van Dijk Transport B.V.,Van Dijk Transport B.V.,Netherlands,Analytics Suite License (Annual),18870.45,EUR,SO-9421445,2025/10,M.DEVRIES,2025-10-01
1900000311,2025-11-05,F2,NL01,NL01,10,00,Martens Industrieel B.V.,Martens Industrieel B.V.,Netherlands,Hydraulic Pump Unit HP-450,14242.82,EUR,SO-1166271,2025/11,M.DEVRIES,2025-11-05
1900000312,2026-03-04,F2,NL01,NL01,10,00,Groenendijk Handel B.V.,Groenendijk Handel B.V.,Netherlands,ERP Connector License (Annual),1357.34,EUR,SO-5114314,2026/03,A.KOK,2026-03-04
1900000313,2025-05-19,F2,NL01,NL01,10,00,Noord Maritiem Diensten B.V.,Noord Maritiem Diensten B.V.,Netherlands,Custom Integration Services,5531.87,EUR,SO-8142716,2025/05,BATCHJOB,2025-05-19
1900000314,2025-05-08,F2,NL01,NL01,10,00,Kramer Robotics B.V.,Kramer Robotics B.V.,Netherlands,Automation Controller Pro,5000.0,EUR,SO-4465181,2025/05,R.JANSSEN,2025-05-08
1900000316,2026-02-27,F2,NL01,NL01,10,00,Smit Engineering B.V.,Smit Engineering B.V.,Netherlands,Data Migration Services,4310.61,EUR,SO-5326291,2026/02,BATCHJOB,2026-02-27
1900000318,2025-10-16,F2,NL01,NL01,10,00,Van den Berg Retail Group B.V.,Van den Berg Retail Group B.V.,Netherlands,Hydraulic Pump Unit HP-450,37306.99,EUR,SO-6589222,2025/10,A.KOK,2025-10-16
1900000320,2025-12-17,F2,NL01,NL01,10,00,Post Digitale Diensten B.V.,Post Digitale Diensten B.V.,Netherlands,Annual Maintenance Contract,16310.68,EUR,SO-5879414,2025/12,BATCHJOB,2025-12-17
1900000322,2025-10-21,F2,NL01,NL01,30,00,Martens Industrieel B.V.,Martens Industrieel B.V.,Netherlands,Cloud Hosting Subscription (Annual),33049.39,EUR,SO-2281304,2025/10,A.KOK,2025-10-21
1900000323,2025-05-30,F2,NL01,NL01,10,00,De Groot Handelsonderneming B.V.,De Groot Handelsonderneming B.V.,Netherlands,Annual Maintenance Contract,13058.58,EUR,SO-7119526,2025/05,S.BAKKER,2025-05-30
1900000325,2026-01-03,F2,NL01,NL01,10,00,Baumann Prazisionstechnik GmbH,Baumann Prazisionstechnik GmbH,Germany,Industrial Sensor Module X200,2896.23,EUR,SO-8914437,2026/01,M.DEVRIES,2026-01-03
1900000326,2025-10-21,F2,NL01,NL01,10,00,Visser Machinebouw B.V.,Visser Machinebouw B.V.,Netherlands,Custom Integration Services,25420.14,EUR,SO-2123588,2025/10,A.KOK,2025-10-21
1900000328,2026-02-03,F2,NL01,NL01,10,00,Van Beek Sustainable Energy B.V.,Van Beek Sustainable Energy B.V.,Netherlands,Sensor Calibration Kit,15799.13,EUR,SO-6786451,2026/02,S.BAKKER,2026-02-03
1900000329,2025-06-08,F2,NL01,NL01,20,00,Hofman Electro B.V.,Hofman Electro B.V.,Netherlands,Warehouse Management Module,9116.71,EUR,SO-4379830,2025/06,S.BAKKER,2025-06-08
1900000330,2025-10-24,F2,NL01,NL01,10,00,Baumann Prazisionstechnik GmbH,Baumann Prazisionstechnik GmbH,Germany,Data Migration Services,24961.63,EUR,SO-2454435,2025/10,A.KOK,2025-10-24
1900000331,2026-02-26,F2,NL01,NL01,30,00,Kramer Robotics B.V.,Kramer Robotics B.V.,Netherlands,Automation Controller Pro,15419.65,EUR,SO-5527581,2026/02,BATCHJOB,2026-02-26
1900000332,2026-02-23,F2,NL01,NL01,10,00,Utrecht Systemen B.V.,Utrecht Systemen B.V.,Netherlands,ERP Connector License (Annual),15000.0,EUR,SO-3035231,2026/02,S.BAKKER,2026-02-23
1900000334,2025-12-18,F2,NL01,NL01,10,00,Duval Distribution SARL,Duval Distribution SARL,France,Warehouse Management Module,12426.32,EUR,SO-2651891,2025/12,BATCHJOB,2025-12-18
1900000335,2025-06-20,F2,NL01,NL01,10,00,Utrecht Systemen B.V.,Utrecht Systemen B.V.,Netherlands,Electric Motor EM-750,12067.67,EUR,SO-4613626,2025/06,M.DEVRIES,2025-06-20
1900000336,2025-10-03,F2,NL01,NL01,20,00,De Wit Consultancy B.V.,De Wit Consultancy B.V.,Netherlands,Cloud Hosting Subscription (Annual),19022.0,EUR,SO-5782560,2025/10,A.KOK,2025-10-03
1900000337,2025-05-06,F2,NL01,NL01,10,00,Van Dijk Transport B.V.,Van Dijk Transport B.V.,Netherlands,Support Retainer Services,36139.25,EUR,SO-2258220,2025/05,A.KOK,2025-05-06
1900000338,2025-11-19,F2,NL01,NL01,20,00,Dijkstra Precision B.V.,Dijkstra Precision B.V.,Netherlands,Safety System Upgrade Kit,16014.59,EUR,SO-7213991,2025/11,R.JANSSEN,2025-11-19
1900000340,2025-10-23,F2,NL01,NL01,10,00,Verhoeven Technische Handel B.V.,Verhoeven Technische Handel B.V.,Netherlands,Cloud Hosting Subscription (Annual),11368.32,EUR,SO-5059526,2025/10,BATCHJOB,2025-10-23
1900000341,2025-08-26,F2,NL01,NL01,10,00,Duval Distribution SARL,Duval Distribution SARL,France,Custom Integration Services,4339.44,EUR,SO-6541804,2025/08,R.JANSSEN,2025-08-26
1900000343,2025-07-24,F2,NL01,NL01,10,00,Vermeulen Logistics B.V.,Vermeulen Logistics B.V.,Netherlands,Support Retainer Services,17078.98,EUR,SO-9562314,2025/07,A.KOK,2025-07-24
1900000345,2026-02-27,F2,NL01,NL01,20,00,Van Damme Trading NV,Van Damme Trading NV,Belgium,Safety System Upgrade Kit,14159.03,EUR,SO-7324560,2026/02,BATCHJOB,2026-02-27
1900000346,2026-02-11,F2,NL01,NL01,10,00,Scholten Data Center Services B.V.,Scholten Data Center Services B.V.,Netherlands,Hydraulic Pump Unit HP-450,7275.35,EUR,SO-8420418,2026/02,M.DEVRIES,2026-02-11
1900000347,2026-03-09,F2,NL01,NL01,10,00,Brouwer Data Systems B.V.,Brouwer Data Systems B.V.,Netherlands,Electric Motor EM-750,2000.0,EUR,SO-4829333,2026/03,R.JANSSEN,2026-03-09
1900000349,2025-04-10,F2,NL01,NL01,20,00,Van Beek Sustainable Energy B.V.,Van Beek Sustainable Energy B.V.,Netherlands,Cloud Hosting Subscription (Annual),11000.0,EUR,SO-5064350,2025/04,A.KOK,2025-04-10
1900000351,2025-10-08,F2,NL01,NL01,10,00,De Wit Consultancy B.V.,De Wit Consultancy B.V.,Netherlands,Electric Motor EM-750,4805.5,EUR,SO-6104698,2025/10,BATCHJOB,2025-10-08
1900000352,2026-03-15,F2,NL01,NL01,20,00,Scholten Data Center Services B.V.,Scholten Data Center Services B.V.,Netherlands,Cloud Hosting Subscription (Annual),6640.93,EUR,SO-3771185,2026/03,S.BAKKER,2026-03-15
1900000353,2026-01-05,F2,NL01,NL01,10,00,Vermeulen Logistics B.V.,Vermeulen Logistics B.V.,Netherlands,ERP Connector License (Annual),23198.05,EUR,SO-1310987,2026/01,A.KOK,2026-01-05
1900000354,2026-01-14,F2,NL01,NL01,30,00,Van der Heijden Supply Chain B.V.,Van der Heijden Supply Chain B.V.,Netherlands,Technical Training Package,13636.58,EUR,SO-3612831,2026/01,A.KOK,2026-01-14
1900000356,2026-02-04,F2,NL01,NL01,10,00,Post Digitale Diensten B.V.,Post Digitale Diensten B.V.,Netherlands,Analytics Suite License (Annual),23193.57,EUR,SO-5590944,2026/02,A.KOK,2026-02-04
1900000357,2026-02-19,F2,NL01,NL01,10,00,Baumann Prazisionstechnik GmbH,Baumann Prazisionstechnik GmbH,Germany,Industrial Sensor Module X200,50601.34,EUR,SO-6908819,2026/02,BATCHJOB,2026-02-19
1900000358,2025-04-14,F2,NL01,NL01,20,00,De Groot Handelsonderneming B.V.,De Groot Handelsonderneming B.V.,Netherlands,Conveyor Belt System CB-12,5227.07,EUR,SO-9307531,2025/04,S.BAKKER,2025-04-14
1900000360,2026-03-18,F2,NL01,NL01,10,00,Duval Distribution SARL,Duval Distribution SARL,France,Conveyor Belt System CB-12,13456.99,EUR,SO-3913017,2026/03,R.JANSSEN,2026-03-18
1900000361,2025-04-21,F2,NL01,NL01,20,00,Visser Machinebouw B.V.,Visser Machinebouw B.V.,Netherlands,ERP Connector License (Annual),11466.47,EUR,SO-3257181,2025/04,M.DEVRIES,2025-04-21
1900000363,2025-08-20,F2,NL01,NL01,10,00,Van Dijk Transport B.V.,Van Dijk Transport B.V.,Netherlands,Standard Spare Parts Bundle,1301.99,EUR,SO-7870017,2025/08,BATCHJOB,2025-08-20
1900000364,2025-09-05,F2,NL01,NL01,10,00,Smit Engineering B.V.,Smit Engineering B.V.,Netherlands,PLC Programming Unit,4993.23,EUR,SO-5773690,2025/09,A.KOK,2025-09-05
1900000365,2025-09-11,F2,NL01,NL01,20,00,Martens Industrieel B.V.,Martens Industrieel B.V.,Netherlands,Cloud Hosting Subscription (Annual),20197.69,EUR,SO-6748579,2025/09,BATCHJOB,2025-09-11
1900000367,2025-04-03,F2,NL01,NL01,20,00,Kramer Robotics B.V.,Kramer Robotics B.V.,Netherlands,Support Retainer Services,32388.86,EUR,SO-7799755,2025/04,S.BAKKER,2025-04-03
1900000369,2026-01-15,F2,NL01,NL01,10,00,Hofman Electro B.V.,Hofman Electro B.V.,Netherlands,Hydraulic Pump Unit HP-450,36524.48,EUR,SO-7594520,2026/01,S.BAKKER,2026-01-15
1900000371,2025-10-02,F2,NL01,NL01,10,00,Noord Maritiem Diensten B.V.,Noord Maritiem Diensten B.V.,Netherlands,Support Retainer Services,7280.29,EUR,SO-4051904,2025/10,R.JANSSEN,2025-10-02
1900000372,2025-05-15,F2,NL01,NL01,10,00,Baumann Prazisionstechnik GmbH,Baumann Prazisionstechnik GmbH,Germany,Industrial Network Switch NS-24,23377.08,EUR,SO-5567184,2025/05,M.DEVRIES,2025-05-15
1900000374,2025-04-20,F2,NL01,NL01,10,00,De Groot Handelsonderneming B.V.,De Groot Handelsonderneming B.V.,Netherlands,Industrial Sensor Module X200,8463.35,EUR,SO-9267538,2025/04,R.JANSSEN,2025-04-20
1900000376,2025-12-04,F2,NL01,NL01,10,00,Duval Distribution SARL,Duval Distribution SARL,France,Conveyor Belt System CB-12,23957.59,EUR,SO-2037188,2025/12,A.KOK,2025-12-04
1900000377,2025-11-19,F2,NL01,NL01,20,00,Van Dijk Transport B.V.,Van Dijk Transport B.V.,Netherlands,Safety System Upgrade Kit,14500.0,EUR,SO-7973794,2025/11,M.DEVRIES,2025-11-19
1900000379,2026-02-18,F2,NL01,NL01,10,00,De Wit Consultancy B.V.,De Wit Consultancy B.V.,Netherlands,Implementation Consulting Services,8707.1,EUR,SO-4277952,2026/02,M.DEVRIES,2026-02-18
1900000380,2025-10-16,F2,NL01,NL01,20,00,Van Dijk Transport B.V.,Van Dijk Transport B.V.,Netherlands,PLC Programming Unit,21000.0,EUR,SO-8080724,2025/10,BATCHJOB,2025-10-16
1900000381,2025-07-29,F2,NL01,NL01,20,00,Bos Facility Services B.V.,Bos Facility Services B.V.,Netherlands,Custom Integration Services,37601.75,EUR,SO-6523474,2025/07,BATCHJOB,2025-07-29
1900000383,2026-03-23,F2,NL01,NL01,20,00,Duval Distribution SARL,Duval Distribution SARL,France,Safety System Upgrade Kit,19844.15,EUR,SO-9439057,2026/03,A.KOK,2026-03-23
1900000385,2025-10-22,F2,NL01,NL01,10,00,Smith and Co Industrial Ltd,Smith and Co Industrial Ltd,United Kingdom,Electric Motor EM-750,9609.58,EUR,SO-2683642,2025/10,BATCHJOB,2025-10-22
1900000387,2025-11-17,F2,NL01,NL01,30,00,Dijkstra Precision B.V.,Dijkstra Precision B.V.,Netherlands,Conveyor Belt System CB-12,25908.32,EUR,SO-2666259,2025/11,R.JANSSEN,2025-11-17
1900000388,2025-05-07,F2,NL01,NL01,10,00,Post Digitale Diensten B.V.,Post Digitale Diensten B.V.,Netherlands,Analytics Suite License (Annual),19000.0,EUR,SO-4474546,2025/05,S.BAKKER,2025-05-07
1900000390,2025-12-09,F2,NL01,NL01,20,00,Noord Maritiem Diensten B.V.,Noord Maritiem Diensten B.V.,Netherlands,Support Retainer Services,20010.35,EUR,SO-9075858,2025/12,A.KOK,2025-12-09
1900000391,2025-08-18,F2,NL01,NL01,20,00,Vermeulen Logistics B.V.,Vermeulen Logistics B.V.,Netherlands,Support Retainer Services,11277.38,EUR,SO-5375986,2025/08,R.JANSSEN,2025-08-18
1900000392,2025-10-16,F2,NL01,NL01,10,00,Scholten Data Center Services B.V.,Scholten Data Center Services B.V.,Netherlands,Conveyor Belt System CB-12,16111.5,EUR,SO-3060520,2025/10,A.KOK,2025-10-16
1900000394,2025-10-23,F2,NL01,NL01,10,00,Duval Distribution SARL,Duval Distribution SARL,France,Technical Training Package,3252.73,EUR,SO-1767568,2025/10,M.DEVRIES,2025-10-23
1900000396,2025-05-13,F2,NL01,NL01,10,00,Van Leeuwen Staal B.V.,Van Leeuwen Staal B.V.,Netherlands,Sensor Calibration Kit,38244.55,EUR,SO-8139841,2025/05,S.BAKKER,2025-05-13
1900000397,2025-09-29,F2,NL01,NL01,10,00,Groenendijk Handel B.V.,Groenendijk Handel B.V.,Netherlands,Support Retainer Services,7584.29,EUR,SO-7108817,2025/09,A.KOK,2025-09-29
1900000398,2025-09-03,F2,NL01,NL01,10,00,Visser Machinebouw B.V.,Visser Machinebouw B.V.,Netherlands,Data Migration Services,7123.3,EUR,SO-6260096,2025/09,M.DEVRIES,2025-09-03
1900000399,2025-06-27,F2,NL01,NL01,20,00,Vermeulen Logistics B.V.,Vermeulen Logistics B.V.,Netherlands,Implementation Consulting Services,5542.38,EUR,SO-9415798,2025/06,R.JANSSEN,2025-06-27
1900000401,2025-04-30,F2,NL01,NL01,10,00,Brouwer Data Systems B.V.,Brouwer Data Systems B.V.,Netherlands,Electric Motor EM-750,24341.38,EUR,SO-3836187,2025/04,A.KOK,2025-04-30
1900000402,2025-11-11,F2,NL01,NL01,20,00,Van Leeuwen Staal B.V.,Van Leeuwen Staal B.V.,Netherlands,Custom Integration Services,13673.09,EUR,SO-3757645,2025/11,A.KOK,2025-11-11
1900000403,2026-02-26,F2,NL01,NL01,10,00,Schouten Productie B.V.,Schouten Productie B.V.,Netherlands,Analytics Suite License (Annual),3377.91,EUR,SO-6123458,2026/02,M.DEVRIES,2026-02-26
1900000405,2025-04-24,F2,NL01,NL01,10,00,Van Dijk Transport B.V.,Van Dijk Transport B.V.,Netherlands,Hydraulic Pump Unit HP-450,12352.09,EUR,SO-7246338,2025/04,A.KOK,2025-04-24
1900000406,2025-10-27,F2,NL01,NL01,20,00,Schouten Productie B.V.,Schouten Productie B.V.,Netherlands,Annual Maintenance Contract,5500.0,EUR,SO-4240363,2025/10,A.KOK,2025-10-27
1900000407,2025-12-23,F2,NL01,NL01,10,00,Duval Distribution SARL,Duval Distribution SARL,France,Data Migration Services,11000.0,EUR,SO-1037216,2025/12,R.JANSSEN,2025-12-23
1900000409,2025-04-25,F2,NL01,NL01,10,00,De Groot Handelsonderneming B.V.,De Groot Handelsonderneming B.V.,Netherlands,Technical Training Package,25087.22,EUR,SO-3162015,2025/04,S.BAKKER,2025-04-25
1900000410,2026-02-10,F2,NL01,NL01,20,00,De Groot Handelsonderneming B.V.,De Groot Handelsonderneming B.V.,Netherlands,Automation Controller Pro,18500.0,EUR,SO-8787282,2026/02,S.BAKKER,2026-02-10
1900000412,2025-11-05,F2,NL01,NL01,10,00,Van der Heijden Supply Chain B.V.,Van der Heijden Supply Chain B.V.,Netherlands,ERP Connector License (Annual),17504.79,EUR,SO-6369816,2025/11,M.DEVRIES,2025-11-05
1900000414,2025-04-17,F2,NL01,NL01,30,00,Verhoeven Technische Handel B.V.,Verhoeven Technische Handel B.V.,Netherlands,Hydraulic Pump Unit HP-450,5592.05,EUR,SO-1318011,2025/04,M.DEVRIES,2025-04-17
1900000415,2025-05-08,F2,NL01,NL01,30,00,Van Dijk Transport B.V.,Van Dijk Transport B.V.,Netherlands,Cloud Hosting Subscription (Annual),17980.73,EUR,SO-6665404,2025/05,M.DEVRIES,2025-05-08
1900000416,2025-12-11,F2,NL01,NL01,20,00,De Wit Consultancy B.V.,De Wit Consultancy B.V.,Netherlands,Custom Integration Services,77176.08,EUR,SO-8765173,2025/12,R.JANSSEN,2025-12-11
1900000418,2025-12-11,F2,NL01,NL01,10,00,De Groot Handelsonderneming B.V.,De Groot Handelsonderneming B.V.,Netherlands,Industrial Sensor Module X200,10325.61,EUR,SO-2345780,2025/12,S.BAKKER,2025-12-11
1900000420,2025-05-12,F2,NL01,NL01,10,00,Dijkstra Precision B.V.,Dijkstra Precision B.V.,Netherlands,Industrial Sensor Module X200,9765.89,EUR,SO-3322702,2025/05,BATCHJOB,2025-05-12
1900000421,2025-05-27,F2,NL01,NL01,10,00,Van der Heijden Supply Chain B.V.,Van der Heijden Supply Chain B.V.,Netherlands,Custom Integration Services,9103.63,EUR,SO-9574785,2025/05,BATCHJOB,2025-05-27
1900000423,2025-11-20,F2,NL01,NL01,10,00,Bos Facility Services B.V.,Bos Facility Services B.V.,Netherlands,Implementation Consulting Services,35894.75,EUR,SO-6240458,2025/11,A.KOK,2025-11-20
1900000424,2025-04-22,F2,NL01,NL01,10,00,Duval Distribution SARL,Duval Distribution SARL,France,Data Migration Services,18633.12,EUR,SO-4355278,2025/04,S.BAKKER,2025-04-22
1900000425,2025-04-12,F2,NL01,NL01,20,00,Utrecht Systemen B.V.,Utrecht Systemen B.V.,Netherlands,Industrial Sensor Module X200,12999.75,EUR,SO-3376086,2025/04,A.KOK,2025-04-12
1900000426,2025-07-10,F2,NL01,NL01,20,00,Noord Maritiem Diensten B.V.,Noord Maritiem Diensten B.V.,Netherlands,Technical Training Package,9000.0,EUR,SO-4172976,2025/07,S.BAKKER,2025-07-10
1900000428,2025-05-05,F2,NL01,NL01,10,00,Utrecht Systemen B.V.,Utrecht Systemen B.V.,Netherlands,Technical Training Package,2661.89,EUR,SO-6930624,2025/05,R.JANSSEN,2025-05-05
1900000430,2026-03-06,F2,NL01,NL01,30,00,Noord Maritiem Diensten B.V.,Noord Maritiem Diensten B.V.,Netherlands,Electric Motor EM-750,2548.14,EUR,SO-5785225,2026/03,A.KOK,2026-03-06
1900000431,2026-02-03,F2,NL01,NL01,10,00,Smith and Co Industrial Ltd,Smith and Co Industrial Ltd,United Kingdom,Warehouse Management Module,10099.63,EUR,SO-2918712,2026/02,A.KOK,2026-02-03
1900000432,2025-05-28,F2,NL01,NL01,10,00,Van der Heijden Supply Chain B.V.,Van der Heijden Supply Chain B.V.,Netherlands,Automation Controller Pro,13992.08,EUR,SO-9558336,2025/05,A.KOK,2025-05-28
1900000433,2026-03-06,F2,NL01,NL01,20,00,Duval Distribution SARL,Duval Distribution SARL,France,Standard Spare Parts Bundle,37871.7,EUR,SO-5406775,2026/03,BATCHJOB,2026-03-06
1900000435,2025-05-23,F2,NL01,NL01,10,00,Noord Maritiem Diensten B.V.,Noord Maritiem Diensten B.V.,Netherlands,Standard Spare Parts Bundle,18784.41,EUR,SO-9401614,2025/05,R.JANSSEN,2025-05-23
1900000437,2025-12-05,G2,NL01,NL01,20,00,Baumann Prazisionstechnik GmbH,Baumann Prazisionstechnik GmbH,Germany,ERP Connector License (Annual),-3750.0,EUR,SO-1204358,2025/12,BATCHJOB,2025-12-05
1900000438,2026-03-26,F2,NL01,NL01,20,00,Visser Machinebouw B.V.,Visser Machinebouw B.V.,Netherlands,Annual Maintenance Contract,10500.0,EUR,SO-7257255,2026/03,S.BAKKER,2026-03-26
1900000439,2025-04-25,F2,NL01,NL01,10,00,Van Leeuwen Staal B.V.,Van Leeuwen Staal B.V.,Netherlands,Cloud Hosting Subscription (Annual),37344.27,EUR,SO-4603532,2025/04,S.BAKKER,2025-04-25
1900000441,2026-01-23,F2,NL01,NL01,30,00,De Wit Consultancy B.V.,De Wit Consultancy B.V.,Netherlands,Annual Maintenance Contract,14214.88,EUR,SO-6123693,2026/01,R.JANSSEN,2026-01-23
1900000443,2025-11-03,F2,NL01,NL01,30,00,Utrecht Systemen B.V.,Utrecht Systemen B.V.,Netherlands,Sensor Calibration Kit,5645.4,EUR,SO-6448978,2025/11,BATCHJOB,2025-11-03
1900000444,2026-01-27,F2,NL01,NL01,30,00,De Groot Handelsonderneming B.V.,De Groot Handelsonderneming B.V.,Netherlands,ERP Connector License (Annual),7175.18,EUR,SO-8068605,2026/01,A.KOK,2026-01-27
1900000445,2025-07-22,F2,NL01,NL01,10,00,Van Beek Sustainable Energy B.V.,Van Beek Sustainable Energy B.V.,Netherlands,Sensor Calibration Kit,13000.0,EUR,SO-1129678,2025/07,S.BAKKER,2025-07-22
1900000447,2026-03-11,F2,NL01,NL01,20,00,Van der Heijden Supply Chain B.V.,Van der Heijden Supply Chain B.V.,Netherlands,Automation Controller Pro,8299.9,EUR,SO-1173231,2026/03,BATCHJOB,2026-03-11
1900000449,2026-02-10,F2,NL01,NL01,10,00,Brouwer Data Systems B.V.,Brouwer Data Systems B.V.,Netherlands,PLC Programming Unit,4500.0,EUR,SO-2248356,2026/02,R.JANSSEN,2026-02-10
1900000451,2025-05-23,F2,NL01,NL01,10,00,Kok Software B.V.,Kok Software B.V.,Netherlands,Automation Controller Pro,2971.88,EUR,SO-3900878,2025/05,BATCHJOB,2025-05-23
1900000452,2025-04-01,F2,NL01,NL01,10,00,Van Beek Sustainable Energy B.V.,Van Beek Sustainable Energy B.V.,Netherlands,Technical Training Package,15500.0,EUR,SO-9940914,2025/04,BATCHJOB,2025-04-01
1900000454,2025-05-02,F2,NL01,NL01,20,00,Kuipers Machinefabriek B.V.,Kuipers Machinefabriek B.V.,Netherlands,Industrial Sensor Module X200,12882.55,EUR,SO-6900109,2025/05,S.BAKKER,2025-05-02
1900000455,2025-05-10,F2,NL01,NL01,10,00,Martens Industrieel B.V.,Martens Industrieel B.V.,Netherlands,Warehouse Management Module,13343.25,EUR,SO-1803986,2025/05,R.JANSSEN,2025-05-10
1900000457,2026-03-06,F2,NL01,NL01,20,00,Dijkstra Precision B.V.,Dijkstra Precision B.V.,Netherlands,Hydraulic Pump Unit HP-450,16151.26,EUR,SO-1124771,2026/03,S.BAKKER,2026-03-06
1900000458,2025-05-26,F2,NL01,NL01,20,00,Van Dijk Transport B.V.,Van Dijk Transport B.V.,Netherlands,Industrial Network Switch NS-24,31458.75,EUR,SO-2022210,2025/05,A.KOK,2025-05-26
1900000459,2025-09-30,G2,NL01,NL01,20,00,Kramer Robotics B.V.,Kramer Robotics B.V.,Netherlands,Cloud Hosting Subscription (Annual),-4291.36,EUR,SO-4871940,2025/09,R.JANSSEN,2025-09-30
1900000461,2025-06-11,F2,NL01,NL01,10,00,Groenendijk Handel B.V.,Groenendijk Handel B.V.,Netherlands,Conveyor Belt System CB-12,17171.3,EUR,SO-1416933,2025/06,M.DEVRIES,2025-06-11
1900000463,2026-03-06,F2,NL01,NL01,30,00,Kuipers Machinefabriek B.V.,Kuipers Machinefabriek B.V.,Netherlands,Warehouse Management Module,24000.0,EUR,SO-3556753,2026/03,A.KOK,2026-03-06
1900000464,2026-03-27,F2,NL01,NL01,20,00,Noord Maritiem Diensten B.V.,Noord Maritiem Diensten B.V.,Netherlands,Warehouse Management Module,12264.46,EUR,SO-7102643,2026/03,A.KOK,2026-03-27
1900000465,2026-03-26,F2,NL01,NL01,10,00,Utrecht Systemen B.V.,Utrecht Systemen B.V.,Netherlands,Cloud Hosting Subscription (Annual),64528.15,EUR,SO-9025511,2026/03,A.KOK,2026-03-26
1900000466,2025-09-16,F2,NL01,NL01,20,00,Van der Heijden Supply Chain B.V.,Van der Heijden Supply Chain B.V.,Netherlands,Technical Training Package,28615.23,EUR,SO-6232771,2025/09,S.BAKKER,2025-09-16
1900000468,2025-11-25,F2,NL01,NL01,10,00,Van der Heijden Supply Chain B.V.,Van der Heijden Supply Chain B.V.,Netherlands,Hydraulic Pump Unit HP-450,1451.83,EUR,SO-7163223,2025/11,R.JANSSEN,2025-11-25
1900000470,2026-01-01,F2,NL01,NL01,30,00,Hofman Electro B.V.,Hofman Electro B.V.,Netherlands,Cloud Hosting Subscription (Annual),14000.0,EUR,SO-8135939,2026/01,A.KOK,2026-01-01
1900000471,2026-01-23,F2,NL01,NL01,10,00,Brouwer Data Systems B.V.,Brouwer Data Systems B.V.,Netherlands,ERP Connector License (Annual),16198.45,EUR,SO-2685994,2026/01,R.JANSSEN,2026-01-23
1900000473,2025-10-22,F2,NL01,NL01,20,00,Dekker IT Solutions B.V.,Dekker IT Solutions B.V.,Netherlands,Support Retainer Services,16708.03,EUR,SO-9832779,2025/10,M.DEVRIES,2025-10-22
1900000474,2025-09-02,F2,NL01,NL01,10,00,Noord Maritiem Diensten B.V.,Noord Maritiem Diensten B.V.,Netherlands,Electric Motor EM-750,32635.67,EUR,SO-1943591,2025/09,M.DEVRIES,2025-09-02
1900000476,2025-08-28,F2,NL01,NL01,10,00,Kuipers Machinefabriek B.V.,Kuipers Machinefabriek B.V.,Netherlands,Industrial Network Switch NS-24,23618.85,EUR,SO-2178522,2025/08,S.BAKKER,2025-08-28
1900000477,2025-11-26,F2,NL01,NL01,10,00,Scholten Data Center Services B.V.,Scholten Data Center Services B.V.,Netherlands,Conveyor Belt System CB-12,9959.91,EUR,SO-7626281,2025/11,R.JANSSEN,2025-11-26
1900000478,2026-02-06,F2,NL01,NL01,10,00,Bos Facility Services B.V.,Bos Facility Services B.V.,Netherlands,PLC Programming Unit,8607.19,EUR,SO-1119180,2026/02,R.JANSSEN,2026-02-06
1900000480,2025-10-24,F2,NL01,NL01,10,00,Kramer Robotics B.V.,Kramer Robotics B.V.,Netherlands,Standard Spare Parts Bundle,2089.39,EUR,SO-1589660,2025/10,S.BAKKER,2025-10-24
1900000481,2026-01-05,F2,NL01,NL01,10,00,Dijkstra Precision B.V.,Dijkstra Precision B.V.,Netherlands,Technical Training Package,10500.59,EUR,SO-2230480,2026/01,BATCHJOB,2026-01-05
1900000483,2026-03-26,F2,NL01,NL01,20,00,Vermeulen Logistics B.V.,Vermeulen Logistics B.V.,Netherlands,Technical Training Package,35672.29,EUR,SO-3505514,2026/03,A.KOK,2026-03-26
1900000484,2025-05-14,F2,NL01,NL01,10,00,Van der Heijden Supply Chain B.V.,Van der Heijden Supply Chain B.V.,Netherlands,Technical Training Package,20166.57,EUR,SO-7515117,2025/05,M.DEVRIES,2025-05-14
1900000486,2026-01-20,F2,NL01,NL01,10,00,Dijkstra Precision B.V.,Dijkstra Precision B.V.,Netherlands,Annual Maintenance Contract,38699.78,EUR,SO-6852982,2026/01,M.DEVRIES,2026-01-20
1900000487,2025-06-20,F2,NL01,NL01,10,00,Van Leeuwen Staal B.V.,Van Leeuwen Staal B.V.,Netherlands,ERP Connector License (Annual),27123.91,EUR,SO-9241627,2025/06,A.KOK,2025-06-20
1900000488,2026-03-10,F2,NL01,NL01,20,00,Noord Maritiem Diensten B.V.,Noord Maritiem Diensten B.V.,Netherlands,Technical Training Package,4935.1,EUR,SO-5539463,2026/03,BATCHJOB,2026-03-10
1900000489,2025-04-29,F2,NL01,NL01,20,00,Noord Maritiem Diensten B.V.,Noord Maritiem Diensten B.V.,Netherlands,Hydraulic Pump Unit HP-450,19987.21,EUR,SO-1379955,2025/04,R.JANSSEN,2025-04-29
1900000491,2025-09-23,F2,NL01,NL01,10,00,Bos Facility Services B.V.,Bos Facility Services B.V.,Netherlands,Hydraulic Pump Unit HP-450,23652.71,EUR,SO-9046788,2025/09,BATCHJOB,2025-09-23
1900000492,2026-03-08,F2,NL01,NL01,30,00,Groenendijk Handel B.V.,Groenendijk Handel B.V.,Netherlands,Hydraulic Pump Unit HP-450,21969.63,EUR,SO-1453772,2026/03,BATCHJOB,2026-03-08
1900000494,2025-06-12,F2,NL01,NL01,20,00,Brouwer Data Systems B.V.,Brouwer Data Systems B.V.,Netherlands,Warehouse Management Module,19500.0,EUR,SO-1635919,2025/06,M.DEVRIES,2025-06-12
1900000496,2026-03-05,F2,NL01,NL01,10,00,Dijkstra Precision B.V.,Dijkstra Precision B.V.,Netherlands,Warehouse Management Module,6500.0,EUR,SO-6044521,2026/03,A.KOK,2026-03-05
1900000498,2026-03-06,F2,NL01,NL01,30,00,Visser Machinebouw B.V.,Visser Machinebouw B.V.,Netherlands,ERP Connector License (Annual),4404.33,EUR,SO-4589434,2026/03,S.BAKKER,2026-03-06
1900000500,2025-04-26,F2,NL01,NL01,20,00,De Vries Energy Solutions B.V.,De Vries Energy Solutions B.V.,Netherlands,PLC Programming Unit,1098.82,EUR,SO-9660517,2025/04,M.DEVRIES,2025-04-26
1900000501,2026-02-17,F2,NL01,NL01,10,00,Van Damme Trading NV,Van Damme Trading NV,Belgium,Custom Integration Services,19710.26,EUR,SO-1705869,2026/02,M.DEVRIES,2026-02-17
1900000502,2026-03-17,F2,NL01,NL01,10,00,De Groot Handelsonderneming B.V.,De Groot Handelsonderneming B.V.,Netherlands,Safety System Upgrade Kit,11302.83,EUR,SO-7056197,2026/03,M.DEVRIES,2026-03-17
1900000504,2025-04-27,G2,NL01,NL01,10,00,Duval Distribution SARL,Duval Distribution SARL,France,Warehouse Management Module,-3716.01,EUR,SO-3089654,2025/04,A.KOK,2025-04-27
1900000506,2025-05-08,F2,NL01,NL01,10,00,Van Beek Sustainable Energy B.V.,Van Beek Sustainable Energy B.V.,Netherlands,Standard Spare Parts Bundle,16223.29,EUR,SO-8012591,2025/05,S.BAKKER,2025-05-08
1900000508,2025-12-30,F2,NL01,NL01,30,00,Van Dijk Transport B.V.,Van Dijk Transport B.V.,Netherlands,Warehouse Management Module,36420.75,EUR,SO-6811177,2025/12,M.DEVRIES,2025-12-30
1900000509,2025-10-29,F2,NL01,NL01,10,00,Kramer Robotics B.V.,Kramer Robotics B.V.,Netherlands,Industrial Network Switch NS-24,16897.12,EUR,SO-1894431,2025/10,S.BAKKER,2025-10-29
1900000511,2025-05-14,F2,NL01,NL01,10,00,Dijkstra Precision B.V.,Dijkstra Precision B.V.,Netherlands,Annual Maintenance Contract,9396.35,EUR,SO-3878736,2025/05,BATCHJOB,2025-05-14
1900000512,2025-04-15,F2,NL01,NL01,20,00,Brouwer Data Systems B.V.,Brouwer Data Systems B.V.,Netherlands,Sensor Calibration Kit,16516.14,EUR,SO-7044806,2025/04,M.DEVRIES,2025-04-15
1900000514,2025-11-20,F2,NL01,NL01,20,00,Post Digitale Diensten B.V.,Post Digitale Diensten B.V.,Netherlands,Safety System Upgrade Kit,7124.59,EUR,SO-2475831,2025/11,M.DEVRIES,2025-11-20
1900000515,2025-11-14,F2,NL01,NL01,20,00,Dijkstra Precision B.V.,Dijkstra Precision B.V.,Netherlands,Conveyor Belt System CB-12,14796.69,EUR,SO-4054153,2025/11,M.DEVRIES,2025-11-14
1900000516,2025-07-15,F2,NL01,NL01,20,00,Van Beek Sustainable Energy B.V.,Van Beek Sustainable Energy B.V.,Netherlands,Conveyor Belt System CB-12,21138.44,EUR,SO-7845186,2025/07,R.JANSSEN,2025-07-15
1900000517,2025-11-25,F2,NL01,NL01,10,00,Utrecht Systemen B.V.,Utrecht Systemen B.V.,Netherlands,Support Retainer Services,23500.0,EUR,SO-4982876,2025/11,R.JANSSEN,2025-11-25
1900000518,2025-05-05,F2,NL01,NL01,20,00,Noord Maritiem Diensten B.V.,Noord Maritiem Diensten B.V.,Netherlands,Electric Motor EM-750,28844.23,EUR,SO-9118636,2025/05,R.JANSSEN,2025-05-05
1900000519,2026-01-01,F2,NL01,NL01,30,00,Dijkstra Precision B.V.,Dijkstra Precision B.V.,Netherlands,Technical Training Package,10526.38,EUR,SO-5843463,2026/01,BATCHJOB,2026-01-01
1900000521,2026-03-17,F2,NL01,NL01,10,00,Smith and Co Industrial Ltd,Smith and Co Industrial Ltd,United Kingdom,Standard Spare Parts Bundle,42863.5,EUR,SO-7649562,2026/03,BATCHJOB,2026-03-17
1900000523,2025-09-17,F2,NL01,NL01,20,00,Post Digitale Diensten B.V.,Post Digitale Diensten B.V.,Netherlands,Industrial Network Switch NS-24,7045.85,EUR,SO-7571736,2025/09,S.BAKKER,2025-09-17
1900000524,2025-10-06,F2,NL01,NL01,10,00,Dijkstra Precision B.V.,Dijkstra Precision B.V.,Netherlands,Electric Motor EM-750,2827.87,EUR,SO-7475433,2025/10,BATCHJOB,2025-10-06
1900000526,2025-12-30,F2,NL01,NL01,10,00,Verhoeven Technische Handel B.V.,Verhoeven Technische Handel B.V.,Netherlands,Analytics Suite License (Annual),19119.73,EUR,SO-9221224,2025/12,R.JANSSEN,2025-12-30
1900000528,2025-12-10,F2,NL01,NL01,10,00,Van der Heijden Supply Chain B.V.,Van der Heijden Supply Chain B.V.,Netherlands,Automation Controller Pro,3100.35,EUR,SO-4668507,2025/12,A.KOK,2025-12-10
1900000530,2025-06-28,F2,NL01,NL01,10,00,Noord Maritiem Diensten B.V.,Noord Maritiem Diensten B.V.,Netherlands,Automation Controller Pro,14817.73,EUR,SO-5699462,2025/06,A.KOK,2025-06-28
1900000532,2026-03-11,F2,NL01,NL01,30,00,Duval Distribution SARL,Duval Distribution SARL,France,Automation Controller Pro,9500.0,EUR,SO-5403371,2026/03,R.JANSSEN,2026-03-11
1900000534,2025-09-26,F2,NL01,NL01,20,00,Van Damme Trading NV,Van Damme Trading NV,Belgium,Data Migration Services,24817.17,EUR,SO-8830005,2025/09,S.BAKKER,2025-09-26
1900000535,2025-06-18,F2,NL01,NL01,20,00,Schouten Productie B.V.,Schouten Productie B.V.,Netherlands,Hydraulic Pump Unit HP-450,22500.0,EUR,SO-2062472,2025/06,BATCHJOB,2025-06-18
1900000536,2026-03-05,F2,NL01,NL01,10,00,Van Dijk Transport B.V.,Van Dijk Transport B.V.,Netherlands,Hydraulic Pump Unit HP-450,9866.4,EUR,SO-3772739,2026/03,R.JANSSEN,2026-03-05
1900000537,2025-11-05,G2,NL01,NL01,20,00,Baumann Prazisionstechnik GmbH,Baumann Prazisionstechnik GmbH,Germany,Conveyor Belt System CB-12,-6873.84,EUR,SO-9465513,2025/11,BATCHJOB,2025-11-05
1900000539,2025-05-20,F2,NL01,NL01,20,00,Martens Industrieel B.V.,Martens Industrieel B.V.,Netherlands,Cloud Hosting Subscription (Annual),41368.89,EUR,SO-3698735,2025/05,S.BAKKER,2025-05-20
1900000540,2025-12-17,F2,NL01,NL01,10,00,Scholten Data Center Services B.V.,Scholten Data Center Services B.V.,Netherlands,Industrial Network Switch NS-24,16226.79,EUR,SO-1502362,2025/12,M.DEVRIES,2025-12-17
1900000542,2025-04-22,F2,NL01,NL01,10,00,Smit Engineering B.V.,Smit Engineering B.V.,Netherlands,Warehouse Management Module,16220.45,EUR,SO-3197865,2025/04,S.BAKKER,2025-04-22
1900000544,2026-03-26,F2,NL01,NL01,20,00,Dijkstra Precision B.V.,Dijkstra Precision B.V.,Netherlands,Support Retainer Services,15000.0,EUR,SO-5754890,2026/03,S.BAKKER,2026-03-26
1900000545,2025-12-24,F2,NL01,NL01,10,00,Hendriks Metaalbewerking B.V.,Hendriks Metaalbewerking B.V.,Netherlands,Industrial Sensor Module X200,5403.7,EUR,SO-6105471,2025/12,BATCHJOB,2025-12-24
1900000546,2025-10-08,F2,NL01,NL01,10,00,Meijer Energie B.V.,Meijer Energie B.V.,Netherlands,Data Migration Services,6068.34,EUR,SO-4596557,2025/10,M.DEVRIES,2025-10-08
1900000548,2025-08-05,F2,NL01,NL01,10,00,Groenendijk Handel B.V.,Groenendijk Handel B.V.,Netherlands,PLC Programming Unit,13777.08,EUR,SO-8771621,2025/08,S.BAKKER,2025-08-05
1900000550,2026-03-23,F2,NL01,NL01,20,00,Schneider Maschinenbau GmbH,Schneider Maschinenbau GmbH,Germany,Annual Maintenance Contract,23483.76,EUR,SO-6775358,2026/03,R.JANSSEN,2026-03-23
1900000551,2025-06-03,F2,NL01,NL01,10,00,Dekker IT Solutions B.V.,Dekker IT Solutions B.V.,Netherlands,Warehouse Management Module,33392.18,EUR,SO-9066636,2025/06,BATCHJOB,2025-06-03
1900000552,2026-03-06,F2,NL01,NL01,10,00,Dijkstra Precision B.V.,Dijkstra Precision B.V.,Netherlands,Conveyor Belt System CB-12,6658.85,EUR,SO-7657335,2026/03,M.DEVRIES,2026-03-06
1900000554,2025-12-15,F2,NL01,NL01,20,00,Schneider Maschinenbau GmbH,Schneider Maschinenbau GmbH,Germany,Custom Integration Services,17975.18,EUR,SO-9237053,2025/12,BATCHJOB,2025-12-15
1900000556,2025-11-22,F2,NL01,NL01,20,00,Dijkstra Precision B.V.,Dijkstra Precision B.V.,Netherlands,Cloud Hosting Subscription (Annual),33152.34,EUR,SO-3423163,2025/11,BATCHJOB,2025-11-22
1900000557,2025-10-02,F2,NL01,NL01,10,00,Van der Heijden Supply Chain B.V.,Van der Heijden Supply Chain B.V.,Netherlands,Standard Spare Parts Bundle,20000.0,EUR,SO-8514446,2025/10,BATCHJOB,2025-10-02
1900000558,2026-03-12,F2,NL01,NL01,10,00,Hendriks Metaalbewerking B.V.,Hendriks Metaalbewerking B.V.,Netherlands,Technical Training Package,15130.61,EUR,SO-5563826,2026/03,M.DEVRIES,2026-03-12
1900000559,2026-01-06,G2,NL01,NL01,10,00,Timmermans Bouw B.V.,Timmermans Bouw B.V.,Netherlands,ERP Connector License (Annual),-1071.22,EUR,SO-2523787,2026/01,A.KOK,2026-01-06
1900000560,2025-11-04,F2,NL01,NL01,20,00,De Groot Handelsonderneming B.V.,De Groot Handelsonderneming B.V.,Netherlands,Support Retainer Services,24568.82,EUR,SO-5302077,2025/11,A.KOK,2025-11-04
1900000561,2025-12-22,F2,NL01,NL01,30,00,Dijkstra Precision B.V.,Dijkstra Precision B.V.,Netherlands,Safety System Upgrade Kit,8322.56,EUR,SO-7252388,2025/12,BATCHJOB,2025-12-22
1900000563,2025-10-01,F2,NL01,NL01,10,00,Noord Maritiem Diensten B.V.,Noord Maritiem Diensten B.V.,Netherlands,Technical Training Package,21465.94,EUR,SO-5805013,2025/10,S.BAKKER,2025-10-01
1900000564,2025-11-24,F2,NL01,NL01,30,00,Van Dijk Transport B.V.,Van Dijk Transport B.V.,Netherlands,Data Migration Services,5153.6,EUR,SO-5640164,2025/11,A.KOK,2025-11-24
1900000565,2026-02-23,G2,NL01,NL01,10,00,Kramer Robotics B.V.,Kramer Robotics B.V.,Netherlands,Support Retainer Services,-8701.29,EUR,SO-2202637,2026/02,R.JANSSEN,2026-02-23
1900000567,2025-10-19,F2,NL01,NL01,10,00,Bos Facility Services B.V.,Bos Facility Services B.V.,Netherlands,Warehouse Management Module,26757.44,EUR,SO-9026641,2025/10,M.DEVRIES,2025-10-19
1900000568,2025-08-05,F2,NL01,NL01,10,00,Van den Berg Retail Group B.V.,Van den Berg Retail Group B.V.,Netherlands,Technical Training Package,12735.19,EUR,SO-1204437,2025/08,BATCHJOB,2025-08-05
1900000570,2025-09-24,F2,NL01,NL01,10,00,Van der Heijden Supply Chain B.V.,Van der Heijden Supply Chain B.V.,Netherlands,Industrial Network Switch NS-24,18640.62,EUR,SO-4912863,2025/09,R.JANSSEN,2025-09-24
1900000571,2025-12-16,F2,NL01,NL01,10,00,Van den Berg Retail Group B.V.,Van den Berg Retail Group B.V.,Netherlands,Sensor Calibration Kit,15005.77,EUR,SO-2686285,2025/12,A.KOK,2025-12-16
1900000573,2025-04-09,F2,NL01,NL01,10,00,Verhoeven Technische Handel B.V.,Verhoeven Technische Handel B.V.,Netherlands,Annual Maintenance Contract,18638.7,EUR,SO-7252372,2025/04,A.KOK,2025-04-09
1900000574,2026-01-07,F2,NL01,NL01,20,00,Meijer Energie B.V.,Meijer Energie B.V.,Netherlands,Data Migration Services,11000.0,EUR,SO-3928386,2026/01,S.BAKKER,2026-01-07
1900000575,2025-09-29,F2,NL01,NL01,10,00,De Wit Consultancy B.V.,De Wit Consultancy B.V.,Netherlands,Sensor Calibration Kit,3627.17,EUR,SO-9677040,2025/09,S.BAKKER,2025-09-29
1900000576,2026-01-01,F2,NL01,NL01,10,00,Willemsen Innovatie B.V.,Willemsen Innovatie B.V.,Netherlands,Safety System Upgrade Kit,3148.19,EUR,SO-7806520,2026/01,M.DEVRIES,2026-01-01
1900000577,2025-04-03,F2,NL01,NL01,30,00,De Groot Handelsonderneming B.V.,De Groot Handelsonderneming B.V.,Netherlands,Standard Spare Parts Bundle,9631.27,EUR,SO-9219368,2025/04,A.KOK,2025-04-03
1900000578,2026-02-06,F2,NL01,NL01,10,00,Van der Heijden Supply Chain B.V.,Van der Heijden Supply Chain B.V.,Netherlands,Technical Training Package,9440.71,EUR,SO-4184844,2026/02,BATCHJOB,2026-02-06
1900000580,2025-09-01,F2,NL01,NL01,10,00,Visser Machinebouw B.V.,Visser Machinebouw B.V.,Netherlands,Analytics Suite License (Annual),7071.84,EUR,SO-1666150,2025/09,A.KOK,2025-09-01
1900000582,2026-02-20,F2,NL01,NL01,10,00,Baumann Prazisionstechnik GmbH,Baumann Prazisionstechnik GmbH,Germany,Support Retainer Services,46334.91,EUR,SO-1396633,2026/02,M.DEVRIES,2026-02-20
1900000583,2025-12-14,F2,NL01,NL01,10,00,De Groot Handelsonderneming B.V.,De Groot Handelsonderneming B.V.,Netherlands,Hydraulic Pump Unit HP-450,2848.25,EUR,SO-1090772,2025/12,A.KOK,2025-12-14
1900000584,2026-03-20,F2,NL01,NL01,20,00,Kramer Robotics B.V.,Kramer Robotics B.V.,Netherlands,Electric Motor EM-750,13625.25,EUR,SO-5048703,2026/03,A.KOK,2026-03-20
1900000586,2026-03-25,G2,NL01,NL01,10,00,Van Leeuwen Staal B.V.,Van Leeuwen Staal B.V.,Netherlands,PLC Programming Unit,-4495.12,EUR,SO-8628651,2026/03,S.BAKKER,2026-03-25
1900000588,2025-05-27,F2,NL01,NL01,10,00,Van Dijk Transport B.V.,Van Dijk Transport B.V.,Netherlands,Sensor Calibration Kit,9628.71,EUR,SO-3841231,2025/05,R.JANSSEN,2025-05-27
1900000590,2026-02-06,F2,NL01,NL01,30,00,Van Beek Sustainable Energy B.V.,Van Beek Sustainable Energy B.V.,Netherlands,Electric Motor EM-750,29499.26,EUR,SO-8546568,2026/02,R.JANSSEN,2026-02-06
1900000591,2026-02-23,F2,NL01,NL01,20,00,Brouwer Data Systems B.V.,Brouwer Data Systems B.V.,Netherlands,Industrial Network Switch NS-24,23446.16,EUR,SO-8190155,2026/02,R.JANSSEN,2026-02-23
1900000592,2026-01-17,F2,NL01,NL01,10,00,Van Beek Sustainable Energy B.V.,Van Beek Sustainable Energy B.V.,Netherlands,Warehouse Management Module,5433.99,EUR,SO-8443793,2026/01,R.JANSSEN,2026-01-17
1900000594,2025-11-23,F2,NL01,NL01,10,00,Schouten Productie B.V.,Schouten Productie B.V.,Netherlands,Automation Controller Pro,8500.0,EUR,SO-9105161,2025/11,A.KOK,2025-11-23
1900000595,2025-07-09,F2,NL01,NL01,10,00,Noord Maritiem Diensten B.V.,Noord Maritiem Diensten B.V.,Netherlands,Data Migration Services,6311.59,EUR,SO-1787007,2025/07,A.KOK,2025-07-09
1900000596,2025-04-02,F2,NL01,NL01,20,00,Willemsen Innovatie B.V.,Willemsen Innovatie B.V.,Netherlands,ERP Connector License (Annual),21926.51,EUR,SO-7331892,2025/04,M.DEVRIES,2025-04-02
1900000598,2026-01-13,F2,NL01,NL01,10,00,Baumann Prazisionstechnik GmbH,Baumann Prazisionstechnik GmbH,Germany,PLC Programming Unit,3782.85,EUR,SO-8735709,2026/01,R.JANSSEN,2026-01-13
1900000600,2025-06-05,F2,NL01,NL01,10,00,Noord Maritiem Diensten B.V.,Noord Maritiem Diensten B.V.,Netherlands,Warehouse Management Module,14643.98,EUR,SO-4249903,2025/06,S.BAKKER,2025-06-05
1900000601,2025-09-05,F2,NL01,NL01,10,00,Baumann Prazisionstechnik GmbH,Baumann Prazisionstechnik GmbH,Germany,Technical Training Package,21259.74,EUR,SO-4901985,2025/09,S.BAKKER,2025-09-05
1900000602,2025-11-03,F2,NL01,NL01,10,00,Van Damme Trading NV,Van Damme Trading NV,Belgium,PLC Programming Unit,31214.58,EUR,SO-5339790,2025/11,BATCHJOB,2025-11-03
1900000603,2025-04-30,F2,NL01,NL01,10,00,Van der Heijden Supply Chain B.V.,Van der Heijden Supply Chain B.V.,Netherlands,Custom Integration Services,22302.62,EUR,SO-3443016,2025/04,A.KOK,2025-04-30
1900000604,2026-02-17,F2,NL01,NL01,20,00,Smith and Co Industrial Ltd,Smith and Co Industrial Ltd,United Kingdom,Support Retainer Services,5653.42,EUR,SO-3072035,2026/02,BATCHJOB,2026-02-17
1900000605,2025-09-12,F2,NL01,NL01,10,00,Duval Distribution SARL,Duval Distribution SARL,France,Annual Maintenance Contract,9000.0,EUR,SO-2757327,2025/09,M.DEVRIES,2025-09-12
1900000606,2025-04-30,F2,NL01,NL01,10,00,Duval Distribution SARL,Duval Distribution SARL,France,Cloud Hosting Subscription (Annual),2540.5,EUR,SO-8165342,2025/04,BATCHJOB,2025-04-30
1900000607,2026-03-19,F2,NL01,NL01,10,00,De Groot Handelsonderneming B.V.,De Groot Handelsonderneming B.V.,Netherlands,PLC Programming Unit,5151.16,EUR,SO-3868785,2026/03,R.JANSSEN,2026-03-19
1900000609,2026-01-20,F2,NL01,NL01,20,00,Timmermans Bouw B.V.,Timmermans Bouw B.V.,Netherlands,Sensor Calibration Kit,17462.93,EUR,SO-7236215,2026/01,M.DEVRIES,2026-01-20
1900000610,2026-03-04,F2,NL01,NL01,10,00,Dijkstra Precision B.V.,Dijkstra Precision B.V.,Netherlands,Analytics Suite License (Annual),34424.77,EUR,SO-2765975,2026/03,R.JANSSEN,2026-03-04
1900000611,2025-12-09,F2,NL01,NL01,10,00,Verhoeven Technische Handel B.V.,Verhoeven Technische Handel B.V.,Netherlands,Hydraulic Pump Unit HP-450,11082.77,EUR,SO-9294838,2025/12,A.KOK,2025-12-09
1900000613,2026-03-09,F2,NL01,NL01,10,00,Van Dijk Transport B.V.,Van Dijk Transport B.V.,Netherlands,Automation Controller Pro,10573.56,EUR,SO-7883910,2026/03,S.BAKKER,2026-03-09
1900000614,2025-05-06,F2,NL01,NL01,30,00,Smit Engineering B.V.,Smit Engineering B.V.,Netherlands,Industrial Sensor Module X200,23763.57,EUR,SO-4312874,2025/05,A.KOK,2025-05-06
1900000616,2026-03-17,F2,NL01,NL01,20,00,Hendriks Metaalbewerking B.V.,Hendriks Metaalbewerking B.V.,Netherlands,Industrial Sensor Module X200,9902.42,EUR,SO-5899080,2026/03,BATCHJOB,2026-03-17
1900000618,2025-09-22,F2,NL01,NL01,10,00,Noord Maritiem Diensten B.V.,Noord Maritiem Diensten B.V.,Netherlands,Data Migration Services,15947.16,EUR,SO-6369481,2025/09,M.DEVRIES,2025-09-22
1900000620,2025-11-13,F2,NL01,NL01,10,00,Timmermans Bouw B.V.,Timmermans Bouw B.V.,Netherlands,Warehouse Management Module,15728.61,EUR,SO-3548767,2025/11,S.BAKKER,2025-11-13
1900000621,2026-01-12,F2,NL01,NL01,10,00,Groenendijk Handel B.V.,Groenendijk Handel B.V.,Netherlands,Automation Controller Pro,14526.22,EUR,SO-1595217,2026/01,M.DEVRIES,2026-01-12
1900000623,2025-12-03,F2,NL01,NL01,30,00,Dijkstra Precision B.V.,Dijkstra Precision B.V.,Netherlands,Safety System Upgrade Kit,6803.48,EUR,SO-3557867,2025/12,A.KOK,2025-12-03
1900000625,2025-06-03,F2,NL01,NL01,10,00,Smith and Co Industrial Ltd,Smith and Co Industrial Ltd,United Kingdom,Warehouse Management Module,27355.91,EUR,SO-8008029,2025/06,A.KOK,2025-06-03
1900000627,2025-09-04,F2,NL01,NL01,10,00,Noord Maritiem Diensten B.V.,Noord Maritiem Diensten B.V.,Netherlands,Annual Maintenance Contract,3294.82,EUR,SO-3819383,2025/09,A.KOK,2025-09-04
1900000629,2025-04-03,F2,NL01,NL01,10,00,Utrecht Systemen B.V.,Utrecht Systemen B.V.,Netherlands,Sensor Calibration Kit,37803.51,EUR,SO-7691815,2025/04,BATCHJOB,2025-04-03
1900000631,2025-11-17,F2,NL01,NL01,10,00,Schouten Productie B.V.,Schouten Productie B.V.,Netherlands,Industrial Sensor Module X200,28296.39,EUR,SO-6961879,2025/11,R.JANSSEN,2025-11-17
1900000633,2025-10-14,F2,NL01,NL01,20,00,Peters Automatisering B.V.,Peters Automatisering B.V.,Netherlands,Technical Training Package,30613.76,EUR,SO-1586692,2025/10,BATCHJOB,2025-10-14
1900000635,2026-03-10,F2,NL01,NL01,10,00,Smit Engineering B.V.,Smit Engineering B.V.,Netherlands,Conveyor Belt System CB-12,6152.16,EUR,SO-2801800,2026/03,A.KOK,2026-03-10
1900000637,2025-12-31,F2,NL01,NL01,10,00,Bos Facility Services B.V.,Bos Facility Services B.V.,Netherlands,Hydraulic Pump Unit HP-450,18316.66,EUR,SO-4784483,2025/12,BATCHJOB,2025-12-31
1900000639,2025-12-03,F2,NL01,NL01,10,00,De Groot Handelsonderneming B.V.,De Groot Handelsonderneming B.V.,Netherlands,Support Retainer Services,7901.6,EUR,SO-2931163,2025/12,A.KOK,2025-12-03
1900000641,2025-04-30,F2,NL01,NL01,10,00,Meijer Energie B.V.,Meijer Energie B.V.,Netherlands,Support Retainer Services,10506.63,EUR,SO-4921308,2025/04,A.KOK,2025-04-30
1900000642,2025-05-16,F2,NL01,NL01,20,00,Bos Facility Services B.V.,Bos Facility Services B.V.,Netherlands,Electric Motor EM-750,15475.64,EUR,SO-8882653,2025/05,M.DEVRIES,2025-05-16
1900000643,2025-11-04,F2,NL01,NL01,10,00,De Vries Energy Solutions B.V.,De Vries Energy Solutions B.V.,Netherlands,PLC Programming Unit,6916.89,EUR,SO-8920468,2025/11,BATCHJOB,2025-11-04
1900000644,2025-10-01,F2,NL01,NL01,20,00,De Groot Handelsonderneming B.V.,De Groot Handelsonderneming B.V.,Netherlands,Custom Integration Services,9500.0,EUR,SO-6686493,2025/10,A.KOK,2025-10-01
1900000646,2025-08-05,F2,NL01,NL01,10,00,Van Dijk Transport B.V.,Van Dijk Transport B.V.,Netherlands,Custom Integration Services,11863.17,EUR,SO-4917046,2025/08,S.BAKKER,2025-08-05
1900000647,2025-08-31,F2,NL01,NL01,10,00,Smit Engineering B.V.,Smit Engineering B.V.,Netherlands,Warehouse Management Module,9442.26,EUR,SO-6910723,2025/08,A.KOK,2025-08-31
1900000649,2025-05-22,F2,NL01,NL01,10,00,Dijkstra Precision B.V.,Dijkstra Precision B.V.,Netherlands,Warehouse Management Module,17790.93,EUR,SO-3096486,2025/05,M.DEVRIES,2025-05-22
1900000650,2026-03-11,F2,NL01,NL01,10,00,De Wit Consultancy B.V.,De Wit Consultancy B.V.,Netherlands,Technical Training Package,6926.32,EUR,SO-5402205,2026/03,M.DEVRIES,2026-03-11
1900000651,2025-04-25,F2,NL01,NL01,10,00,Van der Heijden Supply Chain B.V.,Van der Heijden Supply Chain B.V.,Netherlands,Support Retainer Services,12789.18,EUR,SO-8323115,2025/04,M.DEVRIES,2025-04-25
1900000653,2025-09-17,F2,NL01,NL01,10,00,De Groot Handelsonderneming B.V.,De Groot Handelsonderneming B.V.,Netherlands,Data Migration Services,4523.62,EUR,SO-8822362,2025/09,BATCHJOB,2025-09-17
1900000654,2025-04-28,F2,NL01,NL01,20,00,Van der Linden Advies B.V.,Van der Linden Advies B.V.,Netherlands,Implementation Consulting Services,18184.49,EUR,SO-7361465,2025/04,A.KOK,2025-04-28
1900000656,2025-09-02,F2,NL01,NL01,20,00,Van Beek Sustainable Energy B.V.,Van Beek Sustainable Energy B.V.,Netherlands,Analytics Suite License (Annual),14397.02,EUR,SO-7169326,2025/09,A.KOK,2025-09-02
1900000657,2025-11-26,F2,NL01,NL01,20,00,Van Dijk Transport B.V.,Van Dijk Transport B.V.,Netherlands,Industrial Network Switch NS-24,23000.0,EUR,SO-2823530,2025/11,R.JANSSEN,2025-11-26
1900000658,2025-10-24,F2,NL01,NL01,10,00,Noord Maritiem Diensten B.V.,Noord Maritiem Diensten B.V.,Netherlands,Industrial Sensor Module X200,10368.03,EUR,SO-1191363,2025/10,M.DEVRIES,2025-10-24
1900000659,2026-01-16,F2,NL01,NL01,10,00,Verhoeven Technische Handel B.V.,Verhoeven Technische Handel B.V.,Netherlands,Annual Maintenance Contract,25553.85,EUR,SO-9021856,2026/01,BATCHJOB,2026-01-16
1900000661,2025-06-26,F2,NL01,NL01,20,00,Dijkstra Precision B.V.,Dijkstra Precision B.V.,Netherlands,Annual Maintenance Contract,13709.16,EUR,SO-1421871,2025/06,R.JANSSEN,2025-06-26
1900000662,2025-06-05,F2,NL01,NL01,10,00,Brouwer Data Systems B.V.,Brouwer Data Systems B.V.,Netherlands,Support Retainer Services,21256.63,EUR,SO-8572068,2025/06,R.JANSSEN,2025-06-05
1900000664,2026-03-02,F2,NL01,NL01,10,00,Van Beek Sustainable Energy B.V.,Van Beek Sustainable Energy B.V.,Netherlands,Safety System Upgrade Kit,4580.79,EUR,SO-8351817,2026/03,M.DEVRIES,2026-03-02
1900000666,2026-02-12,F2,NL01,NL01,20,00,De Groot Handelsonderneming B.V.,De Groot Handelsonderneming B.V.,Netherlands,Support Retainer Services,6147.05,EUR,SO-1605351,2026/02,BATCHJOB,2026-02-12
1900000668,2025-06-02,F2,NL01,NL01,10,00,De Groot Handelsonderneming B.V.,De Groot Handelsonderneming B.V.,Netherlands,Safety System Upgrade Kit,14551.07,EUR,SO-6761101,2025/06,BATCHJOB,2025-06-02
1900000670,2025-09-04,F2,NL01,NL01,10,00,Smit Engineering B.V.,Smit Engineering B.V.,Netherlands,Safety System Upgrade Kit,36318.95,EUR,SO-6668145,2025/09,BATCHJOB,2025-09-04
1900000671,2026-01-27,F2,NL01,NL01,10,00,Post Digitale Diensten B.V.,Post Digitale Diensten B.V.,Netherlands,Data Migration Services,9374.64,EUR,SO-3994922,2026/01,M.DEVRIES,2026-01-27
1900000672,2025-04-22,G2,NL01,NL01,30,00,Van Beek Sustainable Energy B.V.,Van Beek Sustainable Energy B.V.,Netherlands,Data Migration Services,-4773.91,EUR,SO-3327849,2025/04,A.KOK,2025-04-22
1900000674,2026-03-16,F2,NL01,NL01,20,00,Duval Distribution SARL,Duval Distribution SARL,France,Implementation Consulting Services,32959.34,EUR,SO-8600049,2026/03,R.JANSSEN,2026-03-16
1900000676,2025-05-02,F2,NL01,NL01,10,00,Hendriks Metaalbewerking B.V.,Hendriks Metaalbewerking B.V.,Netherlands,Sensor Calibration Kit,8130.54,EUR,SO-4200439,2025/05,A.KOK,2025-05-02
1900000678,2026-02-16,F2,NL01,NL01,20,00,Post Digitale Diensten B.V.,Post Digitale Diensten B.V.,Netherlands,Sensor Calibration Kit,5794.39,EUR,SO-5156275,2026/02,BATCHJOB,2026-02-16
1900000679,2026-01-05,F2,NL01,NL01,10,00,Global Tech Solutions Inc,Global Tech Solutions Inc,United States,Standard Spare Parts Bundle,11500.0,EUR,SO-1095522,2026/01,A.KOK,2026-01-05
1900000681,2026-01-06,F2,NL01,NL01,20,00,Utrecht Systemen B.V.,Utrecht Systemen B.V.,Netherlands,Custom Integration Services,1634.83,EUR,SO-7304124,2026/01,A.KOK,2026-01-06
1900000683,2026-01-01,F2,NL01,NL01,20,00,Van Dijk Transport B.V.,Van Dijk Transport B.V.,Netherlands,Technical Training Package,7500.0,EUR,SO-8730217,2026/01,R.JANSSEN,2026-01-01
1900000684,2025-08-27,F2,NL01,NL01,20,00,Smit Engineering B.V.,Smit Engineering B.V.,Netherlands,Conveyor Belt System CB-12,49570.91,EUR,SO-6071472,2025/08,M.DEVRIES,2025-08-27
1900000686,2026-02-13,F2,NL01,NL01,10,00,De Groot Handelsonderneming B.V.,De Groot Handelsonderneming B.V.,Netherlands,Support Retainer Services,12553.77,EUR,SO-5354617,2026/02,S.BAKKER,2026-02-13
1900000688,2025-05-27,F2,NL01,NL01,10,00,Dijkstra Precision B.V.,Dijkstra Precision B.V.,Netherlands,Safety System Upgrade Kit,24207.99,EUR,SO-2926592,2025/05,BATCHJOB,2025-05-27
1900000690,2025-10-08,F2,NL01,NL01,10,00,De Groot Handelsonderneming B.V.,De Groot Handelsonderneming B.V.,Netherlands,Sensor Calibration Kit,10103.16,EUR,SO-3142545,2025/10,A.KOK,2025-10-08
1900000691,2026-03-30,F2,NL01,NL01,30,00,Verhoeven Technische Handel B.V.,Verhoeven Technische Handel B.V.,Netherlands,Conveyor Belt System CB-12,27000.0,EUR,SO-7641335,2026/03,BATCHJOB,2026-03-30
1900000692,2025-05-16,F2,NL01,NL01,20,00,Duval Distribution SARL,Duval Distribution SARL,France,PLC Programming Unit,18896.2,EUR,SO-2172440,2025/05,BATCHJOB,2025-05-16
1900000694,2025-12-16,F2,NL01,NL01,20,00,Willemsen Innovatie B.V.,Willemsen Innovatie B.V.,Netherlands,Analytics Suite License (Annual),9000.0,EUR,SO-2483455,2025/12,M.DEVRIES,2025-12-16
1900000695,2025-06-06,F2,NL01,NL01,10,00,Smit Engineering B.V.,Smit Engineering B.V.,Netherlands,Annual Maintenance Contract,1729.75,EUR,SO-8018506,2025/06,BATCHJOB,2025-06-06
1900000696,2025-10-13,F2,NL01,NL01,10,00,Dijkstra Precision B.V.,Dijkstra Precision B.V.,Netherlands,Safety System Upgrade Kit,11536.59,EUR,SO-8913612,2025/10,BATCHJOB,2025-10-13
1900000698,2025-08-08,F2,NL01,NL01,10,00,Duval Distribution SARL,Duval Distribution SARL,France,Sensor Calibration Kit,23547.44,EUR,SO-8269498,2025/08,R.JANSSEN,2025-08-08
1900000699,2025-07-09,F2,NL01,NL01,30,00,Noord Maritiem Diensten B.V.,Noord Maritiem Diensten B.V.,Netherlands,Annual Maintenance Contract,3576.88,EUR,SO-8536693,2025/07,M.DEVRIES,2025-07-09
1900000700,2025-06-25,F2,NL01,NL01,20,00,Van der Heijden Supply Chain B.V.,Van der Heijden Supply Chain B.V.,Netherlands,Electric Motor EM-750,19586.19,EUR,SO-6036493,2025/06,S.BAKKER,2025-06-25
1900000701,2025-09-24,F2,NL01,NL01,10,00,Duval Distribution SARL,Duval Distribution SARL,France,Warehouse Management Module,44500.0,EUR,SO-2201046,2025/09,R.JANSSEN,2025-09-24
1900000702,2026-02-11,F2,NL01,NL01,10,00,Post Digitale Diensten B.V.,Post Digitale Diensten B.V.,Netherlands,Support Retainer Services,8500.0,EUR,SO-7713935,2026/02,S.BAKKER,2026-02-11
1900000703,2026-01-27,F2,NL01,NL01,10,00,Smith and Co Industrial Ltd,Smith and Co Industrial Ltd,United Kingdom,Hydraulic Pump Unit HP-450,6295.05,EUR,SO-5788175,2026/01,BATCHJOB,2026-01-27
1900000704,2026-01-29,F2,NL01,NL01,10,00,Martens Industrieel B.V.,Martens Industrieel B.V.,Netherlands,Data Migration Services,11413.05,EUR,SO-3098563,2026/01,R.JANSSEN,2026-01-29
1900000706,2025-06-30,F2,NL01,NL01,10,00,Van Beek Sustainable Energy B.V.,Van Beek Sustainable Energy B.V.,Netherlands,Hydraulic Pump Unit HP-450,12000.0,EUR,SO-9824395,2025/06,BATCHJOB,2025-06-30
1900000707,2026-02-02,F2,NL01,NL01,20,00,Dekker IT Solutions B.V.,Dekker IT Solutions B.V.,Netherlands,Support Retainer Services,8582.25,EUR,SO-6242491,2026/02,R.JANSSEN,2026-02-02
1900000708,2025-06-12,F2,NL01,NL01,30,00,De Wit Consultancy B.V.,De Wit Consultancy B.V.,Netherlands,Standard Spare Parts Bundle,7979.45,EUR,SO-2173927,2025/06,M.DEVRIES,2025-06-12
1900000709,2026-01-26,F2,NL01,NL01,20,00,Dijkstra Precision B.V.,Dijkstra Precision B.V.,Netherlands,ERP Connector License (Annual),9980.6,EUR,SO-6420905,2026/01,BATCHJOB,2026-01-26
1900000710,2026-03-03,F2,NL01,NL01,10,00,Post Digitale Diensten B.V.,Post Digitale Diensten B.V.,Netherlands,Industrial Sensor Module X200,3583.33,EUR,SO-8579252,2026/03,R.JANSSEN,2026-03-03
1900000712,2025-08-29,F2,NL01,NL01,10,00,Dijkstra Precision B.V.,Dijkstra Precision B.V.,Netherlands,PLC Programming Unit,14224.74,EUR,SO-6067847,2025/08,BATCHJOB,2025-08-29
1900000714,2026-01-08,F2,NL01,NL01,10,00,Duval Distribution SARL,Duval Distribution SARL,France,Custom Integration Services,25504.08,EUR,SO-2088208,2026/01,R.JANSSEN,2026-01-08
1900000716,2025-10-22,F2,NL01,NL01,10,00,Duval Distribution SARL,Duval Distribution SARL,France,ERP Connector License (Annual),6500.0,EUR,SO-3766054,2025/10,R.JANSSEN,2025-10-22
1900000717,2025-06-03,F2,NL01,NL01,10,00,Van der Heijden Supply Chain B.V.,Van der Heijden Supply Chain B.V.,Netherlands,Warehouse Management Module,11034.62,EUR,SO-9764899,2025/06,M.DEVRIES,2025-06-03
1900000718,2026-03-04,G2,NL01,NL01,20,00,Van der Heijden Supply Chain B.V.,Van der Heijden Supply Chain B.V.,Netherlands,Conveyor Belt System CB-12,-15120.76,EUR,SO-7491034,2026/03,BATCHJOB,2026-03-04
1900000720,2026-03-08,F2,NL01,NL01,20,00,Groenendijk Handel B.V.,Groenendijk Handel B.V.,Netherlands,Industrial Sensor Module X200,20691.23,EUR,SO-2777076,2026/03,M.DEVRIES,2026-03-08
1900000721,2025-09-02,F2,NL01,NL01,10,00,Van Dijk Transport B.V.,Van Dijk Transport B.V.,Netherlands,Safety System Upgrade Kit,21500.0,EUR,SO-2592368,2025/09,M.DEVRIES,2025-09-02
1900000723,2025-12-11,F2,NL01,NL01,10,00,De Groot Handelsonderneming B.V.,De Groot Handelsonderneming B.V.,Netherlands,Conveyor Belt System CB-12,15000.0,EUR,SO-8046185,2025/12,S.BAKKER,2025-12-11
1900000725,2026-02-04,F2,NL01,NL01,10,00,Van Beek Sustainable Energy B.V.,Van Beek Sustainable Energy B.V.,Netherlands,Conveyor Belt System CB-12,6229.08,EUR,SO-3515561,2026/02,A.KOK,2026-02-04
1900000726,2025-04-22,F2,NL01,NL01,20,00,Baumann Prazisionstechnik GmbH,Baumann Prazisionstechnik GmbH,Germany,Cloud Hosting Subscription (Annual),17099.34,EUR,SO-1196471,2025/04,R.JANSSEN,2025-04-22
1900000728,2026-01-23,F2,NL01,NL01,20,00,Van Beek Sustainable Energy B.V.,Van Beek Sustainable Energy B.V.,Netherlands,ERP Connector License (Annual),7146.45,EUR,SO-9769536,2026/01,S.BAKKER,2026-01-23
1900000729,2025-06-02,F2,NL01,NL01,10,00,Kuipers Machinefabriek B.V.,Kuipers Machinefabriek B.V.,Netherlands,Safety System Upgrade Kit,18725.48,EUR,SO-5384945,2025/06,S.BAKKER,2025-06-02
1900000731,2025-04-07,F2,NL01,NL01,20,00,De Wit Consultancy B.V.,De Wit Consultancy B.V.,Netherlands,Custom Integration Services,4828.05,EUR,SO-3889564,2025/04,M.DEVRIES,2025-04-07
1900000733,2026-02-26,F2,NL01,NL01,30,00,Schneider Maschinenbau GmbH,Schneider Maschinenbau GmbH,Germany,Electric Motor EM-750,2924.4,EUR,SO-7572106,2026/02,R.JANSSEN,2026-02-26
1900000734,2025-09-29,F2,NL01,NL01,10,00,Martens Industrieel B.V.,Martens Industrieel B.V.,Netherlands,Industrial Sensor Module X200,21210.03,EUR,SO-1701720,2025/09,BATCHJOB,2025-09-29
1900000736,2026-03-27,F2,NL01,NL01,30,00,Verhoeven Technische Handel B.V.,Verhoeven Technische Handel B.V.,Netherlands,Analytics Suite License (Annual),7403.46,EUR,SO-3932046,2026/03,BATCHJOB,2026-03-27
1900000738,2025-04-29,F2,NL01,NL01,10,00,Visser Machinebouw B.V.,Visser Machinebouw B.V.,Netherlands,Safety System Upgrade Kit,4439.18,EUR,SO-3964707,2025/04,R.JANSSEN,2025-04-29
1900000740,2025-12-05,F2,NL01,NL01,20,00,Van der Heijden Supply Chain B.V.,Van der Heijden Supply Chain B.V.,Netherlands,ERP Connector License (Annual),12581.27,EUR,SO-5272027,2025/12,M.DEVRIES,2025-12-05
1900000741,2025-10-29,F2,NL01,NL01,10,00,De Groot Handelsonderneming B.V.,De Groot Handelsonderneming B.V.,Netherlands,Annual Maintenance Contract,10929.09,EUR,SO-3991504,2025/10,M.DEVRIES,2025-10-29
1900000743,2025-10-15,F2,NL01,NL01,10,00,Brouwer Data Systems B.V.,Brouwer Data Systems B.V.,Netherlands,Annual Maintenance Contract,6639.44,EUR,SO-8915008,2025/10,A.KOK,2025-10-15
1900000745,2025-10-02,F2,NL01,NL01,20,00,Martens Industrieel B.V.,Martens Industrieel B.V.,Netherlands,Data Migration Services,24911.95,EUR,SO-9629118,2025/10,BATCHJOB,2025-10-02
1900000747,2026-02-05,F2,NL01,NL01,20,00,Van Dijk Transport B.V.,Van Dijk Transport B.V.,Netherlands,Custom Integration Services,5660.79,EUR,SO-6545238,2026/02,S.BAKKER,2026-02-05
1900000749,2025-10-20,F2,NL01,NL01,10,00,Van Dijk Transport B.V.,Van Dijk Transport B.V.,Netherlands,ERP Connector License (Annual),17053.36,EUR,SO-8896444,2025/10,R.JANSSEN,2025-10-20
1900000751,2025-09-26,F2,NL01,NL01,10,00,Hofman Electro B.V.,Hofman Electro B.V.,Netherlands,Hydraulic Pump Unit HP-450,14608.27,EUR,SO-3077989,2025/09,A.KOK,2025-09-26
1900000753,2026-03-05,F2,NL01,NL01,10,00,Van der Heijden Supply Chain B.V.,Van der Heijden Supply Chain B.V.,Netherlands,PLC Programming Unit,20387.93,EUR,SO-5669005,2026/03,R.JANSSEN,2026-03-05
1900000755,2026-01-22,F2,NL01,NL01,10,00,De Wit Consultancy B.V.,De Wit Consultancy B.V.,Netherlands,Conveyor Belt System CB-12,22119.93,EUR,SO-8411393,2026/01,M.DEVRIES,2026-01-22
1900000756,2025-10-31,F2,NL01,NL01,10,00,Smith and Co Industrial Ltd,Smith and Co Industrial Ltd,United Kingdom,PLC Programming Unit,27280.01,EUR,SO-7897338,2025/10,A.KOK,2025-10-31
1900000757,2026-03-18,F2,NL01,NL01,10,00,Bos Facility Services B.V.,Bos Facility Services B.V.,Netherlands,Warehouse Management Module,10150.14,EUR,SO-5365771,2026/03,A.KOK,2026-03-18
1900000759,2025-12-23,F2,NL01,NL01,20,00,Post Digitale Diensten B.V.,Post Digitale Diensten B.V.,Netherlands,Industrial Sensor Module X200,17185.92,EUR,SO-6770186,2025/12,S.BAKKER,2025-12-23
1900000761,2025-07-10,F2,NL01,NL01,20,00,Martens Industrieel B.V.,Martens Industrieel B.V.,Netherlands,Data Migration Services,10959.62,EUR,SO-6517093,2025/07,R.JANSSEN,2025-07-10
1900000762,2025-04-04,F2,NL01,NL01,20,00,Verhoeven Technische Handel B.V.,Verhoeven Technische Handel B.V.,Netherlands,Sensor Calibration Kit,27945.19,EUR,SO-2492377,2025/04,BATCHJOB,2025-04-04
1900000763,2025-12-25,F2,NL01,NL01,10,00,Hendriks Metaalbewerking B.V.,Hendriks Metaalbewerking B.V.,Netherlands,Data Migration Services,5500.0,EUR,SO-7109733,2025/12,A.KOK,2025-12-25
1900000764,2025-11-21,F2,NL01,NL01,10,00,Dijkstra Precision B.V.,Dijkstra Precision B.V.,Netherlands,Data Migration Services,15571.53,EUR,SO-7709142,2025/11,M.DEVRIES,2025-11-21
1900000766,2025-12-30,F2,NL01,NL01,20,00,Dijkstra Precision B.V.,Dijkstra Precision B.V.,Netherlands,Conveyor Belt System CB-12,4875.16,EUR,SO-9645588,2025/12,A.KOK,2025-12-30
1900000767,2026-01-29,F2,NL01,NL01,10,00,Dijkstra Precision B.V.,Dijkstra Precision B.V.,Netherlands,Sensor Calibration Kit,35070.7,EUR,SO-4750260,2026/01,S.BAKKER,2026-01-29
1900000769,2025-04-30,F2,NL01,NL01,20,00,Bos Facility Services B.V.,Bos Facility Services B.V.,Netherlands,Electric Motor EM-750,11745.04,EUR,SO-8125086,2025/04,R.JANSSEN,2025-04-30
1900000771,2026-03-09,F2,NL01,NL01,10,00,Duval Distribution SARL,Duval Distribution SARL,France,Automation Controller Pro,19278.7,EUR,SO-7510215,2026/03,M.DEVRIES,2026-03-09
1900000773,2026-02-21,F2,NL01,NL01,10,00,Martens Industrieel B.V.,Martens Industrieel B.V.,Netherlands,Technical Training Package,10500.0,EUR,SO-9837185,2026/02,R.JANSSEN,2026-02-21
1900000775,2025-09-09,F2,NL01,NL01,10,00,De Wit Consultancy B.V.,De Wit Consultancy B.V.,Netherlands,Warehouse Management Module,11768.6,EUR,SO-6466203,2025/09,M.DEVRIES,2025-09-09
1900000777,2025-04-11,F2,NL01,NL01,10,00,Mulder Groothandel B.V.,Mulder Groothandel B.V.,Netherlands,Implementation Consulting Services,11857.27,EUR,SO-8235089,2025/04,R.JANSSEN,2025-04-11
1900000779,2025-11-06,F2,NL01,NL01,10,00,Van Dijk Transport B.V.,Van Dijk Transport B.V.,Netherlands,Data Migration Services,12242.58,EUR,SO-3008203,2025/11,R.JANSSEN,2025-11-06
1900000780,2026-03-30,F2,NL01,NL01,30,00,Van der Heijden Supply Chain B.V.,Van der Heijden Supply Chain B.V.,Netherlands,Annual Maintenance Contract,12887.28,EUR,SO-1434431,2026/03,R.JANSSEN,2026-03-30
1900000782,2025-06-02,F2,NL01,NL01,10,00,Meijer Energie B.V.,Meijer Energie B.V.,Netherlands,Annual Maintenance Contract,13088.52,EUR,SO-4408785,2025/06,A.KOK,2025-06-02
1900000784,2025-04-23,F2,NL01,NL01,10,00,Van der Heijden Supply Chain B.V.,Van der Heijden Supply Chain B.V.,Netherlands,Hydraulic Pump Unit HP-450,7330.73,EUR,SO-5326474,2025/04,BATCHJOB,2025-04-23
1900000786,2025-07-29,F2,NL01,NL01,10,00,Noord Maritiem Diensten B.V.,Noord Maritiem Diensten B.V.,Netherlands,Analytics Suite License (Annual),18833.82,EUR,SO-6002330,2025/07,M.DEVRIES,2025-07-29
1900000787,2025-11-08,F2,NL01,NL01,10,00,Noord Maritiem Diensten B.V.,Noord Maritiem Diensten B.V.,Netherlands,Annual Maintenance Contract,10500.0,EUR,SO-3419964,2025/11,R.JANSSEN,2025-11-08
1900000789,2025-05-23,F2,NL01,NL01,10,00,Dijkstra Precision B.V.,Dijkstra Precision B.V.,Netherlands,ERP Connector License (Annual),36097.95,EUR,SO-8512701,2025/05,A.KOK,2025-05-23
1900000790,2026-03-02,F2,NL01,NL01,20,00,Dijkstra Precision B.V.,Dijkstra Precision B.V.,Netherlands,Cloud Hosting Subscription (Annual),5938.03,EUR,SO-3897912,2026/03,M.DEVRIES,2026-03-02
1900000791,2026-01-09,F2,NL01,NL01,10,00,Duval Distribution SARL,Duval Distribution SARL,France,Annual Maintenance Contract,49653.19,EUR,SO-7310427,2026/01,M.DEVRIES,2026-01-09
1900000792,2025-11-06,F2,NL01,NL01,30,00,Dekker IT Solutions B.V.,Dekker IT Solutions B.V.,Netherlands,PLC Programming Unit,13588.81,EUR,SO-7284081,2025/11,S.BAKKER,2025-11-06
1900000794,2025-11-19,F2,NL01,NL01,30,00,Hendriks Metaalbewerking B.V.,Hendriks Metaalbewerking B.V.,Netherlands,Data Migration Services,16344.93,EUR,SO-8224263,2025/11,R.JANSSEN,2025-11-19
1900000795,2026-01-27,F2,NL01,NL01,10,00,Noord Maritiem Diensten B.V.,Noord Maritiem Diensten B.V.,Netherlands,Custom Integration Services,26180.5,EUR,SO-5145116,2026/01,S.BAKKER,2026-01-27
1900000796,2025-12-02,F2,NL01,NL01,10,00,Bos Facility Services B.V.,Bos Facility Services B.V.,Netherlands,Hydraulic Pump Unit HP-450,22500.0,EUR,SO-4854484,2025/12,M.DEVRIES,2025-12-02
1900000797,2026-01-14,F2,NL01,NL01,20,00,Dijkstra Precision B.V.,Dijkstra Precision B.V.,Netherlands,Analytics Suite License (Annual),11671.05,EUR,SO-5433789,2026/01,A.KOK,2026-01-14
1900000799,2026-01-08,F2,NL01,NL01,10,00,Kramer Robotics B.V.,Kramer Robotics B.V.,Netherlands,Warehouse Management Module,26658.19,EUR,SO-2670665,2026/01,S.BAKKER,2026-01-08
1900000800,2025-05-06,F2,NL01,NL01,30,00,Dijkstra Precision B.V.,Dijkstra Precision B.V.,Netherlands,Cloud Hosting Subscription (Annual),5511.68,EUR,SO-9397088,2025/05,S.BAKKER,2025-05-06
1900000802,2025-05-16,F2,NL01,NL01,10,00,De Groot Handelsonderneming B.V.,De Groot Handelsonderneming B.V.,Netherlands,Industrial Network Switch NS-24,10280.36,EUR,SO-6341529,2025/05,M.DEVRIES,2025-05-16
1900000804,2025-09-04,F2,NL01,NL01,10,00,Timmermans Bouw B.V.,Timmermans Bouw B.V.,Netherlands,PLC Programming Unit,36196.36,EUR,SO-6595012,2025/09,R.JANSSEN,2025-09-04
1900000806,2025-09-11,F2,NL01,NL01,20,00,Martens Industrieel B.V.,Martens Industrieel B.V.,Netherlands,Data Migration Services,15510.97,EUR,SO-6883080,2025/09,S.BAKKER,2025-09-11
1900000808,2025-04-17,F2,NL01,NL01,20,00,Noord Maritiem Diensten B.V.,Noord Maritiem Diensten B.V.,Netherlands,Hydraulic Pump Unit HP-450,12145.39,EUR,SO-1700961,2025/04,S.BAKKER,2025-04-17
1900000809,2025-04-02,F2,NL01,NL01,10,00,De Groot Handelsonderneming B.V.,De Groot Handelsonderneming B.V.,Netherlands,Industrial Network Switch NS-24,11050.26,EUR,SO-4292852,2025/04,R.JANSSEN,2025-04-02
1900000810,2025-08-07,F2,NL01,NL01,10,00,Dekker IT Solutions B.V.,Dekker IT Solutions B.V.,Netherlands,Automation Controller Pro,45181.45,EUR,SO-1566368,2025/08,R.JANSSEN,2025-08-07
1900000811,2026-03-31,F2,NL01,NL01,10,00,Van der Heijden Supply Chain B.V.,Van der Heijden Supply Chain B.V.,Netherlands,PLC Programming Unit,13101.16,EUR,SO-4330852,2026/03,BATCHJOB,2026-03-31
1900000812,2026-02-25,F2,NL01,NL01,10,00,Noord Maritiem Diensten B.V.,Noord Maritiem Diensten B.V.,Netherlands,ERP Connector License (Annual),6000.0,EUR,SO-8027275,2026/02,M.DEVRIES,2026-02-25
1900000813,2025-10-13,F2,NL01,NL01,10,00,De Wit Consultancy B.V.,De Wit Consultancy B.V.,Netherlands,Technical Training Package,2520.95,EUR,SO-7831490,2025/10,S.BAKKER,2025-10-13
1900000814,2025-06-17,F2,NL01,NL01,10,00,Groenendijk Handel B.V.,Groenendijk Handel B.V.,Netherlands,Hydraulic Pump Unit HP-450,9860.46,EUR,SO-5930097,2025/06,BATCHJOB,2025-06-17
1900000815,2025-05-28,F2,NL01,NL01,10,00,Post Digitale Diensten B.V.,Post Digitale Diensten B.V.,Netherlands,Safety System Upgrade Kit,11538.42,EUR,SO-8128783,2025/05,S.BAKKER,2025-05-28
1900000817,2025-10-09,F2,NL01,NL01,10,00,Duval Distribution SARL,Duval Distribution SARL,France,Data Migration Services,15084.19,EUR,SO-6336102,2025/10,A.KOK,2025-10-09
1900000818,2025-12-02,F2,NL01,NL01,20,00,De Groot Handelsonderneming B.V.,De Groot Handelsonderneming B.V.,Netherlands,Automation Controller Pro,10938.59,EUR,SO-9638702,2025/12,S.BAKKER,2025-12-02
1900000819,2025-11-06,F2,NL01,NL01,10,00,De Vries Energy Solutions B.V.,De Vries Energy Solutions B.V.,Netherlands,Safety System Upgrade Kit,12193.57,EUR,SO-7681208,2025/11,BATCHJOB,2025-11-06
1900000820,2025-08-21,F2,NL01,NL01,10,00,Verhoeven Technische Handel B.V.,Verhoeven Technische Handel B.V.,Netherlands,Warehouse Management Module,6276.85,EUR,SO-8265582,2025/08,R.JANSSEN,2025-08-21
1900000822,2025-07-18,F2,NL01,NL01,20,00,Post Digitale Diensten B.V.,Post Digitale Diensten B.V.,Netherlands,Annual Maintenance Contract,15774.95,EUR,SO-1435630,2025/07,A.KOK,2025-07-18
1900000824,2025-11-19,F2,NL01,NL01,20,00,Noord Maritiem Diensten B.V.,Noord Maritiem Diensten B.V.,Netherlands,Technical Training Package,18092.09,EUR,SO-8371391,2025/11,M.DEVRIES,2025-11-19
1900000825,2025-09-10,F2,NL01,NL01,20,00,Utrecht Systemen B.V.,Utrecht Systemen B.V.,Netherlands,Analytics Suite License (Annual),18061.66,EUR,SO-6989769,2025/09,M.DEVRIES,2025-09-10
1900000826,2025-12-02,F2,NL01,NL01,10,00,Visser Machinebouw B.V.,Visser Machinebouw B.V.,Netherlands,Custom Integration Services,44000.0,EUR,SO-7540544,2025/12,R.JANSSEN,2025-12-02
1900000828,2025-04-25,F2,NL01,NL01,10,00,Dekker IT Solutions B.V.,Dekker IT Solutions B.V.,Netherlands,ERP Connector License (Annual),13719.91,EUR,SO-8161801,2025/04,BATCHJOB,2025-04-25
1900000830,2026-01-02,F2,NL01,NL01,20,00,Groenendijk Handel B.V.,Groenendijk Handel B.V.,Netherlands,Automation Controller Pro,10676.12,EUR,SO-5528283,2026/01,A.KOK,2026-01-02
1900000832,2026-03-17,F2,NL01,NL01,30,00,Noord Maritiem Diensten B.V.,Noord Maritiem Diensten B.V.,Netherlands,Annual Maintenance Contract,23049.67,EUR,SO-1116948,2026/03,R.JANSSEN,2026-03-17
1900000833,2025-10-09,F2,NL01,NL01,10,00,Van Leeuwen Staal B.V.,Van Leeuwen Staal B.V.,Netherlands,ERP Connector License (Annual),28878.51,EUR,SO-6085383,2025/10,BATCHJOB,2025-10-09
1900000834,2025-06-30,F2,NL01,NL01,10,00,Van der Heijden Supply Chain B.V.,Van der Heijden Supply Chain B.V.,Netherlands,Cloud Hosting Subscription (Annual),9000.0,EUR,SO-7753139,2025/06,R.JANSSEN,2025-06-30
1900000836,2026-02-16,F2,NL01,NL01,10,00,De Wit Consultancy B.V.,De Wit Consultancy B.V.,Netherlands,Technical Training Package,13776.67,EUR,SO-5258412,2026/02,BATCHJOB,2026-02-16
1900000837,2025-11-19,F2,NL01,NL01,20,00,Dijkstra Precision B.V.,Dijkstra Precision B.V.,Netherlands,Conveyor Belt System CB-12,14468.51,EUR,SO-8680642,2025/11,M.DEVRIES,2025-11-19
1900000839,2026-01-16,F2,NL01,NL01,10,00,Van der Heijden Supply Chain B.V.,Van der Heijden Supply Chain B.V.,Netherlands,Data Migration Services,33760.22,EUR,SO-8353787,2026/01,S.BAKKER,2026-01-16
1900000841,2025-11-23,F2,NL01,NL01,10,00,Dijkstra Precision B.V.,Dijkstra Precision B.V.,Netherlands,PLC Programming Unit,2558.4,EUR,SO-1043618,2025/11,BATCHJOB,2025-11-23
1900000843,2025-06-25,F2,NL01,NL01,20,00,Brouwer Data Systems B.V.,Brouwer Data Systems B.V.,Netherlands,PLC Programming Unit,7655.14,EUR,SO-7437476,2025/06,BATCHJOB,2025-06-25
1900000844,2025-08-13,F2,NL01,NL01,10,00,Utrecht Systemen B.V.,Utrecht Systemen B.V.,Netherlands,Automation Controller Pro,7971.22,EUR,SO-4960667,2025/08,S.BAKKER,2025-08-13
1900000845,2026-03-27,F2,NL01,NL01,20,00,De Groot Handelsonderneming B.V.,De Groot Handelsonderneming B.V.,Netherlands,Conveyor Belt System CB-12,5410.16,EUR,SO-7705692,2026/03,BATCHJOB,2026-03-27
1900000847,2025-12-23,F2,NL01,NL01,20,00,Duval Distribution SARL,Duval Distribution SARL,France,Cloud Hosting Subscription (Annual),9189.14,EUR,SO-6328814,2025/12,M.DEVRIES,2025-12-23
1900000848,2025-10-09,F2,NL01,NL01,20,00,De Wit Consultancy B.V.,De Wit Consultancy B.V.,Netherlands,Industrial Sensor Module X200,13500.0,EUR,SO-2383866,2025/10,A.KOK,2025-10-09
1900000849,2025-06-18,F2,NL01,NL01,30,00,Noord Maritiem Diensten B.V.,Noord Maritiem Diensten B.V.,Netherlands,Automation Controller Pro,12595.91,EUR,SO-9001069,2025/06,A.KOK,2025-06-18
1900000850,2025-11-12,F2,NL01,NL01,10,00,De Groot Handelsonderneming B.V.,De Groot Handelsonderneming B.V.,Netherlands,Standard Spare Parts Bundle,16472.02,EUR,SO-6613812,2025/11,M.DEVRIES,2025-11-12
1900000852,2025-12-31,F2,NL01,NL01,10,00,Hofman Electro B.V.,Hofman Electro B.V.,Netherlands,Custom Integration Services,31975.01,EUR,SO-9243413,2025/12,A.KOK,2025-12-31
1900000854,2025-09-04,F2,NL01,NL01,30,00,Noord Maritiem Diensten B.V.,Noord Maritiem Diensten B.V.,Netherlands,Warehouse Management Module,25526.38,EUR,SO-7375023,2025/09,M.DEVRIES,2025-09-04
1900000855,2025-09-30,F2,NL01,NL01,20,00,De Wit Consultancy B.V.,De Wit Consultancy B.V.,Netherlands,PLC Programming Unit,19203.37,EUR,SO-9655077,2025/09,S.BAKKER,2025-09-30
1900000856,2025-05-12,F2,NL01,NL01,10,00,Dijkstra Precision B.V.,Dijkstra Precision B.V.,Netherlands,Industrial Sensor Module X200,16271.91,EUR,SO-1009242,2025/05,R.JANSSEN,2025-05-12
1900000857,2025-05-27,F2,NL01,NL01,20,00,Dijkstra Precision B.V.,Dijkstra Precision B.V.,Netherlands,Industrial Network Switch NS-24,26399.01,EUR,SO-3881931,2025/05,BATCHJOB,2025-05-27
1900000858,2025-12-04,F2,NL01,NL01,10,00,Post Digitale Diensten B.V.,Post Digitale Diensten B.V.,Netherlands,Industrial Sensor Module X200,3071.96,EUR,SO-5919513,2025/12,A.KOK,2025-12-04
1900000860,2025-11-26,F2,NL01,NL01,10,00,De Wit Consultancy B.V.,De Wit Consultancy B.V.,Netherlands,Safety System Upgrade Kit,18288.45,EUR,SO-6338604,2025/11,BATCHJOB,2025-11-26
1900000862,2025-05-15,F2,NL01,NL01,10,00,Brouwer Data Systems B.V.,Brouwer Data Systems B.V.,Netherlands,Automation Controller Pro,15000.0,EUR,SO-1181346,2025/05,S.BAKKER,2025-05-15
1900000863,2025-10-01,F2,NL01,NL01,20,00,Baumann Prazisionstechnik GmbH,Baumann Prazisionstechnik GmbH,Germany,Data Migration Services,5222.96,EUR,SO-5523973,2025/10,R.JANSSEN,2025-10-01
1900000865,2026-02-02,F2,NL01,NL01,10,00,Verhoeven Technische Handel B.V.,Verhoeven Technische Handel B.V.,Netherlands,Industrial Network Switch NS-24,26220.09,EUR,SO-3912526,2026/02,BATCHJOB,2026-02-02
1900000867,2025-09-22,F2,NL01,NL01,10,00,Baumann Prazisionstechnik GmbH,Baumann Prazisionstechnik GmbH,Germany,Technical Training Package,24268.59,EUR,SO-3244908,2025/09,R.JANSSEN,2025-09-22
1900000869,2025-10-18,F2,NL01,NL01,30,00,Noord Maritiem Diensten B.V.,Noord Maritiem Diensten B.V.,Netherlands,Industrial Network Switch NS-24,24389.06,EUR,SO-4419031,2025/10,BATCHJOB,2025-10-18
1900000870,2026-01-09,F2,NL01,NL01,10,00,Duval Distribution SARL,Duval Distribution SARL,France,Hydraulic Pump Unit HP-450,9299.87,EUR,SO-4825648,2026/01,A.KOK,2026-01-09
1900000872,2025-11-10,F2,NL01,NL01,10,00,Van der Heijden Supply Chain B.V.,Van der Heijden Supply Chain B.V.,Netherlands,PLC Programming Unit,14615.4,EUR,SO-1677779,2025/11,R.JANSSEN,2025-11-10
1900000873,2026-01-30,F2,NL01,NL01,10,00,Dijkstra Precision B.V.,Dijkstra Precision B.V.,Netherlands,Sensor Calibration Kit,13213.16,EUR,SO-4147212,2026/01,R.JANSSEN,2026-01-30
1900000875,2025-04-15,F2,NL01,NL01,10,00,Bos Facility Services B.V.,Bos Facility Services B.V.,Netherlands,Annual Maintenance Contract,31610.0,EUR,SO-4888947,2025/04,M.DEVRIES,2025-04-15
1900000877,2026-02-27,F2,NL01,NL01,30,00,Noord Maritiem Diensten B.V.,Noord Maritiem Diensten B.V.,Netherlands,ERP Connector License (Annual),12715.47,EUR,SO-1938685,2026/02,S.BAKKER,2026-02-27
1900000879,2025-12-15,F2,NL01,NL01,20,00,Van der Heijden Supply Chain B.V.,Van der Heijden Supply Chain B.V.,Netherlands,Hydraulic Pump Unit HP-450,21145.46,EUR,SO-8617120,2025/12,M.DEVRIES,2025-12-15
1900000880,2025-10-21,F2,NL01,NL01,10,00,Kuipers Machinefabriek B.V.,Kuipers Machinefabriek B.V.,Netherlands,Analytics Suite License (Annual),10446.27,EUR,SO-7558249,2025/10,S.BAKKER,2025-10-21
1900000881,2025-10-14,F2,NL01,NL01,30,00,Mulder Groothandel B.V.,Mulder Groothandel B.V.,Netherlands,Annual Maintenance Contract,4030.52,EUR,SO-7571617,2025/10,A.KOK,2025-10-14
1900000882,2026-02-20,F2,NL01,NL01,10,00,Noord Maritiem Diensten B.V.,Noord Maritiem Diensten B.V.,Netherlands,Annual Maintenance Contract,17662.34,EUR,SO-9951526,2026/02,BATCHJOB,2026-02-20
1900000883,2025-08-04,F2,NL01,NL01,10,00,Van Dijk Transport B.V.,Van Dijk Transport B.V.,Netherlands,Conveyor Belt System CB-12,22651.33,EUR,SO-6096513,2025/08,M.DEVRIES,2025-08-04
1900000885,2026-02-23,F2,NL01,NL01,20,00,Duval Distribution SARL,Duval Distribution SARL,France,Industrial Sensor Module X200,11777.56,EUR,SO-3495759,2026/02,M.DEVRIES,2026-02-23
1900000886,2026-01-06,G2,NL01,NL01,10,00,Willemsen Innovatie B.V.,Willemsen Innovatie B.V.,Netherlands,Industrial Sensor Module X200,-4747.75,EUR,SO-7509725,2026/01,M.DEVRIES,2026-01-06
1900000887,2025-07-14,F2,NL01,NL01,10,00,Dijkstra Precision B.V.,Dijkstra Precision B.V.,Netherlands,Analytics Suite License (Annual),20500.0,EUR,SO-3261542,2025/07,M.DEVRIES,2025-07-14
1900000889,2025-05-06,F2,NL01,NL01,10,00,De Groot Handelsonderneming B.V.,De Groot Handelsonderneming B.V.,Netherlands,Safety System Upgrade Kit,3651.99,EUR,SO-3833932,2025/05,M.DEVRIES,2025-05-06
1900000890,2026-02-09,F2,NL01,NL01,10,00,Van der Heijden Supply Chain B.V.,Van der Heijden Supply Chain B.V.,Netherlands,Analytics Suite License (Annual),42445.06,EUR,SO-6808211,2026/02,S.BAKKER,2026-02-09
1900000892,2026-03-25,F2,NL01,NL01,20,00,Van Damme Trading NV,Van Damme Trading NV,Belgium,Technical Training Package,8981.08,EUR,SO-3066734,2026/03,BATCHJOB,2026-03-25
1900000894,2025-12-23,F2,NL01,NL01,20,00,Verhoeven Technische Handel B.V.,Verhoeven Technische Handel B.V.,Netherlands,Warehouse Management Module,14080.15,EUR,SO-2815747,2025/12,M.DEVRIES,2025-12-23
1900000896,2026-01-29,F2,NL01,NL01,20,00,Dijkstra Precision B.V.,Dijkstra Precision B.V.,Netherlands,Automation Controller Pro,16472.83,EUR,SO-7498979,2026/01,M.DEVRIES,2026-01-29
1900000898,2026-02-19,F2,NL01,NL01,20,00,Kuipers Machinefabriek B.V.,Kuipers Machinefabriek B.V.,Netherlands,Safety System Upgrade Kit,14000.0,EUR,SO-8782970,2026/02,R.JANSSEN,2026-02-19
1900000900,2025-05-22,F2,NL01,NL01,10,00,Global Tech Solutions Inc,Global Tech Solutions Inc,United States,Sensor Calibration Kit,8377.81,EUR,SO-3625643,2025/05,M.DEVRIES,2025-05-22
1900000901,2026-03-23,F2,NL01,NL01,20,00,Bos Facility Services B.V.,Bos Facility Services B.V.,Netherlands,Support Retainer Services,27284.31,EUR,SO-7272596,2026/03,S.BAKKER,2026-03-23
1900000902,2025-06-16,F2,NL01,NL01,20,00,Smit Engineering B.V.,Smit Engineering B.V.,Netherlands,Cloud Hosting Subscription (Annual),19002.4,EUR,SO-7491244,2025/06,BATCHJOB,2025-06-16
1900000903,2026-02-16,F2,NL01,NL01,20,00,Duval Distribution SARL,Duval Distribution SARL,France,Sensor Calibration Kit,34198.32,EUR,SO-4231244,2026/02,R.JANSSEN,2026-02-16
1900000905,2025-12-23,F2,NL01,NL01,20,00,De Groot Handelsonderneming B.V.,De Groot Handelsonderneming B.V.,Netherlands,PLC Programming Unit,26190.89,EUR,SO-2350444,2025/12,S.BAKKER,2025-12-23
1900000906,2025-12-12,F2,NL01,NL01,10,00,Kramer Robotics B.V.,Kramer Robotics B.V.,Netherlands,Warehouse Management Module,14948.05,EUR,SO-7748620,2025/12,R.JANSSEN,2025-12-12
1900000908,2026-03-02,F2,NL01,NL01,20,00,Van Dijk Transport B.V.,Van Dijk Transport B.V.,Netherlands,Warehouse Management Module,14955.63,EUR,SO-9635500,2026/03,S.BAKKER,2026-03-02
1900000910,2026-03-06,F2,NL01,NL01,30,00,Van Dijk Transport B.V.,Van Dijk Transport B.V.,Netherlands,Industrial Network Switch NS-24,11634.96,EUR,SO-8392014,2026/03,BATCHJOB,2026-03-06
1900000911,2026-03-09,F2,NL01,NL01,10,00,Van der Heijden Supply Chain B.V.,Van der Heijden Supply Chain B.V.,Netherlands,Cloud Hosting Subscription (Annual),14777.09,EUR,SO-2848978,2026/03,R.JANSSEN,2026-03-09
1900000912,2025-05-30,F2,NL01,NL01,10,00,De Groot Handelsonderneming B.V.,De Groot Handelsonderneming B.V.,Netherlands,Data Migration Services,9989.76,EUR,SO-8084554,2025/05,M.DEVRIES,2025-05-30
1900000914,2025-10-03,F2,NL01,NL01,10,00,Van der Heijden Supply Chain B.V.,Van der Heijden Supply Chain B.V.,Netherlands,Standard Spare Parts Bundle,8758.07,EUR,SO-3015844,2025/10,M.DEVRIES,2025-10-03
1900000915,2025-04-10,F2,NL01,NL01,20,00,Duval Distribution SARL,Duval Distribution SARL,France,Technical Training Package,41500.0,EUR,SO-8780335,2025/04,BATCHJOB,2025-04-10
1900000917,2026-03-24,F2,NL01,NL01,10,00,Martens Industrieel B.V.,Martens Industrieel B.V.,Netherlands,Support Retainer Services,13472.68,EUR,SO-7234026,2026/03,M.DEVRIES,2026-03-24
1900000919,2026-01-30,F2,NL01,NL01,10,00,Martens Industrieel B.V.,Martens Industrieel B.V.,Netherlands,Industrial Network Switch NS-24,4675.51,EUR,SO-8111560,2026/01,BATCHJOB,2026-01-30
1900000920,2025-06-06,F2,NL01,NL01,10,00,Noord Maritiem Diensten B.V.,Noord Maritiem Diensten B.V.,Netherlands,Data Migration Services,21175.65,EUR,SO-4671355,2025/06,M.DEVRIES,2025-06-06
1900000922,2026-02-11,F2,NL01,NL01,10,00,Bos Facility Services B.V.,Bos Facility Services B.V.,Netherlands,Industrial Sensor Module X200,19024.53,EUR,SO-3574810,2026/02,BATCHJOB,2026-02-11
1900000923,2026-01-19,F2,NL01,NL01,10,00,Baumann Prazisionstechnik GmbH,Baumann Prazisionstechnik GmbH,Germany,Electric Motor EM-750,20194.99,EUR,SO-8925019,2026/01,M.DEVRIES,2026-01-19
1900000924,2026-03-11,F2,NL01,NL01,30,00,De Wit Consultancy B.V.,De Wit Consultancy B.V.,Netherlands,Hydraulic Pump Unit HP-450,15024.57,EUR,SO-9606291,2026/03,A.KOK,2026-03-11
1900000926,2026-02-17,F2,NL01,NL01,20,00,Schneider Maschinenbau GmbH,Schneider Maschinenbau GmbH,Germany,Support Retainer Services,5500.0,EUR,SO-8953561,2026/02,M.DEVRIES,2026-02-17
1900000928,2025-07-16,F2,NL01,NL01,10,00,Groenendijk Handel B.V.,Groenendijk Handel B.V.,Netherlands,Data Migration Services,15884.85,EUR,SO-3577970,2025/07,BATCHJOB,2025-07-16
1900000929,2025-05-16,F2,NL01,NL01,10,00,Van der Linden Advies B.V.,Van der Linden Advies B.V.,Netherlands,Conveyor Belt System CB-12,19988.0,EUR,SO-2477368,2025/05,BATCHJOB,2025-05-16
1900000930,2026-02-02,F2,NL01,NL01,10,00,Noord Maritiem Diensten B.V.,Noord Maritiem Diensten B.V.,Netherlands,Analytics Suite License (Annual),7831.47,EUR,SO-7517774,2026/02,R.JANSSEN,2026-02-02
1900000931,2026-02-05,F2,NL01,NL01,20,00,Martens Industrieel B.V.,Martens Industrieel B.V.,Netherlands,Safety System Upgrade Kit,13500.0,EUR,SO-2764373,2026/02,A.KOK,2026-02-05
1900000933,2025-06-10,F2,NL01,NL01,30,00,Bos Facility Services B.V.,Bos Facility Services B.V.,Netherlands,Electric Motor EM-750,18464.87,EUR,SO-7604038,2025/06,S.BAKKER,2025-06-10
1900000935,2026-02-20,F2,NL01,NL01,10,00,Van Beek Sustainable Energy B.V.,Van Beek Sustainable Energy B.V.,Netherlands,Technical Training Package,19214.84,EUR,SO-5852055,2026/02,M.DEVRIES,2026-02-20
1900000937,2026-02-12,F2,NL01,NL01,10,00,Post Digitale Diensten B.V.,Post Digitale Diensten B.V.,Netherlands,Cloud Hosting Subscription (Annual),23217.09,EUR,SO-5714512,2026/02,A.KOK,2026-02-12
1900000939,2025-05-14,F2,NL01,NL01,10,00,Noord Maritiem Diensten B.V.,Noord Maritiem Diensten B.V.,Netherlands,PLC Programming Unit,10067.85,EUR,SO-5210989,2025/05,BATCHJOB,2025-05-14
1900000941,2025-06-04,F2,NL01,NL01,10,00,Martens Industrieel B.V.,Martens Industrieel B.V.,Netherlands,Implementation Consulting Services,19151.76,EUR,SO-3223710,2025/06,BATCHJOB,2025-06-04
1900000943,2025-12-25,F2,NL01,NL01,20,00,Scholten Data Center Services B.V.,Scholten Data Center Services B.V.,Netherlands,Annual Maintenance Contract,14000.0,EUR,SO-2978081,2025/12,A.KOK,2025-12-25
1900000944,2025-10-27,F2,NL01,NL01,10,00,Van den Berg Retail Group B.V.,Van den Berg Retail Group B.V.,Netherlands,Electric Motor EM-750,18421.1,EUR,SO-5604440,2025/10,R.JANSSEN,2025-10-27
1900000946,2025-05-07,F2,NL01,NL01,10,00,De Groot Handelsonderneming B.V.,De Groot Handelsonderneming B.V.,Netherlands,Warehouse Management Module,7383.01,EUR,SO-5063478,2025/05,A.KOK,2025-05-07
1900000948,2025-10-01,G2,NL01,NL01,20,00,Kramer Robotics B.V.,Kramer Robotics B.V.,Netherlands,Industrial Network Switch NS-24,-1083.12,EUR,SO-2216784,2025/10,BATCHJOB,2025-10-01
1900000950,2025-05-16,F2,NL01,NL01,10,00,Van Beek Sustainable Energy B.V.,Van Beek Sustainable Energy B.V.,Netherlands,Warehouse Management Module,19029.95,EUR,SO-9334274,2025/05,S.BAKKER,2025-05-16
1900000951,2025-11-25,F2,NL01,NL01,10,00,Dijkstra Precision B.V.,Dijkstra Precision B.V.,Netherlands,Annual Maintenance Contract,15370.96,EUR,SO-8709500,2025/11,BATCHJOB,2025-11-25
1900000952,2025-09-26,F2,NL01,NL01,20,00,De Groot Handelsonderneming B.V.,De Groot Handelsonderneming B.V.,Netherlands,Standard Spare Parts Bundle,47609.88,EUR,SO-8887854,2025/09,M.DEVRIES,2025-09-26
1900000954,2025-11-05,F2,NL01,NL01,20,00,Duval Distribution SARL,Duval Distribution SARL,France,Custom Integration Services,24356.55,EUR,SO-1581120,2025/11,BATCHJOB,2025-11-05
1900000956,2025-07-11,F2,NL01,NL01,10,00,Peters Automatisering B.V.,Peters Automatisering B.V.,Netherlands,Sensor Calibration Kit,17809.42,EUR,SO-7043562,2025/07,R.JANSSEN,2025-07-11
1900000957,2026-02-19,F2,NL01,NL01,10,00,Noord Maritiem Diensten B.V.,Noord Maritiem Diensten B.V.,Netherlands,Analytics Suite License (Annual),22696.62,EUR,SO-3631033,2026/02,R.JANSSEN,2026-02-19
1900000958,2025-12-16,F2,NL01,NL01,10,00,Van den Berg Retail Group B.V.,Van den Berg Retail Group B.V.,Netherlands,Cloud Hosting Subscription (Annual),17077.21,EUR,SO-4932774,2025/12,S.BAKKER,2025-12-16
1900000960,2026-02-24,F2,NL01,NL01,10,00,Martens Industrieel B.V.,Martens Industrieel B.V.,Netherlands,Industrial Sensor Module X200,2898.35,EUR,SO-9720105,2026/02,A.KOK,2026-02-24
1900000961,2025-07-01,F2,NL01,NL01,20,00,Dijkstra Precision B.V.,Dijkstra Precision B.V.,Netherlands,Automation Controller Pro,8736.41,EUR,SO-6885154,2025/07,BATCHJOB,2025-07-01
1900000962,2025-09-22,F2,NL01,NL01,10,00,Willemsen Innovatie B.V.,Willemsen Innovatie B.V.,Netherlands,Sensor Calibration Kit,30471.95,EUR,SO-3999650,2025/09,M.DEVRIES,2025-09-22
1900000964,2025-11-13,F2,NL01,NL01,20,00,Schouten Productie B.V.,Schouten Productie B.V.,Netherlands,Hydraulic Pump Unit HP-450,9500.0,EUR,SO-9770923,2025/11,BATCHJOB,2025-11-13
1900000966,2025-11-14,F2,NL01,NL01,10,00,Mulder Groothandel B.V.,Mulder Groothandel B.V.,Netherlands,Implementation Consulting Services,2198.75,EUR,SO-6786513,2025/11,S.BAKKER,2025-11-14
1900000968,2025-09-09,F2,NL01,NL01,10,00,De Wit Consultancy B.V.,De Wit Consultancy B.V.,Netherlands,Custom Integration Services,29867.79,EUR,SO-8972135,2025/09,R.JANSSEN,2025-09-09
1900000969,2025-11-13,F2,NL01,NL01,10,00,Van Beek Sustainable Energy B.V.,Van Beek Sustainable Energy B.V.,Netherlands,Cloud Hosting Subscription (Annual),10152.95,EUR,SO-4210918,2025/11,M.DEVRIES,2025-11-13
1900000971,2025-04-15,F2,NL01,NL01,10,00,Van Leeuwen Staal B.V.,Van Leeuwen Staal B.V.,Netherlands,Hydraulic Pump Unit HP-450,12173.24,EUR,SO-2860755,2025/04,M.DEVRIES,2025-04-15
1900000973,2025-05-27,F2,NL01,NL01,20,00,Utrecht Systemen B.V.,Utrecht Systemen B.V.,Netherlands,Data Migration Services,11480.55,EUR,SO-7614786,2025/05,A.KOK,2025-05-27
1900000975,2026-02-20,F2,NL01,NL01,10,00,Smith and Co Industrial Ltd,Smith and Co Industrial Ltd,United Kingdom,Cloud Hosting Subscription (Annual),3559.58,EUR,SO-3993442,2026/02,BATCHJOB,2026-02-20
1900000976,2025-09-15,F2,NL01,NL01,20,00,Willemsen Innovatie B.V.,Willemsen Innovatie B.V.,Netherlands,PLC Programming Unit,8391.07,EUR,SO-9091542,2025/09,M.DEVRIES,2025-09-15
1900000977,2025-10-09,F2,NL01,NL01,10,00,Peters Automatisering B.V.,Peters Automatisering B.V.,Netherlands,Conveyor Belt System CB-12,7033.26,EUR,SO-8647009,2025/10,M.DEVRIES,2025-10-09
1900000978,2025-07-15,F2,NL01,NL01,10,00,Baumann Prazisionstechnik GmbH,Baumann Prazisionstechnik GmbH,Germany,Electric Motor EM-750,9756.05,EUR,SO-5761818,2025/07,S.BAKKER,2025-07-15
1900000980,2025-07-11,F2,NL01,NL01,20,00,Kok Software B.V.,Kok Software B.V.,Netherlands,Electric Motor EM-750,3500.0,EUR,SO-3894350,2025/07,R.JANSSEN,2025-07-11
1900000981,2025-12-02,F2,NL01,NL01,10,00,Brouwer Data Systems B.V.,Brouwer Data Systems B.V.,Netherlands,Industrial Sensor Module X200,17040.64,EUR,SO-1052454,2025/12,R.JANSSEN,2025-12-02
1900000983,2026-02-03,F2,NL01,NL01,30,00,Hofman Electro B.V.,Hofman Electro B.V.,Netherlands,Implementation Consulting Services,15454.47,EUR,SO-8049082,2026/02,M.DEVRIES,2026-02-03
1900000984,2025-11-19,F2,NL01,NL01,10,00,Dijkstra Precision B.V.,Dijkstra Precision B.V.,Netherlands,Support Retainer Services,33500.0,EUR,SO-4862276,2025/11,BATCHJOB,2025-11-19
1900000985,2026-03-24,F2,NL01,NL01,10,00,Kramer Robotics B.V.,Kramer Robotics B.V.,Netherlands,Cloud Hosting Subscription (Annual),7220.75,EUR,SO-3562720,2026/03,M.DEVRIES,2026-03-24
1900000986,2025-04-18,F2,NL01,NL01,20,00,Van den Berg Retail Group B.V.,Van den Berg Retail Group B.V.,Netherlands,Custom Integration Services,25927.21,EUR,SO-6894782,2025/04,S.BAKKER,2025-04-18
1900000988,2025-04-21,F2,NL01,NL01,10,00,Van der Heijden Supply Chain B.V.,Van der Heijden Supply Chain B.V.,Netherlands,Cloud Hosting Subscription (Annual),15192.2,EUR,SO-4699061,2025/04,R.JANSSEN,2025-04-21
1900000990,2025-12-12,F2,NL01,NL01,10,00,Van Dijk Transport B.V.,Van Dijk Transport B.V.,Netherlands,Annual Maintenance Contract,11005.82,EUR,SO-5915344,2025/12,BATCHJOB,2025-12-12
1900000992,2025-12-19,F2,NL01,NL01,20,00,Mulder Groothandel B.V.,Mulder Groothandel B.V.,Netherlands,ERP Connector License (Annual),12527.01,EUR,SO-7722242,2025/12,S.BAKKER,2025-12-19
1900000994,2025-09-25,F2,NL01,NL01,10,00,Noord Maritiem Diensten B.V.,Noord Maritiem Diensten B.V.,Netherlands,Industrial Network Switch NS-24,28500.0,EUR,SO-8443525,2025/09,M.DEVRIES,2025-09-25
1900000995,2025-10-29,F2,NL01,NL01,10,00,Dijkstra Precision B.V.,Dijkstra Precision B.V.,Netherlands,Safety System Upgrade Kit,28692.14,EUR,SO-3455950,2025/10,S.BAKKER,2025-10-29
1900000996,2025-05-20,F2,NL01,NL01,10,00,Kok Software B.V.,Kok Software B.V.,Netherlands,Analytics Suite License (Annual),12493.26,EUR,SO-6020403,2025/05,R.JANSSEN,2025-05-20
1900000997,2026-03-12,F2,NL01,NL01,10,00,Noord Maritiem Diensten B.V.,Noord Maritiem Diensten B.V.,Netherlands,Industrial Network Switch NS-24,10363.56,EUR,SO-7103781,2026/03,BATCHJOB,2026-03-12
1900000998,2025-05-20,F2,NL01,NL01,10,00,Scholten Data Center Services B.V.,Scholten Data Center Services B.V.,Netherlands,Conveyor Belt System CB-12,9160.45,EUR,SO-6097566,2025/05,R.JANSSEN,2025-05-20
1900000999,2025-08-18,F2,NL01,NL01,10,00,Hofman Electro B.V.,Hofman Electro B.V.,Netherlands,Conveyor Belt System CB-12,47495.52,EUR,SO-2945849,2025/08,R.JANSSEN,2025-08-18
1900001000,2025-05-07,F2,NL01,NL01,10,00,Van der Heijden Supply Chain B.V.,Van der Heijden Supply Chain B.V.,Netherlands,Analytics Suite License (Annual),8799.56,EUR,SO-1891671,2025/05,S.BAKKER,2025-05-07
1900001002,2026-02-19,F2,NL01,NL01,10,00,Schneider Maschinenbau GmbH,Schneider Maschinenbau GmbH,Germany,Sensor Calibration Kit,14927.81,EUR,SO-5973602,2026/02,S.BAKKER,2026-02-19
1900001004,2025-04-09,F2,NL01,NL01,20,00,Van der Heijden Supply Chain B.V.,Van der Heijden Supply Chain B.V.,Netherlands,Cloud Hosting Subscription (Annual),8867.21,EUR,SO-2317741,2025/04,A.KOK,2025-04-09
1900001005,2025-12-08,F2,NL01,NL01,10,00,Hendriks Metaalbewerking B.V.,Hendriks Metaalbewerking B.V.,Netherlands,Automation Controller Pro,13669.92,EUR,SO-5887550,2025/12,M.DEVRIES,2025-12-08
1900001007,2025-11-21,F2,NL01,NL01,10,00,Visser Machinebouw B.V.,Visser Machinebouw B.V.,Netherlands,Support Retainer Services,6869.29,EUR,SO-8316609,2025/11,BATCHJOB,2025-11-21
1900001009,2025-05-21,F2,NL01,NL01,20,00,Noord Maritiem Diensten B.V.,Noord Maritiem Diensten B.V.,Netherlands,Electric Motor EM-750,3351.33,EUR,SO-3281530,2025/05,A.KOK,2025-05-21
1900001010,2026-03-10,F2,NL01,NL01,10,00,Brouwer Data Systems B.V.,Brouwer Data Systems B.V.,Netherlands,Electric Motor EM-750,22442.87,EUR,SO-9164986,2026/03,BATCHJOB,2026-03-10
1900001012,2025-06-27,F2,NL01,NL01,10,00,Bos Facility Services B.V.,Bos Facility Services B.V.,Netherlands,Safety System Upgrade Kit,20335.96,EUR,SO-1949300,2025/06,A.KOK,2025-06-27
1900001014,2025-06-05,F2,NL01,NL01,20,00,Van Leeuwen Staal B.V.,Van Leeuwen Staal B.V.,Netherlands,Automation Controller Pro,17293.96,EUR,SO-6351734,2025/06,S.BAKKER,2025-06-05
1900001016,2025-11-11,F2,NL01,NL01,10,00,De Wit Consultancy B.V.,De Wit Consultancy B.V.,Netherlands,Data Migration Services,25895.81,EUR,SO-5197948,2025/11,BATCHJOB,2025-11-11
1900001017,2025-08-12,F2,NL01,NL01,10,00,Groenendijk Handel B.V.,Groenendijk Handel B.V.,Netherlands,Implementation Consulting Services,17000.0,EUR,SO-4901972,2025/08,S.BAKKER,2025-08-12
1900001018,2026-03-03,F2,NL01,NL01,30,00,Duval Distribution SARL,Duval Distribution SARL,France,ERP Connector License (Annual),19788.15,EUR,SO-6800069,2026/03,S.BAKKER,2026-03-03
1900001019,2025-10-02,F2,NL01,NL01,20,00,Mulder Groothandel B.V.,Mulder Groothandel B.V.,Netherlands,Hydraulic Pump Unit HP-450,39500.0,EUR,SO-4786998,2025/10,M.DEVRIES,2025-10-02
1900001021,2025-05-13,F2,NL01,NL01,10,00,Van Dijk Transport B.V.,Van Dijk Transport B.V.,Netherlands,Industrial Network Switch NS-24,7107.24,EUR,SO-6923532,2025/05,A.KOK,2025-05-13
1900001023,2025-10-03,F2,NL01,NL01,20,00,Dekker IT Solutions B.V.,Dekker IT Solutions B.V.,Netherlands,Sensor Calibration Kit,16012.54,EUR,SO-9846788,2025/10,R.JANSSEN,2025-10-03
1900001024,2025-09-05,F2,NL01,NL01,10,00,Verhoeven Technische Handel B.V.,Verhoeven Technische Handel B.V.,Netherlands,Technical Training Package,52989.87,EUR,SO-2510082,2025/09,R.JANSSEN,2025-09-05
1900001026,2025-11-17,F2,NL01,NL01,20,00,Verhoeven Technische Handel B.V.,Verhoeven Technische Handel B.V.,Netherlands,Cloud Hosting Subscription (Annual),11500.0,EUR,SO-7660942,2025/11,BATCHJOB,2025-11-17
1900001027,2026-03-20,F2,NL01,NL01,10,00,Vermeulen Logistics B.V.,Vermeulen Logistics B.V.,Netherlands,Data Migration Services,26766.08,EUR,SO-9563649,2026/03,R.JANSSEN,2026-03-20
1900001028,2026-03-02,F2,NL01,NL01,30,00,Dijkstra Precision B.V.,Dijkstra Precision B.V.,Netherlands,Annual Maintenance Contract,14575.6,EUR,SO-7220550,2026/03,A.KOK,2026-03-02
1900001029,2026-02-25,F2,NL01,NL01,20,00,Bos Facility Services B.V.,Bos Facility Services B.V.,Netherlands,PLC Programming Unit,8000.0,EUR,SO-9907440,2026/02,A.KOK,2026-02-25
1900001030,2025-09-11,F2,NL01,NL01,10,00,Duval Distribution SARL,Duval Distribution SARL,France,Analytics Suite License (Annual),9065.55,EUR,SO-2431518,2025/09,M.DEVRIES,2025-09-11
1900001031,2025-09-17,F2,NL01,NL01,10,00,Peters Automatisering B.V.,Peters Automatisering B.V.,Netherlands,Cloud Hosting Subscription (Annual),15871.0,EUR,SO-5991830,2025/09,BATCHJOB,2025-09-17
1900001033,2026-02-16,F2,NL01,NL01,10,00,De Groot Handelsonderneming B.V.,De Groot Handelsonderneming B.V.,Netherlands,Data Migration Services,11495.02,EUR,SO-4049881,2026/02,A.KOK,2026-02-16
1900001034,2025-10-19,F2,NL01,NL01,30,00,Noord Maritiem Diensten B.V.,Noord Maritiem Diensten B.V.,Netherlands,Data Migration Services,16542.86,EUR,SO-7625295,2025/10,A.KOK,2025-10-19
1900001036,2025-09-02,F2,NL01,NL01,10,00,Van Damme Trading NV,Van Damme Trading NV,Belgium,Safety System Upgrade Kit,6500.0,EUR,SO-6102884,2025/09,R.JANSSEN,2025-09-02
1900001038,2025-09-18,F2,NL01,NL01,10,00,Noord Maritiem Diensten B.V.,Noord Maritiem Diensten B.V.,Netherlands,Automation Controller Pro,37500.0,EUR,SO-3524320,2025/09,S.BAKKER,2025-09-18
1900001040,2025-06-24,F2,NL01,NL01,10,00,Visser Machinebouw B.V.,Visser Machinebouw B.V.,Netherlands,Industrial Sensor Module X200,12025.67,EUR,SO-3279055,2025/06,S.BAKKER,2025-06-24
1900001041,2025-10-30,F2,NL01,NL01,10,00,Noord Maritiem Diensten B.V.,Noord Maritiem Diensten B.V.,Netherlands,Safety System Upgrade Kit,18409.58,EUR,SO-9831396,2025/10,BATCHJOB,2025-10-30
1900001042,2026-03-05,F2,NL01,NL01,10,00,De Vries Energy Solutions B.V.,De Vries Energy Solutions B.V.,Netherlands,Industrial Network Switch NS-24,10995.5,EUR,SO-5430413,2026/03,M.DEVRIES,2026-03-05
1900001043,2025-04-09,F2,NL01,NL01,10,00,Post Digitale Diensten B.V.,Post Digitale Diensten B.V.,Netherlands,Industrial Sensor Module X200,13863.97,EUR,SO-8004605,2025/04,S.BAKKER,2025-04-09
1900001044,2025-05-30,F2,NL01,NL01,20,00,Utrecht Systemen B.V.,Utrecht Systemen B.V.,Netherlands,Implementation Consulting Services,10264.48,EUR,SO-7332663,2025/05,A.KOK,2025-05-30
1900001046,2026-02-25,F2,NL01,NL01,20,00,De Wit Consultancy B.V.,De Wit Consultancy B.V.,Netherlands,Cloud Hosting Subscription (Annual),11538.53,EUR,SO-8291471,2026/02,R.JANSSEN,2026-02-25
1900001048,2025-12-20,F2,NL01,NL01,10,00,De Groot Handelsonderneming B.V.,De Groot Handelsonderneming B.V.,Netherlands,Hydraulic Pump Unit HP-450,9877.12,EUR,SO-6533661,2025/12,M.DEVRIES,2025-12-20
1900001050,2026-01-09,F2,NL01,NL01,10,00,Van der Heijden Supply Chain B.V.,Van der Heijden Supply Chain B.V.,Netherlands,Electric Motor EM-750,47994.9,EUR,SO-9445405,2026/01,A.KOK,2026-01-09
1900001052,2026-03-24,F2,NL01,NL01,10,00,Van der Heijden Supply Chain B.V.,Van der Heijden Supply Chain B.V.,Netherlands,ERP Connector License (Annual),6965.79,EUR,SO-7252899,2026/03,S.BAKKER,2026-03-24
1900001053,2026-03-24,F2,NL01,NL01,10,00,Brouwer Data Systems B.V.,Brouwer Data Systems B.V.,Netherlands,Support Retainer Services,13946.27,EUR,SO-8309381,2026/03,R.JANSSEN,2026-03-24
1900001054,2025-04-28,F2,NL01,NL01,10,00,Van Leeuwen Staal B.V.,Van Leeuwen Staal B.V.,Netherlands,Safety System Upgrade Kit,32037.1,EUR,SO-8291797,2025/04,BATCHJOB,2025-04-28
1900001055,2026-02-23,F2,NL01,NL01,20,00,Verhoeven Technische Handel B.V.,Verhoeven Technische Handel B.V.,Netherlands,Support Retainer Services,3772.21,EUR,SO-1048058,2026/02,R.JANSSEN,2026-02-23
1900001057,2025-09-19,F2,NL01,NL01,10,00,De Groot Handelsonderneming B.V.,De Groot Handelsonderneming B.V.,Netherlands,Standard Spare Parts Bundle,3450.38,EUR,SO-5588026,2025/09,M.DEVRIES,2025-09-19
1900001058,2025-09-11,F2,NL01,NL01,20,00,Van Dijk Transport B.V.,Van Dijk Transport B.V.,Netherlands,ERP Connector License (Annual),13425.26,EUR,SO-6591310,2025/09,BATCHJOB,2025-09-11
1900001060,2026-01-10,F2,NL01,NL01,10,00,Dijkstra Precision B.V.,Dijkstra Precision B.V.,Netherlands,Analytics Suite License (Annual),14135.31,EUR,SO-4802526,2026/01,M.DEVRIES,2026-01-10
1900001062,2026-03-30,F2,NL01,NL01,20,00,Timmermans Bouw B.V.,Timmermans Bouw B.V.,Netherlands,Automation Controller Pro,32486.52,EUR,SO-1886616,2026/03,BATCHJOB,2026-03-30
1900001063,2025-12-12,F2,NL01,NL01,20,00,Timmermans Bouw B.V.,Timmermans Bouw B.V.,Netherlands,Hydraulic Pump Unit HP-450,7975.64,EUR,SO-4929349,2025/12,A.KOK,2025-12-12
1900001064,2025-05-22,F2,NL01,NL01,10,00,Van Damme Trading NV,Van Damme Trading NV,Belgium,Support Retainer Services,11828.92,EUR,SO-7071957,2025/05,R.JANSSEN,2025-05-22
1900001065,2025-04-14,F2,NL01,NL01,20,00,Verhoeven Technische Handel B.V.,Verhoeven Technische Handel B.V.,Netherlands,Industrial Network Switch NS-24,9500.0,EUR,SO-9531422,2025/04,M.DEVRIES,2025-04-14
1900001067,2025-11-10,F2,NL01,NL01,20,00,De Groot Handelsonderneming B.V.,De Groot Handelsonderneming B.V.,Netherlands,Support Retainer Services,10033.14,EUR,SO-4474734,2025/11,BATCHJOB,2025-11-10
1900001069,2025-09-03,F2,NL01,NL01,10,00,Baumann Prazisionstechnik GmbH,Baumann Prazisionstechnik GmbH,Germany,Safety System Upgrade Kit,12879.83,EUR,SO-5350671,2025/09,A.KOK,2025-09-03
1900001070,2025-05-04,F2,NL01,NL01,10,00,Dijkstra Precision B.V.,Dijkstra Precision B.V.,Netherlands,Cloud Hosting Subscription (Annual),7500.0,EUR,SO-3347307,2025/05,M.DEVRIES,2025-05-04
1900001072,2025-04-25,F2,NL01,NL01,20,00,Dijkstra Precision B.V.,Dijkstra Precision B.V.,Netherlands,ERP Connector License (Annual),5923.02,EUR,SO-5415738,2025/04,M.DEVRIES,2025-04-25
1900001073,2025-08-22,F2,NL01,NL01,10,00,Bos Facility Services B.V.,Bos Facility Services B.V.,Netherlands,Annual Maintenance Contract,9022.6,EUR,SO-9959426,2025/08,BATCHJOB,2025-08-22
1900001075,2026-02-06,F2,NL01,NL01,20,00,Dijkstra Precision B.V.,Dijkstra Precision B.V.,Netherlands,Data Migration Services,18500.0,EUR,SO-3903496,2026/02,M.DEVRIES,2026-02-06
1900001077,2025-04-11,F2,NL01,NL01,10,00,Timmermans Bouw B.V.,Timmermans Bouw B.V.,Netherlands,Data Migration Services,21898.7,EUR,SO-6538249,2025/04,S.BAKKER,2025-04-11
1900001079,2025-11-06,F2,NL01,NL01,10,00,Van Dijk Transport B.V.,Van Dijk Transport B.V.,Netherlands,Industrial Sensor Module X200,18601.99,EUR,SO-2160626,2025/11,BATCHJOB,2025-11-06
1900001081,2025-12-22,F2,NL01,NL01,10,00,Van der Heijden Supply Chain B.V.,Van der Heijden Supply Chain B.V.,Netherlands,Warehouse Management Module,11101.29,EUR,SO-3800931,2025/12,BATCHJOB,2025-12-22
1900001083,2026-01-13,F2,NL01,NL01,20,00,Hofman Electro B.V.,Hofman Electro B.V.,Netherlands,Sensor Calibration Kit,21548.5,EUR,SO-5151080,2026/01,R.JANSSEN,2026-01-13
1900001084,2026-02-03,F2,NL01,NL01,20,00,Schouten Productie B.V.,Schouten Productie B.V.,Netherlands,Safety System Upgrade Kit,12442.02,EUR,SO-1039876,2026/02,R.JANSSEN,2026-02-03
1900001086,2025-05-21,F2,NL01,NL01,30,00,Dekker IT Solutions B.V.,Dekker IT Solutions B.V.,Netherlands,ERP Connector License (Annual),12000.0,EUR,SO-2797311,2025/05,R.JANSSEN,2025-05-21
1900001088,2026-01-16,F2,NL01,NL01,20,00,De Vries Energy Solutions B.V.,De Vries Energy Solutions B.V.,Netherlands,Data Migration Services,4284.51,EUR,SO-6666339,2026/01,BATCHJOB,2026-01-16
1900001090,2025-06-23,F2,NL01,NL01,10,00,Smit Engineering B.V.,Smit Engineering B.V.,Netherlands,Data Migration Services,9626.59,EUR,SO-6514461,2025/06,M.DEVRIES,2025-06-23
1900001091,2025-09-16,F2,NL01,NL01,30,00,Peters Automatisering B.V.,Peters Automatisering B.V.,Netherlands,Cloud Hosting Subscription (Annual),4500.0,EUR,SO-4771960,2025/09,A.KOK,2025-09-16
1900001093,2025-09-20,F2,NL01,NL01,30,00,Kramer Robotics B.V.,Kramer Robotics B.V.,Netherlands,Technical Training Package,15615.12,EUR,SO-2768455,2025/09,A.KOK,2025-09-20
1900001094,2025-11-27,F2,NL01,NL01,10,00,Baumann Prazisionstechnik GmbH,Baumann Prazisionstechnik GmbH,Germany,Safety System Upgrade Kit,13180.03,EUR,SO-7063232,2025/11,R.JANSSEN,2025-11-27
1900001095,2025-09-23,F2,NL01,NL01,30,00,Baumann Prazisionstechnik GmbH,Baumann Prazisionstechnik GmbH,Germany,Hydraulic Pump Unit HP-450,8690.4,EUR,SO-7248751,2025/09,S.BAKKER,2025-09-23
1900001096,2025-04-12,F2,NL01,NL01,20,00,Peters Automatisering B.V.,Peters Automatisering B.V.,Netherlands,Industrial Sensor Module X200,22262.27,EUR,SO-2365487,2025/04,A.KOK,2025-04-12
1900001098,2025-10-08,F2,NL01,NL01,10,00,De Groot Handelsonderneming B.V.,De Groot Handelsonderneming B.V.,Netherlands,Industrial Network Switch NS-24,9778.87,EUR,SO-7061655,2025/10,S.BAKKER,2025-10-08
1900001099,2025-06-26,F2,NL01,NL01,10,00,Bos Facility Services B.V.,Bos Facility Services B.V.,Netherlands,Implementation Consulting Services,12618.52,EUR,SO-5409999,2025/06,BATCHJOB,2025-06-26
1900001100,2026-02-02,F2,NL01,NL01,10,00,Smit Engineering B.V.,Smit Engineering B.V.,Netherlands,PLC Programming Unit,23703.14,EUR,SO-9258048,2026/02,A.KOK,2026-02-02
1900001101,2025-07-31,F2,NL01,NL01,10,00,Dijkstra Precision B.V.,Dijkstra Precision B.V.,Netherlands,Cloud Hosting Subscription (Annual),27228.9,EUR,SO-1943675,2025/07,S.BAKKER,2025-07-31
1900001102,2025-04-07,F2,NL01,NL01,10,00,Smit Engineering B.V.,Smit Engineering B.V.,Netherlands,Industrial Sensor Module X200,11701.95,EUR,SO-2185821,2025/04,A.KOK,2025-04-07
1900001103,2025-11-06,F2,NL01,NL01,20,00,Smith and Co Industrial Ltd,Smith and Co Industrial Ltd,United Kingdom,Support Retainer Services,6500.0,EUR,SO-2357771,2025/11,S.BAKKER,2025-11-06
1900001104,2025-04-01,F2,NL01,NL01,20,00,De Groot Handelsonderneming B.V.,De Groot Handelsonderneming B.V.,Netherlands,Data Migration Services,52248.16,EUR,SO-2156901,2025/04,M.DEVRIES,2025-04-01
1900001106,2026-02-17,F2,NL01,NL01,30,00,Dekker IT Solutions B.V.,Dekker IT Solutions B.V.,Netherlands,Industrial Network Switch NS-24,2557.08,EUR,SO-9256224,2026/02,A.KOK,2026-02-17
1900001108,2026-03-12,F2,NL01,NL01,10,00,Kramer Robotics B.V.,Kramer Robotics B.V.,Netherlands,Industrial Sensor Module X200,25594.41,EUR,SO-5788956,2026/03,R.JANSSEN,2026-03-12
1900001109,2026-02-10,F2,NL01,NL01,10,00,Scholten Data Center Services B.V.,Scholten Data Center Services B.V.,Netherlands,Automation Controller Pro,6710.14,EUR,SO-5574370,2026/02,A.KOK,2026-02-10
1900001110,2025-11-11,F2,NL01,NL01,20,00,De Groot Handelsonderneming B.V.,De Groot Handelsonderneming B.V.,Netherlands,Warehouse Management Module,15599.2,EUR,SO-8733824,2025/11,S.BAKKER,2025-11-11
1900001112,2026-02-05,F2,NL01,NL01,20,00,De Groot Handelsonderneming B.V.,De Groot Handelsonderneming B.V.,Netherlands,Sensor Calibration Kit,16689.37,EUR,SO-6508900,2026/02,S.BAKKER,2026-02-05
1900001114,2025-09-04,F2,NL01,NL01,10,00,Brouwer Data Systems B.V.,Brouwer Data Systems B.V.,Netherlands,Custom Integration Services,11670.83,EUR,SO-1844067,2025/09,S.BAKKER,2025-09-04
1900001116,2025-12-02,F2,NL01,NL01,20,00,Global Tech Solutions Inc,Global Tech Solutions Inc,United States,Hydraulic Pump Unit HP-450,23483.07,EUR,SO-5607260,2025/12,BATCHJOB,2025-12-02
1900001117,2025-05-07,F2,NL01,NL01,20,00,Peters Automatisering B.V.,Peters Automatisering B.V.,Netherlands,Hydraulic Pump Unit HP-450,21000.0,EUR,SO-2372561,2025/05,R.JANSSEN,2025-05-07
1900001118,2025-11-14,F2,NL01,NL01,10,00,Martens Industrieel B.V.,Martens Industrieel B.V.,Netherlands,Data Migration Services,18413.62,EUR,SO-5154496,2025/11,BATCHJOB,2025-11-14
1900001120,2026-03-19,F2,NL01,NL01,20,00,Hendriks Metaalbewerking B.V.,Hendriks Metaalbewerking B.V.,Netherlands,Support Retainer Services,525.44,EUR,SO-8039052,2026/03,M.DEVRIES,2026-03-19
1900001121,2025-12-04,F2,NL01,NL01,10,00,De Groot Handelsonderneming B.V.,De Groot Handelsonderneming B.V.,Netherlands,Cloud Hosting Subscription (Annual),37492.16,EUR,SO-4100148,2025/12,S.BAKKER,2025-12-04
1900001122,2025-06-26,G2,NL01,NL01,10,00,Verhoeven Technische Handel B.V.,Verhoeven Technische Handel B.V.,Netherlands,Cloud Hosting Subscription (Annual),-2203.56,EUR,SO-2600470,2025/06,S.BAKKER,2025-06-26
1900001123,2025-06-17,F2,NL01,NL01,20,00,Van Dijk Transport B.V.,Van Dijk Transport B.V.,Netherlands,Safety System Upgrade Kit,5140.46,EUR,SO-6998704,2025/06,A.KOK,2025-06-17
1900001125,2025-07-07,F2,NL01,NL01,10,00,Duval Distribution SARL,Duval Distribution SARL,France,Standard Spare Parts Bundle,17400.7,EUR,SO-4483778,2025/07,R.JANSSEN,2025-07-07
1900001126,2025-06-05,F2,NL01,NL01,10,00,Schouten Productie B.V.,Schouten Productie B.V.,Netherlands,Custom Integration Services,16707.91,EUR,SO-5997958,2025/06,A.KOK,2025-06-05
1900001127,2025-08-18,F2,NL01,NL01,10,00,Noord Maritiem Diensten B.V.,Noord Maritiem Diensten B.V.,Netherlands,Implementation Consulting Services,8483.54,EUR,SO-6000012,2025/08,A.KOK,2025-08-18
1900001129,2026-01-15,F2,NL01,NL01,10,00,Dijkstra Precision B.V.,Dijkstra Precision B.V.,Netherlands,ERP Connector License (Annual),13500.0,EUR,SO-4543934,2026/01,R.JANSSEN,2026-01-15
1900001131,2025-04-22,F2,NL01,NL01,10,00,Martens Industrieel B.V.,Martens Industrieel B.V.,Netherlands,Hydraulic Pump Unit HP-450,15040.19,EUR,SO-7749986,2025/04,BATCHJOB,2025-04-22
1900001133,2025-08-05,F2,NL01,NL01,20,00,Van der Heijden Supply Chain B.V.,Van der Heijden Supply Chain B.V.,Netherlands,ERP Connector License (Annual),23391.62,EUR,SO-4525591,2025/08,A.KOK,2025-08-05
1900001135,2025-11-12,F2,NL01,NL01,20,00,De Wit Consultancy B.V.,De Wit Consultancy B.V.,Netherlands,Standard Spare Parts Bundle,8373.86,EUR,SO-5332515,2025/11,A.KOK,2025-11-12
1900001137,2025-06-05,G2,NL01,NL01,20,00,Bos Facility Services B.V.,Bos Facility Services B.V.,Netherlands,Cloud Hosting Subscription (Annual),-2850.94,EUR,SO-6528374,2025/06,BATCHJOB,2025-06-05
1900001139,2026-02-23,F2,NL01,NL01,20,00,De Groot Handelsonderneming B.V.,De Groot Handelsonderneming B.V.,Netherlands,Technical Training Package,3064.84,EUR,SO-1922065,2026/02,S.BAKKER,2026-02-23
1900001141,2026-03-31,F2,NL01,NL01,10,00,Verhoeven Technische Handel B.V.,Verhoeven Technische Handel B.V.,Netherlands,Industrial Network Switch NS-24,14649.39,EUR,SO-3171399,2026/03,S.BAKKER,2026-03-31
1900001142,2025-10-03,F2,NL01,NL01,30,00,Hendriks Metaalbewerking B.V.,Hendriks Metaalbewerking B.V.,Netherlands,Industrial Network Switch NS-24,21500.0,EUR,SO-9696257,2025/10,M.DEVRIES,2025-10-03
1900001143,2025-08-28,F2,NL01,NL01,10,00,Vermeulen Logistics B.V.,Vermeulen Logistics B.V.,Netherlands,Conveyor Belt System CB-12,59000.0,EUR,SO-1771047,2025/08,S.BAKKER,2025-08-28
1900001145,2025-06-20,F2,NL01,NL01,20,00,Martens Industrieel B.V.,Martens Industrieel B.V.,Netherlands,PLC Programming Unit,16418.24,EUR,SO-9628625,2025/06,A.KOK,2025-06-20
1900001146,2025-07-24,F2,NL01,NL01,10,00,Van Dijk Transport B.V.,Van Dijk Transport B.V.,Netherlands,Data Migration Services,4362.17,EUR,SO-1692952,2025/07,R.JANSSEN,2025-07-24
1900001148,2026-02-23,F2,NL01,NL01,30,00,Brouwer Data Systems B.V.,Brouwer Data Systems B.V.,Netherlands,Sensor Calibration Kit,22453.17,EUR,SO-3021077,2026/02,R.JANSSEN,2026-02-23
1900001150,2025-04-08,F2,NL01,NL01,20,00,Noord Maritiem Diensten B.V.,Noord Maritiem Diensten B.V.,Netherlands,Standard Spare Parts Bundle,64721.26,EUR,SO-5902059,2025/04,R.JANSSEN,2025-04-08
1900001152,2025-08-15,F2,NL01,NL01,10,00,Martens Industrieel B.V.,Martens Industrieel B.V.,Netherlands,Industrial Network Switch NS-24,10208.53,EUR,SO-4165899,2025/08,S.BAKKER,2025-08-15
1900001154,2025-10-24,F2,NL01,NL01,10,00,Martens Industrieel B.V.,Martens Industrieel B.V.,Netherlands,PLC Programming Unit,17466.17,EUR,SO-5841781,2025/10,A.KOK,2025-10-24
1900001156,2025-10-15,F2,NL01,NL01,20,00,Martens Industrieel B.V.,Martens Industrieel B.V.,Netherlands,Annual Maintenance Contract,16500.0,EUR,SO-8871250,2025/10,M.DEVRIES,2025-10-15
1900001157,2025-12-09,F2,NL01,NL01,10,00,Dijkstra Precision B.V.,Dijkstra Precision B.V.,Netherlands,Industrial Sensor Module X200,37898.0,EUR,SO-1237323,2025/12,R.JANSSEN,2025-12-09
1900001159,2025-05-22,F2,NL01,NL01,10,00,Dijkstra Precision B.V.,Dijkstra Precision B.V.,Netherlands,Annual Maintenance Contract,24000.0,EUR,SO-4882048,2025/05,M.DEVRIES,2025-05-22
1900001160,2025-12-30,F2,NL01,NL01,20,00,Brouwer Data Systems B.V.,Brouwer Data Systems B.V.,Netherlands,Cloud Hosting Subscription (Annual),20735.95,EUR,SO-3214907,2025/12,R.JANSSEN,2025-12-30
1900001162,2025-11-01,F2,NL01,NL01,30,00,Noord Maritiem Diensten B.V.,Noord Maritiem Diensten B.V.,Netherlands,Standard Spare Parts Bundle,6271.6,EUR,SO-8428716,2025/11,BATCHJOB,2025-11-01
1900001163,2025-12-30,F2,NL01,NL01,30,00,Van Beek Sustainable Energy B.V.,Van Beek Sustainable Energy B.V.,Netherlands,Support Retainer Services,3433.03,EUR,SO-5067175,2025/12,S.BAKKER,2025-12-30
1900001164,2025-04-25,F2,NL01,NL01,30,00,Van der Heijden Supply Chain B.V.,Van der Heijden Supply Chain B.V.,Netherlands,Cloud Hosting Subscription (Annual),35565.41,EUR,SO-4266669,2025/04,S.BAKKER,2025-04-25
1900001166,2025-04-04,F2,NL01,NL01,10,00,Meijer Energie B.V.,Meijer Energie B.V.,Netherlands,Electric Motor EM-750,12500.0,EUR,SO-9799406,2025/04,R.JANSSEN,2025-04-04
1900001167,2026-02-26,F2,NL01,NL01,30,00,Van Damme Trading NV,Van Damme Trading NV,Belgium,Sensor Calibration Kit,28887.01,EUR,SO-9450491,2026/02,BATCHJOB,2026-02-26
1900001168,2026-03-12,F2,NL01,NL01,10,00,Van der Heijden Supply Chain B.V.,Van der Heijden Supply Chain B.V.,Netherlands,Warehouse Management Module,18842.69,EUR,SO-6105689,2026/03,A.KOK,2026-03-12
1900001169,2025-04-01,F2,NL01,NL01,30,00,De Wit Consultancy B.V.,De Wit Consultancy B.V.,Netherlands,Technical Training Package,10944.07,EUR,SO-6179502,2025/04,BATCHJOB,2025-04-01
1900001170,2025-04-26,F2,NL01,NL01,10,00,Willemsen Innovatie B.V.,Willemsen Innovatie B.V.,Netherlands,Support Retainer Services,15060.26,EUR,SO-7763844,2025/04,R.JANSSEN,2025-04-26
1900001172,2026-03-09,F2,NL01,NL01,30,00,Duval Distribution SARL,Duval Distribution SARL,France,Data Migration Services,23063.38,EUR,SO-9166717,2026/03,M.DEVRIES,2026-03-09
1900001173,2025-12-12,F2,NL01,NL01,10,00,Peters Automatisering B.V.,Peters Automatisering B.V.,Netherlands,Analytics Suite License (Annual),11721.06,EUR,SO-7163802,2025/12,S.BAKKER,2025-12-12
1900001175,2026-01-14,F2,NL01,NL01,30,00,Visser Machinebouw B.V.,Visser Machinebouw B.V.,Netherlands,Hydraulic Pump Unit HP-450,6000.0,EUR,SO-3615917,2026/01,R.JANSSEN,2026-01-14
1900001177,2025-10-14,F2,NL01,NL01,10,00,De Groot Handelsonderneming B.V.,De Groot Handelsonderneming B.V.,Netherlands,Data Migration Services,4395.17,EUR,SO-2991534,2025/10,M.DEVRIES,2025-10-14
1900001178,2026-01-22,F2,NL01,NL01,30,00,Dekker IT Solutions B.V.,Dekker IT Solutions B.V.,Netherlands,Sensor Calibration Kit,39387.55,EUR,SO-4013070,2026/01,S.BAKKER,2026-01-22
1900001179,2025-09-04,F2,NL01,NL01,10,00,Post Digitale Diensten B.V.,Post Digitale Diensten B.V.,Netherlands,Annual Maintenance Contract,6591.86,EUR,SO-3208732,2025/09,BATCHJOB,2025-09-04
1900001180,2025-09-29,F2,NL01,NL01,30,00,Visser Machinebouw B.V.,Visser Machinebouw B.V.,Netherlands,Standard Spare Parts Bundle,13301.08,EUR,SO-5603536,2025/09,A.KOK,2025-09-29
1900001181,2026-01-23,F2,NL01,NL01,10,00,De Wit Consultancy B.V.,De Wit Consultancy B.V.,Netherlands,Annual Maintenance Contract,5297.06,EUR,SO-2620298,2026/01,R.JANSSEN,2026-01-23
1900001183,2025-10-16,F2,NL01,NL01,10,00,De Groot Handelsonderneming B.V.,De Groot Handelsonderneming B.V.,Netherlands,Annual Maintenance Contract,33810.02,EUR,SO-8921584,2025/10,M.DEVRIES,2025-10-16
1900001184,2025-06-24,F2,NL01,NL01,10,00,Martens Industrieel B.V.,Martens Industrieel B.V.,Netherlands,Conveyor Belt System CB-12,10000.0,EUR,SO-3567115,2025/06,M.DEVRIES,2025-06-24
1900001185,2025-08-13,F2,NL01,NL01,30,00,De Wit Consultancy B.V.,De Wit Consultancy B.V.,Netherlands,Annual Maintenance Contract,28612.24,EUR,SO-8061589,2025/08,S.BAKKER,2025-08-13
1900001187,2025-08-06,F2,NL01,NL01,10,00,De Wit Consultancy B.V.,De Wit Consultancy B.V.,Netherlands,Warehouse Management Module,7233.45,EUR,SO-6734194,2025/08,M.DEVRIES,2025-08-06
1900001188,2025-05-27,F2,NL01,NL01,10,00,Van der Heijden Supply Chain B.V.,Van der Heijden Supply Chain B.V.,Netherlands,Safety System Upgrade Kit,20729.09,EUR,SO-8459812,2025/05,R.JANSSEN,2025-05-27
1900001189,2025-09-12,F2,NL01,NL01,20,00,Van Damme Trading NV,Van Damme Trading NV,Belgium,Standard Spare Parts Bundle,24803.72,EUR,SO-9140031,2025/09,M.DEVRIES,2025-09-12
1900001191,2025-11-25,F2,NL01,NL01,10,00,Van der Linden Advies B.V.,Van der Linden Advies B.V.,Netherlands,Support Retainer Services,31432.02,EUR,SO-5850568,2025/11,S.BAKKER,2025-11-25
1900001192,2025-06-04,F2,NL01,NL01,10,00,Noord Maritiem Diensten B.V.,Noord Maritiem Diensten B.V.,Netherlands,Hydraulic Pump Unit HP-450,7569.14,EUR,SO-1291019,2025/06,R.JANSSEN,2025-06-04
1900001194,2025-08-27,F2,NL01,NL01,10,00,Noord Maritiem Diensten B.V.,Noord Maritiem Diensten B.V.,Netherlands,Implementation Consulting Services,8500.0,EUR,SO-9070028,2025/08,BATCHJOB,2025-08-27
1900001196,2025-10-14,F2,NL01,NL01,10,00,Brouwer Data Systems B.V.,Brouwer Data Systems B.V.,Netherlands,Custom Integration Services,15646.71,EUR,SO-7014841,2025/10,S.BAKKER,2025-10-14
1900001198,2025-08-06,F2,NL01,NL01,20,00,Noord Maritiem Diensten B.V.,Noord Maritiem Diensten B.V.,Netherlands,Annual Maintenance Contract,7118.24,EUR,SO-9119851,2025/08,BATCHJOB,2025-08-06
1900001200,2025-12-21,F2,NL01,NL01,30,00,Kramer Robotics B.V.,Kramer Robotics B.V.,Netherlands,Safety System Upgrade Kit,10760.46,EUR,SO-2649078,2025/12,R.JANSSEN,2025-12-21
1900001201,2026-01-13,F2,NL01,NL01,20,00,Verhoeven Technische Handel B.V.,Verhoeven Technische Handel B.V.,Netherlands,Hydraulic Pump Unit HP-450,17837.06,EUR,SO-8717743,2026/01,M.DEVRIES,2026-01-13
1900001202,2025-08-01,F2,NL01,NL01,30,00,Dijkstra Precision B.V.,Dijkstra Precision B.V.,Netherlands,Annual Maintenance Contract,8590.75,EUR,SO-2672418,2025/08,M.DEVRIES,2025-08-01
1900001203,2026-02-23,F2,NL01,NL01,10,00,Noord Maritiem Diensten B.V.,Noord Maritiem Diensten B.V.,Netherlands,PLC Programming Unit,9560.76,EUR,SO-9681226,2026/02,A.KOK,2026-02-23
1900001204,2026-01-22,F2,NL01,NL01,10,00,Smith and Co Industrial Ltd,Smith and Co Industrial Ltd,United Kingdom,Safety System Upgrade Kit,25652.68,EUR,SO-6928047,2026/01,A.KOK,2026-01-22
1900001205,2025-06-18,F2,NL01,NL01,10,00,Smit Engineering B.V.,Smit Engineering B.V.,Netherlands,Analytics Suite License (Annual),7400.72,EUR,SO-5615769,2025/06,BATCHJOB,2025-06-18
1900001206,2025-11-13,F2,NL01,NL01,10,00,Van Beek Sustainable Energy B.V.,Van Beek Sustainable Energy B.V.,Netherlands,Conveyor Belt System CB-12,7284.24,EUR,SO-5453466,2025/11,BATCHJOB,2025-11-13
1900001207,2025-07-29,F2,NL01,NL01,20,00,Post Digitale Diensten B.V.,Post Digitale Diensten B.V.,Netherlands,Hydraulic Pump Unit HP-450,12310.04,EUR,SO-9255001,2025/07,S.BAKKER,2025-07-29
1900001209,2025-05-26,F2,NL01,NL01,10,00,Duval Distribution SARL,Duval Distribution SARL,France,Custom Integration Services,12000.0,EUR,SO-9713549,2025/05,M.DEVRIES,2025-05-26
1900001210,2026-01-08,G2,NL01,NL01,10,00,Noord Maritiem Diensten B.V.,Noord Maritiem Diensten B.V.,Netherlands,ERP Connector License (Annual),-8686.79,EUR,SO-7019756,2026/01,S.BAKKER,2026-01-08
1900001211,2025-07-18,F2,NL01,NL01,10,00,Van den Berg Retail Group B.V.,Van den Berg Retail Group B.V.,Netherlands,Automation Controller Pro,42782.08,EUR,SO-5091860,2025/07,M.DEVRIES,2025-07-18
1900001213,2026-03-25,F2,NL01,NL01,20,00,Duval Distribution SARL,Duval Distribution SARL,France,Cloud Hosting Subscription (Annual),34585.99,EUR,SO-8032117,2026/03,R.JANSSEN,2026-03-25
1900001215,2025-05-29,F2,NL01,NL01,10,00,Verhoeven Technische Handel B.V.,Verhoeven Technische Handel B.V.,Netherlands,Analytics Suite License (Annual),13545.19,EUR,SO-8261840,2025/05,M.DEVRIES,2025-05-29
1900001216,2025-04-29,F2,NL01,NL01,10,00,De Groot Handelsonderneming B.V.,De Groot Handelsonderneming B.V.,Netherlands,Custom Integration Services,16749.26,EUR,SO-7872498,2025/04,S.BAKKER,2025-04-29
1900001217,2026-02-04,F2,NL01,NL01,30,00,Van Dijk Transport B.V.,Van Dijk Transport B.V.,Netherlands,Conveyor Belt System CB-12,10958.32,EUR,SO-4099237,2026/02,BATCHJOB,2026-02-04
1900001218,2025-06-10,F2,NL01,NL01,20,00,Dekker IT Solutions B.V.,Dekker IT Solutions B.V.,Netherlands,Support Retainer Services,18646.38,EUR,SO-8999363,2025/06,BATCHJOB,2025-06-10
1900001219,2025-11-10,F2,NL01,NL01,20,00,Visser Machinebouw B.V.,Visser Machinebouw B.V.,Netherlands,Automation Controller Pro,18567.11,EUR,SO-9346024,2025/11,M.DEVRIES,2025-11-10
1900001220,2026-02-06,F2,NL01,NL01,30,00,De Groot Handelsonderneming B.V.,De Groot Handelsonderneming B.V.,Netherlands,Industrial Network Switch NS-24,5255.37,EUR,SO-2410722,2026/02,M.DEVRIES,2026-02-06
1900001222,2026-01-23,F2,NL01,NL01,10,00,Van Dijk Transport B.V.,Van Dijk Transport B.V.,Netherlands,Hydraulic Pump Unit HP-450,4100.67,EUR,SO-9824688,2026/01,M.DEVRIES,2026-01-23
1900001223,2025-11-03,F2,NL01,NL01,10,00,Global Tech Solutions Inc,Global Tech Solutions Inc,United States,Conveyor Belt System CB-12,8022.21,EUR,SO-3215446,2025/11,M.DEVRIES,2025-11-03
1900001225,2026-02-26,F2,NL01,NL01,10,00,Utrecht Systemen B.V.,Utrecht Systemen B.V.,Netherlands,Safety System Upgrade Kit,1675.19,EUR,SO-6274597,2026/02,BATCHJOB,2026-02-26
1900001227,2025-08-27,F2,NL01,NL01,20,00,Hendriks Metaalbewerking B.V.,Hendriks Metaalbewerking B.V.,Netherlands,Custom Integration Services,4177.36,EUR,SO-3920342,2025/08,R.JANSSEN,2025-08-27
1900001229,2025-12-10,F2,NL01,NL01,10,00,Noord Maritiem Diensten B.V.,Noord Maritiem Diensten B.V.,Netherlands,Cloud Hosting Subscription (Annual),16180.19,EUR,SO-8981488,2025/12,S.BAKKER,2025-12-10
1900001230,2026-01-10,F2,NL01,NL01,30,00,Schneider Maschinenbau GmbH,Schneider Maschinenbau GmbH,Germany,PLC Programming Unit,8717.93,EUR,SO-7532153,2026/01,S.BAKKER,2026-01-10
1900001231,2025-07-31,F2,NL01,NL01,30,00,Noord Maritiem Diensten B.V.,Noord Maritiem Diensten B.V.,Netherlands,Industrial Network Switch NS-24,11865.61,EUR,SO-6247308,2025/07,S.BAKKER,2025-07-31
1900001233,2026-03-20,F2,NL01,NL01,20,00,Martens Industrieel B.V.,Martens Industrieel B.V.,Netherlands,Cloud Hosting Subscription (Annual),24285.65,EUR,SO-3099358,2026/03,M.DEVRIES,2026-03-20
1900001234,2025-04-17,F2,NL01,NL01,10,00,Dijkstra Precision B.V.,Dijkstra Precision B.V.,Netherlands,Implementation Consulting Services,9629.02,EUR,SO-8065779,2025/04,M.DEVRIES,2025-04-17
1900001236,2025-12-31,F2,NL01,NL01,10,00,Van Dijk Transport B.V.,Van Dijk Transport B.V.,Netherlands,Support Retainer Services,4893.8,EUR,SO-7705312,2025/12,S.BAKKER,2025-12-31
1900001238,2025-10-10,F2,NL01,NL01,10,00,Noord Maritiem Diensten B.V.,Noord Maritiem Diensten B.V.,Netherlands,Hydraulic Pump Unit HP-450,28727.94,EUR,SO-2467233,2025/10,A.KOK,2025-10-10
1900001240,2026-02-21,F2,NL01,NL01,20,00,Timmermans Bouw B.V.,Timmermans Bouw B.V.,Netherlands,Custom Integration Services,3407.67,EUR,SO-6158654,2026/02,M.DEVRIES,2026-02-21
1900001241,2025-10-07,F2,NL01,NL01,10,00,Van den Berg Retail Group B.V.,Van den Berg Retail Group B.V.,Netherlands,Analytics Suite License (Annual),12297.25,EUR,SO-6774927,2025/10,S.BAKKER,2025-10-07
1900001243,2026-01-03,F2,NL01,NL01,10,00,Duval Distribution SARL,Duval Distribution SARL,France,Warehouse Management Module,11500.0,EUR,SO-5720672,2026/01,A.KOK,2026-01-03
1900001244,2025-08-15,F2,NL01,NL01,10,00,Groenendijk Handel B.V.,Groenendijk Handel B.V.,Netherlands,Annual Maintenance Contract,6925.23,EUR,SO-8719670,2025/08,A.KOK,2025-08-15
1900001245,2026-03-31,F2,NL01,NL01,20,00,Noord Maritiem Diensten B.V.,Noord Maritiem Diensten B.V.,Netherlands,Sensor Calibration Kit,13551.79,EUR,SO-5569444,2026/03,S.BAKKER,2026-03-31
1900001246,2026-01-26,F2,NL01,NL01,10,00,Smit Engineering B.V.,Smit Engineering B.V.,Netherlands,ERP Connector License (Annual),8724.66,EUR,SO-9536195,2026/01,BATCHJOB,2026-01-26
1900001247,2026-03-10,F2,NL01,NL01,20,00,Dijkstra Precision B.V.,Dijkstra Precision B.V.,Netherlands,Industrial Network Switch NS-24,10345.75,EUR,SO-1551713,2026/03,M.DEVRIES,2026-03-10
1900001249,2026-01-09,F2,NL01,NL01,10,00,Van der Heijden Supply Chain B.V.,Van der Heijden Supply Chain B.V.,Netherlands,Data Migration Services,14669.05,EUR,SO-5620032,2026/01,S.BAKKER,2026-01-09
1900001250,2025-10-28,F2,NL01,NL01,10,00,De Wit Consultancy B.V.,De Wit Consultancy B.V.,Netherlands,Industrial Network Switch NS-24,29998.54,EUR,SO-4432437,2025/10,R.JANSSEN,2025-10-28
1900001252,2025-04-15,F2,NL01,NL01,20,00,Dijkstra Precision B.V.,Dijkstra Precision B.V.,Netherlands,Electric Motor EM-750,6000.0,EUR,SO-2774370,2025/04,R.JANSSEN,2025-04-15
1900001254,2025-11-14,F2,NL01,NL01,10,00,Verhoeven Technische Handel B.V.,Verhoeven Technische Handel B.V.,Netherlands,Hydraulic Pump Unit HP-450,23248.14,EUR,SO-9591038,2025/11,A.KOK,2025-11-14
1900001256,2025-11-07,F2,NL01,NL01,30,00,Verhoeven Technische Handel B.V.,Verhoeven Technische Handel B.V.,Netherlands,Conveyor Belt System CB-12,34627.96,EUR,SO-8235146,2025/11,BATCHJOB,2025-11-07
1900001257,2025-12-24,F2,NL01,NL01,20,00,Van Dijk Transport B.V.,Van Dijk Transport B.V.,Netherlands,Electric Motor EM-750,29116.99,EUR,SO-6402620,2025/12,A.KOK,2025-12-24
1900001259,2026-02-02,F2,NL01,NL01,20,00,Brouwer Data Systems B.V.,Brouwer Data Systems B.V.,Netherlands,ERP Connector License (Annual),8000.0,EUR,SO-6458505,2026/02,M.DEVRIES,2026-02-02
1900001260,2025-12-09,F2,NL01,NL01,10,00,Van Dijk Transport B.V.,Van Dijk Transport B.V.,Netherlands,Electric Motor EM-750,19500.0,EUR,SO-7665112,2025/12,S.BAKKER,2025-12-09
1900001262,2025-10-08,F2,NL01,NL01,10,00,Dekker IT Solutions B.V.,Dekker IT Solutions B.V.,Netherlands,PLC Programming Unit,7525.23,EUR,SO-9836737,2025/10,M.DEVRIES,2025-10-08
1900001263,2025-10-01,F2,NL01,NL01,10,00,De Groot Handelsonderneming B.V.,De Groot Handelsonderneming B.V.,Netherlands,Warehouse Management Module,9703.25,EUR,SO-4453564,2025/10,A.KOK,2025-10-01
1900001264,2025-10-17,F2,NL01,NL01,10,00,De Wit Consultancy B.V.,De Wit Consultancy B.V.,Netherlands,Safety System Upgrade Kit,2052.2,EUR,SO-6207590,2025/10,R.JANSSEN,2025-10-17
1900001266,2025-07-01,F2,NL01,NL01,10,00,De Wit Consultancy B.V.,De Wit Consultancy B.V.,Netherlands,Standard Spare Parts Bundle,6864.54,EUR,SO-1817295,2025/07,M.DEVRIES,2025-07-01
1900001267,2025-11-11,F2,NL01,NL01,30,00,De Groot Handelsonderneming B.V.,De Groot Handelsonderneming B.V.,Netherlands,Custom Integration Services,4877.75,EUR,SO-6940543,2025/11,S.BAKKER,2025-11-11
1900001269,2025-06-09,F2,NL01,NL01,20,00,Noord Maritiem Diensten B.V.,Noord Maritiem Diensten B.V.,Netherlands,Custom Integration Services,14125.21,EUR,SO-5990042,2025/06,M.DEVRIES,2025-06-09
1900001270,2025-09-30,F2,NL01,NL01,30,00,Scholten Data Center Services B.V.,Scholten Data Center Services B.V.,Netherlands,Industrial Network Switch NS-24,28500.0,EUR,SO-9008152,2025/09,A.KOK,2025-09-30
1900001272,2025-09-01,F2,NL01,NL01,10,00,Van der Heijden Supply Chain B.V.,Van der Heijden Supply Chain B.V.,Netherlands,Cloud Hosting Subscription (Annual),16883.21,EUR,SO-9852499,2025/09,S.BAKKER,2025-09-01
1900001273,2026-01-03,F2,NL01,NL01,20,00,Global Tech Solutions Inc,Global Tech Solutions Inc,United States,Analytics Suite License (Annual),12444.37,EUR,SO-1314743,2026/01,S.BAKKER,2026-01-03
1900001274,2025-12-12,F2,NL01,NL01,10,00,Van Damme Trading NV,Van Damme Trading NV,Belgium,Support Retainer Services,4669.37,EUR,SO-1284296,2025/12,S.BAKKER,2025-12-12
1900001276,2025-09-04,F2,NL01,NL01,10,00,Noord Maritiem Diensten B.V.,Noord Maritiem Diensten B.V.,Netherlands,Standard Spare Parts Bundle,16171.42,EUR,SO-6555786,2025/09,BATCHJOB,2025-09-04
1900001277,2026-02-12,G2,NL01,NL01,10,00,Noord Maritiem Diensten B.V.,Noord Maritiem Diensten B.V.,Netherlands,Industrial Network Switch NS-24,-2211.24,EUR,SO-3605958,2026/02,A.KOK,2026-02-12
1900001278,2025-12-02,F2,NL01,NL01,30,00,Van der Heijden Supply Chain B.V.,Van der Heijden Supply Chain B.V.,Netherlands,Implementation Consulting Services,19221.34,EUR,SO-3014427,2025/12,A.KOK,2025-12-02
1900001279,2025-10-23,F2,NL01,NL01,10,00,De Groot Handelsonderneming B.V.,De Groot Handelsonderneming B.V.,Netherlands,Industrial Sensor Module X200,10794.87,EUR,SO-7251191,2025/10,R.JANSSEN,2025-10-23
1900001281,2026-01-21,F2,NL01,NL01,20,00,Mulder Groothandel B.V.,Mulder Groothandel B.V.,Netherlands,Standard Spare Parts Bundle,30000.0,EUR,SO-3267927,2026/01,BATCHJOB,2026-01-21
1900001282,2026-03-19,F2,NL01,NL01,20,00,Noord Maritiem Diensten B.V.,Noord Maritiem Diensten B.V.,Netherlands,Sensor Calibration Kit,8025.72,EUR,SO-4494026,2026/03,S.BAKKER,2026-03-19
1900001283,2026-01-28,F2,NL01,NL01,10,00,Kramer Robotics B.V.,Kramer Robotics B.V.,Netherlands,Industrial Network Switch NS-24,2218.76,EUR,SO-3204863,2026/01,BATCHJOB,2026-01-28
1900001284,2025-11-17,F2,NL01,NL01,20,00,Van Leeuwen Staal B.V.,Van Leeuwen Staal B.V.,Netherlands,Support Retainer Services,17675.69,EUR,SO-6709739,2025/11,R.JANSSEN,2025-11-17
1900001285,2025-09-07,F2,NL01,NL01,20,00,Van den Berg Retail Group B.V.,Van den Berg Retail Group B.V.,Netherlands,Hydraulic Pump Unit HP-450,10797.82,EUR,SO-8670300,2025/09,M.DEVRIES,2025-09-07
1900001287,2025-06-05,F2,NL01,NL01,10,00,De Groot Handelsonderneming B.V.,De Groot Handelsonderneming B.V.,Netherlands,Annual Maintenance Contract,15100.23,EUR,SO-9959172,2025/06,BATCHJOB,2025-06-05
1900001289,2025-07-07,F2,NL01,NL01,20,00,De Groot Handelsonderneming B.V.,De Groot Handelsonderneming B.V.,Netherlands,Data Migration Services,16412.95,EUR,SO-1785255,2025/07,S.BAKKER,2025-07-07
1900001291,2025-12-05,F2,NL01,NL01,20,00,Kok Software B.V.,Kok Software B.V.,Netherlands,Industrial Sensor Module X200,39403.64,EUR,SO-5498802,2025/12,A.KOK,2025-12-05
1900001292,2025-12-09,F2,NL01,NL01,10,00,Duval Distribution SARL,Duval Distribution SARL,France,Automation Controller Pro,56871.64,EUR,SO-9354851,2025/12,R.JANSSEN,2025-12-09
1900001294,2025-11-14,F2,NL01,NL01,30,00,Kramer Robotics B.V.,Kramer Robotics B.V.,Netherlands,Implementation Consulting Services,3000.0,EUR,SO-8164984,2025/11,BATCHJOB,2025-11-14
1900001296,2025-09-29,F2,NL01,NL01,20,00,Noord Maritiem Diensten B.V.,Noord Maritiem Diensten B.V.,Netherlands,Technical Training Package,11404.43,EUR,SO-2262456,2025/09,R.JANSSEN,2025-09-29
1900001297,2026-03-18,F2,NL01,NL01,30,00,De Vries Energy Solutions B.V.,De Vries Energy Solutions B.V.,Netherlands,Data Migration Services,5664.34,EUR,SO-5890185,2026/03,S.BAKKER,2026-03-18
1900001299,2025-09-22,F2,NL01,NL01,10,00,Baumann Prazisionstechnik GmbH,Baumann Prazisionstechnik GmbH,Germany,Safety System Upgrade Kit,15500.0,EUR,SO-8298582,2025/09,R.JANSSEN,2025-09-22
1900001301,2025-12-05,F2,NL01,NL01,10,00,De Vries Energy Solutions B.V.,De Vries Energy Solutions B.V.,Netherlands,PLC Programming Unit,6123.75,EUR,SO-8469547,2025/12,A.KOK,2025-12-05
1900001303,2026-02-07,F2,NL01,NL01,20,00,Bos Facility Services B.V.,Bos Facility Services B.V.,Netherlands,Custom Integration Services,16812.56,EUR,SO-3787280,2026/02,R.JANSSEN,2026-02-07
1900001304,2025-11-03,F2,NL01,NL01,10,00,Duval Distribution SARL,Duval Distribution SARL,France,Technical Training Package,21818.71,EUR,SO-2256124,2025/11,M.DEVRIES,2025-11-03
1900001305,2025-04-14,F2,NL01,NL01,30,00,Brouwer Data Systems B.V.,Brouwer Data Systems B.V.,Netherlands,Analytics Suite License (Annual),15794.24,EUR,SO-3318185,2025/04,A.KOK,2025-04-14
1900001306,2025-07-20,F2,NL01,NL01,20,00,Duval Distribution SARL,Duval Distribution SARL,France,Custom Integration Services,7979.75,EUR,SO-6422255,2025/07,M.DEVRIES,2025-07-20
1900001308,2025-08-19,F2,NL01,NL01,10,00,De Groot Handelsonderneming B.V.,De Groot Handelsonderneming B.V.,Netherlands,Sensor Calibration Kit,8449.09,EUR,SO-7529757,2025/08,R.JANSSEN,2025-08-19
1900001309,2025-10-28,F2,NL01,NL01,10,00,Global Tech Solutions Inc,Global Tech Solutions Inc,United States,Automation Controller Pro,12408.84,EUR,SO-1794903,2025/10,M.DEVRIES,2025-10-28
1900001311,2025-06-30,F2,NL01,NL01,10,00,Martens Industrieel B.V.,Martens Industrieel B.V.,Netherlands,Safety System Upgrade Kit,9070.29,EUR,SO-8761198,2025/06,R.JANSSEN,2025-06-30
1900001313,2025-05-22,F2,NL01,NL01,10,00,Schneider Maschinenbau GmbH,Schneider Maschinenbau GmbH,Germany,Electric Motor EM-750,40648.6,EUR,SO-2293995,2025/05,A.KOK,2025-05-22
1900001315,2026-03-30,F2,NL01,NL01,10,00,De Wit Consultancy B.V.,De Wit Consultancy B.V.,Netherlands,Data Migration Services,13651.79,EUR,SO-7977506,2026/03,A.KOK,2026-03-30
1900001316,2026-01-02,F2,NL01,NL01,10,00,De Wit Consultancy B.V.,De Wit Consultancy B.V.,Netherlands,Support Retainer Services,11038.45,EUR,SO-5678909,2026/01,M.DEVRIES,2026-01-02
1900001317,2025-06-20,F2,NL01,NL01,10,00,Global Tech Solutions Inc,Global Tech Solutions Inc,United States,Data Migration Services,2164.38,EUR,SO-8042615,2025/06,M.DEVRIES,2025-06-20
1900001318,2025-05-19,F2,NL01,NL01,10,00,Verhoeven Technische Handel B.V.,Verhoeven Technische Handel B.V.,Netherlands,Support Retainer Services,17570.31,EUR,SO-1519470,2025/05,BATCHJOB,2025-05-19
1900001320,2025-09-09,F2,NL01,NL01,20,00,Dijkstra Precision B.V.,Dijkstra Precision B.V.,Netherlands,Technical Training Package,15309.7,EUR,SO-8464389,2025/09,R.JANSSEN,2025-09-09
1900001321,2025-12-11,F2,NL01,NL01,10,00,Verhoeven Technische Handel B.V.,Verhoeven Technische Handel B.V.,Netherlands,Standard Spare Parts Bundle,17576.8,EUR,SO-4257320,2025/12,S.BAKKER,2025-12-11
1900001322,2025-04-03,F2,NL01,NL01,10,00,Bos Facility Services B.V.,Bos Facility Services B.V.,Netherlands,Analytics Suite License (Annual),46092.09,EUR,SO-1510701,2025/04,S.BAKKER,2025-04-03
1900001324,2025-12-25,F2,NL01,NL01,20,00,Bos Facility Services B.V.,Bos Facility Services B.V.,Netherlands,PLC Programming Unit,3765.46,EUR,SO-1943827,2025/12,R.JANSSEN,2025-12-25
1900001326,2026-01-05,F2,NL01,NL01,10,00,Dijkstra Precision B.V.,Dijkstra Precision B.V.,Netherlands,Safety System Upgrade Kit,9495.68,EUR,SO-9234133,2026/01,A.KOK,2026-01-05
1900001327,2026-02-14,F2,NL01,NL01,10,00,Duval Distribution SARL,Duval Distribution SARL,France,Data Migration Services,16000.0,EUR,SO-2180636,2026/02,S.BAKKER,2026-02-14
1900001329,2025-05-12,F2,NL01,NL01,10,00,Van der Heijden Supply Chain B.V.,Van der Heijden Supply Chain B.V.,Netherlands,Industrial Sensor Module X200,2138.28,EUR,SO-1875413,2025/05,A.KOK,2025-05-12
1900001330,2025-05-28,F2,NL01,NL01,10,00,Post Digitale Diensten B.V.,Post Digitale Diensten B.V.,Netherlands,Support Retainer Services,25788.2,EUR,SO-1269198,2025/05,A.KOK,2025-05-28
1900001332,2025-04-21,F2,NL01,NL01,10,00,Kok Software B.V.,Kok Software B.V.,Netherlands,Technical Training Package,7401.94,EUR,SO-2887914,2025/04,S.BAKKER,2025-04-21
1900001334,2026-02-17,F2,NL01,NL01,10,00,Kramer Robotics B.V.,Kramer Robotics B.V.,Netherlands,Support Retainer Services,7623.98,EUR,SO-8670330,2026/02,A.KOK,2026-02-17
1900001335,2025-11-20,F2,NL01,NL01,10,00,Van Dijk Transport B.V.,Van Dijk Transport B.V.,Netherlands,ERP Connector License (Annual),16392.81,EUR,SO-6668342,2025/11,M.DEVRIES,2025-11-20
1900001337,2025-06-11,F2,NL01,NL01,10,00,Noord Maritiem Diensten B.V.,Noord Maritiem Diensten B.V.,Netherlands,Safety System Upgrade Kit,1975.99,EUR,SO-7426665,2025/06,R.JANSSEN,2025-06-11
1900001339,2026-01-02,F2,NL01,NL01,30,00,Scholten Data Center Services B.V.,Scholten Data Center Services B.V.,Netherlands,Industrial Network Switch NS-24,9000.0,EUR,SO-9609837,2026/01,M.DEVRIES,2026-01-02
1900001341,2025-09-15,F2,NL01,NL01,10,00,Smith and Co Industrial Ltd,Smith and Co Industrial Ltd,United Kingdom,ERP Connector License (Annual),11841.18,EUR,SO-9355021,2025/09,BATCHJOB,2025-09-15
1900001342,2026-01-23,F2,NL01,NL01,20,00,Noord Maritiem Diensten B.V.,Noord Maritiem Diensten B.V.,Netherlands,Standard Spare Parts Bundle,33503.09,EUR,SO-6101691,2026/01,BATCHJOB,2026-01-23
1900001344,2026-03-20,F2,NL01,NL01,10,00,Peters Automatisering B.V.,Peters Automatisering B.V.,Netherlands,PLC Programming Unit,10377.59,EUR,SO-2724396,2026/03,BATCHJOB,2026-03-20
1900001346,2026-02-24,F2,NL01,NL01,20,00,Dekker IT Solutions B.V.,Dekker IT Solutions B.V.,Netherlands,Automation Controller Pro,9170.58,EUR,SO-3278819,2026/02,R.JANSSEN,2026-02-24
1900001348,2025-10-03,F2,NL01,NL01,20,00,Baumann Prazisionstechnik GmbH,Baumann Prazisionstechnik GmbH,Germany,Electric Motor EM-750,10614.95,EUR,SO-3270990,2025/10,BATCHJOB,2025-10-03
1900001349,2026-03-26,F2,NL01,NL01,20,00,Noord Maritiem Diensten B.V.,Noord Maritiem Diensten B.V.,Netherlands,Sensor Calibration Kit,21953.45,EUR,SO-7293116,2026/03,BATCHJOB,2026-03-26
1900001351,2025-07-30,F2,NL01,NL01,10,00,Utrecht Systemen B.V.,Utrecht Systemen B.V.,Netherlands,Standard Spare Parts Bundle,18748.97,EUR,SO-9047709,2025/07,R.JANSSEN,2025-07-30
1900001353,2025-12-26,F2,NL01,NL01,10,00,Utrecht Systemen B.V.,Utrecht Systemen B.V.,Netherlands,Warehouse Management Module,52432.68,EUR,SO-1906975,2025/12,S.BAKKER,2025-12-26
1900001355,2025-07-31,F2,NL01,NL01,10,00,Duval Distribution SARL,Duval Distribution SARL,France,ERP Connector License (Annual),7000.0,EUR,SO-4330535,2025/07,M.DEVRIES,2025-07-31
1900001357,2026-03-05,F2,NL01,NL01,10,00,Dekker IT Solutions B.V.,Dekker IT Solutions B.V.,Netherlands,PLC Programming Unit,19864.08,EUR,SO-7789298,2026/03,A.KOK,2026-03-05
1900001359,2026-02-27,F2,NL01,NL01,30,00,Noord Maritiem Diensten B.V.,Noord Maritiem Diensten B.V.,Netherlands,ERP Connector License (Annual),2500.0,EUR,SO-1486523,2026/02,R.JANSSEN,2026-02-27
1900001361,2025-10-12,F2,NL01,NL01,10,00,Kramer Robotics B.V.,Kramer Robotics B.V.,Netherlands,Analytics Suite License (Annual),8072.99,EUR,SO-7516754,2025/10,S.BAKKER,2025-10-12
1900001363,2025-05-12,F2,NL01,NL01,20,00,Van der Heijden Supply Chain B.V.,Van der Heijden Supply Chain B.V.,Netherlands,Industrial Sensor Module X200,16000.0,EUR,SO-4664523,2025/05,R.JANSSEN,2025-05-12
1900001365,2025-09-09,F2,NL01,NL01,10,00,Van Damme Trading NV,Van Damme Trading NV,Belgium,Sensor Calibration Kit,60381.68,EUR,SO-9934014,2025/09,A.KOK,2025-09-09
1900001367,2025-12-22,F2,NL01,NL01,20,00,Noord Maritiem Diensten B.V.,Noord Maritiem Diensten B.V.,Netherlands,Warehouse Management Module,13000.0,EUR,SO-2440788,2025/12,S.BAKKER,2025-12-22
1900001368,2025-11-10,F2,NL01,NL01,20,00,Noord Maritiem Diensten B.V.,Noord Maritiem Diensten B.V.,Netherlands,Conveyor Belt System CB-12,32044.9,EUR,SO-5446665,2025/11,S.BAKKER,2025-11-10
1900001370,2026-01-14,F2,NL01,NL01,10,00,Willemsen Innovatie B.V.,Willemsen Innovatie B.V.,Netherlands,Conveyor Belt System CB-12,29605.41,EUR,SO-4421493,2026/01,S.BAKKER,2026-01-14
1900001371,2025-05-15,F2,NL01,NL01,10,00,Brouwer Data Systems B.V.,Brouwer Data Systems B.V.,Netherlands,Technical Training Package,13392.28,EUR,SO-2731484,2025/05,BATCHJOB,2025-05-15
1900001372,2025-10-21,F2,NL01,NL01,30,00,De Groot Handelsonderneming B.V.,De Groot Handelsonderneming B.V.,Netherlands,Industrial Network Switch NS-24,12004.74,EUR,SO-9089385,2025/10,A.KOK,2025-10-21
1900001373,2026-02-23,F2,NL01,NL01,30,00,Vermeulen Logistics B.V.,Vermeulen Logistics B.V.,Netherlands,Industrial Sensor Module X200,9548.32,EUR,SO-6740272,2026/02,S.BAKKER,2026-02-23
1900001374,2025-10-31,F2,NL01,NL01,10,00,Scholten Data Center Services B.V.,Scholten Data Center Services B.V.,Netherlands,ERP Connector License (Annual),10328.17,EUR,SO-7141491,2025/10,S.BAKKER,2025-10-31
1900001376,2025-12-17,F2,NL01,NL01,20,00,Scholten Data Center Services B.V.,Scholten Data Center Services B.V.,Netherlands,Implementation Consulting Services,8000.0,EUR,SO-6957455,2025/12,S.BAKKER,2025-12-17
1900001378,2025-04-07,F2,NL01,NL01,20,00,Dijkstra Precision B.V.,Dijkstra Precision B.V.,Netherlands,Automation Controller Pro,14615.77,EUR,SO-6252312,2025/04,R.JANSSEN,2025-04-07
1900001380,2025-11-22,F2,NL01,NL01,20,00,Duval Distribution SARL,Duval Distribution SARL,France,Industrial Sensor Module X200,7798.87,EUR,SO-7631088,2025/11,R.JANSSEN,2025-11-22
1900001381,2025-10-08,F2,NL01,NL01,20,00,Bos Facility Services B.V.,Bos Facility Services B.V.,Netherlands,Implementation Consulting Services,12413.06,EUR,SO-5102109,2025/10,M.DEVRIES,2025-10-08
1900001382,2025-12-24,F2,NL01,NL01,10,00,Noord Maritiem Diensten B.V.,Noord Maritiem Diensten B.V.,Netherlands,Cloud Hosting Subscription (Annual),22379.07,EUR,SO-2065581,2025/12,A.KOK,2025-12-24
1900001384,2026-01-26,F2,NL01,NL01,30,00,Bos Facility Services B.V.,Bos Facility Services B.V.,Netherlands,Electric Motor EM-750,11659.5,EUR,SO-7307708,2026/01,S.BAKKER,2026-01-26
1900001385,2026-02-09,F2,NL01,NL01,10,00,Hofman Electro B.V.,Hofman Electro B.V.,Netherlands,Sensor Calibration Kit,20000.0,EUR,SO-9936601,2026/02,S.BAKKER,2026-02-09
1900001387,2026-03-24,F2,NL01,NL01,20,00,Visser Machinebouw B.V.,Visser Machinebouw B.V.,Netherlands,PLC Programming Unit,9665.52,EUR,SO-2932435,2026/03,S.BAKKER,2026-03-24
1900001389,2025-12-22,F2,NL01,NL01,20,00,Kramer Robotics B.V.,Kramer Robotics B.V.,Netherlands,Warehouse Management Module,16500.0,EUR,SO-3282094,2025/12,A.KOK,2025-12-22
1900001390,2025-05-22,F2,NL01,NL01,10,00,Dijkstra Precision B.V.,Dijkstra Precision B.V.,Netherlands,Data Migration Services,25464.93,EUR,SO-9545396,2025/05,S.BAKKER,2025-05-22
1900001392,2025-09-30,F2,NL01,NL01,10,00,Bos Facility Services B.V.,Bos Facility Services B.V.,Netherlands,Cloud Hosting Subscription (Annual),29299.17,EUR,SO-9661435,2025/09,BATCHJOB,2025-09-30
1900001394,2025-06-12,F2,NL01,NL01,10,00,Kok Software B.V.,Kok Software B.V.,Netherlands,Cloud Hosting Subscription (Annual),10824.13,EUR,SO-1584725,2025/06,A.KOK,2025-06-12
1900001396,2025-10-24,G2,NL01,NL01,10,00,Dijkstra Precision B.V.,Dijkstra Precision B.V.,Netherlands,Cloud Hosting Subscription (Annual),-5807.97,EUR,SO-6415909,2025/10,BATCHJOB,2025-10-24
1900001397,2026-01-08,F2,NL01,NL01,10,00,Hendriks Metaalbewerking B.V.,Hendriks Metaalbewerking B.V.,Netherlands,Implementation Consulting Services,2000.0,EUR,SO-6235321,2026/01,M.DEVRIES,2026-01-08
1900001399,2025-09-17,F2,NL01,NL01,10,00,Utrecht Systemen B.V.,Utrecht Systemen B.V.,Netherlands,Safety System Upgrade Kit,10249.41,EUR,SO-4995736,2025/09,S.BAKKER,2025-09-17
1900001401,2025-09-15,F2,NL01,NL01,10,00,De Wit Consultancy B.V.,De Wit Consultancy B.V.,Netherlands,Safety System Upgrade Kit,12000.0,EUR,SO-2925108,2025/09,A.KOK,2025-09-15
1900001403,2025-07-09,F2,NL01,NL01,10,00,De Vries Energy Solutions B.V.,De Vries Energy Solutions B.V.,Netherlands,Data Migration Services,20859.41,EUR,SO-4889176,2025/07,A.KOK,2025-07-09
1900001404,2025-12-18,F2,NL01,NL01,10,00,Martens Industrieel B.V.,Martens Industrieel B.V.,Netherlands,Data Migration Services,7172.4,EUR,SO-5000739,2025/12,A.KOK,2025-12-18
1900001406,2025-09-16,F2,NL01,NL01,20,00,Willemsen Innovatie B.V.,Willemsen Innovatie B.V.,Netherlands,Custom Integration Services,7000.0,EUR,SO-8561474,2025/09,A.KOK,2025-09-16
1900001407,2025-08-07,F2,NL01,NL01,10,00,Meijer Energie B.V.,Meijer Energie B.V.,Netherlands,Implementation Consulting Services,10601.01,EUR,SO-6614036,2025/08,R.JANSSEN,2025-08-07
1900001408,2026-01-06,F2,NL01,NL01,10,00,Global Tech Solutions Inc,Global Tech Solutions Inc,United States,Annual Maintenance Contract,19779.06,EUR,SO-5939552,2026/01,A.KOK,2026-01-06
1900001410,2025-04-22,F2,NL01,NL01,10,00,Dekker IT Solutions B.V.,Dekker IT Solutions B.V.,Netherlands,Industrial Network Switch NS-24,9597.35,EUR,SO-1192065,2025/04,S.BAKKER,2025-04-22
1900001412,2025-10-20,F2,NL01,NL01,10,00,Van der Heijden Supply Chain B.V.,Van der Heijden Supply Chain B.V.,Netherlands,PLC Programming Unit,2253.32,EUR,SO-5937796,2025/10,A.KOK,2025-10-20
1900001414,2025-04-29,F2,NL01,NL01,20,00,Van der Heijden Supply Chain B.V.,Van der Heijden Supply Chain B.V.,Netherlands,ERP Connector License (Annual),22679.33,EUR,SO-8879354,2025/04,R.JANSSEN,2025-04-29
1900001415,2026-02-23,F2,NL01,NL01,10,00,Van der Heijden Supply Chain B.V.,Van der Heijden Supply Chain B.V.,Netherlands,Custom Integration Services,25000.0,EUR,SO-3713473,2026/02,BATCHJOB,2026-02-23
1900001416,2025-06-05,F2,NL01,NL01,10,00,Hofman Electro B.V.,Hofman Electro B.V.,Netherlands,Industrial Sensor Module X200,5849.38,EUR,SO-2587032,2025/06,S.BAKKER,2025-06-05
1900001418,2025-04-04,F2,NL01,NL01,10,00,Groenendijk Handel B.V.,Groenendijk Handel B.V.,Netherlands,Electric Motor EM-750,10039.49,EUR,SO-7446070,2025/04,S.BAKKER,2025-04-04
1900001419,2025-06-20,F2,NL01,NL01,30,00,Van Dijk Transport B.V.,Van Dijk Transport B.V.,Netherlands,Technical Training Package,14403.09,EUR,SO-3630266,2025/06,S.BAKKER,2025-06-20
1900001421,2025-09-05,F2,NL01,NL01,20,00,Martens Industrieel B.V.,Martens Industrieel B.V.,Netherlands,Technical Training Package,40196.44,EUR,SO-8170536,2025/09,A.KOK,2025-09-05
1900001423,2025-04-22,F2,NL01,NL01,10,00,Brouwer Data Systems B.V.,Brouwer Data Systems B.V.,Netherlands,Technical Training Package,22683.76,EUR,SO-7984928,2025/04,BATCHJOB,2025-04-22
1900001424,2025-11-06,F2,NL01,NL01,10,00,Martens Industrieel B.V.,Martens Industrieel B.V.,Netherlands,Implementation Consulting Services,2500.0,EUR,SO-3909943,2025/11,A.KOK,2025-11-06
1900001426,2025-12-19,F2,NL01,NL01,20,00,Post Digitale Diensten B.V.,Post Digitale Diensten B.V.,Netherlands,Electric Motor EM-750,68725.57,EUR,SO-1331739,2025/12,A.KOK,2025-12-19
1900001428,2026-02-16,F2,NL01,NL01,10,00,Bos Facility Services B.V.,Bos Facility Services B.V.,Netherlands,Cloud Hosting Subscription (Annual),38831.92,EUR,SO-6326688,2026/02,BATCHJOB,2026-02-16
1900001430,2025-05-12,F2,NL01,NL01,10,00,De Wit Consultancy B.V.,De Wit Consultancy B.V.,Netherlands,Warehouse Management Module,25086.86,EUR,SO-6496039,2025/05,BATCHJOB,2025-05-12
1900001431,2025-04-11,F2,NL01,NL01,10,00,Noord Maritiem Diensten B.V.,Noord Maritiem Diensten B.V.,Netherlands,Industrial Network Switch NS-24,30000.0,EUR,SO-8674424,2025/04,S.BAKKER,2025-04-11
1900001433,2025-12-12,F2,NL01,NL01,10,00,Van der Heijden Supply Chain B.V.,Van der Heijden Supply Chain B.V.,Netherlands,Electric Motor EM-750,26295.28,EUR,SO-2250083,2025/12,A.KOK,2025-12-12
1900001434,2025-09-15,F2,NL01,NL01,30,00,Verhoeven Technische Handel B.V.,Verhoeven Technische Handel B.V.,Netherlands,Data Migration Services,9496.12,EUR,SO-3876883,2025/09,M.DEVRIES,2025-09-15
1900001436,2025-04-07,F2,NL01,NL01,10,00,Van Beek Sustainable Energy B.V.,Van Beek Sustainable Energy B.V.,Netherlands,Conveyor Belt System CB-12,11503.9,EUR,SO-2987149,2025/04,M.DEVRIES,2025-04-07
1900001437,2026-02-26,F2,NL01,NL01,20,00,Post Digitale Diensten B.V.,Post Digitale Diensten B.V.,Netherlands,Sensor Calibration Kit,5374.44,EUR,SO-2499687,2026/02,S.BAKKER,2026-02-26
1900001439,2026-01-02,F2,NL01,NL01,10,00,Brouwer Data Systems B.V.,Brouwer Data Systems B.V.,Netherlands,Technical Training Package,16500.0,EUR,SO-4724120,2026/01,M.DEVRIES,2026-01-02
1900001441,2025-12-31,F2,NL01,NL01,20,00,Verhoeven Technische Handel B.V.,Verhoeven Technische Handel B.V.,Netherlands,Automation Controller Pro,21807.45,EUR,SO-2421752,2025/12,R.JANSSEN,2025-12-31
1900001442,2025-08-08,F2,NL01,NL01,10,00,Global Tech Solutions Inc,Global Tech Solutions Inc,United States,Support Retainer Services,7413.32,EUR,SO-8084278,2025/08,R.JANSSEN,2025-08-08
1900001443,2025-04-04,F2,NL01,NL01,20,00,De Groot Handelsonderneming B.V.,De Groot Handelsonderneming B.V.,Netherlands,Industrial Network Switch NS-24,7584.86,EUR,SO-4614892,2025/04,BATCHJOB,2025-04-04
1900001444,2025-09-17,F2,NL01,NL01,20,00,Noord Maritiem Diensten B.V.,Noord Maritiem Diensten B.V.,Netherlands,Industrial Network Switch NS-24,31257.11,EUR,SO-4511336,2025/09,A.KOK,2025-09-17
1900001446,2026-03-03,F2,NL01,NL01,20,00,Van Damme Trading NV,Van Damme Trading NV,Belgium,Conveyor Belt System CB-12,11574.37,EUR,SO-6663580,2026/03,R.JANSSEN,2026-03-03
1900001448,2025-11-10,F2,NL01,NL01,20,00,Van Beek Sustainable Energy B.V.,Van Beek Sustainable Energy B.V.,Netherlands,Custom Integration Services,42500.0,EUR,SO-3149802,2025/11,S.BAKKER,2025-11-10
1900001450,2025-12-23,F2,NL01,NL01,10,00,Utrecht Systemen B.V.,Utrecht Systemen B.V.,Netherlands,Custom Integration Services,8397.39,EUR,SO-7156703,2025/12,BATCHJOB,2025-12-23
1900001451,2025-05-26,F2,NL01,NL01,20,00,Duval Distribution SARL,Duval Distribution SARL,France,Sensor Calibration Kit,14500.0,EUR,SO-9711609,2025/05,S.BAKKER,2025-05-26
1900001452,2025-08-21,F2,NL01,NL01,30,00,Kuipers Machinefabriek B.V.,Kuipers Machinefabriek B.V.,Netherlands,Custom Integration Services,11355.94,EUR,SO-8190013,2025/08,S.BAKKER,2025-08-21
1900001454,2025-06-04,F2,NL01,NL01,20,00,Duval Distribution SARL,Duval Distribution SARL,France,Custom Integration Services,41347.11,EUR,SO-4426718,2025/06,A.KOK,2025-06-04
1900001456,2026-02-12,F2,NL01,NL01,10,00,De Wit Consultancy B.V.,De Wit Consultancy B.V.,Netherlands,Warehouse Management Module,31074.42,EUR,SO-3386659,2026/02,R.JANSSEN,2026-02-12
1900001457,2025-12-17,F2,NL01,NL01,10,00,Willemsen Innovatie B.V.,Willemsen Innovatie B.V.,Netherlands,Cloud Hosting Subscription (Annual),15035.27,EUR,SO-2414562,2025/12,S.BAKKER,2025-12-17
1900001458,2025-06-11,F2,NL01,NL01,20,00,De Groot Handelsonderneming B.V.,De Groot Handelsonderneming B.V.,Netherlands,Sensor Calibration Kit,2920.22,EUR,SO-6509936,2025/06,S.BAKKER,2025-06-11
1900001459,2025-05-30,F2,NL01,NL01,30,00,Timmermans Bouw B.V.,Timmermans Bouw B.V.,Netherlands,Implementation Consulting Services,6798.61,EUR,SO-7261417,2025/05,A.KOK,2025-05-30
1900001461,2025-06-18,F2,NL01,NL01,30,00,Martens Industrieel B.V.,Martens Industrieel B.V.,Netherlands,Standard Spare Parts Bundle,10675.13,EUR,SO-9229687,2025/06,A.KOK,2025-06-18
1900001463,2026-02-23,F2,NL01,NL01,20,00,Brouwer Data Systems B.V.,Brouwer Data Systems B.V.,Netherlands,PLC Programming Unit,10242.82,EUR,SO-4754208,2026/02,S.BAKKER,2026-02-23
1900001465,2025-06-04,F2,NL01,NL01,20,00,Scholten Data Center Services B.V.,Scholten Data Center Services B.V.,Netherlands,Custom Integration Services,1090884.52,EUR,SO-6173180,2025/06,M.DEVRIES,2025-06-04
1900001466,2025-09-02,F2,NL01,NL01,30,00,Schouten Productie B.V.,Schouten Productie B.V.,Netherlands,Custom Integration Services,919914.05,EUR,SO-7245159,2025/09,M.DEVRIES,2025-09-02
1900001467,2025-10-01,F2,NL01,NL01,20,00,Vermeulen Logistics B.V.,Vermeulen Logistics B.V.,Netherlands,Custom Integration Services,1122697.96,EUR,SO-6657774,2025/10,BATCHJOB,2025-10-01
1900001468,2026-01-16,F2,NL01,NL01,10,00,Meijer Energie B.V.,Meijer Energie B.V.,Netherlands,Custom Integration Services,691451.38,EUR,SO-2172236,2026/01,A.KOK,2026-01-16
1900001470,2025-12-09,F2,NL01,NL01,10,00,De Groot Handelsonderneming B.V.,De Groot Handelsonderneming B.V.,Netherlands,Custom Integration Services,1607592.42,EUR,SO-7888824,2025/12,A.KOK,2025-12-09
1900001472,2025-07-06,F2,NL01,NL01,20,00,Visser Machinebouw B.V.,Visser Machinebouw B.V.,Netherlands,Analytics Suite License (Annual),15399.37,EUR,SO-3233414,2025/07,M.DEVRIES,2025-07-06
1900001474,2025-04-05,F2,NL01,NL01,30,00,Noord Maritiem Diensten B.V.,Noord Maritiem Diensten B.V.,Netherlands,Industrial Sensor Module X200,1281.86,EUR,SO-4529317,2025/04,R.JANSSEN,2025-04-05
1900001476,2026-02-14,F2,NL01,NL01,10,00,Hendriks Metaalbewerking B.V.,Hendriks Metaalbewerking B.V.,Netherlands,Automation Controller Pro,2938.81,EUR,SO-4270692,2026/02,M.DEVRIES,2026-02-14
1900001477,2025-04-26,F2,NL01,NL01,30,00,Dijkstra Precision B.V.,Dijkstra Precision B.V.,Netherlands,Custom Integration Services,4043.32,EUR,SO-9582713,2025/04,A.KOK,2025-04-26
1900001479,2025-08-31,F2,NL01,NL01,10,00,Duval Distribution SARL,Duval Distribution SARL,France,Custom Integration Services,8366.9,EUR,SO-3236190,2025/08,M.DEVRIES,2025-08-31
1900001481,2025-11-09,F2,NL01,NL01,20,00,Willemsen Innovatie B.V.,Willemsen Innovatie B.V.,Netherlands,ERP Connector License (Annual),10264.45,EUR,SO-9437445,2025/11,A.KOK,2025-11-09
1900001483,2025-04-06,F2,NL01,NL01,10,00,Hendriks Metaalbewerking B.V.,Hendriks Metaalbewerking B.V.,Netherlands,Cloud Hosting Subscription (Annual),4774.13,EUR,SO-5982647,2025/04,S.BAKKER,2025-04-06
1900001484,2025-07-12,F2,NL01,NL01,30,00,Kuipers Machinefabriek B.V.,Kuipers Machinefabriek B.V.,Netherlands,Analytics Suite License (Annual),1323.44,EUR,SO-7879828,2025/07,BATCHJOB,2025-07-12
1900001486,2025-11-02,F2,NL01,NL01,10,00,Bos Facility Services B.V.,Bos Facility Services B.V.,Netherlands,Standard Spare Parts Bundle,6543.47,EUR,SO-7419782,2025/11,R.JANSSEN,2025-11-02
1900001487,2025-08-24,F2,NL01,NL01,30,00,Post Digitale Diensten B.V.,Post Digitale Diensten B.V.,Netherlands,Automation Controller Pro,3264.19,EUR,SO-2906787,2025/08,A.KOK,2025-08-24
1900001489,2026-03-31,F2,NL01,NL01,10,00,Post Digitale Diensten B.V.,Post Digitale Diensten B.V.,Netherlands,ERP Connector License (Annual),146886.09,EUR,SO-8011014,2026/03,BATCHJOB,2026-03-31
1900001490,2026-03-29,F2,NL01,NL01,20,00,De Wit Consultancy B.V.,De Wit Consultancy B.V.,Netherlands,Support Retainer Services,64276.32,EUR,SO-2280075,2026/03,A.KOK,2026-03-29
1900001492,2026-03-31,F2,NL01,NL01,10,00,Smith and Co Industrial Ltd,Smith and Co Industrial Ltd,United Kingdom,Hydraulic Pump Unit HP-450,150353.06,EUR,SO-4008250,2026/03,A.KOK,2026-03-31
1900001494,2026-03-31,F2,NL01,NL01,10,00,Kok Software B.V.,Kok Software B.V.,Netherlands,Conveyor Belt System CB-12,87068.54,EUR,SO-4453621,2026/03,BATCHJOB,2026-03-31
1900001496,2026-03-31,F2,NL01,NL01,10,00,Visser Machinebouw B.V.,Visser Machinebouw B.V.,Netherlands,Annual Maintenance Contract,172698.88,EUR,SO-5666647,2026/03,A.KOK,2026-03-31
1900001498,2025-12-14,F2,NL01,NL01,10,00,Baumann Prazisionstechnik GmbH,Baumann Prazisionstechnik GmbH,Germany,Standard Spare Parts Bundle,14190.68,EUR,SO-9984664,2025/12,A.KOK,2025-12-14
1900001499,2025-12-15,F2,NL01,NL01,10,00,Baumann Prazisionstechnik GmbH,Baumann Prazisionstechnik GmbH,Germany,Standard Spare Parts Bundle,14190.68,EUR,SO-5619673,2025/12,S.BAKKER,2025-12-15
1900001500,2025-04-25,F2,NL01,NL01,30,00,Ad Hoc Client 610 B.V.,Ad Hoc Client 610 B.V.,Netherlands,Industrial Sensor Module X200,2246.06,EUR,SO-7901015,2025/04,R.JANSSEN,2025-04-25
1900001502,2026-01-06,F2,NL01,NL01,30,00,One-Off Client 148 B.V.,One-Off Client 148 B.V.,Netherlands,ERP Connector License (Annual),1496.83,EUR,SO-4436998,2026/01,A.KOK,2026-01-06
1900001503,2025-08-04,F2,NL01,NL01,30,00,Spot Order Client 643 B.V.,Spot Order Client 643 B.V.,Netherlands,Safety System Upgrade Kit,3775.81,EUR,SO-7261293,2025/08,BATCHJOB,2025-08-04
