Symbol  ,Series  ,Date  ,Prev Close  ,Open Price  ,High Price  ,Low Price  ,Last Price  ,Close Price  ,Average Price ,Total Traded Quantity  ,Turnover ₹  ,No. of Trades  ,Deliverable Qty  ,% Dly Qt to Traded Qty  
SONACOMS,EQ,10-Aug-26,818.05,822.1,836.9,807.6,812.5,812.5,820.74,"24,07,579","1,97,59,98,935.90","62,613","7,37,517",30.63
SONACOMS,EQ,7-Aug-26,792,790,821,787,818.05,818.05,807.5,"37,53,214","3,03,07,14,698.20","56,351","15,56,422",41.47
SONACOMS,EQ,6-Aug-26,814.6,821.9,824.6,786.25,792,792,802,"26,71,715","2,14,27,10,613.75","75,925","11,95,183",44.73
SONACOMS,EQ,5-Aug-26,787,790,822.9,785.05,814.6,814.6,811.01,"36,22,373","2,93,77,72,053.25","65,090","14,60,993",40.33
SONACOMS,EQ,4-Aug-26,785,785,794.45,774.5,787,787,785.41,"20,41,296","1,60,32,52,240.30","49,112","9,61,200",47.09
SONACOMS,EQ,3-Aug-26,769.4,775,785,768.05,785,785,780.49,"25,17,947","1,96,52,33,464.35","44,810","13,89,368",55.18
SONACOMS,EQ,31-Jul-26,763.75,769.95,773.2,761.95,768.7,769.4,768.65,"28,80,222","2,21,38,88,375.35","47,906","14,59,166",50.66
SONACOMS,EQ,30-Jul-26,720.5,715.05,768,715.05,767,763.75,748.88,"77,77,881","5,82,46,90,355.75","1,17,426","19,85,992",25.53
SONACOMS,EQ,29-Jul-26,713,718,724.75,711.1,722.05,720.5,719.33,"18,17,710","1,30,75,34,522.85","32,364","11,11,584",61.15
SONACOMS,EQ,28-Jul-26,720.9,722,723.75,707,712.3,713,712.19,"18,89,106","1,34,54,10,394.25","33,801","8,95,418",47.4
SONACOMS,EQ,27-Jul-26,717.95,728.8,728.8,714.5,718.55,720.9,721.09,"28,03,460","2,02,15,49,916.40","41,695","13,62,024",48.58
SONACOMS,EQ,24-Jul-26,719.75,710.95,741.65,705,718.5,717.95,725.24,"87,33,705","6,33,40,21,896.50","1,42,908","20,19,080",23.12
SONACOMS,EQ,23-Jul-26,726.5,725,731.1,704.15,716,719.75,722.64,"45,80,235","3,30,98,75,595.65","66,920","21,25,788",46.41
SONACOMS,EQ,22-Jul-26,732.75,732.75,739.4,719.35,724.3,726.5,726.59,"20,80,575","1,51,17,25,307.35","49,335","9,85,577",47.37
SONACOMS,EQ,21-Jul-26,714.55,723,734.2,715.05,733.35,732.75,725.62,"32,82,955","2,38,21,70,715.80","60,508","13,38,843",40.78
SONACOMS,EQ,20-Jul-26,704.85,705,718.65,701.15,717,714.55,710.33,"29,29,307","2,08,07,72,931.80","64,186","12,81,661",43.75
SONACOMS,EQ,17-Jul-26,683.4,684.6,708.45,680.35,705,704.85,698.23,"48,62,624","3,39,52,30,820.10","1,00,467","16,96,548",34.89
SONACOMS,EQ,16-Jul-26,669.2,669.25,690.85,665.85,684.6,683.4,681.06,"27,69,737","1,88,63,45,342.05","1,06,701","13,19,215",47.63
SONACOMS,EQ,15-Jul-26,666.8,675.05,676,663.3,667.05,669.2,672.09,"22,57,584","1,51,72,99,504.55","39,602","7,54,094",33.4
SONACOMS,EQ,14-Jul-26,670.85,674,674,660.1,667.35,666.8,665.33,"8,73,477","58,11,46,348.95","21,936","3,31,611",37.96
SONACOMS,EQ,13-Jul-26,668.55,667.85,673.6,658.7,671.5,670.85,668.8,"15,26,140","1,02,06,88,609.75","36,319","8,77,948",57.53
SONACOMS,EQ,10-Jul-26,670.75,676.35,682.2,661.45,669.4,668.55,671.41,"12,38,095","83,12,69,464.10","26,902","6,10,434",49.3
SONACOMS,EQ,9-Jul-26,662.05,664.3,675.4,659.8,671,670.75,667.64,"13,58,978","90,73,08,922.85","54,077","5,85,985",43.12
SONACOMS,EQ,8-Jul-26,671.2,668,680.8,657.9,665.65,662.05,670.29,"32,30,617","2,16,54,58,620.15","71,711","17,46,516",54.06
SONACOMS,EQ,7-Jul-26,667.5,665.55,674,660,668.95,671.2,668.3,"20,96,483","1,40,10,80,442.55","43,187","10,82,940",51.66
SONACOMS,EQ,6-Jul-26,660.1,660.05,671,657.6,668,667.5,663.47,"22,43,065","1,48,82,04,401.95","39,249","14,51,914",64.73
SONACOMS,EQ,3-Jul-26,662.3,665.25,667.5,658,660.5,660.1,661.48,"12,37,326","81,84,68,838.15","24,782","4,97,628",40.22
SONACOMS,EQ,2-Jul-26,619.4,623,672.6,616.85,664.9,662.3,655.2,"78,02,225","5,11,19,92,599.45","1,34,648","24,36,419",31.23
SONACOMS,EQ,1-Jul-26,619.9,623,628,615.4,617.95,619.4,620.27,"9,67,427","60,00,65,004.85","25,165","4,39,570",45.44
SONACOMS,EQ,30-Jun-26,620.75,618.55,623.7,608.3,621,619.9,617.45,"19,87,929","1,22,74,44,942.75","47,073","10,13,951",51.01
SONACOMS,EQ,29-Jun-26,619.25,619.25,629.95,609.4,619.1,620.75,618.2,"39,41,395","2,43,65,73,072.40","50,965","23,61,482",59.91
SONACOMS,EQ,25-Jun-26,621.1,624,632.2,617.25,619.4,619.25,627,"32,76,539","2,05,43,76,817.40","48,180","17,94,627",54.77
SONACOMS,EQ,24-Jun-26,615.95,613,622.85,612.05,618.9,621.1,617.07,"13,35,527","82,41,16,002.05","21,905","7,81,256",58.5
SONACOMS,EQ,23-Jun-26,621,622,623.9,612.25,613.8,615.95,617.98,"6,26,501","38,71,63,325.10","15,312","2,61,625",41.76
SONACOMS,EQ,22-Jun-26,613.8,620,626.35,614.3,621.2,621,620.53,"32,72,804","2,03,08,67,675.90","45,683","15,66,496",47.86
SONACOMS,EQ,19-Jun-26,605.05,604.8,618.75,598.3,614.7,613.8,612.72,"19,77,764","1,21,18,07,734.80","44,347","9,16,820",46.36
SONACOMS,EQ,18-Jun-26,601.25,607.25,607.25,599.8,605.4,605.05,602.64,"10,24,033","61,71,20,120.65","17,267","5,20,040",50.78
SONACOMS,EQ,17-Jun-26,598.65,604.9,609.45,596.2,603.1,601.25,602.07,"14,20,889","85,54,67,944.55","25,083","7,22,614",50.86
SONACOMS,EQ,16-Jun-26,596.35,599.25,609.55,591.6,596.05,598.65,599.74,"18,55,149","1,11,26,08,658.75","40,715","8,24,658",44.45
SONACOMS,EQ,15-Jun-26,593.05,602.6,602.6,594.25,595,596.35,598.93,"11,87,869","71,14,53,124.50","26,086","6,15,802",51.84
SONACOMS,EQ,12-Jun-26,585.1,593.95,597.6,584.5,591.85,593.05,591,"7,57,210","44,75,14,741.60","18,908","3,44,223",45.46
SONACOMS,EQ,11-Jun-26,589.25,584.65,595.55,582.1,586.7,585.1,590.05,"20,93,237","1,23,51,17,758.75","24,729","12,78,120",61.06
SONACOMS,EQ,10-Jun-26,601.85,598.55,600.15,586.55,588.3,589.25,592.87,"13,48,178","79,92,90,829.80","78,005","7,39,995",54.89
SONACOMS,EQ,9-Jun-26,588.25,593.4,607.35,588.5,599.5,601.85,598.44,"18,20,577","1,08,95,10,195.30","26,151","10,30,897",56.62
SONACOMS,EQ,8-Jun-26,602.3,593.3,596.45,585.4,587,588.25,592.3,"8,03,733","47,60,51,939.80","17,054","3,46,502",43.11
SONACOMS,EQ,5-Jun-26,601.15,605.05,609.4,599,604,602.3,603.52,"15,25,449","92,06,41,287.90","31,772","7,60,179",49.83
SONACOMS,EQ,4-Jun-26,603.45,597.45,612.35,597.45,602,601.15,604.05,"16,84,599","1,01,75,79,779.30","27,857","9,85,758",58.52
SONACOMS,EQ,3-Jun-26,611.35,615,615.15,599.55,603.75,603.45,607.42,"10,08,198","61,23,96,378.65","22,448","4,17,076",41.37
SONACOMS,EQ,2-Jun-26,600.2,594,614.25,590.8,611.65,611.35,602.89,"16,11,420","97,15,15,415.60","30,532","7,92,951",49.21
SONACOMS,EQ,1-Jun-26,607.45,608.8,611.55,595,596,600.2,602.51,"15,73,058","94,77,90,517.70","32,306","8,17,136",51.95
SONACOMS,EQ,29-May-26,618.7,620,620,605,606.6,607.45,611.11,"19,14,358","1,16,98,90,984.10","28,703","10,61,212",55.43
SONACOMS,EQ,27-May-26,608,612,621.8,601.25,618,618.7,612.38,"19,07,699","1,16,82,29,866.75","41,470","7,39,483",38.76
SONACOMS,EQ,26-May-26,594.65,590.6,609.6,590.1,609,608,602.99,"19,04,541","1,14,84,14,706.95","40,946","9,36,805",49.19
SONACOMS,EQ,25-May-26,593.75,599,603.55,592.7,594.55,594.65,597.66,"7,11,240","42,50,82,902.85","14,269","2,85,918",40.2
SONACOMS,EQ,22-May-26,584.3,584.3,599.95,584.3,594.4,593.75,595.58,"24,84,984","1,48,00,11,737.35","87,898","13,25,577",53.34
SONACOMS,EQ,21-May-26,588.6,589.25,596.05,581,582.2,584.3,586.96,"7,63,533","44,81,65,357.55","24,827","3,30,370",43.27
SONACOMS,EQ,20-May-26,579.75,572.65,590.35,570.05,589.2,588.6,585.46,"13,66,708","80,01,54,073.90","31,624","7,41,878",54.28
SONACOMS,EQ,19-May-26,567.55,571.95,583.7,566.5,578.9,579.75,578.37,"10,97,146","63,45,52,752.60","38,213","5,83,569",53.19
SONACOMS,EQ,18-May-26,573.55,571,574.05,555.55,569.1,567.55,566.03,"13,11,612","74,24,08,400.70","33,961","5,78,265",44.09
SONACOMS,EQ,15-May-26,587.55,589.05,590.35,571.25,574.55,573.55,577.71,"16,39,648","94,72,47,676.95","28,183","7,29,231",44.47
SONACOMS,EQ,14-May-26,591.35,597.9,597.9,580.4,590,587.55,587.82,"12,54,626","73,74,92,495.65","26,987","4,45,381",35.5
SONACOMS,EQ,13-May-26,584.1,584,597.55,578,590,591.35,593.19,"31,89,067","1,89,17,14,072.65","73,214","18,61,822",58.38
SONACOMS,EQ,12-May-26,593.55,593.65,604.6,582.6,586.6,584.1,593.75,"40,22,177","2,38,81,81,223.95","94,869","19,02,777",47.31
SONACOMS,EQ,11-May-26,579.3,574.7,605.6,568.5,595,593.55,591.14,"64,86,335","3,83,43,24,055.60","93,774","35,47,917",54.7
SONACOMS,EQ,8-May-26,578.65,578.65,581.9,574.7,579.65,579.3,579.17,"12,44,286","72,06,50,723.05","26,367","7,19,822",57.85
SONACOMS,EQ,7-May-26,582.6,584,588.35,573,579,578.65,580.25,"31,78,170","1,84,41,29,505.05","53,837","13,81,833",43.48
SONACOMS,EQ,6-May-26,577.85,582,588.65,574.35,581.6,582.6,581.92,"24,39,303","1,41,94,73,913.20","40,172","12,00,235",49.2
SONACOMS,EQ,5-May-26,575.45,575.45,581,569.35,577,577.85,577.03,"38,17,731","2,20,29,58,577.10","69,314","20,67,024",54.14
SONACOMS,EQ,4-May-26,607.25,614,614,570,575.5,575.45,581.01,"91,58,079","5,32,08,99,195.40","1,76,132","45,02,087",49.16
SONACOMS,EQ,30-Apr-26,599.7,598.8,613.1,586.15,605.35,607.25,600.16,"28,65,734","1,71,99,00,418.85","57,680","12,41,138",43.31
SONACOMS,EQ,29-Apr-26,598.8,605,611.4,596.35,603.1,599.7,605.79,"32,16,609","1,94,85,75,499.55","63,613","16,12,842",50.14
SONACOMS,EQ,28-Apr-26,588.65,588.65,604,586,604,598.8,594.73,"33,82,848","2,01,18,77,571.65","69,260","20,81,244",61.52
SONACOMS,EQ,27-Apr-26,564.85,566.15,592.2,565.85,589.35,588.65,583.62,"39,60,338","2,31,13,50,419.15","69,842","22,54,639",56.93
SONACOMS,EQ,24-Apr-26,574.55,574.9,577.95,560.5,564.5,564.85,566.13,"15,01,889","85,02,64,750.80","28,258","8,00,118",53.27
SONACOMS,EQ,23-Apr-26,588.45,587.9,587.9,570.75,574.5,574.55,577.95,"15,44,192","89,24,68,410.50","34,404","6,44,789",41.76
SONACOMS,EQ,22-Apr-26,581.3,583.5,596,580.1,587,588.45,589.85,"16,12,696","95,12,55,042.10","29,641","8,16,779",50.65
SONACOMS,EQ,21-Apr-26,576.55,575.8,585.65,575.25,581.9,581.3,581.27,"18,87,348","1,09,70,62,542.95","30,272","9,88,534",52.38
SONACOMS,EQ,20-Apr-26,593.85,595,595.6,574.3,576,576.55,585.28,"13,08,363","76,57,61,568.70","38,818","5,98,422",45.74
SONACOMS,EQ,17-Apr-26,580.85,578,596.95,573.35,593,593.85,589.21,"29,82,180","1,75,71,42,687.20","44,421","15,73,950",52.78
SONACOMS,EQ,16-Apr-26,585.7,586,593.65,577.7,581.5,580.85,582.66,"21,61,265","1,25,92,75,281.75","36,679","11,08,312",51.28
SONACOMS,EQ,15-Apr-26,569.3,581.4,591.2,573.1,584.9,585.7,581.92,"41,21,646","2,39,84,84,021.15","67,330","15,52,344",37.66
SONACOMS,EQ,13-Apr-26,554.25,549.75,571.35,540.8,569,569.3,562.69,"50,54,129","2,84,39,21,073.55","1,14,444","21,83,453",43.2
SONACOMS,EQ,10-Apr-26,523.05,528.8,559.85,526.15,554.5,554.25,549.43,"47,35,536","2,60,18,33,640.95","86,308","14,63,320",30.9
SONACOMS,EQ,9-Apr-26,533.7,532.25,536.8,519.6,522.65,523.05,528.34,"18,47,081","97,58,87,452.45","56,306","10,57,210",57.24
SONACOMS,EQ,8-Apr-26,515.15,530,543.45,525.65,535,533.7,536.19,"28,02,376","1,50,26,08,771.85","64,609","14,58,119",52.03
SONACOMS,EQ,7-Apr-26,509.4,509.9,517,498.85,515.8,515.15,511.5,"13,73,705","70,26,43,404.70","25,960","7,11,018",51.76
SONACOMS,EQ,6-Apr-26,496.55,499.5,512.45,489.25,512,509.4,506.45,"9,67,766","49,01,26,514.20","37,641","3,60,390",37.24
SONACOMS,EQ,2-Apr-26,497.25,493,499.05,478.3,496,496.55,489.6,"18,80,786","92,08,33,670.95","49,720","8,72,349",46.38
SONACOMS,EQ,1-Apr-26,481.5,492,507.8,492,497.4,497.25,500.61,"17,72,619","88,73,91,096.40","32,320","8,30,980",46.88
SONACOMS,EQ,30-Mar-26,488.75,484.05,488.9,474.5,481,481.5,481.19,"35,29,118","1,69,81,76,152.35","60,234","18,79,211",53.25
SONACOMS,EQ,27-Mar-26,511.45,506,508.85,485.85,487.5,488.75,489.52,"83,44,260","4,08,46,82,599.20","1,12,455","57,02,672",68.34
SONACOMS,EQ,25-Mar-26,494.7,500,519,495.7,511.75,511.45,514.01,"18,83,357","96,80,61,426.40","74,518","9,73,656",51.7
SONACOMS,EQ,24-Mar-26,484.95,492.3,498.85,479.65,493.05,494.7,492.02,"16,04,537","78,94,60,657.25","37,084","7,94,672",49.53
SONACOMS,EQ,23-Mar-26,506.25,498.8,498.8,480,480,484.95,486.6,"31,52,852","1,53,41,87,546.35","62,644","18,28,239",57.99
SONACOMS,EQ,20-Mar-26,498.7,499.7,513.95,499.6,505,506.25,505.58,"12,98,483","65,64,91,885.45","25,940","6,44,983",49.67
SONACOMS,EQ,19-Mar-26,511.8,505,507,493.55,499.7,498.7,499.77,"9,65,035","48,22,90,829.90","25,792","4,85,180",50.28
SONACOMS,EQ,18-Mar-26,502.1,506.7,528.65,501.7,510.55,511.8,518.08,"26,86,996","1,39,20,86,939.35","52,439","11,72,956",43.65
SONACOMS,EQ,17-Mar-26,489.2,493,505.4,487.1,501.8,502.1,499.96,"20,97,610","1,04,87,22,748.00","48,763","12,20,333",58.18
SONACOMS,EQ,16-Mar-26,486.05,484,493.05,474.4,486.95,489.2,486.15,"7,42,736","36,10,83,842.90","23,152","2,83,153",38.12
SONACOMS,EQ,13-Mar-26,510.3,509.35,511.5,484,485,486.05,494.29,"11,36,203","56,16,12,388.95","35,166","4,94,013",43.48
SONACOMS,EQ,12-Mar-26,516.35,508,515.05,502.7,510.85,510.3,508.22,"7,48,268","38,02,85,732.60","24,098","3,01,806",40.33
SONACOMS,EQ,11-Mar-26,511.75,520,536.9,515,516.4,516.35,524.04,"32,44,130","1,70,00,46,547.10","47,477","11,03,136",34
SONACOMS,EQ,10-Mar-26,500.7,509,517.85,500,515,511.75,510.82,"18,40,641","94,02,28,033.30","50,299","7,60,303",41.31
SONACOMS,EQ,9-Mar-26,514.95,501,505,493,500,500.7,498.86,"8,09,014","40,35,82,197.25","30,394","3,29,544",40.73
SONACOMS,EQ,6-Mar-26,510.95,510.95,521,510,515,514.95,516.05,"5,89,454","30,41,85,753.05","16,919","2,45,167",41.59
SONACOMS,EQ,5-Mar-26,501.4,503,515,501.5,513.85,510.95,508.44,"8,37,518","42,58,25,715.05","24,616","3,69,834",44.16
SONACOMS,EQ,4-Mar-26,517.25,502.2,508.8,496.45,499.95,501.4,501.32,"11,80,839","59,19,73,412.70","25,043","5,67,433",48.05
SONACOMS,EQ,2-Mar-26,534.5,502,529,502,517.5,517.25,517.24,"15,57,182","80,54,41,210.30","40,861","7,01,693",45.06
SONACOMS,EQ,27-Feb-26,545.35,545.85,545.85,531,533.25,534.5,535.24,"15,17,077","81,20,02,591.05","31,780","9,54,101",62.89
SONACOMS,EQ,26-Feb-26,542,544.5,546.9,536,546.05,545.35,541.56,"9,17,562","49,69,16,816.20","23,286","4,29,955",46.86
SONACOMS,EQ,25-Feb-26,529.45,530.2,543.3,529.05,542.5,542,538.35,"13,12,350","70,65,05,251.30","24,375","7,65,563",58.34
SONACOMS,EQ,24-Feb-26,536.05,533,536.8,525.1,530,529.45,528.78,"8,21,398","43,43,36,426.70","23,408","3,84,141",46.77
SONACOMS,EQ,23-Feb-26,532.1,535.5,542.6,533.45,536,536.05,537.04,"11,42,219","61,34,17,382.70","21,988","5,12,069",44.83
SONACOMS,EQ,20-Feb-26,528.05,526,535.75,524.2,532.5,532.1,531.46,"19,82,341","1,05,35,29,958.05","23,609","13,65,827",68.9
SONACOMS,EQ,19-Feb-26,531.8,532,545.6,525.35,528,528.05,534.66,"25,59,118","1,36,82,49,282.10","46,932","11,48,620",44.88
SONACOMS,EQ,18-Feb-26,529.75,530,533,524.1,532,531.8,529.47,"5,28,154","27,96,43,365.15","15,766","2,73,914",51.86
SONACOMS,EQ,17-Feb-26,525.1,522,532.8,520.35,528.3,529.75,529.71,"18,35,116","97,20,70,601.50","22,266","11,01,412",60.02
SONACOMS,EQ,16-Feb-26,527.95,527.6,528.75,521.1,525.65,525.1,524.42,"8,51,902","44,67,58,520.40","14,549","5,11,190",60.01
SONACOMS,EQ,13-Feb-26,532.8,526.05,531.85,520.1,527.6,527.95,526.58,"10,82,968","57,02,69,578.15","18,897","6,45,948",59.65
SONACOMS,EQ,12-Feb-26,538,533.5,538.15,526.2,532.95,532.8,533.2,"15,65,000","83,44,50,738.35","33,503","7,62,873",48.75
SONACOMS,EQ,11-Feb-26,531.1,531.1,542.4,530.1,537,538,538.01,"21,87,798","1,17,70,49,085.10","36,126","11,29,462",51.63
SONACOMS,EQ,10-Feb-26,530.6,531.9,537.1,526.2,530.5,531.1,532.81,"12,24,152","65,22,34,853.00","32,798","6,14,446",50.19
SONACOMS,EQ,9-Feb-26,513.5,520.85,537,520.85,530,530.6,531.51,"36,99,776","1,96,64,65,147.65","91,322","14,56,578",39.37
SONACOMS,EQ,6-Feb-26,524.25,522,522.9,506.1,513,513.5,511.84,"9,59,773","49,12,47,548.50","28,646","4,34,567",45.28
SONACOMS,EQ,5-Feb-26,532.85,530,531.1,522.35,524,524.25,525.59,"23,52,832","1,23,66,31,041.65","31,017","15,25,723",64.85
SONACOMS,EQ,4-Feb-26,530.2,530,538,525.85,530.6,532.85,533.48,"20,98,444","1,11,94,74,182.95","60,473","11,01,900",52.51
SONACOMS,EQ,3-Feb-26,499.5,549.45,549.45,523.25,529.4,530.2,531.26,"1,57,51,143","8,36,78,87,241.85","2,59,380","89,02,418",56.52
SONACOMS,EQ,2-Feb-26,489.75,490.2,501.75,483.25,499.7,499.5,493.98,"11,88,339","58,70,15,537.25","34,061","6,45,425",54.31
SONACOMS,EQ,1-Feb-26,495.75,496,500.7,480.45,490.5,489.75,491.41,"7,04,132","34,60,17,471.15","15,088","2,39,131",33.96
SONACOMS,EQ,30-Jan-26,494.05,490,497.4,488.75,493,495.75,493.49,"18,59,620","91,77,01,935.95","36,185","10,33,648",55.58
SONACOMS,EQ,29-Jan-26,494.1,494.1,498.5,484.55,494,494.05,491.49,"17,83,815","87,67,19,509.30","36,398","9,06,997",50.85
SONACOMS,EQ,28-Jan-26,487.8,489.5,496.9,479.5,492.5,494.1,488.5,"26,65,166","1,30,19,30,418.00","49,158","13,31,907",49.97
SONACOMS,EQ,27-Jan-26,456.1,470,490.8,461.2,489.8,487.8,481.42,"82,64,444","3,97,86,89,155.95","1,15,241","26,77,742",32.4
SONACOMS,EQ,23-Jan-26,469.1,470.05,470.9,447.5,456.9,456.1,458.97,"26,86,728","1,23,31,24,930.70","42,531","10,22,497",38.06
SONACOMS,EQ,22-Jan-26,444.45,450,472.1,446.1,470,469.1,461.56,"27,58,332","1,27,31,42,724.00","44,697","12,52,557",45.41
SONACOMS,EQ,21-Jan-26,445.95,443.05,447.65,437.7,444.6,444.45,443.51,"8,48,022","37,61,06,820.60","35,384","3,66,072",43.17
SONACOMS,EQ,20-Jan-26,447.65,445.85,449.1,439.7,441,445.95,445.57,"24,11,410","1,07,44,58,442.40","40,880","16,39,007",67.97
SONACOMS,EQ,19-Jan-26,460.1,458.8,458.8,445.15,446.5,447.65,450.38,"13,31,585","59,97,25,786.95","89,449","7,61,080",57.16
SONACOMS,EQ,16-Jan-26,461.65,461.65,464.1,457.35,460.05,460.1,460.76,"6,42,454","29,60,15,280.95","20,712","2,76,990",43.11
SONACOMS,EQ,14-Jan-26,457.05,455.25,464.35,454.55,461.35,461.65,461.11,"7,80,253","35,97,79,548.35","23,176","4,35,661",55.84
SONACOMS,EQ,13-Jan-26,456.85,457.95,462.95,454.1,456.95,457.05,457.94,"11,65,172","53,35,80,337.10","41,419","6,76,942",58.1
SONACOMS,EQ,12-Jan-26,459.65,458,459.4,446.9,456.85,456.85,453.49,"12,89,974","58,49,89,899.20","48,457","5,37,890",41.7
SONACOMS,EQ,9-Jan-26,462.85,458.1,468.95,455.35,462.7,459.65,461.41,"11,48,591","52,99,76,109.25","35,788","4,68,664",40.8
SONACOMS,EQ,8-Jan-26,473.8,472.55,473.6,460.1,462,462.85,464.73,"15,97,648","74,24,78,811.25","47,213","7,77,859",48.69
SONACOMS,EQ,7-Jan-26,476.45,474,478.75,470.6,473,473.8,474.41,"5,91,731","28,07,21,447.85","20,114","2,50,775",42.38
SONACOMS,EQ,6-Jan-26,481.4,481.4,481.5,469.1,476.2,476.45,474.99,"10,57,436","50,22,73,732.55","22,496","4,24,761",40.17
SONACOMS,EQ,5-Jan-26,486.35,487.5,489.5,478.55,480.5,481.4,483.69,"6,65,079","32,16,90,887.45","21,305","3,37,509",50.75
SONACOMS,EQ,2-Jan-26,474.3,475,493.35,474.2,486.3,486.35,487.29,"11,98,062","58,38,05,731.80","35,982","5,39,256",45.01
SONACOMS,EQ,1-Jan-26,479.4,481.95,481.95,472.85,474.9,474.3,475.83,"5,32,720","25,34,83,665.30","16,873","1,83,990",34.54
SONACOMS,EQ,31-Dec-25,478.8,480,481.4,472.8,478.95,479.4,478.29,"5,89,617","28,20,07,052.70","18,858","2,51,398",42.64
SONACOMS,EQ,30-Dec-25,477.4,478,482.6,476,477.4,478.8,479.32,"19,14,434","91,76,21,557.20","36,756","12,96,228",67.71
SONACOMS,EQ,29-Dec-25,482.1,483.25,485.15,473,478,477.4,476.13,"24,12,933","1,14,88,81,124.00","37,400","15,89,320",65.87
SONACOMS,EQ,26-Dec-25,484,483,487.8,480.8,482.9,482.1,483.06,"7,48,098","36,13,79,596.25","49,001","4,08,527",54.61
SONACOMS,EQ,24-Dec-25,488.3,488.55,489.55,483,483.85,484,485.44,"8,68,011","42,13,66,120.50","42,168","3,82,432",44.06
SONACOMS,EQ,23-Dec-25,493.45,493.25,493.4,483.5,489.45,488.3,487.78,"10,28,261","50,15,61,449.10","28,106","3,90,582",37.98
SONACOMS,EQ,22-Dec-25,496.8,499,502.3,491.6,492.8,493.45,496.09,"7,78,559","38,62,33,921.20","32,990","3,02,107",38.8
SONACOMS,EQ,19-Dec-25,486.45,486.2,500,482.45,497.95,496.8,493.01,"41,51,451","2,04,67,09,274.05","64,466","28,19,922",67.93
SONACOMS,EQ,18-Dec-25,489.9,488,491.15,482.6,487.35,486.45,485.56,"13,65,960","66,32,51,051.40","35,558","8,29,356",60.72
SONACOMS,EQ,17-Dec-25,484.95,483.95,493.5,480.8,489.1,489.9,488.96,"8,04,592","39,34,11,350.00","26,760","3,62,150",45.01
SONACOMS,EQ,16-Dec-25,486.9,484.5,487.65,483.15,484,484.95,485.02,"3,94,684","19,14,28,672.30","12,426","2,12,752",53.9
SONACOMS,EQ,15-Dec-25,492.5,490,496,483.1,485.5,486.9,487.14,"11,69,034","56,94,86,976.25","26,579","5,61,587",48.04
SONACOMS,EQ,12-Dec-25,483.15,485.65,493.75,484.05,492.5,492.5,487.68,"28,96,193","1,41,24,01,373.40","31,726","19,90,631",68.73
SONACOMS,EQ,11-Dec-25,471.55,473.4,492.9,469,484.2,483.15,486.01,"35,59,650","1,73,00,23,717.05","43,922","14,50,773",40.76
SONACOMS,EQ,10-Dec-25,479.15,479.15,484.95,469.05,470,471.55,475.85,"11,11,844","52,90,65,611.15","19,483","6,03,920",54.32
SONACOMS,EQ,9-Dec-25,486.35,485,487.15,476,480,479.15,480.81,"15,15,002","72,84,31,897.85","34,771","8,39,891",55.44
SONACOMS,EQ,8-Dec-25,492.85,492.9,499,482.45,486,486.35,489.75,"8,91,694","43,67,04,632.95","37,114","3,86,798",43.38
SONACOMS,EQ,5-Dec-25,499.65,499.65,499.9,488.25,493.1,492.85,492.73,"10,38,693","51,17,91,250.45","22,243","5,99,306",57.7
SONACOMS,EQ,4-Dec-25,491.65,493,504.8,491.65,500,499.65,499.53,"13,53,456","67,60,92,366.40","25,142","5,39,268",39.84
SONACOMS,EQ,3-Dec-25,506.4,508.6,508.6,489.6,492.3,491.65,494.55,"11,54,576","57,10,00,499.20","28,423","5,47,159",47.39
SONACOMS,EQ,2-Dec-25,508.75,507,510.85,502.25,508,506.4,505.87,"6,96,651","35,24,13,945.60","27,136","3,25,784",46.76
SONACOMS,EQ,1-Dec-25,511.75,514.25,515.15,505.1,511,508.75,508.97,"12,37,953","63,00,75,233.30","61,932","5,38,992",43.54
SONACOMS,EQ,28-Nov-25,509.5,513,513.7,505.7,511.2,511.75,509.38,"11,07,443","56,41,08,040.35","30,934","4,54,786",41.07
SONACOMS,EQ,27-Nov-25,507.2,511.9,520.6,507.8,509.5,509.5,513.74,"21,07,475","1,08,26,96,282.85","62,916","7,59,448",36.04
SONACOMS,EQ,26-Nov-25,501.3,501.95,510.45,499.3,510,507.2,505.23,"8,16,531","41,25,32,902.20","30,771","4,14,686",50.79
SONACOMS,EQ,25-Nov-25,505.8,505.8,506.3,497.1,501.5,501.3,500.63,"13,47,508","67,46,05,850.00","44,700","5,66,062",42.01
SONACOMS,EQ,24-Nov-25,503.15,503,512.4,499.7,504.1,505.8,506.89,"18,98,547","96,23,61,613.75","45,131","10,56,840",55.67
SONACOMS,EQ,21-Nov-25,507.65,507.65,517.8,500.75,502,503.15,510.22,"31,19,184","1,59,14,58,794.30","81,749","10,35,902",33.21
SONACOMS,EQ,20-Nov-25,506.95,509.95,515.5,502.25,506.5,507.65,509.24,"26,47,276","1,34,80,89,463.40","1,02,505","11,22,017",42.38
SONACOMS,EQ,19-Nov-25,488.55,491.05,508.4,489.8,507,506.95,503.24,"58,42,354","2,94,00,78,897.95","1,14,695","18,01,220",30.83
SONACOMS,EQ,18-Nov-25,486,487.7,491.35,476.3,489.05,488.55,482.7,"20,96,390","1,01,19,21,083.75","25,982","12,42,123",59.25
SONACOMS,EQ,17-Nov-25,485.6,486,487.95,480,486,486,485.19,"17,00,170","82,49,04,042.50","45,994","11,80,803",69.45
SONACOMS,EQ,14-Nov-25,489.15,487.1,489.45,477.75,486.25,485.6,482.68,"9,56,167","46,15,19,719.45","17,819","3,95,206",41.33
SONACOMS,EQ,13-Nov-25,497.75,499.45,500.8,485.6,488.75,489.15,492.34,"16,26,959","80,10,09,901.85","33,927","10,17,368",62.53
SONACOMS,EQ,12-Nov-25,489.8,491.5,500,488.6,496.05,497.75,496.46,"14,49,667","71,96,94,808.75","31,424","7,27,380",50.18
SONACOMS,EQ,11-Nov-25,485.7,488,492.4,480.8,490,489.8,486.5,"10,89,218","52,99,02,096.30","17,188","4,82,745",44.32
SONACOMS,EQ,10-Nov-25,491.1,493,493.85,484.6,486.2,485.7,488.93,"13,63,815","66,68,06,267.85","25,165","7,70,770",56.52
SONACOMS,EQ,7-Nov-25,482.9,480,493.4,476.1,489.95,491.1,486.77,"16,44,050","80,02,79,112.45","42,543","9,30,946",56.63
SONACOMS,EQ,6-Nov-25,483.8,484,486.75,481.4,483.1,482.9,483.59,"14,28,893","69,10,02,188.15","34,444","8,65,775",60.59
SONACOMS,EQ,4-Nov-25,481.25,480.5,486.85,478.3,483.55,483.8,483.3,"16,58,014","80,13,26,068.70","32,661","10,19,477",61.49
SONACOMS,EQ,3-Nov-25,472.75,473,483.55,472.85,480.45,481.25,479.27,"8,25,005","39,53,98,324.15","24,022","3,30,476",40.06
SONACOMS,EQ,31-Oct-25,482.95,482.95,487.2,471.6,473.4,472.75,478.24,"11,52,617","55,12,27,119.05","25,328","4,55,131",39.49
SONACOMS,EQ,30-Oct-25,483.15,484.1,486.6,478.1,484,482.95,482.75,"8,45,278","40,80,57,727.50","15,714","3,62,734",42.91
SONACOMS,EQ,29-Oct-25,484.35,485,486.85,479,483.7,483.15,482.94,"15,73,506","75,99,05,264.65","23,383","6,60,167",41.96
SONACOMS,EQ,28-Oct-25,483.85,496.05,503.4,476.1,485.2,484.35,485.96,"83,08,585","4,03,76,15,365.50","83,873","18,34,644",22.08
SONACOMS,EQ,27-Oct-25,478.7,478.7,487,476.25,484.2,483.85,482.99,"24,11,589","1,16,47,63,826.20","32,866","11,87,495",49.24
SONACOMS,EQ,24-Oct-25,478.05,477.6,481.35,471.8,478,478.7,477.8,"28,80,354","1,37,62,19,816.45","38,699","17,09,460",59.35
SONACOMS,EQ,23-Oct-25,461.95,472.1,482.45,467.2,477.2,478.05,477.18,"45,20,849","2,15,72,72,733.00","73,406","20,10,623",44.47
SONACOMS,EQ,21-Oct-25,461.2,465,465.35,460,460.9,461.95,462.9,"1,48,421","6,87,04,014.25","4,783","78,921",53.19
SONACOMS,EQ,20-Oct-25,462.2,462.05,465.35,458.6,462,461.2,460.95,"24,59,282","1,13,36,13,956.30","29,075","16,03,339",65.2
SONACOMS,EQ,17-Oct-25,468.55,466.6,471.15,460.1,461.15,462.2,466.38,"23,56,950","1,09,92,29,012.25","36,330","12,15,733",51.58
SONACOMS,EQ,16-Oct-25,452.25,452.25,474,452.25,467.9,468.55,468.99,"70,02,787","3,28,42,12,625.60","1,27,244","25,96,533",37.08
SONACOMS,EQ,15-Oct-25,452.8,452.8,458,445.6,453.85,452.25,452.76,"26,76,450","1,21,17,80,126.15","43,550","9,77,538",36.52
SONACOMS,EQ,14-Oct-25,435.75,435.5,456.8,434.4,453.45,452.8,448.9,"76,46,062","3,43,23,20,399.50","1,34,332","30,27,539",39.6
SONACOMS,EQ,13-Oct-25,432.8,434,437.3,424.6,434.2,435.75,432.74,"26,00,084","1,12,51,60,999.70","43,404","14,67,049",56.42
SONACOMS,EQ,10-Oct-25,429.45,435.05,448.5,430,433.15,432.8,440.36,"83,89,715","3,69,44,55,173.00","1,24,567","26,65,137",31.77
SONACOMS,EQ,9-Oct-25,405.25,407.3,431.2,405.45,429.9,429.45,421.87,"46,99,597","1,98,26,04,976.75","48,131","18,57,252",39.52
SONACOMS,EQ,8-Oct-25,414.05,415.3,418.05,404.35,404.8,405.25,410.36,"15,83,659","64,98,69,374.65","28,236","8,58,910",54.24
SONACOMS,EQ,7-Oct-25,414.25,415.45,421,412.3,414,414.05,416.27,"18,08,280","75,27,39,620.60","22,887","10,68,372",59.08
SONACOMS,EQ,6-Oct-25,419.7,422,422,413.35,415.4,414.25,415.77,"23,05,014","95,83,49,955.30","32,068","15,00,957",65.12
SONACOMS,EQ,3-Oct-25,413.75,413.75,421.4,410.25,421.4,419.7,416.9,"18,42,319","76,80,61,991.45","29,970","10,69,196",58.04
SONACOMS,EQ,1-Oct-25,411.75,414.85,416.55,411.3,414.85,413.75,413.81,"13,11,404","54,26,74,017.95","29,886","6,26,530",47.78
SONACOMS,EQ,30-Sep-25,405.35,405.65,413.9,403.3,412.4,411.75,409.26,"24,37,936","99,77,56,188.45","39,664","12,91,404",52.97
SONACOMS,EQ,29-Sep-25,407.1,410.1,411.65,402.3,405.1,405.35,406.58,"20,86,802","84,84,55,471.15","39,504","12,02,955",57.65
SONACOMS,EQ,26-Sep-25,409.65,407,413.8,405.75,409.65,407.1,408.69,"25,12,505","1,02,68,46,225.60","44,763","14,87,410",59.2
SONACOMS,EQ,25-Sep-25,416.8,416,419.9,408.1,410.45,409.65,413.52,"24,09,924","99,65,59,889.00","34,257","14,00,886",58.13
SONACOMS,EQ,24-Sep-25,421.35,422.85,426.25,415.5,415.7,416.8,421.61,"25,47,455","1,07,40,21,683.05","33,265","15,50,622",60.87
SONACOMS,EQ,23-Sep-25,420.6,423.5,434.4,420.65,422.9,421.35,427,"49,07,137","2,09,53,64,410.80","80,058","20,11,489",40.99
SONACOMS,EQ,22-Sep-25,436.2,436.25,437.25,419.35,420,420.6,426.12,"27,23,801","1,16,06,59,072.65","44,600","16,66,511",61.18
SONACOMS,EQ,19-Sep-25,440.6,440,441.2,435.55,436,436.2,438.04,"23,35,111","1,02,28,76,618.95","21,000","16,93,934",72.54
SONACOMS,EQ,18-Sep-25,434.6,436,441.2,433.85,440.5,440.6,438.91,"16,38,234","71,90,42,747.35","28,069","9,41,758",57.49
SONACOMS,EQ,17-Sep-25,432.55,434.4,436.9,432.7,434.35,434.6,434.63,"15,08,205","65,55,07,516.25","23,166","7,90,480",52.41
SONACOMS,EQ,16-Sep-25,434,434.65,439.05,431.15,432.85,432.55,434.5,"13,68,600","59,46,57,516.35","28,668","8,47,995",61.96
SONACOMS,EQ,15-Sep-25,428.3,431,437.1,430.2,433.55,434,433.31,"14,52,381","62,93,31,892.70","20,911","6,84,309",47.12
SONACOMS,EQ,12-Sep-25,439.95,442,442.7,426.05,429.2,428.3,433.05,"32,56,814","1,41,03,79,439.30","69,996","15,72,583",48.29
SONACOMS,EQ,11-Sep-25,450.05,450.15,451.4,437.8,440,439.95,440.49,"45,99,233","2,02,58,95,031.80","1,10,843","28,36,593",61.68
SONACOMS,EQ,10-Sep-25,445.5,451.55,457.45,446.35,450,450.05,450.77,"40,99,347","1,84,78,63,615.80","55,383","22,40,884",54.66
SONACOMS,EQ,9-Sep-25,454.35,454.9,456,443.6,445.65,445.5,448.59,"16,94,278","76,00,44,610.10","28,138","8,83,393",52.14
SONACOMS,EQ,8-Sep-25,441.1,442.5,459.35,442.5,453.9,454.35,454.62,"33,17,333","1,50,81,22,536.20","40,087","16,13,005",48.62
SONACOMS,EQ,5-Sep-25,437.95,441.55,448.95,438.3,441.2,441.1,442.55,"43,01,884","1,90,37,92,985.60","43,514","27,05,045",62.88
SONACOMS,EQ,4-Sep-25,450,455.9,455.9,436.6,438.6,437.95,445.76,"35,49,467","1,58,22,15,473.90","58,636","21,57,003",60.77
SONACOMS,EQ,3-Sep-25,444.95,444.95,452,442.05,450.05,450,446.56,"35,90,314","1,60,32,77,529.30","34,900","23,15,872",64.5
SONACOMS,EQ,2-Sep-25,450.8,451,453.25,442.9,445,444.95,446.9,"40,87,210","1,82,65,67,885.25","47,946","26,24,562",64.21
SONACOMS,EQ,1-Sep-25,443.05,443.95,452.3,441.3,450.4,450.8,448.21,"30,64,165","1,37,34,03,332.80","36,623","21,52,171",70.24
SONACOMS,EQ,29-Aug-25,450.35,450.35,453.7,442.1,445.5,443.05,445.94,"38,98,250","1,73,83,73,878.05","54,935","24,56,983",63.03
SONACOMS,EQ,28-Aug-25,453.7,453,459.1,446.65,451.1,450.35,451.58,"32,45,285","1,46,55,11,568.75","42,589","14,77,520",45.53
SONACOMS,EQ,26-Aug-25,451.15,449.8,463.2,441.8,453,453.7,453.8,"5,86,50,435","26,61,57,16,675.50","1,71,068","3,49,57,263",59.6
SONACOMS,EQ,25-Aug-25,449.65,449.65,455,446.7,451.45,451.15,450.62,"11,66,650","52,57,16,156.55","20,479","6,59,204",56.5
SONACOMS,EQ,22-Aug-25,442.65,444.5,451.95,443.4,449,449.65,448.08,"8,94,867","40,09,71,856.25","15,384","3,31,074",37
SONACOMS,EQ,21-Aug-25,450.35,451,456,441.55,442.4,442.65,448.43,"50,51,564","2,26,52,90,832.30","36,501","31,18,191",61.73
SONACOMS,EQ,20-Aug-25,455.25,456.5,457.75,443.9,450.1,450.35,449.79,"53,62,350","2,41,19,56,524.30","72,587","28,83,426",53.77
SONACOMS,EQ,19-Aug-25,444.95,445.8,466.65,444.15,456.15,455.25,458.41,"52,21,932","2,39,37,68,780.70","57,393","20,68,088",39.6
SONACOMS,EQ,18-Aug-25,451.85,454.95,458,443.25,445.8,444.95,446.83,"25,72,430","1,14,94,48,666.05","39,187","15,47,058",60.14
SONACOMS,EQ,14-Aug-25,448.75,449.85,453,444,452,451.85,449.91,"13,21,467","59,45,37,471.20","18,295","8,58,989",65
SONACOMS,EQ,13-Aug-25,440.25,442.55,450.55,442.05,449.1,448.75,447.21,"13,20,587","59,05,76,374.00","16,359","8,50,023",64.37
SONACOMS,EQ,12-Aug-25,445.95,446.45,450.55,439.25,440,440.25,444.68,"9,21,533","40,97,87,551.55","16,933","5,34,594",58.01
SONACOMS,EQ,11-Aug-25,445,445.45,449.8,440.45,446.2,445.95,444.42,"27,97,929","1,24,34,56,450.15","22,737","19,86,400",71
SONACOMS,EQ,8-Aug-25,448.85,443.1,449.3,440.7,445.6,445,445.44,"21,63,302","96,36,29,080.50","48,836","11,69,116",54.04
SONACOMS,EQ,7-Aug-25,446,440,452.95,431.35,452.9,448.85,441.7,"16,65,549","73,56,80,503.45","35,146","6,73,840",40.46
SONACOMS,EQ,6-Aug-25,447.1,447,449.9,436.85,446,446,443.46,"14,58,579","64,68,24,760.60","34,637","5,70,313",39.1
SONACOMS,EQ,5-Aug-25,443,433,455.25,433,444,447.1,447.46,"50,80,108","2,27,31,66,357.45","73,063","15,12,237",29.77
SONACOMS,EQ,4-Aug-25,437.55,439,446.2,432.4,443,443,441.13,"14,61,100","64,45,29,794.10","33,527","3,44,190",23.56
SONACOMS,EQ,1-Aug-25,449.55,450,453.65,435.3,437.65,437.55,442.76,"14,90,890","66,01,00,836.95","34,869","4,73,045",31.73
SONACOMS,EQ,31-Jul-25,461.3,448,456.8,445,452.8,449.55,450.06,"80,40,816","3,61,88,53,308.25","91,043","45,71,526",56.85
SONACOMS,EQ,30-Jul-25,470.5,471,471.75,454.5,461.2,461.3,459.64,"28,52,842","1,31,12,66,781.10","45,217","15,73,951",55.17
SONACOMS,EQ,29-Jul-25,465.55,465,471.95,463.2,471,470.5,467.39,"16,49,095","77,07,75,236.50","32,145","7,77,008",47.12
SONACOMS,EQ,28-Jul-25,469.45,469.05,479.7,464,467.25,465.55,471.45,"15,32,707","72,25,87,812.75","33,549","5,63,310",36.75
SONACOMS,EQ,25-Jul-25,490.8,489,489.95,467,470,469.45,477.55,"41,12,162","1,96,37,66,356.35","74,011","18,12,826",44.08
SONACOMS,EQ,24-Jul-25,489,490,492.85,484.6,490,490.8,489.11,"21,58,605","1,05,58,01,842.50","34,985","8,98,120",41.61
SONACOMS,EQ,23-Jul-25,472.95,474.4,492,468.1,489,489,482.87,"44,71,528","2,15,91,62,901.45","73,387","12,04,072",26.93
SONACOMS,EQ,22-Jul-25,487.9,488.5,489,471.05,474,472.95,477.28,"24,02,025","1,14,64,28,915.40","46,117","10,17,089",42.34
SONACOMS,EQ,21-Jul-25,479.75,485.1,496.45,484.05,486.9,487.9,490.59,"86,98,089","4,26,71,90,859.25","1,57,844","24,19,253",27.81
SONACOMS,EQ,18-Jul-25,486,486,489,473.4,480.05,479.75,480.68,"67,06,634","3,22,37,13,303.10","87,837","30,06,722",44.83
SONACOMS,EQ,17-Jul-25,455.05,455.3,494,455.3,484.7,486,479.81,"3,43,39,361","16,47,64,62,660.15","3,54,167","65,17,239",18.98
SONACOMS,EQ,16-Jul-25,455.35,458,462,453.3,455.75,455.05,456.9,"31,73,710","1,45,00,69,906.55","45,995","19,89,459",62.69
SONACOMS,EQ,15-Jul-25,452.25,454.5,459.9,450.5,457.3,455.35,455,"47,31,952","2,15,30,56,907.75","69,196","33,43,995",70.67
SONACOMS,EQ,14-Jul-25,447.15,470,470,445.5,453.5,452.25,451.89,"32,82,577","1,48,33,61,516.45","37,340","8,70,825",26.53
SONACOMS,EQ,11-Jul-25,454.65,455,455.8,446.15,447,447.15,450.4,"30,34,052","1,36,65,39,053.20","57,651","18,96,237",62.5
SONACOMS,EQ,10-Jul-25,455.6,457.7,461.25,452,454.5,454.65,454.88,"18,17,646","82,68,17,750.15","32,907","9,88,154",54.36
SONACOMS,EQ,9-Jul-25,461.3,463.1,463.1,447.3,458,455.6,453.2,"63,92,096","2,89,68,73,866.80","1,16,692","41,25,455",64.54
SONACOMS,EQ,8-Jul-25,468.3,469.6,471.55,460,460.8,461.3,464.88,"20,14,126","93,63,27,486.15","59,735","10,05,650",49.93
SONACOMS,EQ,7-Jul-25,478.4,478.4,480.5,466.1,468.4,468.3,470.74,"16,35,790","77,00,39,485.85","67,518","8,33,682",50.97
SONACOMS,EQ,4-Jul-25,479.35,480,480.6,474,478.25,478.4,477.16,"6,66,146","31,78,58,696.05","15,669","2,65,281",39.82
SONACOMS,EQ,3-Jul-25,475.3,478.6,482.65,475,479.45,479.35,479.51,"13,30,215","63,78,46,543.60","46,022","6,20,011",46.61
SONACOMS,EQ,2-Jul-25,475.9,477.95,481.35,471.15,478.1,475.3,475.87,"13,39,966","63,76,44,727.95","50,806","6,34,899",47.38
SONACOMS,EQ,1-Jul-25,481.35,486,489,474.15,476.15,475.9,477.73,"26,76,817","1,27,88,06,688.50","61,663","13,08,698",48.89
SONACOMS,EQ,30-Jun-25,479.25,481.5,482.7,476.55,482.3,481.35,480.15,"10,60,345","50,91,21,092.55","22,642","4,50,300",42.47
SONACOMS,EQ,27-Jun-25,480.8,484.9,485.8,478.2,480,479.25,481.26,"12,00,021","57,75,18,902.00","21,683","7,24,530",60.38
SONACOMS,EQ,26-Jun-25,480.8,482.8,483.9,475.05,482,480.8,478.51,"35,02,901","1,67,61,88,523.40","48,150","18,75,288",53.54
SONACOMS,EQ,25-Jun-25,481.75,484.45,486.45,477.7,480.35,480.8,480.94,"10,27,515","49,41,70,303.10","31,618","4,60,040",44.77
SONACOMS,EQ,24-Jun-25,477.35,483.5,488.9,480,481.7,481.75,482.91,"20,61,260","99,54,05,693.15","37,350","8,98,556",43.59
SONACOMS,EQ,23-Jun-25,486.95,479.9,486.1,475.3,479,477.35,479.9,"46,20,465","2,21,73,61,249.45","60,097","20,61,301",44.61
SONACOMS,EQ,20-Jun-25,478.05,478.1,491.85,474.8,483.05,486.95,484.65,"54,01,406","2,61,77,93,288.80","69,750","36,90,995",68.33
SONACOMS,EQ,19-Jun-25,478.6,479.7,484.95,474.8,478.65,478.05,478.41,"20,82,504","99,62,85,510.95","49,796","10,91,696",52.42
SONACOMS,EQ,18-Jun-25,479.95,480,483.9,473.9,479.8,478.6,478.82,"25,30,901","1,21,18,58,082.20","74,240","12,96,490",51.23
SONACOMS,EQ,17-Jun-25,500.2,501.25,503.95,478.1,480,479.95,487.78,"39,54,206","1,92,87,76,495.25","93,840","23,78,264",60.15
SONACOMS,EQ,16-Jun-25,501.85,499.35,504.5,495.05,500,500.2,500.7,"13,59,974","68,09,45,448.00","43,077","7,61,590",56
SONACOMS,EQ,13-Jun-25,510.85,467.95,504,467.95,502.9,501.85,497.59,"19,22,178","95,64,50,943.15","43,433","5,77,556",30.05
SONACOMS,EQ,12-Jun-25,519,520,526,507.4,512.5,510.85,514.91,"14,37,544","74,02,07,004.20","60,870","7,41,512",51.58
SONACOMS,EQ,11-Jun-25,516.6,519,534.65,517.3,519.5,519,525.99,"20,03,002","1,05,35,54,667.90","39,535","4,93,536",24.64
SONACOMS,EQ,10-Jun-25,521.35,518,519.35,506.4,515,516.6,514.92,"15,52,476","79,94,05,799.20","28,257","6,34,216",40.85
SONACOMS,EQ,9-Jun-25,510.15,512,523.55,507.9,521,521.35,517.7,"15,89,318","82,27,86,128.05","32,218","7,35,202",46.26
SONACOMS,EQ,6-Jun-25,528.1,524.6,527,508.25,512,510.15,514.46,"48,29,182","2,48,44,32,178.10","81,647","24,66,551",51.08
SONACOMS,EQ,5-Jun-25,538.05,536.4,541.9,527,528,528.1,533.86,"11,10,583","59,28,95,579.15","31,592","6,41,062",57.72
SONACOMS,EQ,4-Jun-25,533.75,532.05,540.8,529.1,536.05,538.05,536.04,"10,09,153","54,09,44,626.05","25,169","6,81,594",67.54
SONACOMS,EQ,3-Jun-25,541.4,540.1,543.45,530.75,535.25,533.75,535.75,"13,13,357","70,36,28,800.90","24,152","7,77,553",59.2
SONACOMS,EQ,2-Jun-25,543.95,539.95,548,534.6,542,541.4,542.65,"7,68,745","41,71,62,339.20","20,423","3,62,488",47.15
SONACOMS,EQ,30-May-25,542.65,543,549.75,536,540.5,543.95,544.36,"42,03,570","2,28,82,71,697.75","42,641","31,06,163",73.89
SONACOMS,EQ,29-May-25,539.2,544.6,547,536.45,543,542.65,541.34,"14,97,046","81,04,10,178.90","36,095","9,75,538",65.16
SONACOMS,EQ,28-May-25,544.95,532,549.9,532,542,539.2,543.22,"26,91,428","1,46,20,46,189.70","44,421","16,61,249",61.72
SONACOMS,EQ,27-May-25,545,548.9,549.8,541.35,546.5,544.95,545.47,"13,79,965","75,27,25,786.40","28,133","7,92,189",57.41
SONACOMS,EQ,26-May-25,537.3,537.3,559.5,537.3,543.8,545,550.2,"38,63,285","2,12,55,70,230.15","65,923","14,10,653",36.51
SONACOMS,EQ,23-May-25,528.05,529.95,539.4,525.8,536.5,537.3,534.55,"7,02,464","37,54,99,996.45","20,704","3,96,102",56.39
SONACOMS,EQ,22-May-25,525.05,528,530.8,522.4,527.8,528.05,526.85,"10,43,387","54,97,03,531.20","27,284","6,45,143",61.83
SONACOMS,EQ,21-May-25,524.45,524.25,536.5,521.65,526,525.05,527.62,"11,19,968","59,09,12,402.45","24,116","6,08,922",54.37
SONACOMS,EQ,20-May-25,536.1,538,540.85,521.65,524.3,524.45,530.26,"7,80,051","41,36,26,701.30","26,973","4,53,948",58.19
SONACOMS,EQ,19-May-25,542.85,544.8,548.55,534.05,535.15,536.1,537.95,"8,54,863","45,98,70,942.20","30,452","4,24,570",49.67
SONACOMS,EQ,16-May-25,533.75,533.75,545.35,528.5,541.15,542.85,540.13,"8,01,815","43,30,87,999.85","24,060","2,72,224",33.95
SONACOMS,EQ,15-May-25,528.2,528,535.5,520.8,533.9,533.75,529.39,"8,50,032","44,99,97,556.85","23,982","3,80,553",44.77
SONACOMS,EQ,14-May-25,508.15,517,532.55,512.5,528.5,528.2,525.11,"27,57,417","1,44,79,43,330.60","50,142","13,17,443",47.78
SONACOMS,EQ,13-May-25,519.8,519.8,521.85,506.5,508,508.15,511.61,"10,05,905","51,46,30,954.65","21,003","5,21,050",51.8
SONACOMS,EQ,12-May-25,500.5,512.95,522.85,508.6,519.15,519.8,516.14,"9,32,430","48,12,64,917.75","18,143","3,79,459",40.7
SONACOMS,EQ,9-May-25,508.1,497.8,503.65,491.6,499.7,500.5,498,"12,91,054","64,29,49,636.60","35,496","5,02,641",38.93
SONACOMS,EQ,8-May-25,511.15,513,515.8,504,507,508.1,509.98,"28,33,517","1,44,50,25,395.45","61,939","16,61,362",58.63
SONACOMS,EQ,7-May-25,502.45,491,512.8,490,511,511.15,506.87,"21,88,022","1,10,90,49,123.90","52,435","11,78,865",53.88
SONACOMS,EQ,6-May-25,508.6,509.35,513.75,499.5,500,502.45,505.38,"30,30,894","1,53,17,39,334.25","70,766","17,21,447",56.8
SONACOMS,EQ,5-May-25,496.95,497,510.05,492.5,508,508.6,505.19,"17,41,588","87,98,25,344.40","36,723","7,81,870",44.89
SONACOMS,EQ,2-May-25,481.15,470,499,468.45,495,496.95,490.95,"49,69,979","2,44,00,29,194.65","70,498","16,83,124",33.87
SONACOMS,EQ,30-Apr-25,491.85,492,495.05,477.7,480.2,481.15,482.45,"30,63,465","1,47,79,76,742.90","47,288","13,57,396",44.31
SONACOMS,EQ,29-Apr-25,463.25,475,499.3,467.4,489,491.85,484.46,"95,31,228","4,61,74,97,569.30","1,55,685","28,05,024",29.43
SONACOMS,EQ,28-Apr-25,453.65,453,465.5,452.1,463.45,463.25,460.37,"10,37,631","47,76,96,274.95","37,201","3,76,510",36.29
SONACOMS,EQ,25-Apr-25,469.15,469.15,471,451,453.3,453.65,456.7,"21,81,275","99,61,91,427.60","56,917","12,79,328",58.65
SONACOMS,EQ,24-Apr-25,478.45,485,488,466.1,468.5,469.15,475.15,"39,81,952","1,89,20,15,936.40","60,677","18,95,199",47.59
SONACOMS,EQ,23-Apr-25,451.6,453,479.85,453,478.15,478.45,470.8,"57,66,536","2,71,48,66,604.60","90,345","20,83,201",36.13
SONACOMS,EQ,22-Apr-25,455.6,456.4,459.1,450.2,452.25,451.6,453.41,"11,99,046","54,36,60,272.70","35,963","6,31,634",52.68
SONACOMS,EQ,21-Apr-25,451.7,451.7,458.95,449.3,456,455.6,454.57,"10,83,089","49,23,35,016.70","41,929","5,12,157",47.29
SONACOMS,EQ,17-Apr-25,446.8,445,452.5,435.85,451.9,451.7,447.27,"25,82,488","1,15,50,60,829.90","51,078","11,68,467",45.25
SONACOMS,EQ,16-Apr-25,462.55,465,465,445.4,445.95,446.8,450.83,"17,18,495","77,47,44,694.60","34,744","6,54,523",38.09
SONACOMS,EQ,15-Apr-25,430.1,452.6,466,450,462.25,462.55,459.66,"67,52,078","3,10,36,77,105.00","1,10,640","16,11,647",23.87
SONACOMS,EQ,11-Apr-25,407.45,428.7,431.25,416,430.9,430.1,425.68,"23,14,455","98,52,20,227.55","45,234","10,18,397",44
SONACOMS,EQ,9-Apr-25,411.05,410,413,402.3,406.95,407.45,407.75,"11,64,353","47,47,67,288.70","46,102","7,02,787",60.36
SONACOMS,EQ,8-Apr-25,406.6,415,424.8,405.4,412.95,411.05,410.56,"16,86,256","69,23,05,961.45","57,864","7,63,611",45.28
SONACOMS,EQ,7-Apr-25,421.85,380,413,380,410.5,406.6,403.15,"34,75,481","1,40,11,29,233.05","89,720","16,80,879",48.36
SONACOMS,EQ,4-Apr-25,450.15,450,451.75,414.15,421.9,421.85,424.83,"41,80,157","1,77,58,49,055.95","1,21,418","21,55,840",51.57
SONACOMS,EQ,3-Apr-25,465.65,458.55,462,443.55,450,450.15,453.36,"43,25,036","1,96,08,18,274.90","90,260","22,27,002",51.49
SONACOMS,EQ,2-Apr-25,461,462.8,468.5,452.8,465,465.65,462.7,"13,78,880","63,80,05,180.80","32,616","8,18,705",59.37
SONACOMS,EQ,1-Apr-25,461.2,460,465,455.3,462,461,461.65,"12,40,444","57,26,55,530.25","32,612","5,76,226",46.45
SONACOMS,EQ,28-Mar-25,467.35,467.95,473.35,458,459.2,461.2,462.93,"27,07,951","1,25,35,96,460.60","73,152","14,58,636",53.86
SONACOMS,EQ,27-Mar-25,496.95,470,480.15,462,466.15,467.35,471.07,"84,10,256","3,96,17,81,752.30","1,48,137","36,48,391",43.38
SONACOMS,EQ,26-Mar-25,493.7,497,503.85,494.6,496,496.95,499.24,"28,52,798","1,42,42,35,626.15","44,822","20,82,766",73.01
SONACOMS,EQ,25-Mar-25,501.95,505.05,510.7,491.1,495.2,493.7,497.3,"14,99,538","74,57,24,842.30","31,824","8,33,442",55.58
SONACOMS,EQ,24-Mar-25,509.35,512.15,520.5,500.95,503,501.95,506.91,"16,00,763","81,14,50,084.00","41,452","8,85,872",55.34
SONACOMS,EQ,21-Mar-25,508.5,518,518,503.15,512,509.35,509.45,"18,18,450","92,64,09,426.95","37,451","9,82,136",54.01
SONACOMS,EQ,20-Mar-25,507.95,509.15,517.65,504.65,508.65,508.5,510.24,"7,53,432","38,44,34,631.85","21,960","2,72,082",36.11
SONACOMS,EQ,19-Mar-25,493.85,495,514.35,491,508.5,507.95,505.21,"9,40,318","47,50,58,052.50","29,525","4,64,341",49.38
SONACOMS,EQ,18-Mar-25,485.95,489.8,495.8,485.45,495.25,493.85,491.15,"10,74,596","52,77,87,082.45","28,706","6,34,866",59.08
SONACOMS,EQ,17-Mar-25,485.8,485.1,491.55,481,486.1,485.95,485.82,"6,82,758","33,16,95,897.30","47,633","3,33,765",48.88
SONACOMS,EQ,13-Mar-25,504.8,505.55,506.75,484.45,487,485.8,493.57,"13,88,137","68,51,38,338.05","50,235","8,47,385",61.04
SONACOMS,EQ,12-Mar-25,507.6,512,513.1,491,503.45,504.8,499.62,"15,87,133","79,29,68,326.10","50,529","8,66,539",54.6
SONACOMS,EQ,11-Mar-25,512.2,504.5,509.25,495,508.2,507.6,502.13,"12,85,121","64,52,91,772.15","59,694","5,99,662",46.66
SONACOMS,EQ,10-Mar-25,517.6,518,522.9,507.9,512,512.2,516,"17,61,286","90,88,32,209.45","54,042","10,45,009",59.33
SONACOMS,EQ,7-Mar-25,521.9,520.5,529.7,512.95,517,517.6,521.32,"10,35,927","54,00,51,195.40","47,916","5,12,260",49.45
SONACOMS,EQ,6-Mar-25,509.05,518,532.45,515,520,521.9,521.73,"12,12,006","63,23,45,704.20","39,193","3,42,171",28.23
SONACOMS,EQ,5-Mar-25,474.2,470,511.9,470,510.05,509.05,500.29,"25,97,910","1,29,97,06,819.05","64,786","9,85,187",37.92
SONACOMS,EQ,4-Mar-25,485.95,472.9,484.9,464.05,473.75,474.2,473.48,"15,39,353","72,88,51,710.35","74,120","6,44,898",41.89
SONACOMS,EQ,3-Mar-25,493.9,503.95,503.95,476.1,486.2,485.95,483.86,"10,83,796","52,44,05,301.95","34,836","4,61,321",42.57
SONACOMS,EQ,28-Feb-25,503.05,495,497.65,476.7,490.5,493.9,488.92,"35,33,392","1,72,75,47,226.80","81,964","20,22,986",57.25
SONACOMS,EQ,27-Feb-25,508.9,507,508.3,491.85,503.25,503.05,499.72,"14,56,475","72,78,33,140.10","53,813","8,06,641",55.38
SONACOMS,EQ,25-Feb-25,504.95,503.1,512,502.05,508.5,508.9,508.11,"6,50,257","33,04,02,345.35","20,800","3,49,114",53.69
SONACOMS,EQ,24-Feb-25,507.45,504.85,513.55,497.75,508,504.95,505.3,"14,07,219","71,10,66,297.55","40,003","7,31,515",51.98
SONACOMS,EQ,21-Feb-25,517.95,520.7,524.65,505.35,506.8,507.45,511.9,"13,31,623","68,16,55,480.20","33,992","6,82,850",51.28
SONACOMS,EQ,20-Feb-25,509.35,502,520.2,502,517.35,517.95,514.79,"15,62,900","80,45,69,996.85","45,775","9,02,901",57.77
SONACOMS,EQ,19-Feb-25,506.55,505,513.8,498.75,509.75,509.35,507.08,"15,95,962","80,92,81,314.60","50,848","7,00,296",43.88
SONACOMS,EQ,18-Feb-25,487.3,492.3,508,489.65,505.6,506.55,499.97,"32,12,526","1,60,61,64,241.55","1,27,026","12,75,110",39.69
SONACOMS,EQ,17-Feb-25,489.25,483.9,493.45,475.05,490.1,487.3,484.16,"29,15,888","1,41,17,66,101.65","64,441","14,90,147",51.1
SONACOMS,EQ,14-Feb-25,516.45,516.4,522.55,485,487.95,489.25,496.3,"24,92,187","1,23,68,71,057.95","66,362","15,75,082",63.2
SONACOMS,EQ,13-Feb-25,511.35,515,521.5,509.5,514,516.45,517.38,"10,05,358","52,01,56,321.85","55,333","5,16,544",51.38
SONACOMS,EQ,12-Feb-25,510.95,510,513.7,495,512,511.35,506.17,"14,49,261","73,35,77,942.50","54,278","8,15,724",56.29
SONACOMS,EQ,11-Feb-25,528.65,525.1,530.85,506.35,509.9,510.95,518.6,"25,00,361","1,29,66,93,332.40","50,875","15,45,568",61.81
SONACOMS,EQ,10-Feb-25,529.6,529.5,534.5,522.05,529.75,528.65,529.25,"11,60,970","61,44,39,710.75","39,957","5,09,731",43.91
SONACOMS,EQ,7-Feb-25,533.25,535.85,535.85,520,530,529.6,526.56,"16,76,568","88,28,14,285.30","39,628","7,76,584",46.32
SONACOMS,EQ,6-Feb-25,515,518.95,535,511.5,534.25,533.25,530.29,"46,12,104","2,44,57,74,429.55","62,742","24,29,287",52.67
SONACOMS,EQ,5-Feb-25,502.4,509.95,517.7,496,516.9,515,512.32,"25,80,847","1,32,22,13,871.10","59,310","15,06,551",58.37
SONACOMS,EQ,4-Feb-25,485.5,500,524.85,499.55,503,502.4,511.63,"60,30,302","3,08,52,99,307.40","1,29,330","17,41,519",28.88
SONACOMS,EQ,3-Feb-25,503.45,500,502,477.6,487,485.5,483.38,"63,32,539","3,06,10,18,778.30","1,27,808","44,29,929",69.96
SONACOMS,EQ,1-Feb-25,504.3,510.1,514,498.85,504.25,503.45,505.41,"8,67,040","43,82,12,023.25","27,912","4,26,426",49.18
SONACOMS,EQ,31-Jan-25,503.8,503.85,507.3,500.05,503.95,504.3,503.56,"21,51,141","1,08,32,26,193.25","48,767","14,93,964",69.45
SONACOMS,EQ,30-Jan-25,502.25,515.8,517.4,496.9,506,503.8,505.31,"27,46,724","1,38,79,42,840.55","82,421","13,70,739",49.9
SONACOMS,EQ,29-Jan-25,497.2,497.55,511.95,493.35,504,502.25,503.64,"35,76,782","1,80,14,14,850.65","79,152","22,75,125",63.61
SONACOMS,EQ,28-Jan-25,512.3,515.85,519.55,495.05,495.85,497.2,504.43,"17,49,811","88,26,59,616.80","53,875","9,89,690",56.56
SONACOMS,EQ,27-Jan-25,525.05,521.05,522.15,507.05,515.8,512.3,513.52,"31,14,482","1,59,93,53,903.25","73,316","19,53,054",62.71
SONACOMS,EQ,24-Jan-25,542.6,510,546.95,510,526.95,525.05,531.91,"73,53,964","3,91,16,72,575.60","1,88,679","35,73,136",48.59
SONACOMS,EQ,23-Jan-25,531.35,534.7,548.75,530.75,541,542.6,540.05,"17,38,327","93,87,83,563.90","63,777","9,26,255",53.28
SONACOMS,EQ,22-Jan-25,556.4,555.1,557.05,528.65,534.7,531.35,535.17,"37,86,430","2,02,63,67,418.60","75,426","24,36,752",64.35
SONACOMS,EQ,21-Jan-25,566.3,568.9,573.85,554.45,556.8,556.4,561.6,"20,16,643","1,13,25,55,040.20","54,156","13,75,830",68.22
SONACOMS,EQ,20-Jan-25,574.75,578.55,579.95,558.65,568.25,566.3,565.9,"19,42,954","1,09,95,24,539.95","1,00,120","9,73,671",50.11
SONACOMS,EQ,17-Jan-25,582.7,584.8,588.95,572.45,574.8,574.75,580.4,"15,46,189","89,74,11,546.80","84,608","9,04,556",58.5
SONACOMS,EQ,16-Jan-25,570.95,574,585.35,573.05,583.15,582.7,581.29,"15,64,624","90,94,94,662.95","50,063","10,25,401",65.54
SONACOMS,EQ,15-Jan-25,569.9,571,575,561.4,572.6,570.95,568.86,"9,30,485","52,93,18,813.10","36,056","5,24,336",56.35
SONACOMS,EQ,14-Jan-25,561.9,561.85,577.5,561.05,571.9,569.9,569.46,"11,30,150","64,35,76,247.50","62,933","5,86,265",51.87
SONACOMS,EQ,13-Jan-25,569.55,557,571.7,556.25,561,561.9,566.8,"28,84,183","1,63,47,65,516.35","93,675","20,11,675",69.75
SONACOMS,EQ,10-Jan-25,565.75,563.95,573.75,558.55,569,569.55,568.43,"17,72,445","1,00,75,09,496.20","74,365","9,14,675",51.61
SONACOMS,EQ,9-Jan-25,573.15,573.15,574.95,560,566.55,565.75,565.5,"12,88,063","72,84,01,275.20","35,836","7,57,244",58.79
SONACOMS,EQ,8-Jan-25,584.45,585.45,587.35,571.65,572.9,573.15,575.61,"15,81,135","91,01,21,402.60","32,672","11,07,813",70.06
SONACOMS,EQ,7-Jan-25,581.55,578.1,587.8,575.05,584.8,584.45,582.4,"7,87,355","45,85,54,312.20","27,734","4,15,396",52.76
SONACOMS,EQ,6-Jan-25,591.1,590,595.15,578.3,581.8,581.55,584.69,"16,61,234","97,13,14,111.95","55,031","9,95,572",59.93
SONACOMS,EQ,3-Jan-25,597.45,598,607.3,587.55,590,591.1,595.34,"15,21,275","90,56,77,627.20","39,953","8,55,484",56.23
SONACOMS,EQ,2-Jan-25,591.65,593.75,599,587,598,597.45,593.01,"19,69,381","1,16,78,56,325.85","50,930","13,38,865",67.98
SONACOMS,EQ,1-Jan-25,594.8,596.8,601.55,588.4,592.25,591.65,592.38,"4,53,009","26,83,53,570.95","26,601","1,72,091",37.99
SONACOMS,EQ,31-Dec-24,599.25,597,598.6,584.7,595.4,594.8,590.22,"15,48,728","91,40,86,926.35","62,310","9,91,006",63.99
SONACOMS,EQ,30-Dec-24,600.35,600.5,601,593.65,599.05,599.25,596.98,"18,22,923","1,08,82,51,405.95","41,027","13,95,391",76.55
SONACOMS,EQ,27-Dec-24,593.55,592,601.9,589.3,600.3,600.35,598.05,"8,76,891","52,44,27,351.20","31,190","4,19,004",47.78
SONACOMS,EQ,26-Dec-24,594.95,595,599.25,587.25,590,593.55,591.79,"14,81,714","87,68,56,912.10","30,595","9,94,340",67.11
SONACOMS,EQ,24-Dec-24,584.15,584.15,597.4,581.05,595,594.95,588.44,"16,06,488","94,53,18,980.25","65,821","9,08,903",56.58
SONACOMS,EQ,23-Dec-24,588.45,590.55,593.95,580.85,583.8,584.15,585.38,"10,77,200","63,05,66,295.90","41,029","6,58,245",61.11
SONACOMS,EQ,20-Dec-24,609.6,609.6,614.45,586.55,589.5,588.45,595.86,"15,90,527","94,77,30,635.60","53,884","9,63,227",60.56
SONACOMS,EQ,19-Dec-24,611.15,602.5,617.45,598,609.8,609.6,609.65,"19,64,594","1,19,77,16,689.35","53,284","11,91,689",60.66
SONACOMS,EQ,18-Dec-24,621.4,617.8,622.8,601.45,615.05,611.15,611.18,"35,65,082","2,17,89,03,257.05","87,159","24,39,244",68.42
SONACOMS,EQ,17-Dec-24,631.65,632.4,640.1,617.3,619.7,621.4,628.34,"31,50,407","1,97,95,31,940.90","62,903","20,54,145",65.2
SONACOMS,EQ,16-Dec-24,631.8,631.9,634.05,618.2,633.25,631.65,625.6,"22,55,182","1,41,08,34,767.25","84,233","13,48,460",59.79
SONACOMS,EQ,13-Dec-24,635.4,635,639.5,626.1,631.4,631.8,630.81,"8,96,237","56,53,54,043.35","53,940","5,29,239",59.05
SONACOMS,EQ,12-Dec-24,641.75,643.8,645.35,632,635.05,635.4,636.37,"14,89,548","94,79,08,349.15","40,125","9,69,195",65.07
SONACOMS,EQ,11-Dec-24,645.55,646.5,649.05,640.25,641,641.75,642.74,"8,57,593","55,12,08,510.25","34,388","5,37,669",62.7
SONACOMS,EQ,10-Dec-24,659.65,660.5,660.5,638,646,645.55,646.65,"17,89,953","1,15,74,71,761.70","55,219","11,42,897",63.85
SONACOMS,EQ,9-Dec-24,669,669,675.95,658.6,658.8,659.65,664.95,"12,36,327","82,20,94,977.20","37,174","8,17,942",66.16
SONACOMS,EQ,6-Dec-24,675,678.4,678.4,667.1,669.1,669,671.22,"6,59,081","44,23,87,245.00","24,521","4,39,874",66.74
SONACOMS,EQ,5-Dec-24,689.15,692.7,692.7,667.3,675.25,675,674.03,"13,69,054","92,27,88,502.05","42,889","6,88,629",50.3
SONACOMS,EQ,4-Dec-24,672.7,673,697.45,671.2,688.75,689.15,689.51,"18,60,493","1,28,28,29,228.15","58,590","9,69,563",52.11
SONACOMS,EQ,3-Dec-24,676.05,680.7,680.7,670,671.25,672.7,673.45,"6,71,497","45,22,16,394.90","29,121","4,61,862",68.78
SONACOMS,EQ,2-Dec-24,671.6,671,685,668,675.6,676.05,678.27,"10,89,452","73,89,42,872.40","40,077","6,78,733",62.3
SONACOMS,EQ,29-Nov-24,664.7,666,674.45,658.15,669.85,671.6,667.75,"17,76,675","1,18,63,75,977.30","51,258","11,74,678",66.12
SONACOMS,EQ,28-Nov-24,673.8,675.7,679,663.2,664.9,664.7,669.42,"7,18,669","48,10,90,814.15","31,184","4,00,535",55.73
SONACOMS,EQ,27-Nov-24,675.85,683.8,683.8,668.3,674.95,673.8,672.73,"6,73,597","45,31,49,128.55","25,947","3,82,996",56.86
SONACOMS,EQ,26-Nov-24,672.5,672.5,690.4,672.3,675.85,675.85,681.75,"10,43,903","71,16,81,948.45","50,275","5,03,273",48.21
SONACOMS,EQ,25-Nov-24,685.7,694,701,667,669,672.5,677.12,"26,37,722","1,78,60,67,001.15","90,602","17,65,094",66.92
SONACOMS,EQ,22-Nov-24,683.9,683.9,691,675,685,685.7,683.84,"7,60,433","52,00,12,404.35","46,333","4,23,200",55.65
SONACOMS,EQ,21-Nov-24,680.4,680.4,694.85,674,682.5,683.9,684.41,"14,91,622","1,02,08,83,999.95","52,139","7,52,801",50.47
SONACOMS,EQ,19-Nov-24,667.75,667.95,696.6,667.95,680.25,680.4,685.16,"11,67,001","79,95,84,063.80","61,686","4,97,005",42.59
SONACOMS,EQ,18-Nov-24,668.65,679,679,658.65,664.8,667.75,667.1,"9,43,201","62,92,07,191.70","47,516","6,28,181",66.6
SONACOMS,EQ,14-Nov-24,665.95,678.7,682.95,660.55,666.3,668.65,668.62,"7,56,869","50,60,61,524.00","57,784","4,47,076",59.07
SONACOMS,EQ,13-Nov-24,684.05,680,680.55,662.15,666.6,665.95,667.03,"9,80,137","65,37,84,051.75","71,658","6,48,571",66.17
SONACOMS,EQ,12-Nov-24,699.2,699.2,707.8,679.1,681.6,684.05,691.1,"8,92,443","61,67,69,776.60","72,855","5,53,064",61.97
SONACOMS,EQ,11-Nov-24,704,701,714.6,690,699.95,699.2,703.69,"7,30,090","51,37,57,468.55","48,088","3,27,376",44.84
SONACOMS,EQ,8-Nov-24,704.65,707.8,709.9,698.25,700,704,703.61,"15,22,921","1,07,15,43,654.60","31,109","11,69,021",76.76
SONACOMS,EQ,7-Nov-24,709.35,709.7,720.9,703.3,704.85,704.65,709.98,"9,55,455","67,83,56,886.60","33,569","4,85,947",50.86
SONACOMS,BL,7-Nov-24,291,709,709,709,709,709,709,"4,32,682","30,67,71,538.00",1,-,-
SONACOMS,EQ,6-Nov-24,688.9,692,716.55,690,708,709.35,706.78,"19,39,077","1,37,05,09,293.30","60,338","10,06,699",51.92
SONACOMS,EQ,5-Nov-24,688.9,687.8,697.75,675.25,687.75,688.9,684.44,"11,78,166","80,63,80,509.00","36,239","5,71,235",48.49
SONACOMS,EQ,4-Nov-24,697.2,700.85,700.85,680.45,686,688.9,687.17,"6,96,834","47,88,40,969.25","40,391","4,16,442",59.76
SONACOMS,EQ,1-Nov-24,685.7,686.45,720,686.45,698,697.2,702.16,"3,21,861","22,59,99,334.50","10,966","1,15,637",35.93
SONACOMS,EQ,31-Oct-24,685.25,683,691,669.8,685.65,685.7,685.54,"9,84,886","67,51,81,965.20","52,944","5,93,336",60.24
SONACOMS,EQ,30-Oct-24,686.2,682,692.65,679,683.35,685.25,684.75,"21,47,148","1,47,02,58,021.25","36,805","15,21,498",70.86
SONACOMS,EQ,29-Oct-24,690.85,691.8,703.3,670.55,688.95,686.2,683.26,"11,77,278","80,43,90,071.55","46,533","6,28,851",53.42
SONACOMS,EQ,28-Oct-24,699.25,699.25,709.8,684.05,691,690.85,694.16,"46,05,722","3,19,70,93,325.70","49,770","33,94,655",73.71
SONACOMS,EQ,25-Oct-24,729.45,727.5,732.3,695,698,699.25,711.6,"26,48,854","1,88,49,15,599.60","81,385","8,00,196",30.21
SONACOMS,EQ,24-Oct-24,644.1,664,744.9,663.75,728,729.45,717.12,"2,75,94,688","19,78,87,25,762.25","7,61,535","66,37,361",24.05
SONACOMS,EQ,23-Oct-24,635.35,630.15,654.7,629.05,635,644.1,644.46,"16,10,895","1,03,81,50,323.25","66,688","8,36,939",51.95
SONACOMS,EQ,22-Oct-24,633.55,639,649.7,632.05,634,635.35,636.62,"39,89,483","2,53,97,89,269.75","67,171","32,12,292",80.52
SONACOMS,EQ,21-Oct-24,637.3,637.3,639,626.85,633.55,633.55,633.38,"21,47,746","1,36,03,41,032.75","58,492","16,97,945",79.06
SONACOMS,EQ,18-Oct-24,648.6,648.6,653.7,635,637.65,637.3,637.66,"15,57,380","99,30,76,250.45","52,614","10,65,269",68.4
SONACOMS,EQ,17-Oct-24,662.55,663.55,665.4,643.2,650.5,648.6,648.6,"25,94,238","1,68,26,13,792.85","72,002","20,66,158",79.64
SONACOMS,EQ,16-Oct-24,656.8,659,666.55,652.9,662.95,662.55,660.43,"12,24,255","80,85,38,781.50","53,249","7,95,244",64.96
SONACOMS,EQ,15-Oct-24,660.1,665.95,669.95,655.2,656,656.8,659.63,"11,37,736","75,04,81,199.45","43,657","6,94,759",61.07
SONACOMS,EQ,14-Oct-24,665.1,666.65,668.25,656.6,660.7,660.1,660.37,"16,92,063","1,11,73,89,562.35","57,738","13,23,708",78.23
SONACOMS,EQ,11-Oct-24,670.8,675,677,661.5,664.45,665.1,667.69,"7,61,195","50,82,40,617.25","32,989","4,09,017",53.73
SONACOMS,EQ,10-Oct-24,673.1,675,682,665,668.9,670.8,673.26,"25,71,951","1,73,15,83,996.75","39,908","20,02,859",77.87
SONACOMS,EQ,9-Oct-24,673.45,682,694,670.6,672.2,673.1,682.29,"15,74,020","1,07,39,42,537.15","52,093","9,32,176",59.22
SONACOMS,EQ,8-Oct-24,675.45,668.6,680.95,666.15,674,673.45,673.74,"15,49,976","1,04,42,76,921.20","77,552","9,95,362",64.22
SONACOMS,EQ,7-Oct-24,696.8,694,694.5,664.3,676.95,675.45,674.48,"30,99,047","2,09,02,36,294.10","1,10,696","24,26,719",78.31
SONACOMS,EQ,4-Oct-24,706.6,711,711,686.55,695,696.8,693.16,"19,83,326","1,37,47,53,756.75","93,259","12,37,725",62.41
SONACOMS,EQ,3-Oct-24,731.05,716.25,722.65,703,705,706.6,712.72,"13,81,904","98,49,07,431.05","69,478","9,41,233",68.11
SONACOMS,EQ,1-Oct-24,743.4,742,745.7,728.15,729.95,731.05,731.4,"13,44,430","98,33,11,032.80","29,840","10,84,730",80.68
SONACOMS,EQ,30-Sep-24,735.45,734,746.3,728.65,739,743.4,738.41,"8,64,479","63,83,40,288.95","32,133","4,60,665",53.29
SONACOMS,EQ,27-Sep-24,744.1,743.95,743.95,730.85,731.8,735.45,737.11,"11,77,716","86,81,12,003.90","53,571","7,59,643",64.5
SONACOMS,EQ,26-Sep-24,730.05,742.95,755.45,730,746,744.1,740.21,"40,39,878","2,99,03,74,002.15","75,846","20,61,992",51.04
SONACOMS,EQ,25-Sep-24,735.9,735,736.45,714.05,727.3,730.05,720.34,"24,92,409","1,79,53,74,509.90","47,064","18,54,399",74.4
SONACOMS,EQ,24-Sep-24,750.2,749,753.95,734.05,735.05,735.9,738.4,"9,43,870","69,69,55,542.95","38,199","5,17,107",54.79
SONACOMS,EQ,23-Sep-24,748.35,763.35,768.65,743.75,749,750.2,754.49,"16,28,786","1,22,88,96,062.45","50,077","6,52,681",40.07
SONACOMS,EQ,20-Sep-24,728.5,732,759.45,725.05,748.95,748.35,746.05,"53,02,786","3,95,61,56,729.90","1,40,487","35,70,228",67.33
SONACOMS,EQ,19-Sep-24,717.55,723.3,738.8,698,726.6,728.5,719.34,"15,76,534","1,13,40,68,358.75","50,932","7,83,851",49.72
SONACOMS,EQ,18-Sep-24,745.4,742,750.7,711.2,719.2,717.55,723.39,"23,17,400","1,67,63,81,761.50","57,267","12,54,761",54.15
SONACOMS,EQ,17-Sep-24,733.65,738,758.65,735.95,745,745.4,746.51,"32,70,902","2,44,17,74,962.85","77,878","15,09,262",46.14
SONACOMS,EQ,16-Sep-24,724.25,730,737.5,725,733.4,733.65,731.96,"6,84,524","50,10,42,952.70","28,532","3,33,715",48.75
SONACOMS,EQ,13-Sep-24,726.05,731.85,746,721.7,722.8,724.25,734.35,"13,94,286","1,02,38,87,113.75","40,685","6,98,837",50.12
SONACOMS,EQ,12-Sep-24,725.4,719,737.8,718.9,726.05,726.05,729.45,"13,73,502","1,00,18,98,524.35","46,390","6,24,403",45.46
SONACOMS,EQ,11-Sep-24,713.4,719.95,738.35,715.6,722.05,725.4,730.38,"23,58,392","1,72,25,19,470.30","79,309","9,80,398",41.57
SONACOMS,EQ,10-Sep-24,700.15,707.2,725.8,703.9,714.4,713.4,712.43,"25,71,346","1,83,19,11,716.00","77,334","15,91,249",61.88
SONACOMS,EQ,9-Sep-24,718.9,714.9,714.9,685.6,697.05,700.15,697.49,"15,27,955","1,06,57,30,257.40","72,761","7,37,734",48.28
SONACOMS,EQ,6-Sep-24,733.85,737.85,737.85,716,716,718.9,720.76,"20,95,248","1,51,01,73,919.50","41,026","15,66,389",74.76
SONACOMS,EQ,5-Sep-24,722.4,750,752.4,721.7,735.35,733.85,734.2,"54,50,342","4,00,16,66,654.30","1,40,609","24,50,861",44.97
SONACOMS,EQ,4-Sep-24,710.8,703.35,732.6,701.5,721.5,722.4,718.36,"23,86,638","1,71,44,72,425.15","79,352","9,67,610",40.54
SONACOMS,EQ,3-Sep-24,715.05,722,736.5,707,710.2,710.8,722.35,"26,59,537","1,92,11,29,023.25","1,04,993","10,99,515",41.34
SONACOMS,EQ,2-Sep-24,683.35,685,729.9,682.5,721.5,715.05,717.99,"54,17,373","3,88,95,96,733.00","1,49,782","15,65,435",28.9
SONACOMS,EQ,30-Aug-24,689.15,691.95,698.7,678,685,683.35,685.48,"24,15,730","1,65,59,43,060.15","68,302","17,00,295",70.38
SONACOMS,EQ,29-Aug-24,700.1,700.15,722.3,686,692,689.15,699.96,"15,77,836","1,10,44,25,422.45","52,458","6,60,315",41.85
SONACOMS,EQ,28-Aug-24,707.45,705,717.95,697,702,700.1,708.46,"10,89,403","77,17,99,045.55","33,466","5,83,327",53.55
SONACOMS,EQ,27-Aug-24,715.7,719.3,736.9,696.3,700,707.45,723.87,"29,66,671","2,14,74,87,912.60","76,967","8,91,924",30.06
SONACOMS,EQ,26-Aug-24,695.35,695.65,719.5,690.15,717,715.7,706.8,"14,94,572","1,05,63,59,406.20","45,428","7,77,797",52.04
SONACOMS,EQ,23-Aug-24,689.95,689.85,700.25,685.3,697,695.35,693.31,"7,40,655","51,35,01,547.80","34,561","4,00,247",54.04
SONACOMS,EQ,22-Aug-24,681.95,684.9,695.45,684.3,689.85,689.95,689.9,"7,83,372","54,04,46,479.75","32,991","5,20,975",66.5
SONACOMS,EQ,21-Aug-24,699.6,700,701.75,680.2,683.75,681.95,684.58,"9,80,338","67,11,22,783.40","55,623","5,64,652",57.6
SONACOMS,EQ,20-Aug-24,690.4,694.75,702.2,681.6,699,699.6,693.52,"6,66,703","46,23,68,802.30","25,831","3,67,632",55.14
SONACOMS,EQ,19-Aug-24,686.7,693.9,695.6,679,689,690.4,690.17,"5,53,062","38,17,05,206.95","24,710","2,35,020",42.49
SONACOMS,EQ,16-Aug-24,652.35,656.7,691.3,656.4,686.5,686.7,683.74,"19,24,721","1,31,60,04,567.90","62,921","6,94,322",36.07
SONACOMS,EQ,14-Aug-24,659.5,665.45,667.75,643.75,654.9,652.35,652.38,"18,16,896","1,18,53,09,652.45","33,037","14,49,788",79.79
SONACOMS,EQ,13-Aug-24,665.65,665,675.2,657.1,659.6,659.5,663.84,"7,21,791","47,91,54,488.85","33,384","3,85,763",53.45
SONACOMS,EQ,12-Aug-24,678.8,670.1,677.35,660.1,665.9,665.65,667.54,"12,34,517","82,40,93,410.85","35,052","5,74,649",46.55
SONACOMS,EQ,9-Aug-24,655.3,663.4,689,662.25,678.9,678.8,674.72,"20,76,432","1,40,10,16,090.25","82,376","12,20,518",58.78
SONACOMS,EQ,8-Aug-24,655.65,657.4,667.85,648.7,658.7,655.3,660.38,"11,50,238","75,95,99,227.30","64,291","8,52,622",74.13
SONACOMS,EQ,7-Aug-24,651.35,669.45,669.45,650.05,657.3,655.65,655.72,"5,28,032","34,62,42,222.80","31,010","2,58,437",48.94
SONACOMS,EQ,6-Aug-24,658.35,655.55,674.8,648.6,651.55,651.35,661.62,"7,21,444","47,73,19,946.30","25,840","3,23,938",44.9
SONACOMS,EQ,5-Aug-24,689.2,671,676.75,647.6,658.3,658.35,659.87,"30,95,537","2,04,26,59,060.90","91,045","19,48,627",62.95
SONACOMS,EQ,2-Aug-24,672.55,664.9,693,663.4,690,689.2,683.02,"12,17,493","83,15,78,039.50","49,773","6,51,964",53.55
SONACOMS,EQ,1-Aug-24,679.25,679,683.1,668.25,673.55,672.55,674.51,"7,92,866","53,47,92,309.20","33,899","4,87,789",61.52
SONACOMS,EQ,31-Jul-24,679,682.7,683.45,666.65,680.8,679.25,677.18,"16,59,742","1,12,39,48,408.55","78,369","9,07,083",54.65
SONACOMS,EQ,30-Jul-24,685.05,693.05,703,676.15,678.85,679,688.39,"18,68,439","1,28,62,14,879.15","50,517","10,77,777",57.68
SONACOMS,EQ,29-Jul-24,690.25,695.85,696.3,680.05,685,685.05,684.35,"11,45,859","78,41,65,066.55","34,954","6,50,172",56.74
SONACOMS,EQ,26-Jul-24,697.9,704.85,715.3,688,690.65,690.25,700.83,"10,69,519","74,95,53,672.75","26,427","5,45,861",51.04
SONACOMS,EQ,25-Jul-24,687.45,699,718,688.75,693.95,697.9,698.1,"33,55,349","2,34,23,77,924.90","87,302","13,97,619",41.65
SONACOMS,EQ,24-Jul-24,698.05,703,705,686,688.9,687.45,694.42,"4,87,844","33,87,69,902.75","23,377","2,81,961",57.8
SONACOMS,EQ,23-Jul-24,708,708,710.5,681.7,700,698.05,695.12,"12,00,719","83,46,46,178.05","33,681","7,89,401",65.74
SONACOMS,EQ,22-Jul-24,693.5,686.95,710,678,706.55,708,701.05,"11,91,022","83,49,71,697.90","35,751","7,65,966",64.31
SONACOMS,EQ,19-Jul-24,711.5,711,711,682,691,693.5,690.95,"11,29,597","78,04,94,712.50","39,183","6,56,945",58.16
SONACOMS,EQ,18-Jul-24,714.15,710,721.9,701.75,711,711.5,710.19,"13,28,438","94,34,43,855.85","52,730","5,96,955",44.94
SONACOMS,EQ,16-Jul-24,725.45,727.6,731.1,708.5,711.5,714.15,717.88,"7,92,233","56,87,26,996.30","39,763","3,63,969",45.94
SONACOMS,EQ,15-Jul-24,724.4,731.6,764.5,712.05,729,725.45,738.06,"34,39,391","2,53,84,76,111.65","92,477","12,38,052",36
SONACOMS,EQ,12-Jul-24,719.9,720,738.25,715.55,727.5,724.4,728.03,"26,12,054","1,90,16,44,154.75","57,923","15,16,462",58.06
SONACOMS,EQ,11-Jul-24,689.95,692.9,744.3,692,718,719.9,727.08,"1,10,50,793","8,03,47,90,269.85","2,33,129","35,54,115",32.16
SONACOMS,EQ,10-Jul-24,680.15,680.15,692.9,662.65,685,689.95,683.94,"18,38,313","1,25,73,01,491.40","59,481","9,30,069",50.59
SONACOMS,EQ,9-Jul-24,675.05,676.9,690,676.55,679,680.15,682.02,"16,70,930","1,13,96,15,576.05","45,483","8,34,952",49.97
SONACOMS,EQ,8-Jul-24,656.9,656.45,681.9,656,674.85,675.05,673.62,"15,06,819","1,01,50,18,613.35","50,680","7,95,823",52.81
SONACOMS,EQ,5-Jul-24,666.9,666.9,666.9,652.9,655,656.9,656.3,"11,69,183","76,73,29,267.15","40,275","6,21,120",53.12
SONACOMS,EQ,4-Jul-24,670.8,671.05,678.9,660,665.3,666.9,672.72,"7,69,961","51,79,68,140.30","32,992","3,90,420",50.71
SONACOMS,EQ,3-Jul-24,670.95,673,683.9,661.5,670.85,670.8,666.98,"9,42,172","62,84,08,523.35","32,303","3,56,774",37.87
SONACOMS,EQ,2-Jul-24,669.6,672.5,684.3,667,672,670.95,675.51,"15,91,881","1,07,53,23,969.90","62,372","8,80,407",55.31
SONACOMS,EQ,1-Jul-24,641,644.75,672,641.85,668.25,669.6,662.14,"20,73,935","1,37,32,27,096.60","61,238","11,83,407",57.06
SONACOMS,EQ,28-Jun-24,647.35,649,649,636.2,640.3,641,640.3,"7,17,115","45,91,66,564.90","31,095","4,19,537",58.5
SONACOMS,EQ,27-Jun-24,640.1,650,651.9,640.25,647,647.35,646.44,"11,42,754","73,87,19,943.40","43,472","5,59,480",48.96
SONACOMS,EQ,26-Jun-24,633.9,633.9,648,629.05,639.5,640.1,639.27,"9,26,986","59,25,94,410.40","54,046","5,23,180",56.44
SONACOMS,EQ,25-Jun-24,637.55,637.55,639.1,629,631,633.9,633.18,"4,41,400","27,94,85,770.75","21,472","2,47,454",56.06
SONACOMS,EQ,24-Jun-24,629.05,629.05,640.9,625.1,634.5,637.55,634.76,"6,16,902","39,15,85,460.40","25,567","2,59,705",42.1
SONACOMS,EQ,21-Jun-24,637.7,639.9,643.15,626.5,628.35,629.05,633.59,"13,69,141","86,74,70,631.70","47,452","7,90,309",57.72
SONACOMS,EQ,20-Jun-24,642.9,642.9,644.1,633.1,636,637.7,637.33,"9,68,158","61,70,33,789.30","34,812","5,49,387",56.75
SONACOMS,EQ,19-Jun-24,641.3,653,664.3,641,642.5,642.9,649.61,"24,23,762","1,57,44,95,667.40","65,730","12,13,829",50.08
SONACOMS,EQ,18-Jun-24,648.3,654,662,637.65,641.6,641.3,645.84,"15,49,934","1,00,10,09,891.15","74,216","9,97,592",64.36
SONACOMS,EQ,14-Jun-24,651.9,652,654.9,640.15,648.25,648.3,646.88,"17,04,350","1,10,25,02,175.85","65,093","10,22,824",60.01
SONACOMS,EQ,13-Jun-24,662.35,660.4,664.6,651,652,651.9,655.11,"9,96,441","65,27,79,978.70","36,245","5,41,679",54.36
SONACOMS,EQ,12-Jun-24,651.3,654.5,668.35,654.5,663,662.35,661.69,"13,27,291","87,82,52,262.55","59,289","8,58,145",64.65
SONACOMS,EQ,11-Jun-24,660.2,663.75,666,648.8,652.8,651.3,657.16,"5,06,267","33,27,00,517.70","25,086","3,19,908",63.19
SONACOMS,EQ,10-Jun-24,664.45,670,672.1,658.4,661.55,660.2,663.11,"8,65,101","57,36,56,027.00","34,127","5,53,380",63.97
SONACOMS,EQ,7-Jun-24,657,655,665.95,650.1,663,664.45,658.9,"8,43,536","55,58,08,882.55","31,729","3,98,156",47.2
SONACOMS,EQ,6-Jun-24,661.4,664.8,672.95,652,655.25,657,663.11,"6,98,455","46,31,53,921.55","34,532","2,96,363",42.43
SONACOMS,EQ,5-Jun-24,633.5,635,665.05,614.1,660,661.4,648.13,"15,55,292","1,00,80,25,797.90","82,923","9,25,684",59.52
SONACOMS,EQ,4-Jun-24,658.55,659,659.95,605,635,633.5,627.25,"25,63,435","1,60,79,22,819.20","1,28,150","9,70,742",37.87
SONACOMS,EQ,3-Jun-24,651.1,675,676,655.8,659.5,658.55,661.34,"14,00,844","92,64,35,631.50","84,839","8,05,998",57.54
SONACOMS,EQ,31-May-24,638.05,640,657,616.6,651,651.1,643.53,"68,13,576","4,38,47,31,654.75","1,27,491","43,09,935",63.26
SONACOMS,EQ,30-May-24,630.7,624,644.9,618.5,636,638.05,632.41,"17,58,146","1,11,18,70,717.45","62,600","11,94,762",67.96
SONACOMS,EQ,29-May-24,620.9,623.4,633.3,610.55,630,630.7,623.36,"10,91,008","68,00,86,517.30","41,907","6,72,207",61.61
SONACOMS,EQ,28-May-24,636.3,638,643.75,617,626,620.9,627.54,"7,83,966","49,19,67,908.40","34,949","4,03,068",51.41
SONACOMS,EQ,27-May-24,630.4,633.75,640.6,628.05,638.3,636.3,636.83,"9,56,197","60,89,30,942.25","43,166","5,97,156",62.45
SONACOMS,EQ,24-May-24,627.7,627.65,639.4,625.9,629.3,630.4,632.9,"13,99,970","88,60,47,105.70","64,884","8,27,065",59.08
SONACOMS,EQ,23-May-24,633.1,633.8,641.75,626.4,627.95,627.7,634.39,"9,35,640","59,35,61,025.00","44,376","5,19,268",55.5
SONACOMS,EQ,22-May-24,637.3,639.7,647.9,631.05,633.5,633.1,638.76,"12,23,389","78,14,50,409.55","40,373","7,08,599",57.92
SONACOMS,EQ,21-May-24,613.1,613,643,608.6,636.95,637.3,634.87,"33,02,217","2,09,64,69,347.45","94,286","20,00,632",60.58
SONACOMS,EQ,18-May-24,612.75,612.55,616.6,610.2,613.4,613.1,612.85,"83,262","5,10,27,097.05","4,464","48,238",57.94
SONACOMS,EQ,17-May-24,605.05,605.05,614,598.15,612.3,612.75,610.36,"12,71,390","77,59,99,377.30","47,661","7,25,363",57.05
SONACOMS,EQ,16-May-24,604.55,610.6,612.95,601.85,603.7,605.05,606.11,"10,31,717","62,53,38,168.70","52,308","6,52,299",63.22
SONACOMS,EQ,15-May-24,579.7,585.95,608,581.4,605.8,604.55,596.38,"36,13,180","2,15,48,29,124.20","73,799","23,80,028",65.87
SONACOMS,EQ,14-May-24,570.65,571.8,582.75,567.9,579.95,579.7,575.15,"16,46,972","94,72,60,313.35","48,947","9,49,870",57.67
SONACOMS,EQ,13-May-24,590.2,590.95,591.5,565,571.8,570.65,571.35,"38,18,228","2,18,15,35,670.55","92,396","28,92,575",75.76
SONACOMS,EQ,10-May-24,605.5,608.45,609.4,588,590.45,590.2,594.44,"16,25,619","96,63,38,297.25","70,696","10,11,284",62.21
SONACOMS,EQ,9-May-24,614.5,615.5,623,600.7,604,605.5,615.51,"16,44,309","1,01,20,82,651.05","41,990","11,50,807",69.99
SONACOMS,EQ,8-May-24,614.3,613.9,618.15,606,615.25,614.5,612.04,"8,97,463","54,92,84,325.15","47,034","5,08,807",56.69
SONACOMS,EQ,7-May-24,606.65,608,616.55,600.2,613.5,614.3,609.05,"18,36,754","1,11,86,78,763.50","54,573","11,45,787",62.38
SONACOMS,EQ,6-May-24,610.25,615,619,605.55,607.5,606.65,610.79,"7,96,509","48,64,97,206.55","39,430","4,68,353",58.8
SONACOMS,EQ,3-May-24,608.25,614.45,620.9,607,611.5,610.25,614.1,"22,26,760","1,36,74,63,910.85","77,543","11,98,197",53.81
SONACOMS,EQ,2-May-24,625.35,647,647,604.65,608.9,608.25,618.41,"38,94,011","2,40,80,81,752.70","1,07,406","22,32,410",57.33
SONACOMS,EQ,30-Apr-24,636.85,638.85,642,624,625.25,625.35,629.39,"22,51,053","1,41,67,84,607.60","73,885","12,84,625",57.07
SONACOMS,EQ,29-Apr-24,647.7,650,654.2,633.2,636,636.85,640.97,"16,63,062","1,06,59,79,967.30","60,249","11,31,122",68.01
SONACOMS,EQ,26-Apr-24,667.4,667.4,671.25,646.5,648.1,647.7,654.25,"13,11,938","85,83,34,818.20","56,714","8,86,891",67.6
SONACOMS,EQ,25-Apr-24,666.8,666.5,673.7,659.1,668,667.4,666.11,"12,54,468","83,56,15,833.20","45,754","6,78,204",54.06
SONACOMS,EQ,24-Apr-24,665.1,668.45,681,665.05,667.9,666.8,674.46,"14,10,198","95,11,26,894.25","91,010","7,64,475",54.21
SONACOMS,EQ,23-Apr-24,661.2,666,673.8,654.25,666.55,665.1,663.39,"15,16,622","1,00,61,16,260.25","73,126","7,45,008",49.12
SONACOMS,EQ,22-Apr-24,681.25,671,680.95,656.85,661.05,661.2,668.31,"11,25,028","75,18,63,884.35","35,994","5,00,917",44.52
SONACOMS,EQ,19-Apr-24,677.5,669.95,687.7,660.05,682.6,681.25,672.28,"15,42,489","1,03,69,84,591.35","58,769","8,66,468",56.17
SONACOMS,EQ,18-Apr-24,677.4,688,691,673.6,679.05,677.5,679.46,"13,54,164","92,01,01,995.40","46,661","7,74,928",57.23
SONACOMS,EQ,16-Apr-24,665.95,660,687.9,658.1,676.5,677.4,675.08,"15,33,800","1,03,54,42,957.25","63,765","4,51,447",29.43
SONACOMS,EQ,15-Apr-24,680,662.05,679,652,665.7,665.95,665.78,"15,27,913","1,01,72,52,367.20","56,804","5,58,691",36.57
SONACOMS,EQ,12-Apr-24,651.7,665,706.1,660.1,686,680,687.08,"96,23,414","6,61,21,03,403.05","2,21,003","21,12,294",21.95
SONACOMS,EQ,10-Apr-24,644,650,673.2,645,649.9,651.7,660.55,"25,34,713","1,67,43,01,958.15","82,042","9,61,037",37.92
SONACOMS,EQ,9-Apr-24,645.8,649.4,663.35,643,646.6,644,651.53,"13,78,613","89,82,08,848.55","51,010","8,66,820",62.88
SONACOMS,EQ,8-Apr-24,662.6,667,667,642.5,645.9,645.8,649.8,"13,21,109","85,84,51,976.90","58,881","7,76,706",58.79
SONACOMS,EQ,5-Apr-24,663.15,665,678.9,659.2,662.9,662.6,667.13,"10,73,942","71,64,54,812.55","36,327","4,72,681",44.01
SONACOMS,EQ,4-Apr-24,670.5,680.55,680.65,662,663.95,663.15,666.86,"13,61,499","90,79,27,089.80","39,453","7,90,880",58.09
SONACOMS,EQ,3-Apr-24,678.2,684.1,689,662.75,670.5,670.5,676.76,"17,90,061","1,21,14,47,806.90","46,853","9,41,748",52.61
SONACOMS,EQ,2-Apr-24,684.2,689.6,697.65,675,678.7,678.2,687.02,"12,37,754","85,03,65,528.10","39,162","7,01,572",56.68
SONACOMS,EQ,1-Apr-24,705.95,709.95,714,682.9,687.8,684.2,693.15,"13,13,357","91,03,57,019.25","52,845","6,66,246",50.73
SONACOMS,EQ,28-Mar-24,681.45,685.6,711.9,671.95,702,705.95,693.26,"19,14,651","1,32,73,57,391.50","50,173","8,16,119",42.62
SONACOMS,EQ,27-Mar-24,699.6,703,716,678,684.05,681.45,696.03,"18,14,402","1,26,28,74,031.70","82,321","8,98,923",49.54
SONACOMS,EQ,26-Mar-24,691.45,689.9,704.7,685.1,701,699.6,694.46,"26,01,520","1,80,66,58,767.20","89,551","17,38,460",66.82
SONACOMS,EQ,22-Mar-24,678.9,676.8,698.7,674.05,691,691.45,690.43,"23,38,126","1,61,43,23,772.15","69,912","9,35,167",40
SONACOMS,EQ,21-Mar-24,637.85,644.85,687.7,644.6,678.5,678.9,671.11,"30,73,721","2,06,28,18,167.75","92,792","9,46,608",30.8
SONACOMS,EQ,20-Mar-24,653.8,649.9,653.55,631.1,637.45,637.85,639.33,"13,53,887","86,55,80,497.00","63,792","7,08,889",52.36
SONACOMS,EQ,19-Mar-24,663.05,664,664.4,648,651.75,653.8,654.41,"10,64,611","69,66,90,642.55","39,151","5,55,728",52.2
SONACOMS,EQ,18-Mar-24,641.6,645,669.1,645,664,663.05,659.31,"23,60,158","1,55,60,72,978.60","93,866","8,32,964",35.29
SONACOMS,EQ,15-Mar-24,638.9,639,647.15,626.4,635.55,641.6,639.28,"19,70,945","1,25,99,89,403.25","68,410","9,25,956",46.98
SONACOMS,EQ,14-Mar-24,642.5,629.3,648,622.05,643.35,638.9,634.26,"26,42,690","1,67,61,46,253.00","79,941","13,69,336",51.82
SONACOMS,EQ,13-Mar-24,686.95,684,688.05,603.65,646.7,642.5,633.2,"69,54,030","4,40,32,72,027.50","2,05,154","27,57,213",39.65
SONACOMS,EQ,12-Mar-24,701.35,703.45,708,679.5,685,686.95,694.03,"13,91,629","96,58,31,900.75","49,374","8,42,539",60.54
SONACOMS,EQ,11-Mar-24,684.35,690,715.2,682.55,702,701.35,704.51,"23,12,254","1,62,90,11,943.90","72,551","9,13,824",39.52
SONACOMS,EQ,7-Mar-24,681.3,680.5,695.25,678.5,681.7,684.35,686.19,"21,77,919","1,49,44,61,394.10","52,275","13,64,257",62.64
SONACOMS,EQ,6-Mar-24,680.2,681,686.7,663.15,684,681.3,674.73,"12,82,712","86,54,79,193.40","54,110","6,57,418",51.25
SONACOMS,EQ,5-Mar-24,672.95,677,687,671.25,680.05,680.2,679.92,"11,65,243","79,22,77,585.20","38,938","5,76,172",49.45
SONACOMS,EQ,4-Mar-24,694.2,694.2,694.2,671,674,672.95,676.51,"15,16,854","1,02,61,60,086.00","53,504","7,92,859",52.27
SONACOMS,EQ,2-Mar-24,671.35,673.2,703.9,671.95,695,694.2,692.58,"2,78,592","19,29,46,585.65","9,985","1,28,033",45.96
SONACOMS,EQ,1-Mar-24,689.35,693.35,696,668.2,673.2,671.35,675.91,"13,45,119","90,91,83,886.40","71,626","5,90,130",43.87
SONACOMS,EQ,29-Feb-24,660.8,654,718.85,653.05,686.95,689.35,697.66,"81,28,571","5,67,09,87,311.15","1,91,692","21,47,623",26.42
SONACOMS,EQ,28-Feb-24,688.1,689,691.5,655,656.65,660.8,670.25,"20,14,512","1,35,02,17,676.30","63,513","11,79,647",58.56
SONACOMS,EQ,27-Feb-24,664.1,666,694.8,665,686.65,688.1,686.76,"46,04,527","3,16,22,22,177.20","1,10,266","15,40,561",33.46
SONACOMS,EQ,26-Feb-24,649.25,650,669.85,643.05,664.15,664.1,658.57,"28,73,080","1,89,21,22,695.35","97,584","12,79,539",44.54
SONACOMS,EQ,23-Feb-24,612.95,642.8,652,617.3,649,649.25,638.96,"47,77,513","3,05,26,59,630.70","1,01,932","16,53,201",34.6
SONACOMS,EQ,22-Feb-24,612.3,615,616.95,605.7,612.8,612.95,611.47,"10,34,652","63,26,57,125.05","38,103","5,44,902",52.67
SONACOMS,EQ,21-Feb-24,639.85,642,642,608.5,609.9,612.3,622.88,"15,16,659","94,46,97,150.35","54,893","8,43,917",55.64
SONACOMS,EQ,20-Feb-24,614.8,619.85,656.5,618.6,640,639.85,643.46,"53,26,806","3,42,75,92,581.80","1,30,575","18,14,893",34.07
SONACOMS,EQ,19-Feb-24,613.9,618,623.3,612.05,613.95,614.8,616.45,"7,43,984","45,86,30,546.85","54,141","4,57,510",61.49
SONACOMS,EQ,16-Feb-24,613.2,616,626.1,611.45,613,613.9,617.81,"7,24,514","44,76,11,787.35","39,326","4,35,766",60.15
SONACOMS,EQ,15-Feb-24,606.3,616.15,617.5,608.35,610.45,613.2,612.52,"5,66,335","34,68,90,071.60","41,857","3,41,554",60.31
SONACOMS,EQ,14-Feb-24,583.4,580,613.5,580,610.9,606.3,595.04,"12,59,798","74,96,30,472.70","65,222","8,52,265",67.65
SONACOMS,EQ,13-Feb-24,593.95,593.95,599.15,581.25,582,583.4,587.73,"5,44,785","32,01,89,034.65","32,506","3,01,176",55.28
SONACOMS,EQ,12-Feb-24,619.35,627,627.9,585,591.55,593.95,606.57,"6,13,057","37,18,63,603.80","30,197","2,57,829",42.06
SONACOMS,EQ,9-Feb-24,607.55,607,621.85,590.7,618,619.35,607.06,"7,94,470","48,22,92,535.95","37,175","3,27,162",41.18
SONACOMS,EQ,8-Feb-24,627.4,629.5,629.95,603.25,610,607.55,615.31,"7,61,555","46,85,93,719.90","32,840","4,75,026",62.38
SONACOMS,EQ,7-Feb-24,631.3,635,636.5,621.85,626.75,627.4,627.77,"5,67,480","35,62,48,628.90","30,418","3,28,037",57.81
SONACOMS,EQ,6-Feb-24,639.5,635.1,646.9,625,630,631.3,635.05,"10,86,519","68,99,96,736.00","49,744","5,40,055",49.71
SONACOMS,EQ,5-Feb-24,630.35,630.35,646.2,626.15,637.5,639.5,639.02,"11,41,079","72,91,71,271.45","43,290","6,64,008",58.19
SONACOMS,EQ,2-Feb-24,629.25,629.4,641,619.25,628.7,630.35,630.99,"17,37,527","1,09,63,68,861.60","58,898","8,81,959",50.76
SONACOMS,EQ,1-Feb-24,618.2,622.15,632.7,620,629,629.25,626.68,"16,60,958","1,04,08,94,956.95","50,838","9,21,649",55.49
SONACOMS,EQ,31-Jan-24,596.9,596.9,620.1,593.15,619.3,618.2,608.96,"28,92,565","1,76,14,52,583.45","51,961","17,79,221",61.51
SONACOMS,EQ,30-Jan-24,597.3,597.35,608.4,591.65,595.5,596.9,600.44,"18,91,243","1,13,55,82,856.55","34,327","13,64,058",72.12
SONACOMS,EQ,29-Jan-24,585.4,590,599,587,597,597.3,593.09,"11,13,808","66,05,92,191.40","41,220","7,87,533",70.71
SONACOMS,EQ,25-Jan-24,585.7,585.25,590.55,578.5,583.8,585.4,584.39,"10,29,950","60,18,87,424.65","36,451","4,91,572",47.73
SONACOMS,EQ,24-Jan-24,579.95,599,599,578.5,585.9,585.7,588.46,"21,93,213","1,29,06,09,776.15","89,830","9,61,666",43.85
SONACOMS,EQ,23-Jan-24,587.05,590.1,591.5,571.25,574.5,579.95,577.74,"19,48,854","1,12,59,23,921.65","62,300","13,33,492",68.42
SONACOMS,EQ,20-Jan-24,584.95,587.4,592,585.25,586.85,587.05,588.47,"3,65,201","21,49,10,833.75","14,086","1,81,183",49.61
SONACOMS,EQ,19-Jan-24,576.95,581.6,587.65,574,584.8,584.95,578.31,"16,22,887","93,85,34,479.05","66,746","11,69,429",72.06
SONACOMS,EQ,18-Jan-24,577.1,577,581.25,562.1,579.8,576.95,573.37,"12,31,476","70,60,91,134.50","44,870","7,09,681",57.63
SONACOMS,EQ,17-Jan-24,589.65,587.5,588.75,575,577.25,577.1,582.11,"13,70,375","79,77,14,247.90","47,957","8,54,543",62.36
SONACOMS,EQ,16-Jan-24,599.5,597.95,599.8,585,591.95,589.65,591.14,"14,19,145","83,89,12,760.40","51,689","7,92,615",55.85
SONACOMS,EQ,15-Jan-24,605.35,608.85,613.45,595.05,599.5,599.5,601.23,"14,43,551","86,79,05,723.20","37,873","8,62,942",59.78
SONACOMS,EQ,12-Jan-24,606.7,607.3,611.4,602.65,605.25,605.35,605.85,"15,18,070","91,97,16,466.00","41,600","10,39,710",68.49
SONACOMS,EQ,11-Jan-24,614.7,617.5,624.5,605.05,608,606.7,612.35,"25,28,881","1,54,85,70,646.05","54,538","14,67,449",58.03
SONACOMS,EQ,10-Jan-24,637.55,640,643,611.05,615.4,614.7,619.17,"22,99,073","1,42,35,27,592.35","67,302","11,18,106",48.63
SONACOMS,EQ,9-Jan-24,638.1,641.1,646.5,632.15,638,637.55,640.05,"9,56,631","61,22,96,231.95","25,236","6,04,406",63.18
SONACOMS,EQ,8-Jan-24,647.1,648,649.25,635.5,638.95,638.1,640.21,"8,01,005","51,28,08,874.15","26,190","3,90,808",48.79
SONACOMS,EQ,5-Jan-24,648.5,650.85,662.85,644.15,646.95,647.1,654.38,"14,46,002","94,62,37,424.25","39,303","6,71,143",46.41
SONACOMS,EQ,4-Jan-24,638.05,640.25,669.95,638.35,649.05,648.5,655.23,"34,34,482","2,25,03,88,990.95","80,149","12,55,733",36.56
SONACOMS,EQ,3-Jan-24,641.7,643.5,643.85,630.1,636.95,638.05,637.41,"10,62,492","67,72,46,048.15","31,624","5,07,450",47.76
SONACOMS,EQ,2-Jan-24,645.65,646,651.7,630,646.9,641.7,641.82,"17,83,141","1,14,44,62,712.25","47,944","6,93,435",38.89
SONACOMS,EQ,1-Jan-24,644.5,646,657.9,639.6,644.8,645.65,648.34,"20,80,698","1,34,89,94,545.10","39,916","8,41,678",40.45
SONACOMS,EQ,29-Dec-23,631.8,639.05,651.65,633.1,643.5,644.5,642.65,"41,21,670","2,64,87,97,347.25","81,724","10,19,057",24.72
SONACOMS,EQ,28-Dec-23,614.5,618,636.85,608,634.5,631.8,626.07,"74,06,636","4,63,70,62,356.50","1,41,899","15,82,586",21.37
SONACOMS,EQ,27-Dec-23,578.85,582,625.7,581,616.05,614.5,612.97,"1,04,19,288","6,38,67,31,922.25","2,31,249","24,31,682",23.34
SONACOMS,EQ,26-Dec-23,577,579.95,589.8,576,577.95,578.85,581.61,"9,62,004","55,95,10,682.65","37,561","5,32,370",55.34
SONACOMS,EQ,22-Dec-23,571.4,575,580.9,571.65,575.8,577,577.26,"11,87,816","68,56,75,810.85","37,102","5,53,108",46.57
SONACOMS,EQ,21-Dec-23,538,538,573.75,531.6,570,571.4,563.75,"34,42,828","1,94,09,04,750.75","90,071","15,12,783",43.94
SONACOMS,EQ,20-Dec-23,560.35,564,567.5,534.25,537.7,538,556.24,"21,82,459","1,21,39,65,563.30","82,468","15,75,137",72.17
SONACOMS,EQ,19-Dec-23,562.7,564.7,567.8,559.1,561,560.35,563.06,"19,18,653","1,08,03,15,185.40","27,682","16,10,775",83.95
SONACOMS,EQ,18-Dec-23,552.8,556.5,570.8,552.95,562.8,562.7,564.66,"16,85,214","95,15,76,349.95","42,853","10,11,885",60.04
SONACOMS,EQ,15-Dec-23,558.1,560,562.65,548.5,552.95,552.8,554.07,"12,54,239","69,49,36,385.35","46,260","8,73,440",69.64
SONACOMS,EQ,14-Dec-23,555.95,559.6,562.25,555.35,558.2,558.1,558.02,"5,52,515","30,83,16,079.90","22,514","3,90,003",70.59
SONACOMS,EQ,13-Dec-23,557.75,562.6,562.6,552.6,556.3,555.95,555.52,"8,07,360","44,85,03,975.05","30,513","5,39,622",66.84
SONACOMS,EQ,12-Dec-23,570,570,571.7,554.05,559.4,557.75,561.37,"8,78,426","49,31,20,316.10","42,336","5,99,770",68.28
SONACOMS,EQ,11-Dec-23,571.8,571.8,573,566.25,568.9,570,569.39,"3,78,595","21,55,66,597.95","18,994","2,13,922",56.5
SONACOMS,EQ,8-Dec-23,577.25,580,583.3,570.3,571,571.8,575.02,"7,06,183","40,60,72,016.95","27,528","4,35,977",61.74
SONACOMS,EQ,7-Dec-23,572.35,575.4,584.55,573.05,578.9,577.25,579.9,"8,37,733","48,57,99,447.95","31,262","4,37,729",52.25
SONACOMS,EQ,6-Dec-23,578.75,583,585.5,569.1,573,572.35,575.66,"8,36,932","48,17,91,558.50","27,257","4,27,783",51.11
SONACOMS,EQ,5-Dec-23,562.35,562.8,579.95,562.55,578.9,578.75,574.94,"16,70,248","96,02,97,049.10","42,578","9,01,945",54
SONACOMS,EQ,4-Dec-23,562.15,565,571.8,559,563.4,562.35,561.98,"16,81,465","94,49,47,645.90","33,670","13,11,924",78.02
SONACOMS,EQ,1-Dec-23,558,563.5,566,556,562.8,562.15,560.32,"20,72,845","1,16,14,60,549.75","53,106","15,21,570",73.4
SONACOMS,EQ,30-Nov-23,554.8,555.6,562.6,551.5,558,558,558.11,"36,60,273","2,04,28,51,359.05","69,039","25,62,048",70
SONACOMS,EQ,29-Nov-23,558.25,563,564.7,551.25,555.2,554.8,557.93,"12,85,471","71,72,02,517.50","49,138","8,88,968",69.16
SONACOMS,EQ,28-Nov-23,568.15,572.4,573.4,555.5,559.1,558.25,560.43,"13,75,997","77,11,51,211.00","55,577","9,09,611",66.11
SONACOMS,EQ,24-Nov-23,575.75,575.9,577.7,566.95,568.8,568.15,571.93,"9,86,656","56,43,02,761.20","27,382","7,42,478",75.25
SONACOMS,EQ,23-Nov-23,578.15,579.65,582.9,572,578,575.75,577.38,"4,79,014","27,65,74,445.30","19,300","2,94,858",61.56
SONACOMS,EQ,22-Nov-23,585.5,586.95,588.6,574.25,578.8,578.15,579.25,"8,60,263","49,83,07,333.80","34,518","4,82,470",56.08
SONACOMS,EQ,21-Nov-23,579.25,580.95,598.4,568.9,585,585.5,587.86,"16,56,263","97,36,54,708.00","47,696","5,60,301",33.83
SONACOMS,EQ,20-Nov-23,585.8,586.4,592,575.6,581.25,579.25,580.24,"4,87,724","28,29,95,879.90","21,111","2,82,340",57.89
SONACOMS,EQ,17-Nov-23,579.2,580.4,590.6,577.15,586.5,585.8,583.96,"10,18,975","59,50,43,680.70","32,470","5,02,650",49.33
SONACOMS,EQ,16-Nov-23,588.25,592.7,603.9,575.6,579.5,579.2,584.95,"18,68,117","1,09,27,61,644.65","49,482","9,20,665",49.28
SONACOMS,EQ,15-Nov-23,559.95,568.95,592.95,564.25,587.5,588.25,578.58,"23,25,445","1,34,54,64,098.55","62,043","12,69,907",54.61
SONACOMS,EQ,13-Nov-23,571,570,572.75,558,560.5,559.95,564.4,"7,38,903","41,70,40,429.10","21,172","4,92,684",66.68
SONACOMS,EQ,12-Nov-23,565.25,570,574,568.05,570.5,571,571.53,"1,57,784","9,01,77,721.15","7,889","1,12,988",71.61
SONACOMS,EQ,10-Nov-23,565.3,565,568.45,561.3,565.8,565.25,564.97,"7,36,785","41,62,58,662.30","18,150","5,02,727",68.23
SONACOMS,EQ,9-Nov-23,562.6,562.85,566.65,555.2,565.5,565.3,563.65,"7,21,273","40,65,44,229.25","23,776","4,89,879",67.92
SONACOMS,EQ,8-Nov-23,563.95,567.7,567.75,558.35,561,562.6,563.36,"4,98,569","28,08,73,780.30","15,204","3,41,339",68.46
SONACOMS,EQ,7-Nov-23,556.15,559.4,565,555.05,563.4,563.95,561.09,"10,20,888","57,28,12,090.45","33,680","6,59,243",64.58
SONACOMS,EQ,6-Nov-23,548.45,551.65,560,547.15,558,556.15,553.65,"5,80,483","32,13,86,885.25","21,177","3,67,005",63.22
SONACOMS,EQ,3-Nov-23,541.45,543.5,549.9,540.3,547.85,548.45,545.06,"7,84,444","42,75,71,121.45","23,363","5,23,548",66.74
SONACOMS,EQ,2-Nov-23,542.55,544.5,548.8,539.75,541.4,541.45,542.99,"5,91,842","32,13,63,487.45","19,506","3,31,912",56.08
SONACOMS,EQ,1-Nov-23,541.5,542.9,551,540.65,542,542.55,544.27,"5,61,655","30,56,91,660.55","20,630","2,80,256",49.9
SONACOMS,EQ,31-Oct-23,546.55,550.05,557.05,540.15,542.9,541.5,547.38,"14,00,438","76,65,77,395.55","38,323","7,33,820",52.4
SONACOMS,EQ,30-Oct-23,551.2,554.4,555.2,542.35,544,546.55,547.35,"9,89,644","54,16,83,649.25","20,511","6,39,256",64.59
SONACOMS,EQ,27-Oct-23,546.15,546.15,563.4,545,554.85,551.2,556.05,"18,16,563","1,01,00,95,540.40","53,131","7,76,427",42.74
SONACOMS,EQ,26-Oct-23,512.75,520,553.05,518.9,549,546.15,535.42,"82,47,071","4,41,56,55,611.40","1,56,795","21,60,127",26.19
SONACOMS,EQ,25-Oct-23,508.95,511.25,517,488.1,516.7,512.75,507.98,"16,26,925","82,64,49,286.35","44,696","8,43,841",51.87
SONACOMS,EQ,23-Oct-23,540.5,544.5,545.9,502.9,509.85,508.95,519.29,"15,31,268","79,51,66,087.55","54,809","8,43,758",55.1
SONACOMS,EQ,20-Oct-23,549.4,549.4,551.05,535.9,540.5,540.5,543.97,"13,21,108","71,86,39,490.10","37,148","9,36,221",70.87
SONACOMS,EQ,19-Oct-23,558.6,555.1,558.2,548.65,548.65,549.4,551.19,"5,00,130","27,56,64,734.90","21,596","3,48,419",69.67
SONACOMS,EQ,18-Oct-23,559.45,562.95,563.4,551.5,558,558.6,557.97,"5,78,227","32,26,34,490.85","24,931","3,63,891",62.93
SONACOMS,EQ,17-Oct-23,559.65,561.5,563.65,555,559.5,559.45,558.77,"5,94,822","33,23,69,059.50","15,723","3,54,508",59.6
SONACOMS,EQ,16-Oct-23,560.1,560.05,563.6,557.7,559.95,559.65,559.67,"2,77,010","15,50,34,956.40","17,465","1,61,440",58.28
SONACOMS,EQ,13-Oct-23,560.6,558.95,561.7,557.15,559,560.1,559.92,"3,57,793","20,03,37,124.30","12,138","2,20,885",61.74
SONACOMS,EQ,12-Oct-23,559.65,563.75,565.95,557.3,560.95,560.6,561.82,"4,75,700","26,72,58,536.40","15,598","2,89,142",60.78
SONACOMS,EQ,11-Oct-23,554.25,558.85,568.6,556.1,557,559.65,563.29,"9,96,464","56,13,01,235.30","28,987","6,21,026",62.32
SONACOMS,EQ,10-Oct-23,555.1,558,563,551.5,555.5,554.25,557.46,"10,08,953","56,24,52,323.35","23,643","6,73,483",66.75
SONACOMS,EQ,9-Oct-23,569.1,565.4,566,550.3,555.5,555.1,555.33,"11,72,173","65,09,39,718.35","45,282","8,07,556",68.89
SONACOMS,EQ,6-Oct-23,572.55,573.8,577.9,568,568,569.1,572.84,"8,07,264","46,24,33,857.20","16,412","6,07,744",75.28
SONACOMS,EQ,5-Oct-23,573,577,579.9,570.5,571.9,572.55,573.96,"6,52,691","37,46,21,087.95","24,682","4,33,336",66.39
SONACOMS,EQ,4-Oct-23,585.2,581,585,572.15,573.1,573,578.14,"6,99,871","40,46,25,119.75","20,048","4,37,112",62.46
SONACOMS,EQ,3-Oct-23,583.4,583.3,586.95,576.6,585,585.2,582.55,"4,83,018","28,13,82,322.25","18,597","2,96,108",61.3
SONACOMS,EQ,29-Sep-23,579.85,583,587.1,580,585,583.4,583.24,"4,09,420","23,87,88,691.70","17,822","1,86,826",45.63
SONACOMS,EQ,28-Sep-23,590.4,594,595.75,577,581,579.85,586.32,"5,49,407","32,21,28,706.60","23,009","2,84,089",51.71
SONACOMS,EQ,27-Sep-23,577.3,579.9,593,577.3,590,590.4,585.95,"6,23,755","36,54,88,615.10","21,993","3,57,818",57.37
SONACOMS,EQ,26-Sep-23,569.4,571.6,584.9,571.4,578.5,577.3,579.87,"8,78,926","50,96,60,800.30","26,872","5,42,145",61.68
SONACOMS,EQ,25-Sep-23,580.05,582.65,585.75,567.5,570.05,569.4,572.49,"11,52,480","65,97,78,524.65","37,076","7,81,807",67.84
SONACOMS,EQ,22-Sep-23,590.95,596.6,596.6,579.05,580.5,580.05,584.79,"6,06,387","35,46,06,125.20","20,448","2,98,362",49.2
SONACOMS,EQ,21-Sep-23,603.2,598,618,585.3,591,590.95,605.95,"18,67,914","1,13,18,69,282.25","40,653","8,50,809",45.55
SONACOMS,EQ,20-Sep-23,598.9,593,612.9,585.85,603.8,603.2,604.06,"17,83,825","1,07,75,30,534.55","48,957","8,49,492",47.62
SONACOMS,EQ,18-Sep-23,599.25,598,600,587,599,598.9,593.72,"10,34,472","61,41,89,517.65","25,558","5,53,091",53.47
SONACOMS,EQ,15-Sep-23,587,589.7,601.75,582.55,598,599.25,594.96,"15,21,844","90,54,43,629.05","36,450","8,92,681",58.66
SONACOMS,EQ,14-Sep-23,571.6,587,594.4,582.05,585.9,587,588.18,"9,34,075","54,94,03,923.10","25,035","3,06,983",32.86
SONACOMS,EQ,13-Sep-23,583.65,584,586.5,566.05,569,571.6,571.41,"18,63,052","1,06,45,57,882.05","60,475","10,38,130",55.72
SONACOMS,EQ,12-Sep-23,605.3,607.5,610,579.05,585.6,583.65,587.93,"16,54,348","97,26,42,074.60","49,361","9,09,888",55
SONACOMS,EQ,11-Sep-23,591.9,594.55,608,587.45,603.5,605.3,601.11,"16,45,727","98,92,61,673.30","43,140","9,96,418",60.55
SONACOMS,EQ,8-Sep-23,583.65,588.5,593,581.15,590.6,591.9,588.78,"7,45,266","43,87,97,529.85","23,474","4,52,778",60.75
SONACOMS,EQ,7-Sep-23,575.05,578.7,593.65,575.5,584,583.65,585.86,"11,82,455","69,27,58,689.10","47,795","5,47,157",46.27
SONACOMS,EQ,6-Sep-23,578.9,583.95,587,573.05,576,575.05,577.28,"7,65,700","44,20,20,186.15","28,789","4,66,086",60.87
SONACOMS,EQ,5-Sep-23,583.25,589.85,593.65,578,579,578.9,584.37,"8,76,543","51,22,29,163.50","25,221","4,96,303",56.62
SONACOMS,EQ,4-Sep-23,592.25,596,597.8,582.15,583.3,583.25,586.33,"10,18,935","59,74,28,864.00","21,850","6,25,533",61.39
SONACOMS,EQ,1-Sep-23,595.6,597.75,598.95,587.75,592,592.25,592.34,"8,31,685","49,26,39,223.45","24,030","4,21,898",50.73
SONACOMS,EQ,31-Aug-23,579.4,581.95,605.75,578.05,595,595.6,594.82,"39,32,793","2,33,92,95,599.20","57,856","24,03,602",61.12
SONACOMS,EQ,30-Aug-23,579.95,580.95,584.4,573.6,579,579.4,577.38,"12,45,028","71,88,51,737.85","61,309","7,24,913",58.22
SONACOMS,EQ,29-Aug-23,590.35,590.35,593.7,578.1,580.05,579.95,582.83,"11,90,928","69,41,12,412.40","35,190","7,14,043",59.96
SONACOMS,EQ,28-Aug-23,585.95,589.4,594.4,585.35,590,590.35,589.78,"5,82,820","34,37,35,783.35","29,554","3,16,590",54.32
SONACOMS,EQ,25-Aug-23,589,590,590,573.2,589.65,585.95,581.99,"11,51,562","67,01,98,724.75","46,019","6,15,609",53.46
SONACOMS,EQ,24-Aug-23,586.8,591,599.75,587.1,589.6,589,591.45,"12,17,431","72,00,49,497.35","44,134","6,98,242",57.35
SONACOMS,EQ,23-Aug-23,611.35,619.35,625.95,581.05,587,586.8,610.37,"34,31,091","2,09,42,35,459.65","80,983","20,47,561",59.68
SONACOMS,EQ,22-Aug-23,590.9,596.9,616.35,593.15,612,611.35,605.15,"32,95,859","1,99,44,85,941.60","97,220","16,29,608",49.44
SONACOMS,EQ,21-Aug-23,566.85,570.05,594.9,570.05,587.9,590.9,583.52,"21,54,652","1,25,72,75,331.45","49,172","11,58,978",53.79
SONACOMS,EQ,18-Aug-23,566.9,569,576.5,565,566.8,566.85,570.55,"14,44,993","82,44,34,497.90","54,266","9,11,303",63.07
SONACOMS,EQ,17-Aug-23,554.5,555.1,571.6,555.1,568.4,566.9,565.92,"16,89,856","95,63,27,187.05","41,870","9,14,501",54.12
SONACOMS,EQ,16-Aug-23,549.7,550,560,548.05,554,554.5,554.4,"10,74,965","59,59,63,252.05","39,763","7,58,670",70.58
SONACOMS,EQ,14-Aug-23,555.65,554.95,554.95,535.15,550,549.7,546.57,"19,54,468","1,06,82,52,452.25","67,945","13,38,983",68.51
SONACOMS,EQ,11-Aug-23,560.35,560,560,554.1,555.6,555.65,555.8,"11,69,346","64,99,20,976.75","22,664","9,39,564",80.35
SONACOMS,EQ,10-Aug-23,554.5,555,562.45,554.5,560.55,560.35,559.56,"7,24,768","40,55,47,692.65","34,981","4,74,790",65.51
SONACOMS,EQ,9-Aug-23,556.5,556.5,560.35,553.35,554,554.5,555.69,"5,40,961","30,06,09,260.75","25,109","3,71,130",68.61
SONACOMS,EQ,8-Aug-23,556.55,557.8,561.95,552.5,556,556.5,557.97,"9,81,629","54,77,17,469.35","27,297","5,78,024",58.88
SONACOMS,EQ,7-Aug-23,557.75,557.75,560,553.3,555.95,556.55,556.96,"5,69,876","31,73,98,885.25","20,706","3,41,073",59.85
SONACOMS,EQ,4-Aug-23,563.45,565,566.5,549.1,557,557.75,560.58,"6,38,424","35,78,85,324.55","20,875","3,71,841",58.24
SONACOMS,EQ,3-Aug-23,554.6,549.05,567.5,549.05,563.75,563.45,558.72,"14,25,261","79,63,15,543.75","47,633","7,69,176",53.97
SONACOMS,EQ,2-Aug-23,567.05,566,568.75,547,555,554.6,556.19,"13,55,336","75,38,21,607.90","60,652","7,38,511",54.49
SONACOMS,EQ,1-Aug-23,570.1,575,575,565.1,566.05,567.05,568.99,"10,37,389","59,02,61,934.75","43,638","7,44,809",71.8
SONACOMS,EQ,31-Jul-23,565.1,555.8,575.3,555.8,572.05,570.1,565.11,"16,51,725","93,33,98,961.85","78,371","9,84,059",59.58
SONACOMS,EQ,28-Jul-23,591.55,596.9,605.25,561.25,565,565.1,573.88,"36,98,927","2,12,27,51,329.10","1,20,753","18,59,394",50.27
SONACOMS,EQ,27-Jul-23,597.3,597.6,605,586.3,594.2,591.55,598.08,"13,11,424","78,43,36,443.15","37,814","7,03,518",53.65
SONACOMS,EQ,26-Jul-23,594.7,596.8,603.9,591,594.9,597.3,597.93,"24,46,274","1,46,27,12,692.65","42,800","17,02,290",69.59
SONACOMS,EQ,25-Jul-23,580.8,587,598,585.95,593.05,594.7,592.05,"21,69,996","1,28,47,49,408.75","59,272","14,15,640",65.24
SONACOMS,EQ,24-Jul-23,572.1,573.9,583.2,566,581.4,580.8,579.26,"23,98,697","1,38,94,80,208.45","57,427","15,25,036",63.58
SONACOMS,EQ,21-Jul-23,563.4,565,581,560.55,573.1,572.1,571.78,"24,13,588","1,38,00,38,560.45","63,025","12,94,781",53.65
SONACOMS,EQ,20-Jul-23,553.95,555.9,565,555,564.1,563.4,560.79,"18,54,360","1,03,99,10,030.50","30,363","12,87,319",69.42
SONACOMS,EQ,19-Jul-23,543.35,543.9,557.2,543.9,555.5,553.95,552.11,"22,27,259","1,22,96,98,827.65","53,511","14,52,284",65.2
SONACOMS,EQ,18-Jul-23,544.4,547,549,537.1,543.35,543.35,543.31,"8,62,210","46,84,50,347.60","26,954","4,65,529",53.99
SONACOMS,EQ,17-Jul-23,547.25,549.2,551.45,539.25,545.6,544.4,544.85,"11,82,995","64,45,50,386.10","38,413","6,24,011",52.75
SONACOMS,EQ,14-Jul-23,542.4,548,552,543.25,546,547.25,547.99,"13,12,952","71,94,80,343.70","40,919","7,63,258",58.13
SONACOMS,EQ,13-Jul-23,542.85,545.7,550.8,533,543.65,542.4,543.83,"16,12,941","87,71,58,612.30","51,605","8,08,982",50.16
SONACOMS,EQ,12-Jul-23,540.15,542.05,549.4,540.9,542.5,542.85,544.68,"18,47,684","1,00,63,88,557.30","31,704","13,02,666",70.5
SONACOMS,EQ,11-Jul-23,534.3,540,548.8,538.15,540.25,540.15,543.4,"21,23,513","1,15,39,10,437.25","60,180","12,48,239",58.78
SONACOMS,EQ,10-Jul-23,535.3,537.2,543.85,532,533,534.3,537.03,"20,35,474","1,09,31,10,863.75","44,678","11,93,299",58.63
SONACOMS,EQ,7-Jul-23,523.95,528,540,524.05,535.05,535.3,533.88,"36,16,985","1,93,10,47,510.20","61,342","17,94,705",49.62
SONACOMS,EQ,6-Jul-23,515.8,515.8,527,515.8,523.5,523.95,522.96,"13,85,717","72,46,68,802.35","34,798","8,24,833",59.52
SONACOMS,EQ,5-Jul-23,509.9,511,517.25,509.05,516.8,515.8,514.15,"8,66,807","44,56,65,071.20","19,894","5,80,619",66.98
SONACOMS,EQ,4-Jul-23,514.85,516.35,516.85,508.5,509.7,509.9,510.66,"7,76,522","39,65,37,811.60","24,973","4,92,917",63.48
SONACOMS,EQ,3-Jul-23,515.85,516.05,520,514.05,515,514.85,516.49,"7,88,224","40,71,11,149.95","16,588","4,91,981",62.42
SONACOMS,EQ,30-Jun-23,514.9,516.9,517.9,508.1,516,515.85,512.38,"12,92,014","66,20,04,128.40","32,961","7,08,246",54.82
SONACOMS,EQ,28-Jun-23,519.85,523.7,529.85,513.2,514.9,514.9,520.89,"18,42,935","95,99,69,076.45","32,118","10,84,774",58.86
SONACOMS,EQ,27-Jun-23,516.35,519.9,522.4,516.55,518.8,519.85,519.96,"8,02,623","41,73,30,089.35","22,913","4,70,622",58.64
SONACOMS,EQ,26-Jun-23,506.9,508.5,518,508.45,514.5,516.35,514.39,"12,86,593","66,18,07,127.75","33,549","8,57,182",66.62
SONACOMS,EQ,23-Jun-23,514,516,516.9,505.3,507,506.9,508.63,"6,68,179","33,98,56,795.55","20,399","3,32,060",49.7
SONACOMS,EQ,22-Jun-23,512.85,516,521,512.35,514,514,515.77,"7,25,732","37,43,13,663.45","18,842","3,03,608",41.83
SONACOMS,EQ,21-Jun-23,515.8,518,524.8,508,514.4,512.85,513.65,"16,82,425","86,41,73,544.95","40,667","9,51,689",56.57
SONACOMS,EQ,20-Jun-23,522.45,522.6,524.8,514.6,515.5,515.8,517.32,"8,16,671","42,24,80,469.05","22,271","4,61,572",56.52
SONACOMS,EQ,19-Jun-23,520,521.75,530,520.1,522,522.45,525.43,"11,82,382","62,12,59,909.80","29,013","6,43,850",54.45
SONACOMS,EQ,16-Jun-23,514.4,517.6,522.9,514.1,519,520,518.32,"12,14,715","62,96,12,566.35","28,032","6,06,018",49.89
SONACOMS,EQ,15-Jun-23,509.85,512.3,518.9,512.3,514,514.4,515.49,"10,19,204","52,53,88,833.45","29,473","5,03,476",49.4
SONACOMS,EQ,14-Jun-23,529.65,531.8,531.8,508,510,509.85,516.72,"22,56,756","1,16,61,03,154.55","65,450","13,60,566",60.29
SONACOMS,EQ,13-Jun-23,528.85,532,534.2,528.1,529.25,529.65,530.26,"10,20,347","54,10,49,315.55","22,854","6,82,694",66.91
SONACOMS,EQ,12-Jun-23,535.35,535.7,537.45,527.15,528.5,528.85,531.25,"10,88,532","57,82,86,397.05","25,109","7,32,725",67.31
SONACOMS,EQ,9-Jun-23,530.6,533.4,540,529.1,533.9,535.35,533.87,"38,72,644","2,06,74,80,640.05","34,288","32,59,617",84.17
SONACOMS,EQ,8-Jun-23,532.95,534,544,528.55,531,530.6,534.79,"26,28,912","1,40,59,09,524.90","51,414","15,80,068",60.1
SONACOMS,EQ,7-Jun-23,528.05,529.9,534.65,528.35,533.75,532.95,531.67,"15,19,065","80,76,47,588.80","53,901","9,29,058",61.16
SONACOMS,EQ,6-Jun-23,529.05,531.7,534.9,523.95,528.6,528.05,527.48,"14,04,825","74,10,12,035.60","36,608","8,16,070",58.09
SONACOMS,EQ,5-Jun-23,531.75,534.65,538.65,525.05,530.8,529.05,530.52,"19,34,956","1,02,65,33,852.45","59,090","11,37,389",58.78
SONACOMS,EQ,2-Jun-23,530.2,536,537.05,528.1,532,531.75,532.99,"22,20,700","1,18,36,00,618.20","91,547","14,25,190",64.18
SONACOMS,EQ,1-Jun-23,541.55,539,547,525.5,530.4,530.2,532.69,"58,29,695","3,10,54,42,416.55","1,12,318","29,99,882",51.46
SONACOMS,EQ,31-May-23,533.1,511.9,573.45,503,565,541.55,526.65,"8,11,35,054","42,72,94,53,055.80","2,46,380","4,99,96,635",61.62
SONACOMS,EQ,30-May-23,536.5,544.7,544.7,532,535.5,533.1,536.23,"40,55,275","2,17,45,75,318.60","89,353","28,69,309",70.75
SONACOMS,EQ,29-May-23,539.15,540.45,552.6,535,538.45,536.5,543.9,"39,76,323","2,16,27,29,349.40","63,277","25,21,267",63.41
SONACOMS,EQ,26-May-23,528.35,532.9,547.8,530.05,535,539.15,540.82,"33,62,864","1,81,86,92,462.65","73,583","15,38,421",45.75
SONACOMS,EQ,25-May-23,531.9,533.2,541.6,525.75,527.6,528.35,534.49,"26,65,334","1,42,45,84,307.15","55,325","17,86,308",67.02
SONACOMS,EQ,24-May-23,529.85,529.95,539.45,527.4,532,531.9,534.14,"24,03,036","1,28,35,68,079.20","30,604","13,56,356",56.44
SONACOMS,EQ,23-May-23,528.85,532.75,544.7,528.5,529.9,529.85,536.44,"25,01,404","1,34,18,54,161.20","51,336","14,67,906",58.68
SONACOMS,EQ,22-May-23,535.8,535,542.3,527.55,529.6,528.85,533.73,"20,36,828","1,08,71,13,599.70","32,049","12,92,256",63.44
SONACOMS,EQ,19-May-23,521.55,523.1,544.75,518,535,535.8,534.48,"40,11,432","2,14,40,20,265.75","90,141","21,46,428",53.51
SONACOMS,EQ,18-May-23,532.85,535,537.65,520,522.05,521.55,527.66,"26,51,993","1,39,93,59,097.40","64,080","14,86,407",56.05
SONACOMS,EQ,17-May-23,542.9,544.35,544.35,528,532.1,532.85,534.06,"28,25,295","1,50,88,88,179.50","74,868","14,89,149",52.71
SONACOMS,EQ,16-May-23,546.6,548.5,554.5,541,541.5,542.9,548.38,"30,25,986","1,65,93,78,933.95","83,031","16,52,786",54.62
SONACOMS,EQ,15-May-23,534,536,552,524.25,546.9,546.6,543.09,"46,09,617","2,50,34,43,813.30","96,179","18,14,527",39.36
SONACOMS,EQ,12-May-23,547.25,570,574,530,536.05,534,549.13,"95,54,296","5,24,65,21,392.85","1,59,707","40,60,777",42.5
SONACOMS,EQ,11-May-23,539.4,545.25,554.2,538.15,545,547.25,546.54,"64,43,101","3,52,14,38,060.70","1,03,343","37,66,923",58.46
SONACOMS,EQ,10-May-23,521.7,523.9,545,519.6,544,539.4,533.28,"58,24,799","3,10,62,55,023.30","1,16,153","32,29,054",55.44
SONACOMS,EQ,9-May-23,520,520.95,527.35,516.2,521.65,521.7,522.01,"47,20,804","2,46,42,89,274.20","80,961","32,05,914",67.91
SONACOMS,EQ,8-May-23,500.3,504.75,527.4,502.8,519.9,520,518.73,"51,57,621","2,67,53,91,379.80","83,107","29,02,012",56.27
SONACOMS,EQ,5-May-23,497.75,497.5,511.6,492.6,500,500.3,504.12,"29,06,461","1,46,51,93,411.30","91,991","14,92,154",51.34
SONACOMS,EQ,4-May-23,489.5,503,507.35,488.45,497,497.75,495.06,"39,66,042","1,96,34,11,917.50","69,719","18,96,536",47.82
SONACOMS,EQ,3-May-23,487.15,485.9,498.7,482.55,489.25,489.5,490.74,"11,85,103","58,15,76,313.30","30,163","4,44,025",37.47
SONACOMS,EQ,2-May-23,480,483.5,494,483,487.45,487.15,488.53,"21,12,246","1,03,18,99,783.05","44,762","11,88,123",56.25
SONACOMS,EQ,28-Apr-23,470.7,474.95,490,474.35,479,480,484.34,"26,07,948","1,26,31,21,524.95","73,098","11,40,775",43.74
SONACOMS,EQ,27-Apr-23,464.95,465,473.4,462.25,469.2,470.7,468.01,"7,03,216","32,91,12,640.80","24,282","3,34,131",47.51
SONACOMS,EQ,26-Apr-23,459.65,459.65,465.95,456.2,465,464.95,463.76,"8,47,880","39,32,14,207.00","35,331","5,24,422",61.85
SONACOMS,EQ,25-Apr-23,457.8,460,467,457.8,459.9,459.65,461.74,"7,04,092","32,51,08,652.55","23,182","2,67,493",37.99
SONACOMS,EQ,24-Apr-23,466.35,466.75,468,453.35,459.75,457.8,459.49,"9,73,271","44,72,08,174.85","27,392","4,54,172",46.66
SONACOMS,EQ,21-Apr-23,477.65,476.85,477.6,462.35,465.6,466.35,467.42,"10,73,677","50,18,53,043.00","26,527","5,43,082",50.58
SONACOMS,EQ,20-Apr-23,464.75,461,479.85,461,477.9,477.65,476.68,"35,08,797","1,67,25,83,069.05","63,719","21,67,175",61.76
SONACOMS,EQ,19-Apr-23,468.1,468.9,468.9,457.05,465,464.75,460.99,"10,81,397","49,85,12,513.95","28,262","5,15,823",47.7
SONACOMS,EQ,18-Apr-23,459.2,461.15,470.9,458.4,467,468.1,468.08,"32,83,950","1,53,71,65,704.45","82,264","22,82,926",69.52
SONACOMS,EQ,17-Apr-23,444.35,443.9,462.25,437.6,457.25,459.2,455.12,"31,13,424","1,41,69,96,676.55","67,824","16,33,830",52.48
SONACOMS,EQ,13-Apr-23,432.05,434.25,445.9,431,444.25,444.35,439.99,"25,68,253","1,12,99,99,863.80","65,122","16,97,155",66.08
SONACOMS,EQ,12-Apr-23,422.65,423.05,441,422.65,434.65,432.05,433.38,"21,23,272","92,01,82,807.90","43,546","10,24,435",48.25
SONACOMS,EQ,11-Apr-23,418.75,421,425.65,420,422.25,422.65,422.56,"10,76,902","45,50,57,157.15","55,491","5,59,266",51.93
SONACOMS,EQ,10-Apr-23,423.3,426,427,417.9,418.75,418.75,420.93,"5,89,290","24,80,51,694.10","21,523","2,62,987",44.63
SONACOMS,EQ,6-Apr-23,421.75,421.7,426.7,417.2,423.95,423.3,422.44,"7,55,991","31,93,63,759.85","22,092","3,82,123",50.55
SONACOMS,EQ,5-Apr-23,419.95,421,424.4,419.1,421.75,421.75,421.98,"9,28,669","39,18,80,803.20","72,310","5,73,283",61.73
SONACOMS,EQ,3-Apr-23,413.5,415.7,422.15,414.8,420,419.95,419.7,"10,74,114","45,08,06,951.45","43,514","6,53,236",60.82
SONACOMS,EQ,31-Mar-23,414.75,418,424.5,412,413,413.5,418.43,"13,87,772","58,06,89,549.55","50,874","7,58,496",54.66
SONACOMS,EQ,29-Mar-23,404.2,405.9,416,405,414.55,414.75,413.98,"17,81,834","73,76,42,824.55","74,714","9,59,339",53.84
SONACOMS,EQ,28-Mar-23,414.6,413,413.9,401.1,405,404.2,404.54,"19,70,141","79,70,07,065.35","61,305","10,56,081",53.6
SONACOMS,EQ,27-Mar-23,410.75,411.9,415.6,405,414.75,414.6,412.35,"13,43,413","55,39,51,388.10","38,176","7,47,166",55.62
SONACOMS,EQ,24-Mar-23,413.55,414.1,418.8,406.75,408,410.75,414.46,"11,76,131","48,74,55,922.25","36,727","5,24,541",44.6
SONACOMS,EQ,23-Mar-23,413.7,414.35,424.4,411,414.3,413.55,418.52,"16,54,842","69,25,89,638.35","41,645","8,15,548",49.28
SONACOMS,EQ,22-Mar-23,409.25,410,415.7,410,413.65,413.7,413.42,"12,56,764","51,95,77,625.10","49,153","7,94,616",63.23
SONACOMS,EQ,21-Mar-23,404.3,405.85,411,405,408.45,409.25,407.63,"21,79,679","88,85,11,668.05","47,433","13,85,804",63.58
SONACOMS,EQ,20-Mar-23,418.5,418,418.4,401.25,402.8,404.3,406.58,"17,90,040","72,77,94,670.40","53,125","9,63,619",53.83
SONACOMS,EQ,17-Mar-23,413.65,419,423.55,411.5,420.2,418.5,417.78,"36,24,778","1,51,43,68,041.90","45,665","22,16,379",61.15
SONACOMS,EQ,16-Mar-23,423.05,423.05,424,406.8,415.95,413.65,414.02,"34,89,547","1,44,47,44,744.80","66,340","17,87,367",51.22
SONACOMS,EQ,15-Mar-23,431.4,439,441.9,418,420.8,423.05,425.7,"53,40,688","2,27,35,29,149.00","1,24,632","22,47,277",42.08
SONACOMS,EQ,14-Mar-23,406.2,415.5,436.4,410.1,434.6,431.4,427.52,"1,21,42,642","5,19,11,96,552.45","1,54,400","34,14,405",28.12
SONACOMS,EQ,13-Mar-23,436.3,414.25,424.9,403.3,409.85,406.2,414.5,"1,32,69,484","5,50,02,10,677.00","1,34,872","46,73,112",35.22
SONACOMS,EQ,10-Mar-23,446.5,445.9,454.2,434.05,436.9,436.3,443.82,"12,05,611","53,50,74,926.70","38,637","6,50,189",53.93
SONACOMS,EQ,9-Mar-23,452.75,454,459.95,445.05,448.7,446.5,451.41,"7,04,236","31,79,01,863.00","18,833","4,08,032",57.94
SONACOMS,EQ,8-Mar-23,457.9,456.65,463.7,451.25,453,452.75,457.03,"6,45,986","29,52,36,281.45","15,356","3,80,988",58.98
SONACOMS,EQ,6-Mar-23,455.85,455.85,462.55,454.25,458.1,457.9,458.68,"5,38,671","24,70,76,329.35","14,167","2,57,082",47.73
SONACOMS,EQ,3-Mar-23,453.2,457.75,464.7,454,456.95,455.85,457.63,"5,25,246","24,03,70,092.95","15,057","2,49,209",47.45
SONACOMS,EQ,2-Mar-23,459.95,461.2,466.55,451.3,454.45,453.2,460.28,"7,43,257","34,21,09,775.30","20,642","3,49,443",47.02
SONACOMS,EQ,1-Mar-23,448.1,451.35,463,450,461.5,459.95,459,"4,48,273","20,57,55,587.95","15,837","1,71,802",38.33
SONACOMS,EQ,28-Feb-23,454.3,456.1,462,445.1,449.9,448.1,454.17,"3,81,050","17,30,60,174.80","12,425","1,47,504",38.71
SONACOMS,EQ,27-Feb-23,460.9,460.5,460.8,438,455,454.3,451.65,"6,46,184","29,18,48,501.90","19,695","2,28,054",35.29
SONACOMS,EQ,24-Feb-23,463.9,464,468.05,458.5,462.35,460.9,462.35,"5,65,478","26,14,46,826.15","12,263","3,51,529",62.16
SONACOMS,EQ,23-Feb-23,457.2,458,471.9,457.4,462,463.9,465.28,"7,72,032","35,92,07,842.70","18,380","3,18,274",41.23
SONACOMS,EQ,22-Feb-23,465.8,463.3,468.7,455.35,457,457.2,462.22,"4,20,361","19,42,99,718.90","12,147","1,91,483",45.55
SONACOMS,EQ,21-Feb-23,472.05,474.2,477.8,463.3,468.7,465.8,471.59,"6,30,296","29,72,43,523.35","32,840","3,06,976",48.7
SONACOMS,EQ,20-Feb-23,462.7,463,477.8,461.1,473.2,472.05,473.09,"11,69,223","55,31,46,530.80","36,935","4,94,004",42.25
SONACOMS,EQ,17-Feb-23,463.95,462.65,470.5,460.1,462.45,462.7,465.17,"4,89,871","22,78,75,626.90","10,846","2,44,450",49.9
SONACOMS,EQ,16-Feb-23,461.3,463.65,471,462,465,463.95,466.35,"8,70,826","40,61,08,453.55","22,758","4,81,583",55.3
SONACOMS,EQ,15-Feb-23,450.1,448.95,464.7,447.2,461,461.3,459.19,"12,47,283","57,27,35,920.90","23,587","6,82,686",54.73
SONACOMS,EQ,14-Feb-23,452.7,454.7,455,444.6,450.3,450.1,448.47,"5,05,324","22,66,22,786.95","15,267","2,48,775",49.23
SONACOMS,EQ,13-Feb-23,462.8,463.5,466.75,450,451.35,452.7,457.83,"4,77,173","21,84,64,646.60","14,733","2,62,229",54.95
SONACOMS,EQ,10-Feb-23,464.9,464,473.2,460.1,462.05,462.8,467.18,"6,32,416","29,54,51,073.70","19,517","2,74,696",43.44
SONACOMS,EQ,9-Feb-23,468.9,465,470.35,456.15,465.85,464.9,464.34,"5,83,335","27,08,67,366.80","17,679","1,99,283",34.16
SONACOMS,EQ,8-Feb-23,458,459,473.5,458.5,468,468.9,467.4,"11,25,693","52,61,50,706.35","43,902","4,04,520",35.94
SONACOMS,EQ,7-Feb-23,471.4,473.7,475,450,458,458,459.94,"15,20,621","69,93,87,210.65","40,385","7,33,388",48.23
SONACOMS,EQ,6-Feb-23,444.8,441,477.9,441,472.8,471.4,470.08,"31,85,014","1,49,72,25,762.05","88,786","14,39,234",45.19
SONACOMS,EQ,3-Feb-23,451.1,454,454,442.5,446,444.8,447.02,"7,24,849","32,40,22,204.05","16,908","3,67,301",50.67
SONACOMS,EQ,2-Feb-23,456.55,455,460.45,447.3,449.5,451.1,451.59,"13,45,041","60,74,10,972.45","21,177","8,66,107",64.39
SONACOMS,EQ,1-Feb-23,450,453.1,469.6,441,457.15,456.55,458.96,"23,73,206","1,08,92,17,689.75","71,142","10,57,907",44.58
SONACOMS,EQ,31-Jan-23,441.65,444.5,455,443.45,450,450,450.76,"10,12,769","45,65,19,050.10","34,794","4,48,907",44.32
SONACOMS,EQ,30-Jan-23,451.6,453,454.9,438.45,442.4,441.65,446.89,"11,94,183","53,36,69,742.95","29,693","5,71,711",47.87
SONACOMS,EQ,27-Jan-23,455,455.75,464.85,445,450.6,451.6,454.93,"21,39,821","97,34,68,382.15","55,138","7,22,894",33.78
SONACOMS,EQ,25-Jan-23,432.6,441,461,436.6,457,455,451.95,"53,92,461","2,43,71,49,430.55","1,11,319","21,26,823",39.44
SONACOMS,EQ,24-Jan-23,417.75,419.9,436,416.4,434,432.6,427.63,"13,09,441","55,99,52,286.55","35,559","4,91,707",37.55
SONACOMS,EQ,23-Jan-23,407.95,409.9,419,409.05,418.65,417.75,415.87,"4,81,372","20,01,87,339.05","12,491","2,03,123",42.2
SONACOMS,EQ,20-Jan-23,414.05,416,416,407.1,407.9,407.95,410.88,"6,41,090","26,34,12,454.20","21,152","3,82,045",59.59
SONACOMS,EQ,19-Jan-23,420.25,417,419.9,411,414.15,414.05,413.42,"8,99,465","37,18,57,571.70","26,313","5,36,514",59.65
SONACOMS,EQ,18-Jan-23,418.35,418.35,421,416.25,420.35,420.25,418.34,"6,59,637","27,59,54,432.30","26,339","3,42,547",51.93
SONACOMS,EQ,17-Jan-23,420.55,422.8,422.8,416.1,419.1,418.35,418.55,"6,38,196","26,71,18,132.40","31,692","2,98,659",46.8
SONACOMS,EQ,16-Jan-23,425.65,428.5,430.95,419.1,420.95,420.55,422.25,"5,78,596","24,43,11,884.65","23,840","2,59,063",44.77
SONACOMS,EQ,13-Jan-23,428.45,429.9,429.9,417.2,426.75,425.65,422.5,"12,78,612","54,02,12,821.95","55,977","4,26,119",33.33
SONACOMS,EQ,12-Jan-23,427.2,429.75,435.75,425.5,428.2,428.45,430.36,"14,27,849","61,44,95,591.45","38,081","4,64,285",32.52
SONACOMS,EQ,11-Jan-23,447.45,453.7,453.7,425.3,427,427.2,431.8,"34,76,828","1,50,12,78,692.90","83,689","12,76,632",36.72
SONACOMS,EQ,10-Jan-23,422.5,446,458.8,432,447.9,447.45,449.18,"97,39,902","4,37,49,46,086.50","2,22,204","24,47,169",25.13
SONACOMS,EQ,9-Jan-23,417.5,420,425.35,416.5,422.95,422.5,421.2,"8,88,013","37,40,28,272.00","33,317","5,86,612",66.06
SONACOMS,EQ,6-Jan-23,415,416.3,429.25,410.8,417.6,417.5,418.52,"15,44,225","64,62,88,099.15","39,349","9,80,487",63.49
SONACOMS,EQ,5-Jan-23,410.3,413.2,418.6,407.35,416,415,412.16,"6,18,502","25,49,21,017.30","24,091","2,70,994",43.81
SONACOMS,EQ,4-Jan-23,415.45,417,417.7,409.05,411.5,410.3,411.44,"6,41,742","26,40,37,931.70","23,748","3,77,675",58.85
SONACOMS,EQ,3-Jan-23,419.2,419.3,425.15,414.55,416.4,415.45,418.78,"5,56,703","23,31,35,313.95","18,749","3,09,619",55.62
SONACOMS,EQ,2-Jan-23,419.5,422.7,424.7,417.85,419.9,419.2,421.1,"2,80,976","11,83,19,604.70","9,462","1,34,938",48.02
SONACOMS,EQ,30-Dec-22,416.35,421.1,428.4,416.65,420,419.5,423.77,"6,24,097","26,44,73,312.05","15,299","3,09,145",49.53
SONACOMS,EQ,29-Dec-22,418.9,415.7,423.85,410.9,419.8,416.35,414.32,"6,72,200","27,85,04,417.30","17,275","3,86,149",57.45
SONACOMS,EQ,28-Dec-22,424.15,422.5,429.7,418,419.4,418.9,423.16,"6,34,721","26,85,89,634.75","19,223","2,63,393",41.5
SONACOMS,EQ,27-Dec-22,410.7,414.7,425.5,411,424,424.15,419.09,"6,85,653","28,73,52,728.35","20,371","3,44,407",50.23
SONACOMS,EQ,26-Dec-22,400.55,403,417.85,398.05,411.5,410.7,409.85,"12,17,228","49,88,81,186.50","29,605","7,17,975",58.98
SONACOMS,EQ,23-Dec-22,423.15,421,421.95,399.35,401.2,400.55,404.16,"14,00,061","56,58,50,554.35","45,663","7,60,590",54.33
SONACOMS,EQ,22-Dec-22,435.9,438,438.9,421.3,423.6,423.15,425.53,"9,40,087","40,00,33,455.35","30,684","5,31,997",56.59
SONACOMS,EQ,21-Dec-22,453.3,454.25,456.65,432.15,435.3,435.9,442.16,"10,00,645","44,24,44,079.60","36,285","5,33,055",53.27
SONACOMS,EQ,20-Dec-22,458.25,457.55,460.45,451.25,453.4,453.3,456.72,"4,00,423","18,28,82,239.85","17,520","1,76,680",44.12
SONACOMS,EQ,19-Dec-22,452.5,453,466,449.05,459.5,458.25,459.85,"9,27,631","42,65,71,800.75","26,923","4,46,810",48.17
SONACOMS,EQ,16-Dec-22,463.8,461.4,461.4,451.2,453,452.5,455.6,"7,31,978","33,34,91,245.80","20,249","3,24,715",44.36
SONACOMS,EQ,15-Dec-22,479.2,483,483.55,461.5,464,463.8,471.08,"11,95,554","56,32,03,774.40","40,504","4,89,355",40.93
SONACOMS,EQ,14-Dec-22,449.9,452,483.3,452,478.9,479.2,471.12,"23,54,167","1,10,90,93,592.65","44,243","9,76,077",41.46
SONACOMS,EQ,13-Dec-22,437.35,438.9,452,438.4,450.3,449.9,447.8,"9,33,723","41,81,21,603.15","25,601","4,47,762",47.95
SONACOMS,EQ,12-Dec-22,438.15,440,440,430.05,439,437.35,435.06,"4,89,233","21,28,45,411.80","19,348","2,23,830",45.75
SONACOMS,EQ,9-Dec-22,448.9,450.5,456.75,437,440,438.15,445.45,"6,14,169","27,35,81,615.30","20,401","2,84,864",46.38
SONACOMS,EQ,8-Dec-22,460.1,460.1,461.75,446.45,449.85,448.9,454.43,"9,27,236","42,13,61,815.65","24,251","6,37,728",68.78
SONACOMS,EQ,7-Dec-22,459.85,461,461.8,456.05,460.9,460.1,459.67,"3,84,704","17,68,36,897.60","11,790","1,92,292",49.98
SONACOMS,EQ,6-Dec-22,459.85,457.5,463.55,456.95,460.3,459.85,460.1,"4,20,514","19,34,78,515.45","21,251","1,75,830",41.81
SONACOMS,EQ,5-Dec-22,462.05,463.8,463.8,457,459,459.85,459.95,"7,27,687","33,47,01,748.40","36,985","3,25,396",44.72
SONACOMS,EQ,2-Dec-22,463.2,463.15,467.9,458.5,460.55,462.05,461.54,"12,17,995","56,21,49,408.80","35,276","8,04,628",66.06
SONACOMS,EQ,1-Dec-22,454.45,458.7,465.3,454.2,463.45,463.2,460.09,"12,78,107","58,80,40,157.95","33,462","7,74,711",60.61
SONACOMS,EQ,30-Nov-22,450.55,452.85,461.35,450.5,454.15,454.45,455.8,"11,69,346","53,29,89,975.55","25,323","5,86,914",50.19
SONACOMS,EQ,29-Nov-22,450.9,451.2,453.95,447.1,451.3,450.55,450.33,"8,64,644","38,93,76,204.85","23,757","5,35,915",61.98
SONACOMS,EQ,28-Nov-22,442.55,441.8,454,439.7,450.5,450.9,447.87,"8,88,688","39,80,12,296.25","30,374","4,12,329",46.4
SONACOMS,EQ,25-Nov-22,446,446,446.5,438.4,444.5,442.55,441.05,"7,30,082","32,20,05,635.20","24,149","3,13,650",42.96
SONACOMS,EQ,24-Nov-22,429.4,430.9,456,427.4,446.85,446,441.62,"16,27,143","71,85,84,239.15","43,213","5,50,736",33.85
SONACOMS,EQ,23-Nov-22,436.05,438,441.95,426.3,430,429.4,432.64,"6,79,720","29,40,72,019.55","23,773","3,41,176",50.19
SONACOMS,EQ,22-Nov-22,437.8,438.95,439.95,432.35,437,436.05,436.43,"4,37,919","19,11,20,076.25","20,584","2,17,100",49.58
SONACOMS,EQ,21-Nov-22,445.65,443,446.8,435,439.65,437.8,439.51,"6,48,285","28,49,26,350.60","18,611","3,81,886",58.91
SONACOMS,EQ,18-Nov-22,445.15,446,456.9,442,445.8,445.65,449.31,"8,45,530","37,99,00,986.40","24,523","2,51,988",29.8
SONACOMS,EQ,17-Nov-22,446.6,446,449.8,438.15,446.2,445.15,442.34,"11,07,407","48,98,52,135.95","37,649","7,19,187",64.94
SONACOMS,EQ,16-Nov-22,448.55,445.3,450.7,443.2,448,446.6,446.15,"8,27,672","36,92,66,078.15","26,375","4,86,396",58.77
SONACOMS,EQ,15-Nov-22,455.25,457.55,457.55,445.3,448,448.55,449.61,"10,41,576","46,83,08,108.20","29,575","6,84,302",65.7
SONACOMS,EQ,14-Nov-22,458.15,459.45,463.45,454,455.75,455.25,457.32,"5,97,332","27,31,70,086.85","22,727","3,37,748",56.54
SONACOMS,EQ,11-Nov-22,455.5,460,464.6,456.55,457.7,458.15,460.44,"6,37,913","29,37,21,988.25","26,040","3,78,868",59.39
SONACOMS,EQ,10-Nov-22,459.35,458.5,458.95,451,456.4,455.5,454.35,"8,25,030","37,48,50,899.00","24,708","5,48,206",66.45
SONACOMS,EQ,9-Nov-22,459.5,463,464.7,453.65,460,459.35,458.65,"10,12,733","46,44,90,889.90","29,032","6,45,446",63.73
SONACOMS,EQ,7-Nov-22,460.9,463.65,466.65,458,460.4,459.5,461.85,"6,97,925","32,23,35,628.95","24,821","3,56,417",51.07
SONACOMS,EQ,4-Nov-22,466.15,468.5,471.85,460.1,461.8,460.9,464.5,"7,82,112","36,32,89,784.55","32,954","5,00,268",63.96
SONACOMS,EQ,3-Nov-22,470.8,469.95,470.6,465,467,466.15,467.56,"4,86,106","22,72,85,854.60","25,021","2,73,577",56.28
SONACOMS,EQ,2-Nov-22,474.7,475.2,477.8,467.45,471.55,470.8,471.06,"7,80,153","36,74,99,537.10","20,690","4,94,202",63.35
SONACOMS,EQ,1-Nov-22,465.4,467.75,485.9,467.2,475,474.7,478.71,"17,89,945","85,68,71,513.65","67,493","7,50,670",41.94
SONACOMS,EQ,31-Oct-22,464.2,472,475.75,460.75,466.5,465.4,467.21,"14,20,328","66,35,95,670.90","52,172","6,76,957",47.66
SONACOMS,EQ,28-Oct-22,478.75,481.15,482.35,461.35,466.35,464.2,470.05,"8,38,347","39,40,62,621.05","34,142","4,32,820",51.63
SONACOMS,EQ,27-Oct-22,482.15,484,487.6,477,480,478.75,481.88,"4,74,318","22,85,65,563.60","17,890","2,61,544",55.14
SONACOMS,EQ,25-Oct-22,483.8,483.6,493.5,480.45,481.8,482.15,486.24,"7,14,531","34,74,34,530.20","30,670","3,85,280",53.92
SONACOMS,EQ,24-Oct-22,477.4,483.5,485.25,480.15,484,483.8,483.45,"1,60,725","7,77,02,612.45","8,104","85,492",53.19
SONACOMS,EQ,21-Oct-22,484.2,486.8,490.3,473.1,476.2,477.4,480.42,"9,25,647","44,46,96,050.15","25,996","4,76,714",51.5
SONACOMS,EQ,20-Oct-22,485.55,479,497.05,479,483.3,484.2,485.94,"12,26,234","59,58,75,488.50","39,268","4,35,180",35.49
SONACOMS,EQ,19-Oct-22,464.5,465,489,465,484,485.55,482.48,"27,22,881","1,31,37,39,149.80","64,473","12,52,356",45.99
SONACOMS,EQ,18-Oct-22,460.05,462.05,467.5,459.6,465,464.5,463.42,"6,86,749","31,82,52,151.45","17,503","4,60,448",67.05
SONACOMS,EQ,17-Oct-22,459.9,459.4,466.05,454.15,459.6,460.05,460.45,"5,20,984","23,98,87,802.90","33,926","2,61,065",50.11
SONACOMS,EQ,14-Oct-22,460.5,469.9,469.95,458.1,458.95,459.9,464.14,"4,80,156","22,28,58,907.50","14,445","3,02,304",62.96
SONACOMS,EQ,13-Oct-22,462.95,462.95,465.75,456.3,459.15,460.5,461.09,"3,50,358","16,15,45,687.65","14,461","1,50,133",42.85
SONACOMS,EQ,12-Oct-22,461.05,461.5,465.55,455.25,465,462.95,460.27,"4,58,927","21,12,28,238.95","14,756","1,75,930",38.34
SONACOMS,EQ,11-Oct-22,465.3,467,471,459,462,461.05,463.77,"5,61,126","26,02,33,112.80","18,438","3,09,898",55.23
SONACOMS,EQ,10-Oct-22,471.5,466,469.3,464,465,465.3,465.71,"4,58,055","21,33,20,216.40","18,086","2,67,391",58.38
SONACOMS,EQ,7-Oct-22,474.15,473.5,477.75,468.1,471.9,471.5,471,"7,12,017","33,53,58,929.05","19,906","4,18,836",58.82
SONACOMS,EQ,6-Oct-22,468.65,471,484.15,470.35,473.45,474.15,476.44,"9,91,262","47,22,78,161.85","44,891","4,51,593",45.56
SONACOMS,EQ,4-Oct-22,459.6,465.05,472.95,460,467,468.65,465.5,"18,23,809","84,89,78,187.65","49,044","12,68,926",69.58
SONACOMS,EQ,3-Oct-22,463.75,463.75,466.9,453,459.9,459.6,460.42,"10,75,149","49,50,24,690.45","60,504","6,22,895",57.94
SONACOMS,EQ,30-Sep-22,468.85,468.85,468.95,455.25,463,463.75,461.21,"14,74,819","68,02,02,348.20","60,704","7,30,105",49.5
SONACOMS,EQ,29-Sep-22,462.2,465.4,472.35,463.5,468.45,468.85,468.31,"7,66,933","35,91,65,021.15","22,099","3,46,659",45.2
SONACOMS,EQ,28-Sep-22,464.6,461,473.8,458.1,459.95,462.2,465.39,"11,10,128","51,66,44,988.55","41,918","4,74,705",42.76
SONACOMS,EQ,27-Sep-22,468.15,475,480.6,460.65,465.25,464.6,467.65,"11,61,414","54,31,32,700.50","49,142","5,79,657",49.91
SONACOMS,EQ,26-Sep-22,475,474.9,475,462.4,470,468.15,466.66,"17,73,741","82,77,33,007.80","48,615","11,96,406",67.45
SONACOMS,EQ,23-Sep-22,479.15,482.05,493.9,469.45,476,475,480.55,"28,80,334","1,38,41,31,072.30","73,759","14,69,096",51
SONACOMS,EQ,22-Sep-22,497.9,499,499.65,468.65,483,479.15,477.97,"50,21,056","2,39,99,24,671.95","1,43,990","29,92,300",59.6
SONACOMS,EQ,21-Sep-22,514.6,514.5,517.05,486.2,498,497.9,501.41,"21,26,465","1,06,62,37,547.95","69,338","12,72,927",59.86
SONACOMS,EQ,20-Sep-22,515,517.6,524.5,513.15,513.85,514.6,518.16,"7,36,927","38,18,44,699.40","33,270","3,48,629",47.31
SONACOMS,EQ,19-Sep-22,515.45,516.5,519.85,513.05,515,515,516.02,"20,96,604","1,08,18,99,184.40","33,684","16,47,388",78.57
SONACOMS,EQ,16-Sep-22,526.2,525,525.65,508.1,516,515.45,516.74,"15,25,714","78,83,89,948.10","52,667","9,59,257",62.87
SONACOMS,EQ,15-Sep-22,529,532.8,533.4,524,525.8,526.2,527.59,"9,77,265","51,55,94,872.90","32,499","5,79,173",59.26
SONACOMS,EQ,14-Sep-22,544.1,534.15,538.8,528,528.7,529,533.37,"20,33,856","1,08,47,90,038.05","53,220","10,76,365",52.92
SONACOMS,EQ,13-Sep-22,525.75,529.7,548.4,526.55,544.5,544.1,541.89,"46,24,251","2,50,58,40,401.05","1,31,745","22,74,220",49.18
SONACOMS,EQ,12-Sep-22,527,528.8,531,524.7,525.25,525.75,528.46,"12,72,764","67,26,06,880.85","37,727","8,27,124",64.99
SONACOMS,EQ,9-Sep-22,525.3,529,532.95,524.35,527.15,527,528.02,"11,64,759","61,50,15,874.60","63,557","5,33,052",45.77
SONACOMS,EQ,8-Sep-22,526.9,530,532.35,524,525,525.3,527.04,"9,05,092","47,70,16,995.55","22,569","5,44,492",60.16
SONACOMS,EQ,7-Sep-22,519.8,517.2,533.35,517.2,527.5,526.9,527.15,"15,08,878","79,54,08,225.70","23,375","7,11,274",47.14
SONACOMS,EQ,6-Sep-22,522.7,523.55,525.5,517,520.45,519.8,520.16,"10,34,390","53,80,46,195.25","23,623","6,25,224",60.44
SONACOMS,EQ,5-Sep-22,524,523.1,528.5,520.6,522.45,522.7,523.69,"11,29,613","59,15,68,557.10","26,373","6,37,158",56.4
SONACOMS,EQ,2-Sep-22,526.95,526,528.55,520.2,524.9,524,522.86,"12,00,849","62,78,76,288.40","25,834","7,47,682",62.26
SONACOMS,EQ,1-Sep-22,522,518.8,528.4,518,526,526.95,524.29,"20,96,736","1,09,93,01,002.65","57,922","13,22,177",63.06
SONACOMS,EQ,30-Aug-22,519.1,523.45,524.9,520,522,522,522.59,"15,90,405","83,11,29,699.00","49,425","9,49,179",59.68
SONACOMS,EQ,29-Aug-22,530.8,516.65,525.35,516,519.5,519.1,520.89,"22,78,442","1,18,68,28,296.15","59,987","14,14,932",62.1
SONACOMS,EQ,26-Aug-22,523.9,526.7,535.65,521.35,531,530.8,529.52,"32,74,520","1,73,39,32,082.80","81,459","19,56,261",59.74
SONACOMS,EQ,25-Aug-22,527.6,529.95,532.7,521.85,523.5,523.9,526.27,"17,21,705","90,60,86,954.85","52,018","9,95,558",57.82
SONACOMS,EQ,24-Aug-22,532.7,535,537.35,524.25,525.5,527.6,529.16,"23,50,280","1,24,36,73,312.20","60,653","12,06,675",51.34
SONACOMS,EQ,23-Aug-22,523.5,523.5,537.7,518.2,534.7,532.7,529.48,"1,00,59,261","5,32,62,08,739.90","1,06,395","61,34,879",60.99
SONACOMS,EQ,22-Aug-22,520.85,521.15,532.3,516.05,523.8,523.5,523.93,"59,28,548","3,10,61,63,306.85","99,043","27,48,069",46.35
SONACOMS,EQ,19-Aug-22,518.1,525,529.5,519.05,521,520.85,524.32,"70,51,059","3,69,70,44,907.30","93,667","33,43,605",47.42
SONACOMS,EQ,18-Aug-22,539.1,521.6,534.5,507.2,521.4,518.1,516.73,"5,92,49,131","30,61,59,37,670.75","3,72,351","2,92,32,442",49.34
SONACOMS,EQ,17-Aug-22,570.35,574.7,576,528.3,539,539.1,544.55,"49,16,238","2,67,71,47,984.15","1,13,666","25,97,131",52.83
SONACOMS,EQ,16-Aug-22,569.85,574.5,574.6,558.35,572.45,570.35,565.12,"9,54,535","53,94,25,860.60","24,333","4,96,702",52.04
SONACOMS,EQ,12-Aug-22,562.05,562.05,572.45,557.55,568,569.85,566.03,"3,97,496","22,49,93,001.70","14,648","1,62,201",40.81
SONACOMS,EQ,11-Aug-22,567.4,574.4,575.9,559.1,562,562.05,568.37,"3,89,471","22,13,63,003.15","14,173","1,70,733",43.84
SONACOMS,EQ,10-Aug-22,561.5,566.9,573.7,562.25,567.3,567.4,569.44,"6,89,194","39,24,57,918.95","22,541","4,21,101",61.1
SONACOMS,EQ,8-Aug-22,557.65,563.5,571.55,558,562,561.5,564.99,"4,99,586","28,22,62,385.85","16,363","1,94,235",38.88
SONACOMS,EQ,5-Aug-22,576,576,581.65,554.5,560.7,557.65,565.6,"8,98,065","50,79,41,249.90","34,183","5,28,172",58.81
SONACOMS,EQ,4-Aug-22,585,588.9,607,574,576.95,576,590.28,"10,81,124","63,81,60,741.20","35,140","4,78,003",44.21
SONACOMS,EQ,3-Aug-22,586.9,590.25,590.25,579,585,585,584.18,"2,83,997","16,59,06,734.20","12,934","1,17,774",41.47
SONACOMS,EQ,2-Aug-22,596.2,596.2,601.45,584.9,586.2,586.9,593.15,"6,77,706","40,19,79,577.30","26,140","2,89,165",42.67
SONACOMS,EQ,1-Aug-22,568.35,571.4,604,565.9,593.5,596.2,589.39,"19,06,169","1,12,34,86,185.40","54,680","8,82,268",46.28
SONACOMS,EQ,29-Jul-22,563.65,550,575.8,547.65,568.35,568.35,565.88,"10,36,849","58,67,34,760.50","25,258","4,68,067",45.14
SONACOMS,EQ,28-Jul-22,550,557.4,566.4,550.5,563.4,563.65,559.52,"4,39,012","24,56,37,146.25","17,293","1,74,289",39.7
SONACOMS,EQ,27-Jul-22,552.85,555.2,556.95,545.9,549.85,550,550.34,"4,16,401","22,91,62,423.65","18,064","2,06,891",49.69
SONACOMS,EQ,26-Jul-22,569.9,565.9,565.9,549.7,553.45,552.85,554.18,"6,92,010","38,34,98,995.85","21,328","4,22,606",61.07
SONACOMS,EQ,25-Jul-22,575.2,576.9,576.95,562.4,570.15,569.9,568.37,"4,10,441","23,32,81,144.95","15,226","2,69,199",65.59
SONACOMS,EQ,22-Jul-22,578.8,582.9,583.5,573,575,575.2,575.24,"6,25,301","35,96,95,939.15","10,719","5,02,721",80.4
SONACOMS,EQ,21-Jul-22,572.7,576.35,584,572.05,579.4,578.8,578.48,"4,91,512","28,43,27,459.90","23,577","2,27,473",46.28
SONACOMS,EQ,20-Jul-22,569.9,578.5,586.8,570,574.9,572.7,579.16,"4,81,299","27,87,48,453.95","23,243","2,49,897",51.92
SONACOMS,EQ,19-Jul-22,570.1,571.75,577.65,566.85,569.95,569.9,571.62,"2,77,087","15,83,88,472.45","10,236","1,47,129",53.1
SONACOMS,EQ,18-Jul-22,570.2,575,578.35,568.6,570,570.1,574.04,"3,80,407","21,83,70,244.40","12,135","2,25,774",59.35
SONACOMS,EQ,15-Jul-22,574.95,572.5,576.1,566.75,570.2,570.2,570.04,"3,82,733","21,81,72,588.65","10,190","2,71,121",70.84
SONACOMS,EQ,14-Jul-22,580.7,582.8,586.65,567.25,574.4,574.95,578.29,"3,40,303","19,67,93,306.00","11,749","1,55,125",45.58
SONACOMS,EQ,13-Jul-22,570.25,573.2,584.35,571.1,583.45,580.7,578.62,"10,22,214","59,14,72,680.20","29,365","7,06,427",69.11
SONACOMS,EQ,12-Jul-22,576.75,574.1,574.1,563,570.85,570.25,569.62,"5,03,229","28,66,50,617.35","16,517","3,22,043",64
SONACOMS,EQ,11-Jul-22,567.45,566.1,578.8,562,575.95,576.75,569.77,"3,05,882","17,42,82,320.25","13,039","1,24,651",40.75
SONACOMS,EQ,8-Jul-22,566.85,569,576.4,562.75,567,567.45,568.69,"2,87,332","16,34,03,359.45","14,117","1,08,381",37.72
SONACOMS,EQ,7-Jul-22,568.55,577,579,563.2,565,566.85,572.57,"5,87,293","33,62,67,300.20","20,161","3,01,776",51.38
SONACOMS,EQ,6-Jul-22,560.1,558,574.7,556.45,569.1,568.55,564.6,"5,46,867","30,87,61,482.45","19,085","3,00,138",54.88
SONACOMS,EQ,5-Jul-22,568,570.4,575.9,557.15,562.9,560.1,566.4,"2,79,933","15,85,52,967.05","12,567","1,41,109",50.41
SONACOMS,EQ,4-Jul-22,567.7,568.7,573.7,564.85,567,568,569.13,"2,59,032","14,74,23,793.95","10,346","96,063",37.09
SONACOMS,EQ,1-Jul-22,553.8,551.1,570,547,569,567.7,560.71,"3,52,045","19,73,94,703.30","13,733","1,36,909",38.89
SONACOMS,EQ,30-Jun-22,559.3,560,564.9,552,553.3,553.8,556.93,"7,14,487","39,79,22,081.10","24,536","3,83,676",53.7
SONACOMS,EQ,29-Jun-22,568.25,564.15,567.85,557,559,559.3,562.92,"4,13,427","23,27,28,055.50","25,179","2,08,771",50.5
SONACOMS,EQ,28-Jun-22,581.75,582.8,582.8,565.2,568,568.25,571.88,"4,51,025","25,79,33,682.90","14,829","2,24,040",49.67
SONACOMS,EQ,27-Jun-22,580.05,592.2,592.2,578.65,579.05,581.75,585.38,"4,52,498","26,48,84,432.20","19,284","1,59,368",35.22
SONACOMS,EQ,24-Jun-22,555.8,564.35,584.4,562,582,580.05,574.07,"7,86,721","45,16,35,700.95","28,318","3,13,021",39.79
SONACOMS,EQ,23-Jun-22,539.85,543.9,573.75,542.75,557.5,555.8,558.57,"12,14,419","67,83,33,392.70","37,824","4,72,654",38.92
SONACOMS,EQ,22-Jun-22,562.3,562,562,536.5,540,539.85,545.35,"7,14,472","38,96,39,197.15","27,648","4,03,854",56.52
SONACOMS,EQ,21-Jun-22,547.4,550.9,569.65,550.9,561.55,562.3,562.24,"4,88,006","27,43,75,900.45","17,794","2,02,933",41.58
SONACOMS,EQ,20-Jun-22,566.8,565,572.3,540.3,547,547.4,551.89,"8,35,391","46,10,44,436.10","25,646","3,97,492",47.58
SONACOMS,EQ,17-Jun-22,569.5,569,584.75,551.25,575,566.8,561.65,"7,11,925","39,98,54,258.55","36,611","2,67,027",37.51
SONACOMS,EQ,16-Jun-22,599.6,608.2,608.2,565,572,569.5,584.96,"6,14,077","35,92,12,574.15","20,658","2,50,351",40.77
SONACOMS,EQ,15-Jun-22,597.9,599.75,605.9,595,597.8,599.6,600.89,"3,82,991","23,01,34,320.35","13,558","1,40,486",36.68
SONACOMS,EQ,14-Jun-22,601.3,593,606,586.3,594.3,597.9,597.85,"6,24,706","37,34,77,942.50","21,970","2,49,861",40
SONACOMS,EQ,13-Jun-22,601.55,586,603.5,575.5,602,601.3,591.34,"6,88,622","40,72,11,610.35","24,210","2,92,348",42.45
SONACOMS,EQ,10-Jun-22,594,588.9,609,585.55,599,601.55,601.37,"10,13,739","60,96,36,795.50","30,613","3,31,412",32.69
SONACOMS,EQ,9-Jun-22,595.15,587.7,599.4,587.7,595,594,594.82,"8,20,716","48,81,78,984.55","19,657","5,07,437",61.83
SONACOMS,EQ,8-Jun-22,586.85,589.4,600.5,579,589.9,595.15,589.13,"16,17,768","95,30,72,565.90","27,172","9,70,849",60.01
SONACOMS,EQ,7-Jun-22,578.25,573.75,590,568.05,588,586.85,581.91,"5,42,790","31,58,57,401.25","19,530","2,20,601",40.64
SONACOMS,EQ,6-Jun-22,573,572,582.6,568.3,578.8,578.25,575.65,"6,23,473","35,89,01,819.90","21,267","3,31,166",53.12
SONACOMS,EQ,3-Jun-22,573.2,578,589,569.5,573,573,578.96,"7,44,038","43,07,67,177.35","22,631","3,33,334",44.8
SONACOMS,EQ,2-Jun-22,571.9,567.4,575.9,560.35,571.35,573.2,568.38,"3,38,945","19,26,50,918.40","10,948","80,320",23.7
SONACOMS,EQ,1-Jun-22,557.4,556.9,574.95,554,573,571.9,565.19,"6,40,133","36,17,95,998.25","19,454","1,82,543",28.52
SONACOMS,EQ,31-May-22,549.35,548,578,541.7,552.6,557.4,563.2,"13,69,582","77,13,51,560.45","37,909","5,10,735",37.29
SONACOMS,EQ,30-May-22,537.95,544.75,553.9,541.55,549.5,549.35,548.18,"4,69,648","25,74,52,064.60","15,283","1,87,922",40.01
SONACOMS,EQ,27-May-22,534.5,541.2,544.4,531.2,537.7,537.95,537.21,"7,11,093","38,20,06,979.10","17,727","3,81,104",53.59
SONACOMS,EQ,26-May-22,533.3,537,544.1,519.05,535.55,534.5,533.3,"5,80,401","30,95,29,321.50","22,602","2,07,021",35.67
SONACOMS,EQ,25-May-22,550.55,548.5,554.35,530.05,533,533.3,541.64,"5,27,089","28,54,94,234.45","23,773","2,41,448",45.81
SONACOMS,EQ,24-May-22,539.05,545,554.45,540.7,549.9,550.55,546.93,"4,61,334","25,23,18,130.60","13,246","1,47,261",31.92
SONACOMS,EQ,23-May-22,555.3,555,570.8,536.85,538,539.05,552.77,"10,47,932","57,92,64,076.95","41,904","4,48,728",42.82
SONACOMS,EQ,20-May-22,537.25,550,573,549,553,555.3,560.53,"11,49,255","64,41,90,359.10","42,386","4,75,879",41.41
SONACOMS,EQ,19-May-22,562.2,550,554.55,526.5,538,537.25,536.03,"16,86,255","90,38,75,135.35","76,018","9,13,634",54.18
SONACOMS,EQ,18-May-22,587.3,586,586.4,559.9,562,562.2,569.83,"7,94,398","45,26,70,015.20","31,532","3,47,956",43.8
SONACOMS,EQ,17-May-22,554.4,559.7,592.7,558.25,587.1,587.3,570.66,"10,61,209","60,55,90,431.85","23,813","5,59,832",52.75
SONACOMS,EQ,16-May-22,569.2,572.2,578,551.1,555,554.4,559.53,"5,62,176","31,45,55,053.00","23,208","2,23,323",39.72
SONACOMS,EQ,13-May-22,568.95,577.95,588,561.05,570.4,569.2,570.01,"9,14,750","52,14,20,196.80","33,102","3,54,637",38.77
SONACOMS,EQ,12-May-22,562.85,562.85,577.95,552.35,576,568.95,566.88,"14,97,236","84,87,46,493.50","32,657","8,35,958",55.83
SONACOMS,EQ,11-May-22,571.85,576.9,589.3,543.25,566.4,562.85,567.5,"13,27,842","75,35,45,389.55","44,162","6,46,390",48.68
SONACOMS,EQ,10-May-22,600.65,604.95,614.5,568.5,570,571.85,593.19,"11,06,500","65,63,67,632.55","42,763","6,36,377",57.51
SONACOMS,EQ,9-May-22,595.1,586.45,608.8,576.05,606,600.65,588.06,"9,92,665","58,37,48,959.75","36,368","5,84,232",58.85
SONACOMS,EQ,6-May-22,613.85,612.5,619.05,590.5,595,595.1,603.4,"17,37,332","1,04,83,14,715.20","58,590","9,39,584",54.08
SONACOMS,EQ,5-May-22,611.05,622,635.6,611.25,615.5,613.85,622.62,"5,81,135","36,18,24,340.05","32,656","2,14,176",36.85
SONACOMS,EQ,4-May-22,633.85,634.9,638.4,606.1,612,611.05,617.69,"5,69,404","35,17,14,229.45","35,051","2,68,088",47.08
SONACOMS,EQ,2-May-22,635.55,627,639.8,621.5,631.3,633.85,633.3,"4,07,152","25,78,48,624.85","20,992","1,81,670",44.62
SONACOMS,EQ,29-Apr-22,652.25,656,658.5,630.95,635.5,635.55,647.03,"4,73,280","30,62,26,411.90","20,112","2,53,294",53.52
SONACOMS,EQ,28-Apr-22,656.95,661.8,664.4,649,651,652.25,654.04,"4,84,866","31,71,23,188.90","31,583","2,43,284",50.18
SONACOMS,EQ,27-Apr-22,674.6,665,669,651,656.7,656.95,657.34,"11,21,708","73,73,48,803.25","34,912","7,72,211",68.84
SONACOMS,EQ,26-Apr-22,666.75,676,688,669.35,674.7,674.6,677.94,"9,77,933","66,29,82,475.95","39,644","4,70,739",48.14
SONACOMS,EQ,25-Apr-22,671.25,664.1,679.8,654.95,668.1,666.75,669.95,"10,15,207","68,01,36,731.90","34,415","4,99,680",49.22
SONACOMS,EQ,22-Apr-22,664.7,656.7,683.35,648.1,668.5,671.25,673.69,"11,53,895","77,73,70,026.75","39,542","4,90,828",42.54
SONACOMS,EQ,21-Apr-22,661.55,666.7,668.85,652.35,664.7,664.7,663.06,"6,89,551","45,72,16,350.85","19,453","2,68,651",38.96
SONACOMS,EQ,20-Apr-22,633.3,642,664,638.2,661.5,661.55,653.73,"14,98,343","97,95,17,970.35","39,539","5,81,218",38.79
SONACOMS,EQ,19-Apr-22,622.55,625.95,653.8,625.3,626,633.3,640.71,"11,99,844","76,87,46,182.00","35,877","3,01,996",25.17
SONACOMS,EQ,18-Apr-22,620.9,613.5,629.95,610.9,621.75,622.55,621.83,"5,78,215","35,95,53,054.55","24,794","1,98,293",34.29
SONACOMS,EQ,13-Apr-22,630.6,634.7,638.9,619.05,620.95,620.9,624.98,"5,63,403","35,21,13,198.65","22,542","2,35,936",41.88
SONACOMS,EQ,12-Apr-22,647.85,645,648.8,628.75,630.5,630.6,635.79,"5,60,583","35,64,15,183.00","20,186","2,74,512",48.97
SONACOMS,EQ,11-Apr-22,654.95,657.8,661.25,645,648.65,647.85,653.05,"8,40,097","54,86,22,219.65","24,381","4,31,741",51.39
SONACOMS,EQ,8-Apr-22,649.5,652,664.25,644.7,654.2,654.95,654.22,"6,54,966","42,84,88,943.60","17,854","2,25,197",34.38
SONACOMS,EQ,7-Apr-22,667.95,667.3,667.35,646,649.7,649.5,656.11,"8,41,032","55,18,06,028.50","30,803","4,16,747",49.55
SONACOMS,EQ,6-Apr-22,677.25,672,676.4,666,666.5,667.95,670.38,"5,97,461","40,05,23,372.25","17,475","2,33,170",39.03
SONACOMS,EQ,5-Apr-22,663,671.25,683.3,662.3,672,677.25,671.29,"14,19,194","95,26,88,305.30","47,482","6,54,142",46.09
SONACOMS,EQ,4-Apr-22,656.75,663.7,668.4,659.05,661.45,663,662.78,"6,66,813","44,19,48,679.90","27,089","3,16,541",47.47
SONACOMS,EQ,1-Apr-22,679.45,674.85,679.4,654.05,658.25,656.75,661.68,"17,20,968","1,13,87,26,306.15","68,940","10,81,877",62.86
SONACOMS,EQ,31-Mar-22,677.75,685,688.9,672,674.15,679.45,679.97,"6,96,997","47,39,34,336.65","25,204","2,64,708",37.98
SONACOMS,EQ,30-Mar-22,663.1,672.3,700,662,686,677.75,671.85,"9,43,762","63,40,68,829.15","29,385","4,80,059",50.87
SONACOMS,EQ,29-Mar-22,658.8,664,678.8,659.85,662.75,663.1,668.18,"9,30,464","62,17,19,954.60","33,112","4,37,523",47.02
SONACOMS,EQ,28-Mar-22,662.35,669.8,672.55,654,659.8,658.8,659.99,"8,91,747","58,85,41,280.85","45,189","2,91,292",32.67
SONACOMS,EQ,25-Mar-22,675.2,680,684.4,660,662,662.35,672.62,"6,01,930","40,48,72,253.30","19,566","2,35,130",39.06
SONACOMS,EQ,24-Mar-22,689.35,684,686.85,671.1,675.7,675.2,680,"5,27,577","35,87,50,993.35","15,427","1,62,382",30.78
SONACOMS,EQ,23-Mar-22,668.2,675.1,694.15,670.6,683.4,689.35,683.19,"13,72,047","93,73,66,925.70","34,665","4,41,328",32.17
SONACOMS,EQ,22-Mar-22,674.6,676.25,678.85,652,670,668.2,660.79,"11,76,575","77,74,69,703.75","35,268","3,70,652",31.5
SONACOMS,EQ,21-Mar-22,684.5,694.85,706.6,672.1,673,674.6,687.52,"12,55,407","86,31,21,090.95","43,349","4,84,625",38.6
SONACOMS,EQ,17-Mar-22,644.5,661,698.7,651.05,686,684.5,672.3,"18,50,118","1,24,38,38,796.30","45,676","9,06,658",49.01
SONACOMS,EQ,16-Mar-22,631.85,643,654.8,635.1,643.3,644.5,645.37,"9,26,758","59,80,97,558.00","28,974","2,87,916",31.07
SONACOMS,EQ,15-Mar-22,612.95,616,644.65,612.5,631.7,631.85,633.71,"18,77,698","1,18,99,12,309.05","42,649","8,39,976",44.73
SONACOMS,EQ,14-Mar-22,616.7,620,623.95,608.95,612,612.95,615.38,"6,40,797","39,43,34,452.10","17,903","2,15,629",33.65
SONACOMS,EQ,11-Mar-22,602.35,603,620,595.7,617.95,616.7,609.99,"8,28,712","50,55,06,276.55","21,696","2,86,314",34.55
SONACOMS,EQ,10-Mar-22,573.15,593.15,613.5,592,602.45,602.35,603.09,"17,09,998","1,03,12,81,833.20","44,880","5,17,523",30.26
SONACOMS,EQ,9-Mar-22,569.5,576,578.35,566.2,574.85,573.15,571.98,"11,95,925","68,40,51,007.90","36,691","4,15,947",34.78
SONACOMS,EQ,8-Mar-22,572.45,577.8,589.6,562.95,567.95,569.5,572.2,"11,59,673","66,35,70,687.00","34,172","4,89,961",42.25
SONACOMS,EQ,7-Mar-22,589.8,560.5,583.85,553,575,572.45,562.33,"25,75,682","1,44,83,87,600.15","83,844","14,16,723",55
SONACOMS,EQ,4-Mar-22,604.25,599.9,610,581.6,590,589.8,591.86,"19,18,007","1,13,52,00,592.95","75,283","9,31,614",48.57
SONACOMS,EQ,3-Mar-22,621.8,630,636,602.5,605.35,604.25,615.17,"12,93,754","79,58,72,650.40","49,399","5,92,365",45.79
SONACOMS,EQ,2-Mar-22,636.1,621,642.3,618,620.95,621.8,627.99,"9,31,155","58,47,55,329.35","33,961","3,91,957",42.09
SONACOMS,EQ,28-Feb-22,649.95,637.6,640.95,615,636.7,636.1,630.14,"15,66,616","98,71,94,922.05","51,302","5,59,846",35.74
SONACOMS,EQ,25-Feb-22,595.9,620,656,609.95,644.4,649.95,629.03,"11,81,586","74,32,57,732.00","35,976","3,73,299",31.59
SONACOMS,EQ,24-Feb-22,637.55,605,619,582,592.05,595.9,603.5,"28,36,671","1,71,19,39,088.25","1,03,425","14,27,763",50.33
SONACOMS,EQ,23-Feb-22,634.25,642.7,652.15,634.05,635,637.55,644.46,"4,84,541","31,22,68,102.40","15,348","1,16,293",24
SONACOMS,EQ,22-Feb-22,656.2,615,651.8,615,632,634.25,638.58,"10,54,831","67,35,98,975.85","44,367","3,41,493",32.37
SONACOMS,EQ,21-Feb-22,656.6,646,665,632,654.2,656.2,649.83,"10,12,168","65,77,36,227.85","34,315","2,99,934",29.63
SONACOMS,EQ,18-Feb-22,657.15,647,663,644.05,655,656.6,656.31,"6,22,948","40,88,45,412.70","21,410","2,11,355",33.93
SONACOMS,EQ,17-Feb-22,651.25,652.6,663.65,650,656.4,657.15,657.01,"8,86,645","58,25,34,401.60","27,998","2,02,738",22.87
SONACOMS,EQ,16-Feb-22,652.35,660,667.65,642.4,647.1,651.25,656.29,"11,81,020","77,50,92,778.50","37,817","2,92,333",24.75
SONACOMS,EQ,15-Feb-22,603.6,621,659.7,595.6,654.5,652.35,628.09,"18,67,264","1,17,28,11,263.50","59,180","5,34,565",28.63
SONACOMS,EQ,14-Feb-22,631.75,568.55,621.9,568.55,602,603.6,609.11,"17,23,385","1,04,97,38,063.20","61,352","7,73,721",44.9
SONACOMS,EQ,11-Feb-22,643.05,632,637.9,627.5,632.85,631.75,631.92,"6,58,919","41,63,81,783.05","25,937","2,43,572",36.97
SONACOMS,EQ,10-Feb-22,648.05,651.7,655.7,637.2,643.7,643.05,645.88,"4,47,740","28,91,86,305.85","13,555","1,43,005",31.94
SONACOMS,EQ,9-Feb-22,625.4,635.5,650,627.7,648.55,648.05,639.89,"9,95,602","63,70,80,240.90","42,793","3,08,943",31.03
SONACOMS,EQ,8-Feb-22,659.85,668.25,671.7,622.05,628,625.4,632.72,"18,24,482","1,15,43,94,296.85","78,135","9,07,053",49.72
SONACOMS,EQ,7-Feb-22,682.05,680.95,683.7,655,664.9,659.85,665.97,"8,46,598","56,38,09,173.60","31,971","3,34,680",39.53
SONACOMS,EQ,4-Feb-22,686.45,688,689.5,667.8,679.9,682.05,680.43,"8,95,020","60,90,02,796.90","26,101","2,72,732",30.47
SONACOMS,EQ,3-Feb-22,675.65,680.5,699.5,670.3,685.2,686.45,684.83,"19,69,604","1,34,88,40,227.95","43,037","7,86,742",39.94
SONACOMS,EQ,2-Feb-22,663.9,640,679.9,640,676.55,675.65,667.9,"23,60,278","1,57,64,23,126.65","72,962","8,09,276",34.29
SONACOMS,EQ,1-Feb-22,642.35,653.6,669.05,643,664.8,663.9,655.85,"18,86,495","1,23,72,49,895.45","56,429","8,78,682",46.58
SONACOMS,EQ,31-Jan-22,625.45,643,649.85,635.5,644,642.35,642.05,"11,75,644","75,48,23,154.50","29,929","5,23,784",44.55
SONACOMS,EQ,28-Jan-22,602.9,611.5,656,611.25,627.6,625.45,641.14,"35,24,513","2,25,96,92,120.10","77,309","13,67,209",38.79
SONACOMS,EQ,27-Jan-22,627.25,615,621.8,600,603.8,602.9,610.32,"31,35,738","1,91,38,07,175.45","1,22,940","13,00,850",41.48
SONACOMS,EQ,25-Jan-22,651.15,631.35,646.8,616.8,628,627.25,629.52,"36,10,984","2,27,31,75,147.05","1,44,245","17,19,671",47.62
SONACOMS,EQ,24-Jan-22,702.15,703.9,703.9,606.8,653,651.15,649.79,"55,74,120","3,62,20,29,358.00","2,14,811","27,14,622",48.7
SONACOMS,EQ,21-Jan-22,736.15,720.05,724.8,693.15,703.4,702.15,708.24,"22,85,011","1,61,83,41,251.20","1,18,954","11,53,349",50.47
SONACOMS,EQ,20-Jan-22,739.35,739.3,744.8,720,735,736.15,729.81,"12,61,565","92,07,01,614.25","39,337","4,81,640",38.18
SONACOMS,EQ,19-Jan-22,770.7,770.95,770.95,737.05,740,739.35,749.26,"12,44,871","93,27,29,556.50","43,223","5,80,810",46.66
SONACOMS,EQ,18-Jan-22,770.25,774,789.8,764,768.55,770.7,777.29,"18,00,340","1,39,93,94,935.70","58,726","8,00,147",44.44
SONACOMS,EQ,17-Jan-22,756.25,763,794.8,762,770,770.25,775.34,"18,16,236","1,40,81,97,707.90","59,067","6,67,242",36.74
SONACOMS,EQ,14-Jan-22,751.75,748.95,766,745.15,757,756.25,756.96,"6,05,337","45,82,13,538.75","23,951","1,81,536",29.99
SONACOMS,EQ,13-Jan-22,759.4,759,759.4,746,752.75,751.75,751.32,"8,05,465","60,51,59,681.95","24,370","3,56,354",44.24
SONACOMS,EQ,12-Jan-22,756.1,763,776.1,741,758.45,759.4,761.36,"20,75,189","1,57,99,68,476.50","54,204","7,28,468",35.1
SONACOMS,EQ,11-Jan-22,739.5,740,769,740,757,756.1,757.74,"15,70,079","1,18,97,17,572.85","47,387","6,92,606",44.11
SONACOMS,EQ,10-Jan-22,734.15,738,747.8,733.9,739,739.5,739.97,"8,93,975","66,15,12,122.00","24,082","4,25,125",47.55
SONACOMS,EQ,7-Jan-22,732.3,735.1,744.4,727.15,735.5,734.15,736.07,"8,02,851","59,09,50,613.65","24,339","2,49,547",31.08
SONACOMS,EQ,6-Jan-22,738.45,732,735,718,732,732.3,725.66,"12,38,144","89,84,75,631.50","45,676","4,32,265",34.91
SONACOMS,EQ,5-Jan-22,754.15,753,755,736,740,738.45,741.72,"8,59,528","63,75,29,023.80","30,251","3,64,540",42.41
SONACOMS,EQ,4-Jan-22,740.55,745,778.75,744,752.2,754.15,760.64,"25,15,125","1,91,31,03,299.85","69,606","8,03,877",31.96
SONACOMS,EQ,3-Jan-22,743.55,743.55,750,736.55,740.1,740.55,742.33,"8,01,634","59,50,75,334.40","27,264","3,12,378",38.97
SONACOMS,EQ,31-Dec-21,723.15,725,748.7,722,739.5,743.55,737.36,"15,33,044","1,13,04,08,030.40","42,041","4,95,814",32.34
SONACOMS,EQ,30-Dec-21,709.4,709.8,727.7,709.75,723,723.15,719.01,"9,39,497","67,55,05,740.55","28,025","3,07,011",32.68
SONACOMS,EQ,29-Dec-21,728.85,730,734.6,706.25,710,709.4,720.1,"10,25,937","73,87,79,448.10","29,074","4,20,987",41.03
SONACOMS,EQ,28-Dec-21,704.55,708.5,732,705.5,731,728.85,719.6,"12,99,478","93,51,04,956.75","35,555","4,16,453",32.05
SONACOMS,EQ,27-Dec-21,712.75,712,716,694.4,703,704.55,704.38,"12,56,299","88,49,07,853.85","36,412","4,18,335",33.3
SONACOMS,EQ,24-Dec-21,698.5,703.75,717.8,680.15,715,712.75,697.8,"21,08,002","1,47,09,73,624.75","53,446","7,29,910",34.63
SONACOMS,EQ,23-Dec-21,696.1,702.9,711,691.9,699,698.5,701.79,"16,53,715","1,16,05,61,926.15","50,003","6,49,024",39.25
SONACOMS,EQ,22-Dec-21,709.3,714.8,723,694,695.4,696.1,707.51,"15,80,443","1,11,81,72,330.05","47,137","7,61,404",48.18
SONACOMS,EQ,21-Dec-21,699.25,714,728.75,704.2,709.85,709.3,716.09,"16,82,321","1,20,46,96,458.20","64,149","6,38,530",37.96
SONACOMS,EQ,20-Dec-21,755.85,753,755.3,690,693,699.25,709.81,"37,20,125","2,64,05,70,460.10","1,52,573","16,34,401",43.93
SONACOMS,EQ,17-Dec-21,779.5,778.6,798.9,741.25,773.05,755.85,760.07,"1,23,07,302","9,35,44,26,207.15","1,18,684","73,86,709",60.02
SONACOMS,EQ,16-Dec-21,796.7,806.9,807.25,776.1,778.5,779.5,783.02,"16,94,604","1,32,69,07,871.60","52,861","5,91,888",34.93
SONACOMS,EQ,15-Dec-21,799.6,805.7,809.95,790.7,799.75,796.7,797.98,"19,14,028","1,52,73,59,343.65","60,175","8,12,841",42.47
SONACOMS,EQ,14-Dec-21,822.7,822.4,839.9,795,801,799.6,811.19,"33,30,102","2,70,13,41,809.95","1,36,171","15,32,666",46.02
SONACOMS,EQ,13-Dec-21,789.3,797.7,829.5,795.4,822.95,822.7,816.17,"40,51,746","3,30,69,06,686.70","94,803","13,77,596",34
SONACOMS,EQ,10-Dec-21,776,777.95,792,775.25,789.15,789.3,785.56,"16,66,681","1,30,92,75,893.75","47,698","6,47,006",38.82
SONACOMS,EQ,9-Dec-21,771.4,782,817.9,772.6,774.8,776,795.11,"53,81,019","4,27,85,07,809.90","1,56,320","15,30,126",28.44
SONACOMS,EQ,8-Dec-21,760.55,772,778,763.75,775,771.4,769.73,"11,62,024","89,44,46,865.05","37,959","5,03,787",43.35
SONACOMS,EQ,7-Dec-21,751.75,759.1,778,755.2,765,760.55,767.84,"21,80,750","1,67,44,68,921.30","80,464","11,49,198",52.7
SONACOMS,EQ,6-Dec-21,766.4,771.4,771.95,748.65,752.6,751.75,760,"12,19,012","92,64,51,469.55","39,629","4,58,897",37.64
SONACOMS,EQ,3-Dec-21,758.95,767.3,812.5,763.4,764.95,766.4,784.31,"39,77,053","3,11,92,33,661.15","1,37,957","13,08,110",32.89
SONACOMS,EQ,2-Dec-21,744.7,748.8,767,746.05,759.05,758.95,758.67,"17,41,210","1,32,10,12,428.75","58,444","9,48,755",54.49
SONACOMS,EQ,1-Dec-21,748.3,758.65,766,741.25,743,744.7,750.26,"14,08,465","1,05,67,12,856.25","44,944","7,53,331",53.49
SONACOMS,EQ,30-Nov-21,743.5,750,770.95,736.55,749.75,748.3,753.38,"17,37,253","1,30,88,09,334.85","52,532","7,27,182",41.86
SONACOMS,EQ,29-Nov-21,729.3,725,747.8,676.2,742,743.5,721.87,"28,65,447","2,06,84,67,663.95","1,14,749","11,60,784",40.51
SONACOMS,EQ,26-Nov-21,759.95,745,768.5,725.05,727,729.3,744.46,"22,00,440","1,63,81,50,223.20","71,284","10,89,237",49.5
SONACOMS,EQ,25-Nov-21,741.85,747.9,775,745,760,759.95,760.58,"20,12,494","1,53,06,63,910.80","74,115","9,30,208",46.22
SONACOMS,EQ,24-Nov-21,738.7,748.1,769.4,734.05,743,741.85,755.51,"25,27,904","1,90,98,62,413.25","90,619","11,63,520",46.03
SONACOMS,EQ,23-Nov-21,696.35,690,749,687.9,741.9,738.7,731.19,"31,79,965","2,32,51,66,725.10","93,166","13,15,823",41.38
SONACOMS,EQ,22-Nov-21,710,716.4,723.8,681.35,697.5,696.35,706.91,"29,97,923","2,11,92,68,303.10","1,13,013","14,35,109",47.87
SONACOMS,EQ,18-Nov-21,710.9,713.7,719.95,690,708.15,710,705.39,"21,85,044","1,54,13,16,199.60","75,517","10,96,447",50.18
SONACOMS,EQ,17-Nov-21,712.6,708.4,726,707.6,712,710.9,714.34,"17,17,766","1,22,70,68,208.50","57,895","8,52,649",49.64
SONACOMS,EQ,16-Nov-21,690.3,695.8,720.9,692.5,708.05,712.6,706.9,"28,55,058","2,01,82,27,466.40","81,541","12,72,965",44.59
SONACOMS,EQ,15-Nov-21,679.95,685.1,700,684,692.4,690.3,691.17,"14,95,935","1,03,39,43,351.55","45,325","6,87,139",45.93
SONACOMS,EQ,12-Nov-21,695,701,703.1,670.2,680.95,679.95,680.84,"18,16,218","1,23,65,55,663.90","61,619","7,93,860",43.71
SONACOMS,EQ,11-Nov-21,686.65,687,713.4,687,695.3,695,701.17,"23,05,663","1,61,66,67,325.00","75,856","9,77,049",42.38
SONACOMS,EQ,10-Nov-21,684.95,680,701,676.3,686.85,686.65,689.47,"17,84,031","1,23,00,40,290.60","44,467","6,10,161",34.2
SONACOMS,EQ,9-Nov-21,666.3,668,697.55,661.4,684,684.95,682.96,"29,61,288","2,02,24,43,022.90","72,310","10,66,016",36
SONACOMS,EQ,8-Nov-21,665.7,669,679.75,656.65,667.8,666.3,668.1,"17,39,351","1,16,20,55,320.00","53,117","6,99,924",40.24
SONACOMS,EQ,4-Nov-21,643.55,650.2,668.75,649.6,664,665.7,662.52,"11,01,448","72,97,26,575.90","38,960","5,14,189",46.68
SONACOMS,EQ,3-Nov-21,649.35,654,655.45,635.65,643.8,643.55,645.67,"11,27,716","72,81,37,110.40","29,841","5,50,601",48.82
SONACOMS,EQ,2-Nov-21,648.4,653,669.2,648.4,649.3,649.35,654.73,"18,57,969","1,21,64,65,545.50","44,035","7,96,313",42.86
SONACOMS,EQ,1-Nov-21,647.7,653.7,669.8,645.2,648.9,648.4,654.68,"18,38,861","1,20,38,62,823.25","56,157","9,40,114",51.12
SONACOMS,EQ,29-Oct-21,668.4,664,678.1,637.2,645.15,647.7,655.96,"25,63,167","1,68,13,31,979.85","82,894","10,59,618",41.34
SONACOMS,EQ,28-Oct-21,615.05,618,705.4,618,665,668.4,679.17,"75,25,179","5,11,08,66,771.00","1,39,740","29,16,360",38.75
SONACOMS,EQ,27-Oct-21,639.3,643,647.9,612,617,615.05,627.33,"17,18,860","1,07,82,84,735.05","58,022","9,87,949",57.48
SONACOMS,EQ,26-Oct-21,604,608,654.05,608,639.95,639.3,634.39,"32,10,594","2,03,67,79,283.10","80,752","12,49,017",38.9
SONACOMS,EQ,25-Oct-21,616.1,618,626.9,586,603.5,604,607.49,"18,74,816","1,13,89,37,877.45","51,191","7,70,318",41.09
SONACOMS,EQ,22-Oct-21,625.15,629.75,666.45,611.25,613.4,616.1,635.63,"25,66,541","1,63,13,61,463.95","68,549","11,69,534",45.57
SONACOMS,EQ,21-Oct-21,643.35,643.2,653.4,601,622.9,625.15,625.72,"27,46,143","1,71,83,07,944.10","84,432","14,84,114",54.04
SONACOMS,EQ,20-Oct-21,697.6,691.9,694,630,642.05,643.35,649.49,"41,78,371","2,71,37,97,482.30","1,56,836","22,96,088",54.95
SONACOMS,EQ,19-Oct-21,765.65,771.4,773.3,674,696.25,697.6,734.91,"17,16,466","1,26,14,55,553.40","65,263","9,74,872",56.8
SONACOMS,EQ,18-Oct-21,755.15,762,805.95,755,766,765.65,777.29,"23,96,092","1,86,24,56,723.90","70,394","9,00,521",37.58
SONACOMS,EQ,14-Oct-21,741.4,747.7,813,718.35,758.5,755.15,773.11,"59,72,558","4,61,74,61,739.05","1,64,522","14,39,564",24.1
SONACOMS,EQ,13-Oct-21,651,670,749,670,740,741.4,724.08,"70,37,231","5,09,54,95,545.70","1,37,115","16,01,313",22.75
SONACOMS,EQ,12-Oct-21,651.8,651,660,635,655,651,644.87,"11,97,495","77,22,30,609.75","33,727","4,14,523",34.62
SONACOMS,EQ,11-Oct-21,630.95,632.8,665.95,628.4,651,651.8,650.8,"19,12,860","1,24,48,95,358.95","44,045","6,27,830",32.82
SONACOMS,EQ,8-Oct-21,652.95,657.6,660,627.05,629.85,630.95,638.72,"24,00,741","1,53,34,08,524.70","80,840","9,59,346",39.96
SONACOMS,EQ,7-Oct-21,581.05,585,689,584,653,652.95,641.49,"89,28,123","5,72,72,83,167.00","1,73,079","22,29,000",24.97
SONACOMS,EQ,6-Oct-21,585.25,588,591.5,573,580,581.05,581.39,"11,45,894","66,62,14,288.80","25,198","4,85,910",42.4
SONACOMS,EQ,5-Oct-21,575.2,575.6,589.85,555,585,585.25,579.92,"23,12,586","1,34,11,23,778.30","42,557","7,84,245",33.91
SONACOMS,EQ,4-Oct-21,562.55,564.1,581.8,564.05,574.3,575.2,574.69,"13,32,619","76,58,39,071.35","33,117","5,39,667",40.5
SONACOMS,EQ,1-Oct-21,555.85,551,571.85,549.2,560.65,562.55,562.36,"16,05,653","90,29,53,938.05","40,577","6,54,621",40.77
SONACOMS,EQ,30-Sep-21,563.25,565.4,566.8,554.9,556.3,555.85,559.47,"6,28,272","35,14,96,965.90","23,127","2,61,588",41.64
SONACOMS,EQ,29-Sep-21,556.25,553,573.8,551,563,563.25,563.86,"10,92,189","61,58,43,011.30","27,899","2,95,636",27.07
SONACOMS,EQ,28-Sep-21,560.5,563,564.4,552.7,556,556.25,557.57,"11,17,400","62,30,34,002.95","26,159","5,42,238",48.53
SONACOMS,EQ,27-Sep-21,558,563.9,566.8,548,560.5,560.5,557.8,"16,02,071","89,36,36,916.10","72,689","6,14,951",38.38
SONACOMS,EQ,24-Sep-21,574.85,576.8,578.75,555.05,560,558,564.56,"12,43,064","70,17,86,142.30","41,548","5,87,289",47.25
SONACOMS,EQ,23-Sep-21,574.8,580.45,587.75,572.1,572.95,574.85,579.84,"13,48,917","78,21,50,790.30","36,968","4,96,087",36.78
SONACOMS,EQ,22-Sep-21,562.8,565.6,584,561.05,575,574.8,576.29,"17,86,786","1,02,97,01,357.25","40,526","5,32,846",29.82
SONACOMS,EQ,21-Sep-21,566.1,569.8,572.7,547.15,563.9,562.8,558.68,"24,57,993","1,37,32,27,301.20","59,105","10,03,556",40.83
SONACOMS,EQ,20-Sep-21,570.4,564,580,556.1,572,566.1,567.83,"17,84,926","1,01,35,26,224.95","42,265","5,96,290",33.41
SONACOMS,EQ,17-Sep-21,585.35,589,592.25,560.25,570,570.4,574.15,"21,13,066","1,21,32,18,966.35","60,832","7,16,109",33.89
SONACOMS,EQ,16-Sep-21,582.45,584.15,610,582.55,587.95,585.35,597.1,"43,61,456","2,60,42,42,329.45","98,067","13,72,092",31.46
SONACOMS,EQ,15-Sep-21,572,575.4,589.3,567.2,580.9,582.45,577.99,"32,07,889","1,85,41,24,343.75","83,841","8,94,464",27.88
SONACOMS,EQ,14-Sep-21,583.45,587.45,596.8,567.2,572,572,580.78,"30,46,264","1,76,92,02,175.85","78,254","11,31,500",37.14
SONACOMS,EQ,13-Sep-21,550.5,553,589.3,546,582.6,583.45,571.76,"56,95,633","3,25,65,42,292.20","1,04,010","11,84,200",20.79
SONACOMS,EQ,9-Sep-21,544.85,545.5,571,545.2,550,550.5,558.77,"45,21,235","2,52,63,32,448.35","88,130","10,22,746",22.62
SONACOMS,EQ,8-Sep-21,548.9,551.9,551.9,526.1,545.65,544.85,539.43,"32,17,349","1,73,55,44,720.30","71,027","10,28,558",31.97
SONACOMS,EQ,7-Sep-21,548.75,550.45,560.9,540.6,547,548.9,551.04,"35,24,987","1,94,24,24,138.55","73,062","6,11,758",17.35
SONACOMS,EQ,6-Sep-21,525.7,532.4,561.9,527.3,547,548.75,545.68,"59,41,536","3,24,21,51,284.95","1,16,945","10,27,314",17.29
SONACOMS,EQ,3-Sep-21,494.55,496,538.8,491,526.5,525.7,523.37,"83,77,452","4,38,44,90,281.05","1,51,847","21,76,484",25.98
SONACOMS,EQ,2-Sep-21,498.45,498.5,511,493,494,494.55,500.62,"15,25,755","76,38,29,529.95","48,127","6,17,278",40.46
SONACOMS,EQ,1-Sep-21,500.1,500.1,513.1,496,498,498.45,502.71,"17,01,574","85,53,96,949.20","35,778","4,35,591",25.6
SONACOMS,EQ,31-Aug-21,512.65,510,518.8,496.4,499.5,500.1,508.37,"25,02,460","1,27,21,78,443.40","55,378","6,79,608",27.16
SONACOMS,EQ,30-Aug-21,474.2,483,521.7,483,514.5,512.65,506.2,"57,69,574","2,92,05,63,517.25","1,21,288","19,90,865",34.51
SONACOMS,EQ,27-Aug-21,471.5,471,478.9,467.2,475.2,474.2,472.6,"13,46,020","63,61,28,870.15","29,591","2,95,035",21.92
SONACOMS,EQ,26-Aug-21,472.4,475,484,466.15,470.3,471.5,473.97,"26,58,679","1,26,01,22,024.70","57,216","8,16,780",30.72
SONACOMS,EQ,25-Aug-21,450.15,457,491.15,455.25,475.5,472.4,475.68,"46,91,070","2,23,14,25,447.30","1,05,706","13,10,276",27.93
SONACOMS,EQ,24-Aug-21,445.2,448.65,456.5,440.2,454,450.15,447.97,"28,49,668","1,27,65,73,375.20","66,885","13,47,642",47.29
SONACOMS,EQ,23-Aug-21,466.35,472.15,480.9,438.15,444.45,445.2,452.35,"26,57,952","1,20,23,32,871.30","66,378","11,16,916",42.02
SONACOMS,EQ,20-Aug-21,473.75,467.6,493,463,465,466.35,475.27,"24,41,515","1,16,03,81,726.25","64,280","6,61,777",27.11
SONACOMS,EQ,18-Aug-21,496.35,498.95,504.75,464.1,474,473.75,480.92,"36,23,680","1,74,26,82,876.70","89,779","14,68,084",40.51
SONACOMS,EQ,17-Aug-21,516.25,515.4,523.8,494,496.55,496.35,507.38,"28,46,613","1,44,43,08,460.10","81,553","15,17,454",53.31
SONACOMS,EQ,16-Aug-21,501.8,503.5,542,493.05,514.8,516.25,520.91,"58,38,267","3,04,12,24,736.65","1,49,834","17,78,574",30.46
SONACOMS,EQ,13-Aug-21,491.25,494.15,517.4,494.15,499.1,501.8,506.49,"27,97,664","1,41,69,93,584.60","63,712","10,18,705",36.41
SONACOMS,EQ,12-Aug-21,498.9,503.7,508.75,486.85,492.2,491.25,495.91,"19,18,516","95,14,18,834.00","46,032","7,16,703",37.36
SONACOMS,EQ,11-Aug-21,489.35,497.8,522.9,478.35,499,498.9,501.55,"75,78,893","3,80,12,09,407.10","1,53,914","13,19,688",17.41
SONACOMS,EQ,10-Aug-21,477.8,481.25,559.4,474,492,489.35,514.95,"2,08,50,838","10,73,71,36,480.15","3,85,955","44,66,174",21.42
SONACOMS,EQ,9-Aug-21,411.45,427.7,486.7,427.25,472.9,477.8,465.52,"1,31,61,558","6,12,69,85,381.05","2,04,715","47,77,775",36.3
SONACOMS,EQ,6-Aug-21,409.5,410.2,422.5,408,415.55,411.45,413.96,"17,36,766","71,89,60,225.05","38,643","10,50,553",60.49
SONACOMS,EQ,5-Aug-21,421.95,424.9,425,408,409,409.5,413.46,"14,76,251","61,03,78,088.85","69,714","8,56,747",58.04
SONACOMS,EQ,4-Aug-21,436.05,439.75,439.75,421,422,421.95,430.45,"16,74,935","72,09,78,920.55","50,078","12,13,439",72.45
SONACOMS,EQ,3-Aug-21,439.25,443,446.8,432.2,434.3,436.05,441.04,"9,09,060","40,09,30,123.20","29,956","4,61,774",50.8
SONACOMS,EQ,2-Aug-21,439.25,442.65,454.25,435.5,439,439.25,444.89,"24,78,124","1,10,24,91,337.50","60,205","11,67,273",47.1
SONACOMS,EQ,30-Jul-21,435.4,432.85,443.95,426.7,436.05,439.25,437.83,"18,33,069","80,25,72,597.65","29,559","9,11,693",49.74
SONACOMS,EQ,29-Jul-21,418.75,420.75,438.95,416.1,435.25,435.4,431.88,"25,48,002","1,10,04,22,941.95","53,220","13,49,096",52.95
SONACOMS,EQ,28-Jul-21,396.6,400.45,424.3,395.5,416.25,418.75,411.59,"47,90,986","1,97,18,98,053.55","1,01,539","22,47,917",46.92
SONACOMS,EQ,27-Jul-21,405.55,408,415.45,393.85,396,396.6,404.95,"23,30,599","94,37,79,322.60","59,571","9,63,924",41.36
SONACOMS,EQ,26-Jul-21,423.25,424,424,402.6,403.5,405.55,412.08,"34,91,888","1,43,89,30,962.55","66,349","18,93,208",54.22
SONACOMS,EQ,23-Jul-21,440.5,441,452.9,418.75,420.6,423.25,434.89,"43,78,428","1,90,41,29,694.40","77,243","20,91,322",47.76
SONACOMS,EQ,22-Jul-21,439.85,428,452,411.1,452,440.5,426.66,"94,50,575","4,03,21,70,481.75","1,38,994","47,51,401",50.28
SONACOMS,EQ,20-Jul-21,393.8,401.7,456.9,392,426,439.85,424.21,"83,24,982","3,53,15,80,214.55","1,24,930","31,79,374",38.19
SONACOMS,EQ,19-Jul-21,401.5,399.5,404.95,388,396.5,393.8,395.73,"12,20,437","48,29,59,240.50","33,038","5,56,171",45.57
SONACOMS,EQ,16-Jul-21,394.7,400,409,399.2,400.95,401.5,404.03,"10,23,571","41,35,55,585.70","20,322","4,57,750",44.72
SONACOMS,EQ,15-Jul-21,401.8,404.7,409.3,392.2,392.85,394.7,402.03,"7,27,281","29,23,86,044.75","14,828","3,17,453",43.65
SONACOMS,EQ,14-Jul-21,402.05,404.95,406.95,399,402.1,401.8,402.78,"6,25,983","25,21,31,910.85","11,652","2,62,497",41.93
SONACOMS,EQ,13-Jul-21,409.1,411,415.5,400.4,401.25,402.05,407.57,"15,26,457","62,21,33,516.95","29,164","7,04,241",46.14
SONACOMS,EQ,12-Jul-21,422.25,424.9,427,402,408,409.1,411.89,"18,45,286","76,00,55,514.00","35,542","9,31,464",50.48
SONACOMS,EQ,9-Jul-21,402.45,400,426.8,398.05,420,422.25,411.18,"38,86,823","1,59,81,68,867.05","62,784","19,19,661",49.39
SONACOMS,EQ,8-Jul-21,405.35,404.75,412.4,396.1,401,402.45,402.56,"24,21,453","97,47,82,683.45","34,395","12,31,889",50.87
SONACOMS,EQ,7-Jul-21,388,384.25,420.8,378.5,401.7,405.35,403.72,"59,35,443","2,39,62,81,825.50","1,06,686","23,04,058",38.82
SONACOMS,EQ,6-Jul-21,383.05,382.65,395.7,376,380.15,388,387.15,"35,04,682","1,35,68,29,588.85","79,929","19,91,496",56.82
SONACOMS,EQ,5-Jul-21,377.45,381.4,387.9,366.5,382.05,383.05,377.21,"31,50,274","1,18,83,26,917.20","65,106","18,82,680",59.76
SONACOMS,EQ,2-Jul-21,344.95,343,385,341.3,377,377.45,369.3,"46,00,866","1,69,91,20,507.75","1,39,571","19,90,701",43.27
SONACOMS,EQ,1-Jul-21,342.3,342,350,333.25,345.1,344.95,343.19,"17,40,419","59,72,99,380.45","41,653","9,86,952",56.71
