Year,Month,Period,Region,Country,OpCo Code,OpCo Name,BU,SC Function,Account,Account Description,Channel,AccDetail,Scenario,Currency,Amount
2026,8,202608,Asia-Pacific,Bangladesh,BD01,Bangladesh OpCo,XYZ Ltd,Imports,PURCH_PAIRS,Purchase Pairs,SC,F_CLO,Actual,USD,381759
2026,8,202608,Asia-Pacific,Bangladesh,BD01,Bangladesh OpCo,XYZ Ltd,Imports,PL_119001I,Turnover Supply Chain,SC,F_CLO,Actual,USD,4254053.76
2026,8,202608,Asia-Pacific,Bangladesh,BD01,Bangladesh OpCo,XYZ Ltd,Imports,PL_119002I,Turnover Supply Chain - Markup,SC,F_CLO,Actual,USD,255681.55
2026,8,202608,Asia-Pacific,Bangladesh,BD01,Bangladesh OpCo,XYZ Ltd,Imports,PL_219000T,COGS Supply Chain,SC,F_CLO,Actual,USD,-4254053.76
2026,8,202608,Asia-Pacific,Bangladesh,BD01,Bangladesh OpCo,XYZ Ltd,Imports,PL_225000I,Freight Costs,SC,F_CLO,Actual,USD,-59569.77
2026,8,202608,Asia-Pacific,Bangladesh,BD01,Bangladesh OpCo,XYZ Ltd,Imports,PL_224000I,PPV,SC,F_CLO,Actual,USD,-30261.6
2026,8,202608,Asia-Pacific,Bangladesh,BD01,Bangladesh OpCo,XYZ Ltd,Imports,PL_CH0001I,Personnel (channel),SC,F_CLO,Actual,USD,-68910.45
2026,8,202608,Asia-Pacific,Bangladesh,BD01,Bangladesh OpCo,XYZ Ltd,Imports,PL_CH0002I,Selling & Handling (channel),SC,F_CLO,Actual,USD,-68910.45
2026,8,202608,Asia-Pacific,Bangladesh,BD01,Bangladesh OpCo,XYZ Ltd,Imports,PL_CH0003I,General & Administration (channel),SC,F_CLO,Actual,USD,-34455.23
2026,8,202608,Asia-Pacific,Bangladesh,BD01,Bangladesh OpCo,XYZ Ltd,Imports,PL_119000T,Net Turnover Supply Chain,SC,F_CLO,Actual,USD,4509735.31
2026,8,202608,Asia-Pacific,Bangladesh,BD01,Bangladesh OpCo,XYZ Ltd,Imports,PL_200000T,Cost of Sales,SC,F_CLO,Actual,USD,-4343885.13
2026,8,202608,Asia-Pacific,Bangladesh,BD01,Bangladesh OpCo,XYZ Ltd,Imports,PL_920000T,Total Gross Profit,SC,F_CLO,Actual,USD,165850.18
2026,8,202608,Asia-Pacific,Bangladesh,BD01,Bangladesh OpCo,XYZ Ltd,Imports,PL_CH0000T,Channel Expenses,SC,F_CLO,Actual,USD,-172276.14
2026,8,202608,Asia-Pacific,Bangladesh,BD01,Bangladesh OpCo,XYZ Ltd,Imports,PL_CP0000T,Channel Operating Profit,SC,F_CLO,Actual,USD,-6425.95
2026,8,202608,Asia-Pacific,Bangladesh,BD01,Bangladesh OpCo,XYZ Ltd,Imports,PURCH_PAIRS,Purchase Pairs,SC,F_CLO,Budget,USD,424460
2026,8,202608,Asia-Pacific,Bangladesh,BD01,Bangladesh OpCo,XYZ Ltd,Imports,PL_119001I,Turnover Supply Chain,SC,F_CLO,Budget,USD,4675855.77
2026,8,202608,Asia-Pacific,Bangladesh,BD01,Bangladesh OpCo,XYZ Ltd,Imports,PL_119002I,Turnover Supply Chain - Markup,SC,F_CLO,Budget,USD,280551.35
2026,8,202608,Asia-Pacific,Bangladesh,BD01,Bangladesh OpCo,XYZ Ltd,Imports,PL_219000T,COGS Supply Chain,SC,F_CLO,Budget,USD,-4675855.77
2026,8,202608,Asia-Pacific,Bangladesh,BD01,Bangladesh OpCo,XYZ Ltd,Imports,PL_225000I,Freight Costs,SC,F_CLO,Budget,USD,-65461.98
2026,8,202608,Asia-Pacific,Bangladesh,BD01,Bangladesh OpCo,XYZ Ltd,Imports,PL_224000I,PPV,SC,F_CLO,Budget,USD,9351.71
2026,8,202608,Asia-Pacific,Bangladesh,BD01,Bangladesh OpCo,XYZ Ltd,Imports,PL_CH0001I,Personnel (channel),SC,F_CLO,Budget,USD,-84165.4
2026,8,202608,Asia-Pacific,Bangladesh,BD01,Bangladesh OpCo,XYZ Ltd,Imports,PL_CH0002I,Selling & Handling (channel),SC,F_CLO,Budget,USD,-84165.4
2026,8,202608,Asia-Pacific,Bangladesh,BD01,Bangladesh OpCo,XYZ Ltd,Imports,PL_CH0003I,General & Administration (channel),SC,F_CLO,Budget,USD,-42082.7
2026,8,202608,Asia-Pacific,Bangladesh,BD01,Bangladesh OpCo,XYZ Ltd,Imports,PL_119000T,Net Turnover Supply Chain,SC,F_CLO,Budget,USD,4956407.11
2026,8,202608,Asia-Pacific,Bangladesh,BD01,Bangladesh OpCo,XYZ Ltd,Imports,PL_200000T,Cost of Sales,SC,F_CLO,Budget,USD,-4731966.04
2026,8,202608,Asia-Pacific,Bangladesh,BD01,Bangladesh OpCo,XYZ Ltd,Imports,PL_920000T,Total Gross Profit,SC,F_CLO,Budget,USD,224441.08
2026,8,202608,Asia-Pacific,Bangladesh,BD01,Bangladesh OpCo,XYZ Ltd,Imports,PL_CH0000T,Channel Expenses,SC,F_CLO,Budget,USD,-210413.51
2026,8,202608,Asia-Pacific,Bangladesh,BD01,Bangladesh OpCo,XYZ Ltd,Imports,PL_CP0000T,Channel Operating Profit,SC,F_CLO,Budget,USD,14027.57
2026,8,202608,Asia-Pacific,Bangladesh,BD01,Bangladesh OpCo,XYZ Ltd,Local Sourcing,PURCH_PAIRS,Purchase Pairs,SC,F_CLO,Actual,USD,289746
2026,8,202608,Asia-Pacific,Bangladesh,BD01,Bangladesh OpCo,XYZ Ltd,Local Sourcing,PL_119001I,Turnover Supply Chain,SC,F_CLO,Actual,USD,2238407.86
2026,8,202608,Asia-Pacific,Bangladesh,BD01,Bangladesh OpCo,XYZ Ltd,Local Sourcing,PL_119002I,Turnover Supply Chain - Markup,SC,F_CLO,Actual,USD,115563.46
2026,8,202608,Asia-Pacific,Bangladesh,BD01,Bangladesh OpCo,XYZ Ltd,Local Sourcing,PL_219000T,COGS Supply Chain,SC,F_CLO,Actual,USD,-2238407.86
2026,8,202608,Asia-Pacific,Bangladesh,BD01,Bangladesh OpCo,XYZ Ltd,Local Sourcing,PL_225000I,Freight Costs,SC,F_CLO,Actual,USD,-10937.9
2026,8,202608,Asia-Pacific,Bangladesh,BD01,Bangladesh OpCo,XYZ Ltd,Local Sourcing,PL_224000I,PPV,SC,F_CLO,Actual,USD,1247.27
2026,8,202608,Asia-Pacific,Bangladesh,BD01,Bangladesh OpCo,XYZ Ltd,Local Sourcing,PL_CH0001I,Personnel (channel),SC,F_CLO,Actual,USD,-38031.63
2026,8,202608,Asia-Pacific,Bangladesh,BD01,Bangladesh OpCo,XYZ Ltd,Local Sourcing,PL_CH0002I,Selling & Handling (channel),SC,F_CLO,Actual,USD,-38031.63
2026,8,202608,Asia-Pacific,Bangladesh,BD01,Bangladesh OpCo,XYZ Ltd,Local Sourcing,PL_CH0003I,General & Administration (channel),SC,F_CLO,Actual,USD,-19015.81
2026,8,202608,Asia-Pacific,Bangladesh,BD01,Bangladesh OpCo,XYZ Ltd,Local Sourcing,PL_119000T,Net Turnover Supply Chain,SC,F_CLO,Actual,USD,2353971.33
2026,8,202608,Asia-Pacific,Bangladesh,BD01,Bangladesh OpCo,XYZ Ltd,Local Sourcing,PL_200000T,Cost of Sales,SC,F_CLO,Actual,USD,-2248098.49
2026,8,202608,Asia-Pacific,Bangladesh,BD01,Bangladesh OpCo,XYZ Ltd,Local Sourcing,PL_920000T,Total Gross Profit,SC,F_CLO,Actual,USD,105872.84
2026,8,202608,Asia-Pacific,Bangladesh,BD01,Bangladesh OpCo,XYZ Ltd,Local Sourcing,PL_CH0000T,Channel Expenses,SC,F_CLO,Actual,USD,-95079.07
2026,8,202608,Asia-Pacific,Bangladesh,BD01,Bangladesh OpCo,XYZ Ltd,Local Sourcing,PL_CP0000T,Channel Operating Profit,SC,F_CLO,Actual,USD,10793.76
2026,8,202608,Asia-Pacific,Bangladesh,BD01,Bangladesh OpCo,XYZ Ltd,Local Sourcing,PURCH_PAIRS,Purchase Pairs,SC,F_CLO,Budget,USD,293857
2026,8,202608,Asia-Pacific,Bangladesh,BD01,Bangladesh OpCo,XYZ Ltd,Local Sourcing,PL_119001I,Turnover Supply Chain,SC,F_CLO,Budget,USD,2277981.01
2026,8,202608,Asia-Pacific,Bangladesh,BD01,Bangladesh OpCo,XYZ Ltd,Local Sourcing,PL_119002I,Turnover Supply Chain - Markup,SC,F_CLO,Budget,USD,125288.96
2026,8,202608,Asia-Pacific,Bangladesh,BD01,Bangladesh OpCo,XYZ Ltd,Local Sourcing,PL_219000T,COGS Supply Chain,SC,F_CLO,Budget,USD,-2277981.01
2026,8,202608,Asia-Pacific,Bangladesh,BD01,Bangladesh OpCo,XYZ Ltd,Local Sourcing,PL_225000I,Freight Costs,SC,F_CLO,Budget,USD,-13667.89
2026,8,202608,Asia-Pacific,Bangladesh,BD01,Bangladesh OpCo,XYZ Ltd,Local Sourcing,PL_224000I,PPV,SC,F_CLO,Budget,USD,4555.96
2026,8,202608,Asia-Pacific,Bangladesh,BD01,Bangladesh OpCo,XYZ Ltd,Local Sourcing,PL_CH0001I,Personnel (channel),SC,F_CLO,Budget,USD,-41003.66
2026,8,202608,Asia-Pacific,Bangladesh,BD01,Bangladesh OpCo,XYZ Ltd,Local Sourcing,PL_CH0002I,Selling & Handling (channel),SC,F_CLO,Budget,USD,-41003.66
2026,8,202608,Asia-Pacific,Bangladesh,BD01,Bangladesh OpCo,XYZ Ltd,Local Sourcing,PL_CH0003I,General & Administration (channel),SC,F_CLO,Budget,USD,-20501.83
2026,8,202608,Asia-Pacific,Bangladesh,BD01,Bangladesh OpCo,XYZ Ltd,Local Sourcing,PL_119000T,Net Turnover Supply Chain,SC,F_CLO,Budget,USD,2403269.97
2026,8,202608,Asia-Pacific,Bangladesh,BD01,Bangladesh OpCo,XYZ Ltd,Local Sourcing,PL_200000T,Cost of Sales,SC,F_CLO,Budget,USD,-2287092.94
2026,8,202608,Asia-Pacific,Bangladesh,BD01,Bangladesh OpCo,XYZ Ltd,Local Sourcing,PL_920000T,Total Gross Profit,SC,F_CLO,Budget,USD,116177.03
2026,8,202608,Asia-Pacific,Bangladesh,BD01,Bangladesh OpCo,XYZ Ltd,Local Sourcing,PL_CH0000T,Channel Expenses,SC,F_CLO,Budget,USD,-102509.15
2026,8,202608,Asia-Pacific,Bangladesh,BD01,Bangladesh OpCo,XYZ Ltd,Local Sourcing,PL_CP0000T,Channel Operating Profit,SC,F_CLO,Budget,USD,13667.89
2026,8,202608,Asia-Pacific,Bangladesh,BD01,Bangladesh OpCo,XYZ Ltd,Manufacturing,PROD_PAIRS,Production Pairs,SC,F_CLO,Actual,USD,516132
2026,8,202608,Asia-Pacific,Bangladesh,BD01,Bangladesh OpCo,XYZ Ltd,Manufacturing,PL_119001I,Turnover Supply Chain,SC,F_CLO,Actual,USD,3689896.55
2026,8,202608,Asia-Pacific,Bangladesh,BD01,Bangladesh OpCo,XYZ Ltd,Manufacturing,PL_119002I,Turnover Supply Chain - Markup,SC,F_CLO,Actual,USD,283427.45
2026,8,202608,Asia-Pacific,Bangladesh,BD01,Bangladesh OpCo,XYZ Ltd,Manufacturing,PL_219000T,COGS Supply Chain,SC,F_CLO,Actual,USD,-3689896.55
2026,8,202608,Asia-Pacific,Bangladesh,BD01,Bangladesh OpCo,XYZ Ltd,Manufacturing,PL_227100I,Factory Personnel,SC,F_CLO,Actual,USD,-155872.04
2026,8,202608,Asia-Pacific,Bangladesh,BD01,Bangladesh OpCo,XYZ Ltd,Manufacturing,PL_227200I,Other Factory costs,SC,F_CLO,Actual,USD,-172836.27
2026,8,202608,Asia-Pacific,Bangladesh,BD01,Bangladesh OpCo,XYZ Ltd,Manufacturing,PL_227600I,Recoveries of Factory,SC,F_CLO,Actual,USD,326715.9
2026,8,202608,Asia-Pacific,Bangladesh,BD01,Bangladesh OpCo,XYZ Ltd,Manufacturing,PL_225000I,Freight Costs,SC,F_CLO,Actual,USD,-32425.27
2026,8,202608,Asia-Pacific,Bangladesh,BD01,Bangladesh OpCo,XYZ Ltd,Manufacturing,PL_CH0001I,Personnel (channel),SC,F_CLO,Actual,USD,-54647.24
2026,8,202608,Asia-Pacific,Bangladesh,BD01,Bangladesh OpCo,XYZ Ltd,Manufacturing,PL_CH0002I,Selling & Handling (channel),SC,F_CLO,Actual,USD,-54647.24
2026,8,202608,Asia-Pacific,Bangladesh,BD01,Bangladesh OpCo,XYZ Ltd,Manufacturing,PL_CH0003I,General & Administration (channel),SC,F_CLO,Actual,USD,-27323.62
2026,8,202608,Asia-Pacific,Bangladesh,BD01,Bangladesh OpCo,XYZ Ltd,Manufacturing,PL_119000T,Net Turnover Supply Chain,SC,F_CLO,Actual,USD,3973324.0
2026,8,202608,Asia-Pacific,Bangladesh,BD01,Bangladesh OpCo,XYZ Ltd,Manufacturing,PL_227100T,Factory Costs,SC,F_CLO,Actual,USD,-328708.31
2026,8,202608,Asia-Pacific,Bangladesh,BD01,Bangladesh OpCo,XYZ Ltd,Manufacturing,PL_227000T,Factory (under)/over recovery,SC,F_CLO,Actual,USD,-1992.41
2026,8,202608,Asia-Pacific,Bangladesh,BD01,Bangladesh OpCo,XYZ Ltd,Manufacturing,PL_200000T,Cost of Sales,SC,F_CLO,Actual,USD,-3724314.22
2026,8,202608,Asia-Pacific,Bangladesh,BD01,Bangladesh OpCo,XYZ Ltd,Manufacturing,PL_920000T,Total Gross Profit,SC,F_CLO,Actual,USD,249009.78
2026,8,202608,Asia-Pacific,Bangladesh,BD01,Bangladesh OpCo,XYZ Ltd,Manufacturing,PL_CH0000T,Channel Expenses,SC,F_CLO,Actual,USD,-136618.11
2026,8,202608,Asia-Pacific,Bangladesh,BD01,Bangladesh OpCo,XYZ Ltd,Manufacturing,PL_CP0000T,Channel Operating Profit,SC,F_CLO,Actual,USD,112391.67
2026,8,202608,Asia-Pacific,Bangladesh,BD01,Bangladesh OpCo,XYZ Ltd,Manufacturing,PROD_PAIRS,Production Pairs,SC,F_CLO,Budget,USD,522413
2026,8,202608,Asia-Pacific,Bangladesh,BD01,Bangladesh OpCo,XYZ Ltd,Manufacturing,PL_119001I,Turnover Supply Chain,SC,F_CLO,Budget,USD,3623455.18
2026,8,202608,Asia-Pacific,Bangladesh,BD01,Bangladesh OpCo,XYZ Ltd,Manufacturing,PL_119002I,Turnover Supply Chain - Markup,SC,F_CLO,Budget,USD,253641.86
2026,8,202608,Asia-Pacific,Bangladesh,BD01,Bangladesh OpCo,XYZ Ltd,Manufacturing,PL_219000T,COGS Supply Chain,SC,F_CLO,Budget,USD,-3623455.18
2026,8,202608,Asia-Pacific,Bangladesh,BD01,Bangladesh OpCo,XYZ Ltd,Manufacturing,PL_227100I,Factory Personnel,SC,F_CLO,Budget,USD,-152185.12
2026,8,202608,Asia-Pacific,Bangladesh,BD01,Bangladesh OpCo,XYZ Ltd,Manufacturing,PL_227200I,Other Factory costs,SC,F_CLO,Budget,USD,-184796.21
2026,8,202608,Asia-Pacific,Bangladesh,BD01,Bangladesh OpCo,XYZ Ltd,Manufacturing,PL_227600I,Recoveries of Factory,SC,F_CLO,Budget,USD,333611.52
2026,8,202608,Asia-Pacific,Bangladesh,BD01,Bangladesh OpCo,XYZ Ltd,Manufacturing,PL_225000I,Freight Costs,SC,F_CLO,Budget,USD,-28987.64
2026,8,202608,Asia-Pacific,Bangladesh,BD01,Bangladesh OpCo,XYZ Ltd,Manufacturing,PL_CH0001I,Personnel (channel),SC,F_CLO,Budget,USD,-65222.19
2026,8,202608,Asia-Pacific,Bangladesh,BD01,Bangladesh OpCo,XYZ Ltd,Manufacturing,PL_CH0002I,Selling & Handling (channel),SC,F_CLO,Budget,USD,-65222.19
2026,8,202608,Asia-Pacific,Bangladesh,BD01,Bangladesh OpCo,XYZ Ltd,Manufacturing,PL_CH0003I,General & Administration (channel),SC,F_CLO,Budget,USD,-32611.1
2026,8,202608,Asia-Pacific,Bangladesh,BD01,Bangladesh OpCo,XYZ Ltd,Manufacturing,PL_119000T,Net Turnover Supply Chain,SC,F_CLO,Budget,USD,3877097.04
2026,8,202608,Asia-Pacific,Bangladesh,BD01,Bangladesh OpCo,XYZ Ltd,Manufacturing,PL_227100T,Factory Costs,SC,F_CLO,Budget,USD,-336981.33
2026,8,202608,Asia-Pacific,Bangladesh,BD01,Bangladesh OpCo,XYZ Ltd,Manufacturing,PL_227000T,Factory (under)/over recovery,SC,F_CLO,Budget,USD,-3369.81
2026,8,202608,Asia-Pacific,Bangladesh,BD01,Bangladesh OpCo,XYZ Ltd,Manufacturing,PL_200000T,Cost of Sales,SC,F_CLO,Budget,USD,-3655812.64
2026,8,202608,Asia-Pacific,Bangladesh,BD01,Bangladesh OpCo,XYZ Ltd,Manufacturing,PL_920000T,Total Gross Profit,SC,F_CLO,Budget,USD,221284.41
2026,8,202608,Asia-Pacific,Bangladesh,BD01,Bangladesh OpCo,XYZ Ltd,Manufacturing,PL_CH0000T,Channel Expenses,SC,F_CLO,Budget,USD,-163055.48
2026,8,202608,Asia-Pacific,Bangladesh,BD01,Bangladesh OpCo,XYZ Ltd,Manufacturing,PL_CP0000T,Channel Operating Profit,SC,F_CLO,Budget,USD,58228.92
2026,8,202608,Asia-Pacific,Indonesia,ID01,Indonesia OpCo,XYZ Ltd,Imports,PURCH_PAIRS,Purchase Pairs,SC,F_CLO,Actual,USD,324735
2026,8,202608,Asia-Pacific,Indonesia,ID01,Indonesia OpCo,XYZ Ltd,Imports,PL_119001I,Turnover Supply Chain,SC,F_CLO,Actual,USD,4065150.23
2026,8,202608,Asia-Pacific,Indonesia,ID01,Indonesia OpCo,XYZ Ltd,Imports,PL_119002I,Turnover Supply Chain - Markup,SC,F_CLO,Actual,USD,248242.48
2026,8,202608,Asia-Pacific,Indonesia,ID01,Indonesia OpCo,XYZ Ltd,Imports,PL_219000T,COGS Supply Chain,SC,F_CLO,Actual,USD,-4065150.23
2026,8,202608,Asia-Pacific,Indonesia,ID01,Indonesia OpCo,XYZ Ltd,Imports,PL_225000I,Freight Costs,SC,F_CLO,Actual,USD,-64392.73
2026,8,202608,Asia-Pacific,Indonesia,ID01,Indonesia OpCo,XYZ Ltd,Imports,PL_224000I,PPV,SC,F_CLO,Actual,USD,-3756.31
2026,8,202608,Asia-Pacific,Indonesia,ID01,Indonesia OpCo,XYZ Ltd,Imports,PL_CH0001I,Personnel (channel),SC,F_CLO,Actual,USD,-70711.67
2026,8,202608,Asia-Pacific,Indonesia,ID01,Indonesia OpCo,XYZ Ltd,Imports,PL_CH0002I,Selling & Handling (channel),SC,F_CLO,Actual,USD,-70711.67
2026,8,202608,Asia-Pacific,Indonesia,ID01,Indonesia OpCo,XYZ Ltd,Imports,PL_CH0003I,General & Administration (channel),SC,F_CLO,Actual,USD,-35355.84
2026,8,202608,Asia-Pacific,Indonesia,ID01,Indonesia OpCo,XYZ Ltd,Imports,PL_119000T,Net Turnover Supply Chain,SC,F_CLO,Actual,USD,4313392.71
2026,8,202608,Asia-Pacific,Indonesia,ID01,Indonesia OpCo,XYZ Ltd,Imports,PL_200000T,Cost of Sales,SC,F_CLO,Actual,USD,-4133299.28
2026,8,202608,Asia-Pacific,Indonesia,ID01,Indonesia OpCo,XYZ Ltd,Imports,PL_920000T,Total Gross Profit,SC,F_CLO,Actual,USD,180093.44
2026,8,202608,Asia-Pacific,Indonesia,ID01,Indonesia OpCo,XYZ Ltd,Imports,PL_CH0000T,Channel Expenses,SC,F_CLO,Actual,USD,-176779.19
2026,8,202608,Asia-Pacific,Indonesia,ID01,Indonesia OpCo,XYZ Ltd,Imports,PL_CP0000T,Channel Operating Profit,SC,F_CLO,Actual,USD,3314.25
2026,8,202608,Asia-Pacific,Indonesia,ID01,Indonesia OpCo,XYZ Ltd,Imports,PURCH_PAIRS,Purchase Pairs,SC,F_CLO,Budget,USD,326508
2026,8,202608,Asia-Pacific,Indonesia,ID01,Indonesia OpCo,XYZ Ltd,Imports,PL_119001I,Turnover Supply Chain,SC,F_CLO,Budget,USD,4046413.64
2026,8,202608,Asia-Pacific,Indonesia,ID01,Indonesia OpCo,XYZ Ltd,Imports,PL_119002I,Turnover Supply Chain - Markup,SC,F_CLO,Budget,USD,242784.82
2026,8,202608,Asia-Pacific,Indonesia,ID01,Indonesia OpCo,XYZ Ltd,Imports,PL_219000T,COGS Supply Chain,SC,F_CLO,Budget,USD,-4046413.64
2026,8,202608,Asia-Pacific,Indonesia,ID01,Indonesia OpCo,XYZ Ltd,Imports,PL_225000I,Freight Costs,SC,F_CLO,Budget,USD,-56649.79
2026,8,202608,Asia-Pacific,Indonesia,ID01,Indonesia OpCo,XYZ Ltd,Imports,PL_224000I,PPV,SC,F_CLO,Budget,USD,8092.83
2026,8,202608,Asia-Pacific,Indonesia,ID01,Indonesia OpCo,XYZ Ltd,Imports,PL_CH0001I,Personnel (channel),SC,F_CLO,Budget,USD,-72835.45
2026,8,202608,Asia-Pacific,Indonesia,ID01,Indonesia OpCo,XYZ Ltd,Imports,PL_CH0002I,Selling & Handling (channel),SC,F_CLO,Budget,USD,-72835.45
2026,8,202608,Asia-Pacific,Indonesia,ID01,Indonesia OpCo,XYZ Ltd,Imports,PL_CH0003I,General & Administration (channel),SC,F_CLO,Budget,USD,-36417.72
2026,8,202608,Asia-Pacific,Indonesia,ID01,Indonesia OpCo,XYZ Ltd,Imports,PL_119000T,Net Turnover Supply Chain,SC,F_CLO,Budget,USD,4289198.46
2026,8,202608,Asia-Pacific,Indonesia,ID01,Indonesia OpCo,XYZ Ltd,Imports,PL_200000T,Cost of Sales,SC,F_CLO,Budget,USD,-4094970.61
2026,8,202608,Asia-Pacific,Indonesia,ID01,Indonesia OpCo,XYZ Ltd,Imports,PL_920000T,Total Gross Profit,SC,F_CLO,Budget,USD,194227.85
2026,8,202608,Asia-Pacific,Indonesia,ID01,Indonesia OpCo,XYZ Ltd,Imports,PL_CH0000T,Channel Expenses,SC,F_CLO,Budget,USD,-182088.61
2026,8,202608,Asia-Pacific,Indonesia,ID01,Indonesia OpCo,XYZ Ltd,Imports,PL_CP0000T,Channel Operating Profit,SC,F_CLO,Budget,USD,12139.24
2026,8,202608,Asia-Pacific,Indonesia,ID01,Indonesia OpCo,XYZ Ltd,Local Sourcing,PURCH_PAIRS,Purchase Pairs,SC,F_CLO,Actual,USD,215608
2026,8,202608,Asia-Pacific,Indonesia,ID01,Indonesia OpCo,XYZ Ltd,Local Sourcing,PL_119001I,Turnover Supply Chain,SC,F_CLO,Actual,USD,1857842.32
2026,8,202608,Asia-Pacific,Indonesia,ID01,Indonesia OpCo,XYZ Ltd,Local Sourcing,PL_119002I,Turnover Supply Chain - Markup,SC,F_CLO,Actual,USD,108345.19
2026,8,202608,Asia-Pacific,Indonesia,ID01,Indonesia OpCo,XYZ Ltd,Local Sourcing,PL_219000T,COGS Supply Chain,SC,F_CLO,Actual,USD,-1857842.32
2026,8,202608,Asia-Pacific,Indonesia,ID01,Indonesia OpCo,XYZ Ltd,Local Sourcing,PL_225000I,Freight Costs,SC,F_CLO,Actual,USD,-13444.65
2026,8,202608,Asia-Pacific,Indonesia,ID01,Indonesia OpCo,XYZ Ltd,Local Sourcing,PL_224000I,PPV,SC,F_CLO,Actual,USD,-5147.73
2026,8,202608,Asia-Pacific,Indonesia,ID01,Indonesia OpCo,XYZ Ltd,Local Sourcing,PL_CH0001I,Personnel (channel),SC,F_CLO,Actual,USD,-34917.21
2026,8,202608,Asia-Pacific,Indonesia,ID01,Indonesia OpCo,XYZ Ltd,Local Sourcing,PL_CH0002I,Selling & Handling (channel),SC,F_CLO,Actual,USD,-34917.21
2026,8,202608,Asia-Pacific,Indonesia,ID01,Indonesia OpCo,XYZ Ltd,Local Sourcing,PL_CH0003I,General & Administration (channel),SC,F_CLO,Actual,USD,-17458.6
2026,8,202608,Asia-Pacific,Indonesia,ID01,Indonesia OpCo,XYZ Ltd,Local Sourcing,PL_119000T,Net Turnover Supply Chain,SC,F_CLO,Actual,USD,1966187.51
2026,8,202608,Asia-Pacific,Indonesia,ID01,Indonesia OpCo,XYZ Ltd,Local Sourcing,PL_200000T,Cost of Sales,SC,F_CLO,Actual,USD,-1876434.69
2026,8,202608,Asia-Pacific,Indonesia,ID01,Indonesia OpCo,XYZ Ltd,Local Sourcing,PL_920000T,Total Gross Profit,SC,F_CLO,Actual,USD,89752.81
2026,8,202608,Asia-Pacific,Indonesia,ID01,Indonesia OpCo,XYZ Ltd,Local Sourcing,PL_CH0000T,Channel Expenses,SC,F_CLO,Actual,USD,-87293.01
2026,8,202608,Asia-Pacific,Indonesia,ID01,Indonesia OpCo,XYZ Ltd,Local Sourcing,PL_CP0000T,Channel Operating Profit,SC,F_CLO,Actual,USD,2459.8
2026,8,202608,Asia-Pacific,Indonesia,ID01,Indonesia OpCo,XYZ Ltd,Local Sourcing,PURCH_PAIRS,Purchase Pairs,SC,F_CLO,Budget,USD,226044
2026,8,202608,Asia-Pacific,Indonesia,ID01,Indonesia OpCo,XYZ Ltd,Local Sourcing,PL_119001I,Turnover Supply Chain,SC,F_CLO,Budget,USD,1971329.72
2026,8,202608,Asia-Pacific,Indonesia,ID01,Indonesia OpCo,XYZ Ltd,Local Sourcing,PL_119002I,Turnover Supply Chain - Markup,SC,F_CLO,Budget,USD,108423.13
2026,8,202608,Asia-Pacific,Indonesia,ID01,Indonesia OpCo,XYZ Ltd,Local Sourcing,PL_219000T,COGS Supply Chain,SC,F_CLO,Budget,USD,-1971329.72
2026,8,202608,Asia-Pacific,Indonesia,ID01,Indonesia OpCo,XYZ Ltd,Local Sourcing,PL_225000I,Freight Costs,SC,F_CLO,Budget,USD,-11827.98
2026,8,202608,Asia-Pacific,Indonesia,ID01,Indonesia OpCo,XYZ Ltd,Local Sourcing,PL_224000I,PPV,SC,F_CLO,Budget,USD,3942.66
2026,8,202608,Asia-Pacific,Indonesia,ID01,Indonesia OpCo,XYZ Ltd,Local Sourcing,PL_CH0001I,Personnel (channel),SC,F_CLO,Budget,USD,-35483.94
2026,8,202608,Asia-Pacific,Indonesia,ID01,Indonesia OpCo,XYZ Ltd,Local Sourcing,PL_CH0002I,Selling & Handling (channel),SC,F_CLO,Budget,USD,-35483.94
2026,8,202608,Asia-Pacific,Indonesia,ID01,Indonesia OpCo,XYZ Ltd,Local Sourcing,PL_CH0003I,General & Administration (channel),SC,F_CLO,Budget,USD,-17741.97
2026,8,202608,Asia-Pacific,Indonesia,ID01,Indonesia OpCo,XYZ Ltd,Local Sourcing,PL_119000T,Net Turnover Supply Chain,SC,F_CLO,Budget,USD,2079752.86
2026,8,202608,Asia-Pacific,Indonesia,ID01,Indonesia OpCo,XYZ Ltd,Local Sourcing,PL_200000T,Cost of Sales,SC,F_CLO,Budget,USD,-1979215.04
2026,8,202608,Asia-Pacific,Indonesia,ID01,Indonesia OpCo,XYZ Ltd,Local Sourcing,PL_920000T,Total Gross Profit,SC,F_CLO,Budget,USD,100537.82
2026,8,202608,Asia-Pacific,Indonesia,ID01,Indonesia OpCo,XYZ Ltd,Local Sourcing,PL_CH0000T,Channel Expenses,SC,F_CLO,Budget,USD,-88709.84
2026,8,202608,Asia-Pacific,Indonesia,ID01,Indonesia OpCo,XYZ Ltd,Local Sourcing,PL_CP0000T,Channel Operating Profit,SC,F_CLO,Budget,USD,11827.98
2026,8,202608,Asia-Pacific,Indonesia,ID01,Indonesia OpCo,XYZ Ltd,Manufacturing,PROD_PAIRS,Production Pairs,SC,F_CLO,Actual,USD,389729
2026,8,202608,Asia-Pacific,Indonesia,ID01,Indonesia OpCo,XYZ Ltd,Manufacturing,PL_119001I,Turnover Supply Chain,SC,F_CLO,Actual,USD,3037634.65
2026,8,202608,Asia-Pacific,Indonesia,ID01,Indonesia OpCo,XYZ Ltd,Manufacturing,PL_119002I,Turnover Supply Chain - Markup,SC,F_CLO,Actual,USD,231182.22
2026,8,202608,Asia-Pacific,Indonesia,ID01,Indonesia OpCo,XYZ Ltd,Manufacturing,PL_219000T,COGS Supply Chain,SC,F_CLO,Actual,USD,-3037634.65
2026,8,202608,Asia-Pacific,Indonesia,ID01,Indonesia OpCo,XYZ Ltd,Manufacturing,PL_227100I,Factory Personnel,SC,F_CLO,Actual,USD,-134750.47
2026,8,202608,Asia-Pacific,Indonesia,ID01,Indonesia OpCo,XYZ Ltd,Manufacturing,PL_227200I,Other Factory costs,SC,F_CLO,Actual,USD,-154651.68
2026,8,202608,Asia-Pacific,Indonesia,ID01,Indonesia OpCo,XYZ Ltd,Manufacturing,PL_227600I,Recoveries of Factory,SC,F_CLO,Actual,USD,287541.76
2026,8,202608,Asia-Pacific,Indonesia,ID01,Indonesia OpCo,XYZ Ltd,Manufacturing,PL_225000I,Freight Costs,SC,F_CLO,Actual,USD,-23657.93
2026,8,202608,Asia-Pacific,Indonesia,ID01,Indonesia OpCo,XYZ Ltd,Manufacturing,PL_CH0001I,Personnel (channel),SC,F_CLO,Actual,USD,-53699.01
2026,8,202608,Asia-Pacific,Indonesia,ID01,Indonesia OpCo,XYZ Ltd,Manufacturing,PL_CH0002I,Selling & Handling (channel),SC,F_CLO,Actual,USD,-53699.01
2026,8,202608,Asia-Pacific,Indonesia,ID01,Indonesia OpCo,XYZ Ltd,Manufacturing,PL_CH0003I,General & Administration (channel),SC,F_CLO,Actual,USD,-26849.5
2026,8,202608,Asia-Pacific,Indonesia,ID01,Indonesia OpCo,XYZ Ltd,Manufacturing,PL_119000T,Net Turnover Supply Chain,SC,F_CLO,Actual,USD,3268816.87
2026,8,202608,Asia-Pacific,Indonesia,ID01,Indonesia OpCo,XYZ Ltd,Manufacturing,PL_227100T,Factory Costs,SC,F_CLO,Actual,USD,-289402.15
2026,8,202608,Asia-Pacific,Indonesia,ID01,Indonesia OpCo,XYZ Ltd,Manufacturing,PL_227000T,Factory (under)/over recovery,SC,F_CLO,Actual,USD,-1860.39
2026,8,202608,Asia-Pacific,Indonesia,ID01,Indonesia OpCo,XYZ Ltd,Manufacturing,PL_200000T,Cost of Sales,SC,F_CLO,Actual,USD,-3063152.96
2026,8,202608,Asia-Pacific,Indonesia,ID01,Indonesia OpCo,XYZ Ltd,Manufacturing,PL_920000T,Total Gross Profit,SC,F_CLO,Actual,USD,205663.91
2026,8,202608,Asia-Pacific,Indonesia,ID01,Indonesia OpCo,XYZ Ltd,Manufacturing,PL_CH0000T,Channel Expenses,SC,F_CLO,Actual,USD,-134247.52
2026,8,202608,Asia-Pacific,Indonesia,ID01,Indonesia OpCo,XYZ Ltd,Manufacturing,PL_CP0000T,Channel Operating Profit,SC,F_CLO,Actual,USD,71416.39
2026,8,202608,Asia-Pacific,Indonesia,ID01,Indonesia OpCo,XYZ Ltd,Manufacturing,PROD_PAIRS,Production Pairs,SC,F_CLO,Budget,USD,401856
2026,8,202608,Asia-Pacific,Indonesia,ID01,Indonesia OpCo,XYZ Ltd,Manufacturing,PL_119001I,Turnover Supply Chain,SC,F_CLO,Budget,USD,3135682.37
2026,8,202608,Asia-Pacific,Indonesia,ID01,Indonesia OpCo,XYZ Ltd,Manufacturing,PL_119002I,Turnover Supply Chain - Markup,SC,F_CLO,Budget,USD,219497.77
2026,8,202608,Asia-Pacific,Indonesia,ID01,Indonesia OpCo,XYZ Ltd,Manufacturing,PL_219000T,COGS Supply Chain,SC,F_CLO,Budget,USD,-3135682.37
2026,8,202608,Asia-Pacific,Indonesia,ID01,Indonesia OpCo,XYZ Ltd,Manufacturing,PL_227100I,Factory Personnel,SC,F_CLO,Budget,USD,-131698.66
2026,8,202608,Asia-Pacific,Indonesia,ID01,Indonesia OpCo,XYZ Ltd,Manufacturing,PL_227200I,Other Factory costs,SC,F_CLO,Budget,USD,-159919.8
2026,8,202608,Asia-Pacific,Indonesia,ID01,Indonesia OpCo,XYZ Ltd,Manufacturing,PL_227600I,Recoveries of Factory,SC,F_CLO,Budget,USD,288702.28
2026,8,202608,Asia-Pacific,Indonesia,ID01,Indonesia OpCo,XYZ Ltd,Manufacturing,PL_225000I,Freight Costs,SC,F_CLO,Budget,USD,-25085.46
2026,8,202608,Asia-Pacific,Indonesia,ID01,Indonesia OpCo,XYZ Ltd,Manufacturing,PL_CH0001I,Personnel (channel),SC,F_CLO,Budget,USD,-56442.28
2026,8,202608,Asia-Pacific,Indonesia,ID01,Indonesia OpCo,XYZ Ltd,Manufacturing,PL_CH0002I,Selling & Handling (channel),SC,F_CLO,Budget,USD,-56442.28
2026,8,202608,Asia-Pacific,Indonesia,ID01,Indonesia OpCo,XYZ Ltd,Manufacturing,PL_CH0003I,General & Administration (channel),SC,F_CLO,Budget,USD,-28221.14
2026,8,202608,Asia-Pacific,Indonesia,ID01,Indonesia OpCo,XYZ Ltd,Manufacturing,PL_119000T,Net Turnover Supply Chain,SC,F_CLO,Budget,USD,3355180.13
2026,8,202608,Asia-Pacific,Indonesia,ID01,Indonesia OpCo,XYZ Ltd,Manufacturing,PL_227100T,Factory Costs,SC,F_CLO,Budget,USD,-291618.46
2026,8,202608,Asia-Pacific,Indonesia,ID01,Indonesia OpCo,XYZ Ltd,Manufacturing,PL_227000T,Factory (under)/over recovery,SC,F_CLO,Budget,USD,-2916.18
2026,8,202608,Asia-Pacific,Indonesia,ID01,Indonesia OpCo,XYZ Ltd,Manufacturing,PL_200000T,Cost of Sales,SC,F_CLO,Budget,USD,-3163684.01
2026,8,202608,Asia-Pacific,Indonesia,ID01,Indonesia OpCo,XYZ Ltd,Manufacturing,PL_920000T,Total Gross Profit,SC,F_CLO,Budget,USD,191496.12
2026,8,202608,Asia-Pacific,Indonesia,ID01,Indonesia OpCo,XYZ Ltd,Manufacturing,PL_CH0000T,Channel Expenses,SC,F_CLO,Budget,USD,-141105.71
2026,8,202608,Asia-Pacific,Indonesia,ID01,Indonesia OpCo,XYZ Ltd,Manufacturing,PL_CP0000T,Channel Operating Profit,SC,F_CLO,Budget,USD,50390.42
2026,8,202608,Asia-Pacific,Malaysia,MY01,Malaysia OpCo,XYZ Ltd,Imports,PURCH_PAIRS,Purchase Pairs,SC,F_CLO,Actual,USD,157895
2026,8,202608,Asia-Pacific,Malaysia,MY01,Malaysia OpCo,XYZ Ltd,Imports,PL_119001I,Turnover Supply Chain,SC,F_CLO,Actual,USD,2357755.42
2026,8,202608,Asia-Pacific,Malaysia,MY01,Malaysia OpCo,XYZ Ltd,Imports,PL_119002I,Turnover Supply Chain - Markup,SC,F_CLO,Actual,USD,137684.78
2026,8,202608,Asia-Pacific,Malaysia,MY01,Malaysia OpCo,XYZ Ltd,Imports,PL_219000T,COGS Supply Chain,SC,F_CLO,Actual,USD,-2357755.42
2026,8,202608,Asia-Pacific,Malaysia,MY01,Malaysia OpCo,XYZ Ltd,Imports,PL_225000I,Freight Costs,SC,F_CLO,Actual,USD,-29574.89
2026,8,202608,Asia-Pacific,Malaysia,MY01,Malaysia OpCo,XYZ Ltd,Imports,PL_224000I,PPV,SC,F_CLO,Actual,USD,8564.08
2026,8,202608,Asia-Pacific,Malaysia,MY01,Malaysia OpCo,XYZ Ltd,Imports,PL_CH0001I,Personnel (channel),SC,F_CLO,Actual,USD,-41118.87
2026,8,202608,Asia-Pacific,Malaysia,MY01,Malaysia OpCo,XYZ Ltd,Imports,PL_CH0002I,Selling & Handling (channel),SC,F_CLO,Actual,USD,-41118.87
2026,8,202608,Asia-Pacific,Malaysia,MY01,Malaysia OpCo,XYZ Ltd,Imports,PL_CH0003I,General & Administration (channel),SC,F_CLO,Actual,USD,-20559.43
2026,8,202608,Asia-Pacific,Malaysia,MY01,Malaysia OpCo,XYZ Ltd,Imports,PL_119000T,Net Turnover Supply Chain,SC,F_CLO,Actual,USD,2495440.2
2026,8,202608,Asia-Pacific,Malaysia,MY01,Malaysia OpCo,XYZ Ltd,Imports,PL_200000T,Cost of Sales,SC,F_CLO,Actual,USD,-2378766.23
2026,8,202608,Asia-Pacific,Malaysia,MY01,Malaysia OpCo,XYZ Ltd,Imports,PL_920000T,Total Gross Profit,SC,F_CLO,Actual,USD,116673.97
2026,8,202608,Asia-Pacific,Malaysia,MY01,Malaysia OpCo,XYZ Ltd,Imports,PL_CH0000T,Channel Expenses,SC,F_CLO,Actual,USD,-102797.16
2026,8,202608,Asia-Pacific,Malaysia,MY01,Malaysia OpCo,XYZ Ltd,Imports,PL_CP0000T,Channel Operating Profit,SC,F_CLO,Actual,USD,13876.8
2026,8,202608,Asia-Pacific,Malaysia,MY01,Malaysia OpCo,XYZ Ltd,Imports,PURCH_PAIRS,Purchase Pairs,SC,F_CLO,Budget,USD,195905
2026,8,202608,Asia-Pacific,Malaysia,MY01,Malaysia OpCo,XYZ Ltd,Imports,PL_119001I,Turnover Supply Chain,SC,F_CLO,Budget,USD,2967370.01
2026,8,202608,Asia-Pacific,Malaysia,MY01,Malaysia OpCo,XYZ Ltd,Imports,PL_119002I,Turnover Supply Chain - Markup,SC,F_CLO,Budget,USD,178042.2
2026,8,202608,Asia-Pacific,Malaysia,MY01,Malaysia OpCo,XYZ Ltd,Imports,PL_219000T,COGS Supply Chain,SC,F_CLO,Budget,USD,-2967370.01
2026,8,202608,Asia-Pacific,Malaysia,MY01,Malaysia OpCo,XYZ Ltd,Imports,PL_225000I,Freight Costs,SC,F_CLO,Budget,USD,-41543.18
2026,8,202608,Asia-Pacific,Malaysia,MY01,Malaysia OpCo,XYZ Ltd,Imports,PL_224000I,PPV,SC,F_CLO,Budget,USD,5934.74
2026,8,202608,Asia-Pacific,Malaysia,MY01,Malaysia OpCo,XYZ Ltd,Imports,PL_CH0001I,Personnel (channel),SC,F_CLO,Budget,USD,-53412.66
2026,8,202608,Asia-Pacific,Malaysia,MY01,Malaysia OpCo,XYZ Ltd,Imports,PL_CH0002I,Selling & Handling (channel),SC,F_CLO,Budget,USD,-53412.66
2026,8,202608,Asia-Pacific,Malaysia,MY01,Malaysia OpCo,XYZ Ltd,Imports,PL_CH0003I,General & Administration (channel),SC,F_CLO,Budget,USD,-26706.33
2026,8,202608,Asia-Pacific,Malaysia,MY01,Malaysia OpCo,XYZ Ltd,Imports,PL_119000T,Net Turnover Supply Chain,SC,F_CLO,Budget,USD,3145412.21
2026,8,202608,Asia-Pacific,Malaysia,MY01,Malaysia OpCo,XYZ Ltd,Imports,PL_200000T,Cost of Sales,SC,F_CLO,Budget,USD,-3002978.45
2026,8,202608,Asia-Pacific,Malaysia,MY01,Malaysia OpCo,XYZ Ltd,Imports,PL_920000T,Total Gross Profit,SC,F_CLO,Budget,USD,142433.76
2026,8,202608,Asia-Pacific,Malaysia,MY01,Malaysia OpCo,XYZ Ltd,Imports,PL_CH0000T,Channel Expenses,SC,F_CLO,Budget,USD,-133531.65
2026,8,202608,Asia-Pacific,Malaysia,MY01,Malaysia OpCo,XYZ Ltd,Imports,PL_CP0000T,Channel Operating Profit,SC,F_CLO,Budget,USD,8902.11
2026,8,202608,Asia-Pacific,Thailand,TH01,Thailand OpCo,XYZ Ltd,Imports,PURCH_PAIRS,Purchase Pairs,SC,F_CLO,Actual,USD,225216
2026,8,202608,Asia-Pacific,Thailand,TH01,Thailand OpCo,XYZ Ltd,Imports,PL_119001I,Turnover Supply Chain,SC,F_CLO,Actual,USD,3061477.28
2026,8,202608,Asia-Pacific,Thailand,TH01,Thailand OpCo,XYZ Ltd,Imports,PL_119002I,Turnover Supply Chain - Markup,SC,F_CLO,Actual,USD,182593.33
2026,8,202608,Asia-Pacific,Thailand,TH01,Thailand OpCo,XYZ Ltd,Imports,PL_219000T,COGS Supply Chain,SC,F_CLO,Actual,USD,-3061477.28
2026,8,202608,Asia-Pacific,Thailand,TH01,Thailand OpCo,XYZ Ltd,Imports,PL_225000I,Freight Costs,SC,F_CLO,Actual,USD,-35861.65
2026,8,202608,Asia-Pacific,Thailand,TH01,Thailand OpCo,XYZ Ltd,Imports,PL_224000I,PPV,SC,F_CLO,Actual,USD,8402.54
2026,8,202608,Asia-Pacific,Thailand,TH01,Thailand OpCo,XYZ Ltd,Imports,PL_CH0001I,Personnel (channel),SC,F_CLO,Actual,USD,-59743.22
2026,8,202608,Asia-Pacific,Thailand,TH01,Thailand OpCo,XYZ Ltd,Imports,PL_CH0002I,Selling & Handling (channel),SC,F_CLO,Actual,USD,-59743.22
2026,8,202608,Asia-Pacific,Thailand,TH01,Thailand OpCo,XYZ Ltd,Imports,PL_CH0003I,General & Administration (channel),SC,F_CLO,Actual,USD,-29871.61
2026,8,202608,Asia-Pacific,Thailand,TH01,Thailand OpCo,XYZ Ltd,Imports,PL_119000T,Net Turnover Supply Chain,SC,F_CLO,Actual,USD,3244070.6
2026,8,202608,Asia-Pacific,Thailand,TH01,Thailand OpCo,XYZ Ltd,Imports,PL_200000T,Cost of Sales,SC,F_CLO,Actual,USD,-3088936.39
2026,8,202608,Asia-Pacific,Thailand,TH01,Thailand OpCo,XYZ Ltd,Imports,PL_920000T,Total Gross Profit,SC,F_CLO,Actual,USD,155134.21
2026,8,202608,Asia-Pacific,Thailand,TH01,Thailand OpCo,XYZ Ltd,Imports,PL_CH0000T,Channel Expenses,SC,F_CLO,Actual,USD,-149358.06
2026,8,202608,Asia-Pacific,Thailand,TH01,Thailand OpCo,XYZ Ltd,Imports,PL_CP0000T,Channel Operating Profit,SC,F_CLO,Actual,USD,5776.16
2026,8,202608,Asia-Pacific,Thailand,TH01,Thailand OpCo,XYZ Ltd,Imports,PURCH_PAIRS,Purchase Pairs,SC,F_CLO,Budget,USD,228556
2026,8,202608,Asia-Pacific,Thailand,TH01,Thailand OpCo,XYZ Ltd,Imports,PL_119001I,Turnover Supply Chain,SC,F_CLO,Budget,USD,3147210.61
2026,8,202608,Asia-Pacific,Thailand,TH01,Thailand OpCo,XYZ Ltd,Imports,PL_119002I,Turnover Supply Chain - Markup,SC,F_CLO,Budget,USD,188832.64
2026,8,202608,Asia-Pacific,Thailand,TH01,Thailand OpCo,XYZ Ltd,Imports,PL_219000T,COGS Supply Chain,SC,F_CLO,Budget,USD,-3147210.61
2026,8,202608,Asia-Pacific,Thailand,TH01,Thailand OpCo,XYZ Ltd,Imports,PL_225000I,Freight Costs,SC,F_CLO,Budget,USD,-44060.95
2026,8,202608,Asia-Pacific,Thailand,TH01,Thailand OpCo,XYZ Ltd,Imports,PL_224000I,PPV,SC,F_CLO,Budget,USD,6294.42
2026,8,202608,Asia-Pacific,Thailand,TH01,Thailand OpCo,XYZ Ltd,Imports,PL_CH0001I,Personnel (channel),SC,F_CLO,Budget,USD,-56649.79
2026,8,202608,Asia-Pacific,Thailand,TH01,Thailand OpCo,XYZ Ltd,Imports,PL_CH0002I,Selling & Handling (channel),SC,F_CLO,Budget,USD,-56649.79
2026,8,202608,Asia-Pacific,Thailand,TH01,Thailand OpCo,XYZ Ltd,Imports,PL_CH0003I,General & Administration (channel),SC,F_CLO,Budget,USD,-28324.9
2026,8,202608,Asia-Pacific,Thailand,TH01,Thailand OpCo,XYZ Ltd,Imports,PL_119000T,Net Turnover Supply Chain,SC,F_CLO,Budget,USD,3336043.25
2026,8,202608,Asia-Pacific,Thailand,TH01,Thailand OpCo,XYZ Ltd,Imports,PL_200000T,Cost of Sales,SC,F_CLO,Budget,USD,-3184977.14
2026,8,202608,Asia-Pacific,Thailand,TH01,Thailand OpCo,XYZ Ltd,Imports,PL_920000T,Total Gross Profit,SC,F_CLO,Budget,USD,151066.11
2026,8,202608,Asia-Pacific,Thailand,TH01,Thailand OpCo,XYZ Ltd,Imports,PL_CH0000T,Channel Expenses,SC,F_CLO,Budget,USD,-141624.48
2026,8,202608,Asia-Pacific,Thailand,TH01,Thailand OpCo,XYZ Ltd,Imports,PL_CP0000T,Channel Operating Profit,SC,F_CLO,Budget,USD,9441.63
2026,8,202608,Asia-Pacific,Thailand,TH01,Thailand OpCo,XYZ Ltd,Local Sourcing,PURCH_PAIRS,Purchase Pairs,SC,F_CLO,Actual,USD,158665
2026,8,202608,Asia-Pacific,Thailand,TH01,Thailand OpCo,XYZ Ltd,Local Sourcing,PL_119001I,Turnover Supply Chain,SC,F_CLO,Actual,USD,1551714.34
2026,8,202608,Asia-Pacific,Thailand,TH01,Thailand OpCo,XYZ Ltd,Local Sourcing,PL_119002I,Turnover Supply Chain - Markup,SC,F_CLO,Actual,USD,107618.5
2026,8,202608,Asia-Pacific,Thailand,TH01,Thailand OpCo,XYZ Ltd,Local Sourcing,PL_219000T,COGS Supply Chain,SC,F_CLO,Actual,USD,-1551714.34
2026,8,202608,Asia-Pacific,Thailand,TH01,Thailand OpCo,XYZ Ltd,Local Sourcing,PL_225000I,Freight Costs,SC,F_CLO,Actual,USD,-10936.77
2026,8,202608,Asia-Pacific,Thailand,TH01,Thailand OpCo,XYZ Ltd,Local Sourcing,PL_224000I,PPV,SC,F_CLO,Actual,USD,-4649.25
2026,8,202608,Asia-Pacific,Thailand,TH01,Thailand OpCo,XYZ Ltd,Local Sourcing,PL_CH0001I,Personnel (channel),SC,F_CLO,Actual,USD,-30672.43
2026,8,202608,Asia-Pacific,Thailand,TH01,Thailand OpCo,XYZ Ltd,Local Sourcing,PL_CH0002I,Selling & Handling (channel),SC,F_CLO,Actual,USD,-30672.43
2026,8,202608,Asia-Pacific,Thailand,TH01,Thailand OpCo,XYZ Ltd,Local Sourcing,PL_CH0003I,General & Administration (channel),SC,F_CLO,Actual,USD,-15336.22
2026,8,202608,Asia-Pacific,Thailand,TH01,Thailand OpCo,XYZ Ltd,Local Sourcing,PL_119000T,Net Turnover Supply Chain,SC,F_CLO,Actual,USD,1659332.84
2026,8,202608,Asia-Pacific,Thailand,TH01,Thailand OpCo,XYZ Ltd,Local Sourcing,PL_200000T,Cost of Sales,SC,F_CLO,Actual,USD,-1567300.37
2026,8,202608,Asia-Pacific,Thailand,TH01,Thailand OpCo,XYZ Ltd,Local Sourcing,PL_920000T,Total Gross Profit,SC,F_CLO,Actual,USD,92032.47
2026,8,202608,Asia-Pacific,Thailand,TH01,Thailand OpCo,XYZ Ltd,Local Sourcing,PL_CH0000T,Channel Expenses,SC,F_CLO,Actual,USD,-76681.08
2026,8,202608,Asia-Pacific,Thailand,TH01,Thailand OpCo,XYZ Ltd,Local Sourcing,PL_CP0000T,Channel Operating Profit,SC,F_CLO,Actual,USD,15351.39
2026,8,202608,Asia-Pacific,Thailand,TH01,Thailand OpCo,XYZ Ltd,Local Sourcing,PURCH_PAIRS,Purchase Pairs,SC,F_CLO,Budget,USD,158231
2026,8,202608,Asia-Pacific,Thailand,TH01,Thailand OpCo,XYZ Ltd,Local Sourcing,PL_119001I,Turnover Supply Chain,SC,F_CLO,Budget,USD,1533256.45
2026,8,202608,Asia-Pacific,Thailand,TH01,Thailand OpCo,XYZ Ltd,Local Sourcing,PL_119002I,Turnover Supply Chain - Markup,SC,F_CLO,Budget,USD,84329.1
2026,8,202608,Asia-Pacific,Thailand,TH01,Thailand OpCo,XYZ Ltd,Local Sourcing,PL_219000T,COGS Supply Chain,SC,F_CLO,Budget,USD,-1533256.45
2026,8,202608,Asia-Pacific,Thailand,TH01,Thailand OpCo,XYZ Ltd,Local Sourcing,PL_225000I,Freight Costs,SC,F_CLO,Budget,USD,-9199.54
2026,8,202608,Asia-Pacific,Thailand,TH01,Thailand OpCo,XYZ Ltd,Local Sourcing,PL_224000I,PPV,SC,F_CLO,Budget,USD,3066.51
2026,8,202608,Asia-Pacific,Thailand,TH01,Thailand OpCo,XYZ Ltd,Local Sourcing,PL_CH0001I,Personnel (channel),SC,F_CLO,Budget,USD,-27598.62
2026,8,202608,Asia-Pacific,Thailand,TH01,Thailand OpCo,XYZ Ltd,Local Sourcing,PL_CH0002I,Selling & Handling (channel),SC,F_CLO,Budget,USD,-27598.62
2026,8,202608,Asia-Pacific,Thailand,TH01,Thailand OpCo,XYZ Ltd,Local Sourcing,PL_CH0003I,General & Administration (channel),SC,F_CLO,Budget,USD,-13799.31
2026,8,202608,Asia-Pacific,Thailand,TH01,Thailand OpCo,XYZ Ltd,Local Sourcing,PL_119000T,Net Turnover Supply Chain,SC,F_CLO,Budget,USD,1617585.56
2026,8,202608,Asia-Pacific,Thailand,TH01,Thailand OpCo,XYZ Ltd,Local Sourcing,PL_200000T,Cost of Sales,SC,F_CLO,Budget,USD,-1539389.48
2026,8,202608,Asia-Pacific,Thailand,TH01,Thailand OpCo,XYZ Ltd,Local Sourcing,PL_920000T,Total Gross Profit,SC,F_CLO,Budget,USD,78196.08
2026,8,202608,Asia-Pacific,Thailand,TH01,Thailand OpCo,XYZ Ltd,Local Sourcing,PL_CH0000T,Channel Expenses,SC,F_CLO,Budget,USD,-68996.54
2026,8,202608,Asia-Pacific,Thailand,TH01,Thailand OpCo,XYZ Ltd,Local Sourcing,PL_CP0000T,Channel Operating Profit,SC,F_CLO,Budget,USD,9199.54
2026,8,202608,Asia-Pacific,Pakistan,PK01,Pakistan OpCo,XYZ Ltd,Imports,PURCH_PAIRS,Purchase Pairs,SC,F_CLO,Actual,USD,334322
2026,8,202608,Asia-Pacific,Pakistan,PK01,Pakistan OpCo,XYZ Ltd,Imports,PL_119001I,Turnover Supply Chain,SC,F_CLO,Actual,USD,3521251.83
2026,8,202608,Asia-Pacific,Pakistan,PK01,Pakistan OpCo,XYZ Ltd,Imports,PL_119002I,Turnover Supply Chain - Markup,SC,F_CLO,Actual,USD,194613.04
2026,8,202608,Asia-Pacific,Pakistan,PK01,Pakistan OpCo,XYZ Ltd,Imports,PL_219000T,COGS Supply Chain,SC,F_CLO,Actual,USD,-3521251.83
2026,8,202608,Asia-Pacific,Pakistan,PK01,Pakistan OpCo,XYZ Ltd,Imports,PL_225000I,Freight Costs,SC,F_CLO,Actual,USD,-52256.47
2026,8,202608,Asia-Pacific,Pakistan,PK01,Pakistan OpCo,XYZ Ltd,Imports,PL_224000I,PPV,SC,F_CLO,Actual,USD,-2035.5
2026,8,202608,Asia-Pacific,Pakistan,PK01,Pakistan OpCo,XYZ Ltd,Imports,PL_CH0001I,Personnel (channel),SC,F_CLO,Actual,USD,-64385.79
2026,8,202608,Asia-Pacific,Pakistan,PK01,Pakistan OpCo,XYZ Ltd,Imports,PL_CH0002I,Selling & Handling (channel),SC,F_CLO,Actual,USD,-64385.79
2026,8,202608,Asia-Pacific,Pakistan,PK01,Pakistan OpCo,XYZ Ltd,Imports,PL_CH0003I,General & Administration (channel),SC,F_CLO,Actual,USD,-32192.89
2026,8,202608,Asia-Pacific,Pakistan,PK01,Pakistan OpCo,XYZ Ltd,Imports,PL_119000T,Net Turnover Supply Chain,SC,F_CLO,Actual,USD,3715864.86
2026,8,202608,Asia-Pacific,Pakistan,PK01,Pakistan OpCo,XYZ Ltd,Imports,PL_200000T,Cost of Sales,SC,F_CLO,Actual,USD,-3575543.8
2026,8,202608,Asia-Pacific,Pakistan,PK01,Pakistan OpCo,XYZ Ltd,Imports,PL_920000T,Total Gross Profit,SC,F_CLO,Actual,USD,140321.07
2026,8,202608,Asia-Pacific,Pakistan,PK01,Pakistan OpCo,XYZ Ltd,Imports,PL_CH0000T,Channel Expenses,SC,F_CLO,Actual,USD,-160964.47
2026,8,202608,Asia-Pacific,Pakistan,PK01,Pakistan OpCo,XYZ Ltd,Imports,PL_CP0000T,Channel Operating Profit,SC,F_CLO,Actual,USD,-20643.41
2026,8,202608,Asia-Pacific,Pakistan,PK01,Pakistan OpCo,XYZ Ltd,Imports,PURCH_PAIRS,Purchase Pairs,SC,F_CLO,Budget,USD,359159
2026,8,202608,Asia-Pacific,Pakistan,PK01,Pakistan OpCo,XYZ Ltd,Imports,PL_119001I,Turnover Supply Chain,SC,F_CLO,Budget,USD,3709212.51
2026,8,202608,Asia-Pacific,Pakistan,PK01,Pakistan OpCo,XYZ Ltd,Imports,PL_119002I,Turnover Supply Chain - Markup,SC,F_CLO,Budget,USD,222552.75
2026,8,202608,Asia-Pacific,Pakistan,PK01,Pakistan OpCo,XYZ Ltd,Imports,PL_219000T,COGS Supply Chain,SC,F_CLO,Budget,USD,-3709212.51
2026,8,202608,Asia-Pacific,Pakistan,PK01,Pakistan OpCo,XYZ Ltd,Imports,PL_225000I,Freight Costs,SC,F_CLO,Budget,USD,-51928.98
2026,8,202608,Asia-Pacific,Pakistan,PK01,Pakistan OpCo,XYZ Ltd,Imports,PL_224000I,PPV,SC,F_CLO,Budget,USD,7418.43
2026,8,202608,Asia-Pacific,Pakistan,PK01,Pakistan OpCo,XYZ Ltd,Imports,PL_CH0001I,Personnel (channel),SC,F_CLO,Budget,USD,-66765.83
2026,8,202608,Asia-Pacific,Pakistan,PK01,Pakistan OpCo,XYZ Ltd,Imports,PL_CH0002I,Selling & Handling (channel),SC,F_CLO,Budget,USD,-66765.83
2026,8,202608,Asia-Pacific,Pakistan,PK01,Pakistan OpCo,XYZ Ltd,Imports,PL_CH0003I,General & Administration (channel),SC,F_CLO,Budget,USD,-33382.91
2026,8,202608,Asia-Pacific,Pakistan,PK01,Pakistan OpCo,XYZ Ltd,Imports,PL_119000T,Net Turnover Supply Chain,SC,F_CLO,Budget,USD,3931765.26
2026,8,202608,Asia-Pacific,Pakistan,PK01,Pakistan OpCo,XYZ Ltd,Imports,PL_200000T,Cost of Sales,SC,F_CLO,Budget,USD,-3753723.06
2026,8,202608,Asia-Pacific,Pakistan,PK01,Pakistan OpCo,XYZ Ltd,Imports,PL_920000T,Total Gross Profit,SC,F_CLO,Budget,USD,178042.2
2026,8,202608,Asia-Pacific,Pakistan,PK01,Pakistan OpCo,XYZ Ltd,Imports,PL_CH0000T,Channel Expenses,SC,F_CLO,Budget,USD,-166914.56
2026,8,202608,Asia-Pacific,Pakistan,PK01,Pakistan OpCo,XYZ Ltd,Imports,PL_CP0000T,Channel Operating Profit,SC,F_CLO,Budget,USD,11127.64
2026,8,202608,Asia-Pacific,Pakistan,PK01,Pakistan OpCo,XYZ Ltd,Local Sourcing,PURCH_PAIRS,Purchase Pairs,SC,F_CLO,Actual,USD,241848
2026,8,202608,Asia-Pacific,Pakistan,PK01,Pakistan OpCo,XYZ Ltd,Local Sourcing,PL_119001I,Turnover Supply Chain,SC,F_CLO,Actual,USD,1793562.38
2026,8,202608,Asia-Pacific,Pakistan,PK01,Pakistan OpCo,XYZ Ltd,Local Sourcing,PL_119002I,Turnover Supply Chain - Markup,SC,F_CLO,Actual,USD,106797.0
2026,8,202608,Asia-Pacific,Pakistan,PK01,Pakistan OpCo,XYZ Ltd,Local Sourcing,PL_219000T,COGS Supply Chain,SC,F_CLO,Actual,USD,-1793562.38
2026,8,202608,Asia-Pacific,Pakistan,PK01,Pakistan OpCo,XYZ Ltd,Local Sourcing,PL_225000I,Freight Costs,SC,F_CLO,Actual,USD,-11470.03
2026,8,202608,Asia-Pacific,Pakistan,PK01,Pakistan OpCo,XYZ Ltd,Local Sourcing,PL_224000I,PPV,SC,F_CLO,Actual,USD,14564.39
2026,8,202608,Asia-Pacific,Pakistan,PK01,Pakistan OpCo,XYZ Ltd,Local Sourcing,PL_CH0001I,Personnel (channel),SC,F_CLO,Actual,USD,-35926.42
2026,8,202608,Asia-Pacific,Pakistan,PK01,Pakistan OpCo,XYZ Ltd,Local Sourcing,PL_CH0002I,Selling & Handling (channel),SC,F_CLO,Actual,USD,-35926.42
2026,8,202608,Asia-Pacific,Pakistan,PK01,Pakistan OpCo,XYZ Ltd,Local Sourcing,PL_CH0003I,General & Administration (channel),SC,F_CLO,Actual,USD,-17963.21
2026,8,202608,Asia-Pacific,Pakistan,PK01,Pakistan OpCo,XYZ Ltd,Local Sourcing,PL_119000T,Net Turnover Supply Chain,SC,F_CLO,Actual,USD,1900359.38
2026,8,202608,Asia-Pacific,Pakistan,PK01,Pakistan OpCo,XYZ Ltd,Local Sourcing,PL_200000T,Cost of Sales,SC,F_CLO,Actual,USD,-1790468.02
2026,8,202608,Asia-Pacific,Pakistan,PK01,Pakistan OpCo,XYZ Ltd,Local Sourcing,PL_920000T,Total Gross Profit,SC,F_CLO,Actual,USD,109891.36
2026,8,202608,Asia-Pacific,Pakistan,PK01,Pakistan OpCo,XYZ Ltd,Local Sourcing,PL_CH0000T,Channel Expenses,SC,F_CLO,Actual,USD,-89816.05
2026,8,202608,Asia-Pacific,Pakistan,PK01,Pakistan OpCo,XYZ Ltd,Local Sourcing,PL_CP0000T,Channel Operating Profit,SC,F_CLO,Actual,USD,20075.31
2026,8,202608,Asia-Pacific,Pakistan,PK01,Pakistan OpCo,XYZ Ltd,Local Sourcing,PURCH_PAIRS,Purchase Pairs,SC,F_CLO,Budget,USD,248648
2026,8,202608,Asia-Pacific,Pakistan,PK01,Pakistan OpCo,XYZ Ltd,Local Sourcing,PL_119001I,Turnover Supply Chain,SC,F_CLO,Budget,USD,1807052.25
2026,8,202608,Asia-Pacific,Pakistan,PK01,Pakistan OpCo,XYZ Ltd,Local Sourcing,PL_119002I,Turnover Supply Chain - Markup,SC,F_CLO,Budget,USD,99387.87
2026,8,202608,Asia-Pacific,Pakistan,PK01,Pakistan OpCo,XYZ Ltd,Local Sourcing,PL_219000T,COGS Supply Chain,SC,F_CLO,Budget,USD,-1807052.25
2026,8,202608,Asia-Pacific,Pakistan,PK01,Pakistan OpCo,XYZ Ltd,Local Sourcing,PL_225000I,Freight Costs,SC,F_CLO,Budget,USD,-10842.31
2026,8,202608,Asia-Pacific,Pakistan,PK01,Pakistan OpCo,XYZ Ltd,Local Sourcing,PL_224000I,PPV,SC,F_CLO,Budget,USD,3614.1
2026,8,202608,Asia-Pacific,Pakistan,PK01,Pakistan OpCo,XYZ Ltd,Local Sourcing,PL_CH0001I,Personnel (channel),SC,F_CLO,Budget,USD,-32526.94
2026,8,202608,Asia-Pacific,Pakistan,PK01,Pakistan OpCo,XYZ Ltd,Local Sourcing,PL_CH0002I,Selling & Handling (channel),SC,F_CLO,Budget,USD,-32526.94
2026,8,202608,Asia-Pacific,Pakistan,PK01,Pakistan OpCo,XYZ Ltd,Local Sourcing,PL_CH0003I,General & Administration (channel),SC,F_CLO,Budget,USD,-16263.47
2026,8,202608,Asia-Pacific,Pakistan,PK01,Pakistan OpCo,XYZ Ltd,Local Sourcing,PL_119000T,Net Turnover Supply Chain,SC,F_CLO,Budget,USD,1906440.12
2026,8,202608,Asia-Pacific,Pakistan,PK01,Pakistan OpCo,XYZ Ltd,Local Sourcing,PL_200000T,Cost of Sales,SC,F_CLO,Budget,USD,-1814280.46
2026,8,202608,Asia-Pacific,Pakistan,PK01,Pakistan OpCo,XYZ Ltd,Local Sourcing,PL_920000T,Total Gross Profit,SC,F_CLO,Budget,USD,92159.66
2026,8,202608,Asia-Pacific,Pakistan,PK01,Pakistan OpCo,XYZ Ltd,Local Sourcing,PL_CH0000T,Channel Expenses,SC,F_CLO,Budget,USD,-81317.35
2026,8,202608,Asia-Pacific,Pakistan,PK01,Pakistan OpCo,XYZ Ltd,Local Sourcing,PL_CP0000T,Channel Operating Profit,SC,F_CLO,Budget,USD,10842.31
2026,8,202608,Asia-Pacific,Pakistan,PK01,Pakistan OpCo,XYZ Ltd,Manufacturing,PROD_PAIRS,Production Pairs,SC,F_CLO,Actual,USD,457227
2026,8,202608,Asia-Pacific,Pakistan,PK01,Pakistan OpCo,XYZ Ltd,Manufacturing,PL_119001I,Turnover Supply Chain,SC,F_CLO,Actual,USD,3013943.36
2026,8,202608,Asia-Pacific,Pakistan,PK01,Pakistan OpCo,XYZ Ltd,Manufacturing,PL_119002I,Turnover Supply Chain - Markup,SC,F_CLO,Actual,USD,223134.84
2026,8,202608,Asia-Pacific,Pakistan,PK01,Pakistan OpCo,XYZ Ltd,Manufacturing,PL_219000T,COGS Supply Chain,SC,F_CLO,Actual,USD,-3013943.36
2026,8,202608,Asia-Pacific,Pakistan,PK01,Pakistan OpCo,XYZ Ltd,Manufacturing,PL_227100I,Factory Personnel,SC,F_CLO,Actual,USD,-119374.92
2026,8,202608,Asia-Pacific,Pakistan,PK01,Pakistan OpCo,XYZ Ltd,Manufacturing,PL_227200I,Other Factory costs,SC,F_CLO,Actual,USD,-159709.52
2026,8,202608,Asia-Pacific,Pakistan,PK01,Pakistan OpCo,XYZ Ltd,Manufacturing,PL_227600I,Recoveries of Factory,SC,F_CLO,Actual,USD,275200.05
2026,8,202608,Asia-Pacific,Pakistan,PK01,Pakistan OpCo,XYZ Ltd,Manufacturing,PL_225000I,Freight Costs,SC,F_CLO,Actual,USD,-24559.28
2026,8,202608,Asia-Pacific,Pakistan,PK01,Pakistan OpCo,XYZ Ltd,Manufacturing,PL_CH0001I,Personnel (channel),SC,F_CLO,Actual,USD,-44728.38
2026,8,202608,Asia-Pacific,Pakistan,PK01,Pakistan OpCo,XYZ Ltd,Manufacturing,PL_CH0002I,Selling & Handling (channel),SC,F_CLO,Actual,USD,-44728.38
2026,8,202608,Asia-Pacific,Pakistan,PK01,Pakistan OpCo,XYZ Ltd,Manufacturing,PL_CH0003I,General & Administration (channel),SC,F_CLO,Actual,USD,-22364.19
2026,8,202608,Asia-Pacific,Pakistan,PK01,Pakistan OpCo,XYZ Ltd,Manufacturing,PL_119000T,Net Turnover Supply Chain,SC,F_CLO,Actual,USD,3237078.2
2026,8,202608,Asia-Pacific,Pakistan,PK01,Pakistan OpCo,XYZ Ltd,Manufacturing,PL_227100T,Factory Costs,SC,F_CLO,Actual,USD,-279084.44
2026,8,202608,Asia-Pacific,Pakistan,PK01,Pakistan OpCo,XYZ Ltd,Manufacturing,PL_227000T,Factory (under)/over recovery,SC,F_CLO,Actual,USD,-3884.39
2026,8,202608,Asia-Pacific,Pakistan,PK01,Pakistan OpCo,XYZ Ltd,Manufacturing,PL_200000T,Cost of Sales,SC,F_CLO,Actual,USD,-3042387.04
2026,8,202608,Asia-Pacific,Pakistan,PK01,Pakistan OpCo,XYZ Ltd,Manufacturing,PL_920000T,Total Gross Profit,SC,F_CLO,Actual,USD,194691.16
2026,8,202608,Asia-Pacific,Pakistan,PK01,Pakistan OpCo,XYZ Ltd,Manufacturing,PL_CH0000T,Channel Expenses,SC,F_CLO,Actual,USD,-111820.95
2026,8,202608,Asia-Pacific,Pakistan,PK01,Pakistan OpCo,XYZ Ltd,Manufacturing,PL_CP0000T,Channel Operating Profit,SC,F_CLO,Actual,USD,82870.21
2026,8,202608,Asia-Pacific,Pakistan,PK01,Pakistan OpCo,XYZ Ltd,Manufacturing,PROD_PAIRS,Production Pairs,SC,F_CLO,Budget,USD,442042
2026,8,202608,Asia-Pacific,Pakistan,PK01,Pakistan OpCo,XYZ Ltd,Manufacturing,PL_119001I,Turnover Supply Chain,SC,F_CLO,Budget,USD,2874375.5
2026,8,202608,Asia-Pacific,Pakistan,PK01,Pakistan OpCo,XYZ Ltd,Manufacturing,PL_119002I,Turnover Supply Chain - Markup,SC,F_CLO,Budget,USD,201206.29
2026,8,202608,Asia-Pacific,Pakistan,PK01,Pakistan OpCo,XYZ Ltd,Manufacturing,PL_219000T,COGS Supply Chain,SC,F_CLO,Budget,USD,-2874375.5
2026,8,202608,Asia-Pacific,Pakistan,PK01,Pakistan OpCo,XYZ Ltd,Manufacturing,PL_227100I,Factory Personnel,SC,F_CLO,Budget,USD,-120723.77
2026,8,202608,Asia-Pacific,Pakistan,PK01,Pakistan OpCo,XYZ Ltd,Manufacturing,PL_227200I,Other Factory costs,SC,F_CLO,Budget,USD,-146593.15
2026,8,202608,Asia-Pacific,Pakistan,PK01,Pakistan OpCo,XYZ Ltd,Manufacturing,PL_227600I,Recoveries of Factory,SC,F_CLO,Budget,USD,264643.75
2026,8,202608,Asia-Pacific,Pakistan,PK01,Pakistan OpCo,XYZ Ltd,Manufacturing,PL_225000I,Freight Costs,SC,F_CLO,Budget,USD,-22995.0
2026,8,202608,Asia-Pacific,Pakistan,PK01,Pakistan OpCo,XYZ Ltd,Manufacturing,PL_CH0001I,Personnel (channel),SC,F_CLO,Budget,USD,-51738.76
2026,8,202608,Asia-Pacific,Pakistan,PK01,Pakistan OpCo,XYZ Ltd,Manufacturing,PL_CH0002I,Selling & Handling (channel),SC,F_CLO,Budget,USD,-51738.76
2026,8,202608,Asia-Pacific,Pakistan,PK01,Pakistan OpCo,XYZ Ltd,Manufacturing,PL_CH0003I,General & Administration (channel),SC,F_CLO,Budget,USD,-25869.38
2026,8,202608,Asia-Pacific,Pakistan,PK01,Pakistan OpCo,XYZ Ltd,Manufacturing,PL_119000T,Net Turnover Supply Chain,SC,F_CLO,Budget,USD,3075581.79
2026,8,202608,Asia-Pacific,Pakistan,PK01,Pakistan OpCo,XYZ Ltd,Manufacturing,PL_227100T,Factory Costs,SC,F_CLO,Budget,USD,-267316.92
2026,8,202608,Asia-Pacific,Pakistan,PK01,Pakistan OpCo,XYZ Ltd,Manufacturing,PL_227000T,Factory (under)/over recovery,SC,F_CLO,Budget,USD,-2673.17
2026,8,202608,Asia-Pacific,Pakistan,PK01,Pakistan OpCo,XYZ Ltd,Manufacturing,PL_200000T,Cost of Sales,SC,F_CLO,Budget,USD,-2900043.68
2026,8,202608,Asia-Pacific,Pakistan,PK01,Pakistan OpCo,XYZ Ltd,Manufacturing,PL_920000T,Total Gross Profit,SC,F_CLO,Budget,USD,175538.11
2026,8,202608,Asia-Pacific,Pakistan,PK01,Pakistan OpCo,XYZ Ltd,Manufacturing,PL_CH0000T,Channel Expenses,SC,F_CLO,Budget,USD,-129346.9
2026,8,202608,Asia-Pacific,Pakistan,PK01,Pakistan OpCo,XYZ Ltd,Manufacturing,PL_CP0000T,Channel Operating Profit,SC,F_CLO,Budget,USD,46191.21
2026,8,202608,India,India,IN01,India OpCo,XYZ Ltd,Imports,PURCH_PAIRS,Purchase Pairs,SC,F_CLO,Actual,USD,575129
2026,8,202608,India,India,IN01,India OpCo,XYZ Ltd,Imports,PL_119001I,Turnover Supply Chain,SC,F_CLO,Actual,USD,6613074.04
2026,8,202608,India,India,IN01,India OpCo,XYZ Ltd,Imports,PL_119002I,Turnover Supply Chain - Markup,SC,F_CLO,Actual,USD,395468.53
2026,8,202608,India,India,IN01,India OpCo,XYZ Ltd,Imports,PL_219000T,COGS Supply Chain,SC,F_CLO,Actual,USD,-6613074.04
2026,8,202608,India,India,IN01,India OpCo,XYZ Ltd,Imports,PL_225000I,Freight Costs,SC,F_CLO,Actual,USD,-91674.48
2026,8,202608,India,India,IN01,India OpCo,XYZ Ltd,Imports,PL_224000I,PPV,SC,F_CLO,Actual,USD,-10005.81
2026,8,202608,India,India,IN01,India OpCo,XYZ Ltd,Imports,PL_CH0001I,Personnel (channel),SC,F_CLO,Actual,USD,-129652.84
2026,8,202608,India,India,IN01,India OpCo,XYZ Ltd,Imports,PL_CH0002I,Selling & Handling (channel),SC,F_CLO,Actual,USD,-129652.84
2026,8,202608,India,India,IN01,India OpCo,XYZ Ltd,Imports,PL_CH0003I,General & Administration (channel),SC,F_CLO,Actual,USD,-64826.42
2026,8,202608,India,India,IN01,India OpCo,XYZ Ltd,Imports,PL_119000T,Net Turnover Supply Chain,SC,F_CLO,Actual,USD,7008542.58
2026,8,202608,India,India,IN01,India OpCo,XYZ Ltd,Imports,PL_200000T,Cost of Sales,SC,F_CLO,Actual,USD,-6714754.33
2026,8,202608,India,India,IN01,India OpCo,XYZ Ltd,Imports,PL_920000T,Total Gross Profit,SC,F_CLO,Actual,USD,293788.25
2026,8,202608,India,India,IN01,India OpCo,XYZ Ltd,Imports,PL_CH0000T,Channel Expenses,SC,F_CLO,Actual,USD,-324132.09
2026,8,202608,India,India,IN01,India OpCo,XYZ Ltd,Imports,PL_CP0000T,Channel Operating Profit,SC,F_CLO,Actual,USD,-30343.84
2026,8,202608,India,India,IN01,India OpCo,XYZ Ltd,Imports,PURCH_PAIRS,Purchase Pairs,SC,F_CLO,Budget,USD,587714
2026,8,202608,India,India,IN01,India OpCo,XYZ Ltd,Imports,PL_119001I,Turnover Supply Chain,SC,F_CLO,Budget,USD,6878903.19
2026,8,202608,India,India,IN01,India OpCo,XYZ Ltd,Imports,PL_119002I,Turnover Supply Chain - Markup,SC,F_CLO,Budget,USD,412734.19
2026,8,202608,India,India,IN01,India OpCo,XYZ Ltd,Imports,PL_219000T,COGS Supply Chain,SC,F_CLO,Budget,USD,-6878903.19
2026,8,202608,India,India,IN01,India OpCo,XYZ Ltd,Imports,PL_225000I,Freight Costs,SC,F_CLO,Budget,USD,-96304.64
2026,8,202608,India,India,IN01,India OpCo,XYZ Ltd,Imports,PL_224000I,PPV,SC,F_CLO,Budget,USD,13757.81
2026,8,202608,India,India,IN01,India OpCo,XYZ Ltd,Imports,PL_CH0001I,Personnel (channel),SC,F_CLO,Budget,USD,-123820.26
2026,8,202608,India,India,IN01,India OpCo,XYZ Ltd,Imports,PL_CH0002I,Selling & Handling (channel),SC,F_CLO,Budget,USD,-123820.26
2026,8,202608,India,India,IN01,India OpCo,XYZ Ltd,Imports,PL_CH0003I,General & Administration (channel),SC,F_CLO,Budget,USD,-61910.13
2026,8,202608,India,India,IN01,India OpCo,XYZ Ltd,Imports,PL_119000T,Net Turnover Supply Chain,SC,F_CLO,Budget,USD,7291637.39
2026,8,202608,India,India,IN01,India OpCo,XYZ Ltd,Imports,PL_200000T,Cost of Sales,SC,F_CLO,Budget,USD,-6961450.03
2026,8,202608,India,India,IN01,India OpCo,XYZ Ltd,Imports,PL_920000T,Total Gross Profit,SC,F_CLO,Budget,USD,330187.35
2026,8,202608,India,India,IN01,India OpCo,XYZ Ltd,Imports,PL_CH0000T,Channel Expenses,SC,F_CLO,Budget,USD,-309550.64
2026,8,202608,India,India,IN01,India OpCo,XYZ Ltd,Imports,PL_CP0000T,Channel Operating Profit,SC,F_CLO,Budget,USD,20636.71
2026,8,202608,India,India,IN01,India OpCo,XYZ Ltd,Local Sourcing,PURCH_PAIRS,Purchase Pairs,SC,F_CLO,Actual,USD,401667
2026,8,202608,India,India,IN01,India OpCo,XYZ Ltd,Local Sourcing,PL_119001I,Turnover Supply Chain,SC,F_CLO,Actual,USD,3276759.21
2026,8,202608,India,India,IN01,India OpCo,XYZ Ltd,Local Sourcing,PL_119002I,Turnover Supply Chain - Markup,SC,F_CLO,Actual,USD,212579.89
2026,8,202608,India,India,IN01,India OpCo,XYZ Ltd,Local Sourcing,PL_219000T,COGS Supply Chain,SC,F_CLO,Actual,USD,-3276759.21
2026,8,202608,India,India,IN01,India OpCo,XYZ Ltd,Local Sourcing,PL_225000I,Freight Costs,SC,F_CLO,Actual,USD,-19772.56
2026,8,202608,India,India,IN01,India OpCo,XYZ Ltd,Local Sourcing,PL_224000I,PPV,SC,F_CLO,Actual,USD,14498.25
2026,8,202608,India,India,IN01,India OpCo,XYZ Ltd,Local Sourcing,PL_CH0001I,Personnel (channel),SC,F_CLO,Actual,USD,-61363.53
2026,8,202608,India,India,IN01,India OpCo,XYZ Ltd,Local Sourcing,PL_CH0002I,Selling & Handling (channel),SC,F_CLO,Actual,USD,-61363.53
2026,8,202608,India,India,IN01,India OpCo,XYZ Ltd,Local Sourcing,PL_CH0003I,General & Administration (channel),SC,F_CLO,Actual,USD,-30681.76
2026,8,202608,India,India,IN01,India OpCo,XYZ Ltd,Local Sourcing,PL_119000T,Net Turnover Supply Chain,SC,F_CLO,Actual,USD,3489339.1
2026,8,202608,India,India,IN01,India OpCo,XYZ Ltd,Local Sourcing,PL_200000T,Cost of Sales,SC,F_CLO,Actual,USD,-3282033.52
2026,8,202608,India,India,IN01,India OpCo,XYZ Ltd,Local Sourcing,PL_920000T,Total Gross Profit,SC,F_CLO,Actual,USD,207305.58
2026,8,202608,India,India,IN01,India OpCo,XYZ Ltd,Local Sourcing,PL_CH0000T,Channel Expenses,SC,F_CLO,Actual,USD,-153408.82
2026,8,202608,India,India,IN01,India OpCo,XYZ Ltd,Local Sourcing,PL_CP0000T,Channel Operating Profit,SC,F_CLO,Actual,USD,53896.76
2026,8,202608,India,India,IN01,India OpCo,XYZ Ltd,Local Sourcing,PURCH_PAIRS,Purchase Pairs,SC,F_CLO,Budget,USD,406879
2026,8,202608,India,India,IN01,India OpCo,XYZ Ltd,Local Sourcing,PL_119001I,Turnover Supply Chain,SC,F_CLO,Budget,USD,3351260.53
2026,8,202608,India,India,IN01,India OpCo,XYZ Ltd,Local Sourcing,PL_119002I,Turnover Supply Chain - Markup,SC,F_CLO,Budget,USD,184319.33
2026,8,202608,India,India,IN01,India OpCo,XYZ Ltd,Local Sourcing,PL_219000T,COGS Supply Chain,SC,F_CLO,Budget,USD,-3351260.53
2026,8,202608,India,India,IN01,India OpCo,XYZ Ltd,Local Sourcing,PL_225000I,Freight Costs,SC,F_CLO,Budget,USD,-20107.56
2026,8,202608,India,India,IN01,India OpCo,XYZ Ltd,Local Sourcing,PL_224000I,PPV,SC,F_CLO,Budget,USD,6702.52
2026,8,202608,India,India,IN01,India OpCo,XYZ Ltd,Local Sourcing,PL_CH0001I,Personnel (channel),SC,F_CLO,Budget,USD,-60322.69
2026,8,202608,India,India,IN01,India OpCo,XYZ Ltd,Local Sourcing,PL_CH0002I,Selling & Handling (channel),SC,F_CLO,Budget,USD,-60322.69
2026,8,202608,India,India,IN01,India OpCo,XYZ Ltd,Local Sourcing,PL_CH0003I,General & Administration (channel),SC,F_CLO,Budget,USD,-30161.34
2026,8,202608,India,India,IN01,India OpCo,XYZ Ltd,Local Sourcing,PL_119000T,Net Turnover Supply Chain,SC,F_CLO,Budget,USD,3535579.86
2026,8,202608,India,India,IN01,India OpCo,XYZ Ltd,Local Sourcing,PL_200000T,Cost of Sales,SC,F_CLO,Budget,USD,-3364665.57
2026,8,202608,India,India,IN01,India OpCo,XYZ Ltd,Local Sourcing,PL_920000T,Total Gross Profit,SC,F_CLO,Budget,USD,170914.29
2026,8,202608,India,India,IN01,India OpCo,XYZ Ltd,Local Sourcing,PL_CH0000T,Channel Expenses,SC,F_CLO,Budget,USD,-150806.72
2026,8,202608,India,India,IN01,India OpCo,XYZ Ltd,Local Sourcing,PL_CP0000T,Channel Operating Profit,SC,F_CLO,Budget,USD,20107.56
2026,8,202608,India,India,IN01,India OpCo,XYZ Ltd,Manufacturing,PROD_PAIRS,Production Pairs,SC,F_CLO,Actual,USD,618477
2026,8,202608,India,India,IN01,India OpCo,XYZ Ltd,Manufacturing,PL_119001I,Turnover Supply Chain,SC,F_CLO,Actual,USD,4468163.94
2026,8,202608,India,India,IN01,India OpCo,XYZ Ltd,Manufacturing,PL_119002I,Turnover Supply Chain - Markup,SC,F_CLO,Actual,USD,301224.4
2026,8,202608,India,India,IN01,India OpCo,XYZ Ltd,Manufacturing,PL_219000T,COGS Supply Chain,SC,F_CLO,Actual,USD,-4468163.94
2026,8,202608,India,India,IN01,India OpCo,XYZ Ltd,Manufacturing,PL_227100I,Factory Personnel,SC,F_CLO,Actual,USD,-195907.74
2026,8,202608,India,India,IN01,India OpCo,XYZ Ltd,Manufacturing,PL_227200I,Other Factory costs,SC,F_CLO,Actual,USD,-203109.83
2026,8,202608,India,India,IN01,India OpCo,XYZ Ltd,Manufacturing,PL_227600I,Recoveries of Factory,SC,F_CLO,Actual,USD,406583.47
2026,8,202608,India,India,IN01,India OpCo,XYZ Ltd,Manufacturing,PL_225000I,Freight Costs,SC,F_CLO,Actual,USD,-28826.47
2026,8,202608,India,India,IN01,India OpCo,XYZ Ltd,Manufacturing,PL_CH0001I,Personnel (channel),SC,F_CLO,Actual,USD,-79617.01
2026,8,202608,India,India,IN01,India OpCo,XYZ Ltd,Manufacturing,PL_CH0002I,Selling & Handling (channel),SC,F_CLO,Actual,USD,-79617.01
2026,8,202608,India,India,IN01,India OpCo,XYZ Ltd,Manufacturing,PL_CH0003I,General & Administration (channel),SC,F_CLO,Actual,USD,-39808.5
2026,8,202608,India,India,IN01,India OpCo,XYZ Ltd,Manufacturing,PL_119000T,Net Turnover Supply Chain,SC,F_CLO,Actual,USD,4769388.34
2026,8,202608,India,India,IN01,India OpCo,XYZ Ltd,Manufacturing,PL_227100T,Factory Costs,SC,F_CLO,Actual,USD,-399017.57
2026,8,202608,India,India,IN01,India OpCo,XYZ Ltd,Manufacturing,PL_227000T,Factory (under)/over recovery,SC,F_CLO,Actual,USD,7565.91
2026,8,202608,India,India,IN01,India OpCo,XYZ Ltd,Manufacturing,PL_200000T,Cost of Sales,SC,F_CLO,Actual,USD,-4489424.5
2026,8,202608,India,India,IN01,India OpCo,XYZ Ltd,Manufacturing,PL_920000T,Total Gross Profit,SC,F_CLO,Actual,USD,279963.84
2026,8,202608,India,India,IN01,India OpCo,XYZ Ltd,Manufacturing,PL_CH0000T,Channel Expenses,SC,F_CLO,Actual,USD,-199042.52
2026,8,202608,India,India,IN01,India OpCo,XYZ Ltd,Manufacturing,PL_CP0000T,Channel Operating Profit,SC,F_CLO,Actual,USD,80921.32
2026,8,202608,India,India,IN01,India OpCo,XYZ Ltd,Manufacturing,PROD_PAIRS,Production Pairs,SC,F_CLO,Budget,USD,723341
2026,8,202608,India,India,IN01,India OpCo,XYZ Ltd,Manufacturing,PL_119001I,Turnover Supply Chain,SC,F_CLO,Budget,USD,5330660.03
2026,8,202608,India,India,IN01,India OpCo,XYZ Ltd,Manufacturing,PL_119002I,Turnover Supply Chain - Markup,SC,F_CLO,Budget,USD,373146.2
2026,8,202608,India,India,IN01,India OpCo,XYZ Ltd,Manufacturing,PL_219000T,COGS Supply Chain,SC,F_CLO,Budget,USD,-5330660.03
2026,8,202608,India,India,IN01,India OpCo,XYZ Ltd,Manufacturing,PL_227100I,Factory Personnel,SC,F_CLO,Budget,USD,-223887.72
2026,8,202608,India,India,IN01,India OpCo,XYZ Ltd,Manufacturing,PL_227200I,Other Factory costs,SC,F_CLO,Budget,USD,-271863.66
2026,8,202608,India,India,IN01,India OpCo,XYZ Ltd,Manufacturing,PL_227600I,Recoveries of Factory,SC,F_CLO,Budget,USD,490793.87
2026,8,202608,India,India,IN01,India OpCo,XYZ Ltd,Manufacturing,PL_225000I,Freight Costs,SC,F_CLO,Budget,USD,-42645.28
2026,8,202608,India,India,IN01,India OpCo,XYZ Ltd,Manufacturing,PL_CH0001I,Personnel (channel),SC,F_CLO,Budget,USD,-95951.88
2026,8,202608,India,India,IN01,India OpCo,XYZ Ltd,Manufacturing,PL_CH0002I,Selling & Handling (channel),SC,F_CLO,Budget,USD,-95951.88
2026,8,202608,India,India,IN01,India OpCo,XYZ Ltd,Manufacturing,PL_CH0003I,General & Administration (channel),SC,F_CLO,Budget,USD,-47975.94
2026,8,202608,India,India,IN01,India OpCo,XYZ Ltd,Manufacturing,PL_119000T,Net Turnover Supply Chain,SC,F_CLO,Budget,USD,5703806.23
2026,8,202608,India,India,IN01,India OpCo,XYZ Ltd,Manufacturing,PL_227100T,Factory Costs,SC,F_CLO,Budget,USD,-495751.38
2026,8,202608,India,India,IN01,India OpCo,XYZ Ltd,Manufacturing,PL_227000T,Factory (under)/over recovery,SC,F_CLO,Budget,USD,-4957.51
2026,8,202608,India,India,IN01,India OpCo,XYZ Ltd,Manufacturing,PL_200000T,Cost of Sales,SC,F_CLO,Budget,USD,-5378262.82
2026,8,202608,India,India,IN01,India OpCo,XYZ Ltd,Manufacturing,PL_920000T,Total Gross Profit,SC,F_CLO,Budget,USD,325543.41
2026,8,202608,India,India,IN01,India OpCo,XYZ Ltd,Manufacturing,PL_CH0000T,Channel Expenses,SC,F_CLO,Budget,USD,-239879.7
2026,8,202608,India,India,IN01,India OpCo,XYZ Ltd,Manufacturing,PL_CP0000T,Channel Operating Profit,SC,F_CLO,Budget,USD,85663.71
2026,8,202608,Africa,Kenya,KE01,Kenya OpCo,XYZ Ltd,Imports,PURCH_PAIRS,Purchase Pairs,SC,F_CLO,Actual,USD,177688
2026,8,202608,Africa,Kenya,KE01,Kenya OpCo,XYZ Ltd,Imports,PL_119001I,Turnover Supply Chain,SC,F_CLO,Actual,USD,2256050.64
2026,8,202608,Africa,Kenya,KE01,Kenya OpCo,XYZ Ltd,Imports,PL_119002I,Turnover Supply Chain - Markup,SC,F_CLO,Actual,USD,138065.24
2026,8,202608,Africa,Kenya,KE01,Kenya OpCo,XYZ Ltd,Imports,PL_219000T,COGS Supply Chain,SC,F_CLO,Actual,USD,-2256050.64
2026,8,202608,Africa,Kenya,KE01,Kenya OpCo,XYZ Ltd,Imports,PL_225000I,Freight Costs,SC,F_CLO,Actual,USD,-34126.76
2026,8,202608,Africa,Kenya,KE01,Kenya OpCo,XYZ Ltd,Imports,PL_224000I,PPV,SC,F_CLO,Actual,USD,9944.35
2026,8,202608,Africa,Kenya,KE01,Kenya OpCo,XYZ Ltd,Imports,PL_CH0001I,Personnel (channel),SC,F_CLO,Actual,USD,-45832.77
2026,8,202608,Africa,Kenya,KE01,Kenya OpCo,XYZ Ltd,Imports,PL_CH0002I,Selling & Handling (channel),SC,F_CLO,Actual,USD,-45832.77
2026,8,202608,Africa,Kenya,KE01,Kenya OpCo,XYZ Ltd,Imports,PL_CH0003I,General & Administration (channel),SC,F_CLO,Actual,USD,-22916.38
2026,8,202608,Africa,Kenya,KE01,Kenya OpCo,XYZ Ltd,Imports,PL_119000T,Net Turnover Supply Chain,SC,F_CLO,Actual,USD,2394115.88
2026,8,202608,Africa,Kenya,KE01,Kenya OpCo,XYZ Ltd,Imports,PL_200000T,Cost of Sales,SC,F_CLO,Actual,USD,-2280233.05
2026,8,202608,Africa,Kenya,KE01,Kenya OpCo,XYZ Ltd,Imports,PL_920000T,Total Gross Profit,SC,F_CLO,Actual,USD,113882.83
2026,8,202608,Africa,Kenya,KE01,Kenya OpCo,XYZ Ltd,Imports,PL_CH0000T,Channel Expenses,SC,F_CLO,Actual,USD,-114581.92
2026,8,202608,Africa,Kenya,KE01,Kenya OpCo,XYZ Ltd,Imports,PL_CP0000T,Channel Operating Profit,SC,F_CLO,Actual,USD,-699.09
2026,8,202608,Africa,Kenya,KE01,Kenya OpCo,XYZ Ltd,Imports,PURCH_PAIRS,Purchase Pairs,SC,F_CLO,Budget,USD,163254
2026,8,202608,Africa,Kenya,KE01,Kenya OpCo,XYZ Ltd,Imports,PL_119001I,Turnover Supply Chain,SC,F_CLO,Budget,USD,2023206.82
2026,8,202608,Africa,Kenya,KE01,Kenya OpCo,XYZ Ltd,Imports,PL_119002I,Turnover Supply Chain - Markup,SC,F_CLO,Budget,USD,121392.41
2026,8,202608,Africa,Kenya,KE01,Kenya OpCo,XYZ Ltd,Imports,PL_219000T,COGS Supply Chain,SC,F_CLO,Budget,USD,-2023206.82
2026,8,202608,Africa,Kenya,KE01,Kenya OpCo,XYZ Ltd,Imports,PL_225000I,Freight Costs,SC,F_CLO,Budget,USD,-28324.9
2026,8,202608,Africa,Kenya,KE01,Kenya OpCo,XYZ Ltd,Imports,PL_224000I,PPV,SC,F_CLO,Budget,USD,4046.41
2026,8,202608,Africa,Kenya,KE01,Kenya OpCo,XYZ Ltd,Imports,PL_CH0001I,Personnel (channel),SC,F_CLO,Budget,USD,-36417.72
2026,8,202608,Africa,Kenya,KE01,Kenya OpCo,XYZ Ltd,Imports,PL_CH0002I,Selling & Handling (channel),SC,F_CLO,Budget,USD,-36417.72
2026,8,202608,Africa,Kenya,KE01,Kenya OpCo,XYZ Ltd,Imports,PL_CH0003I,General & Administration (channel),SC,F_CLO,Budget,USD,-18208.86
2026,8,202608,Africa,Kenya,KE01,Kenya OpCo,XYZ Ltd,Imports,PL_119000T,Net Turnover Supply Chain,SC,F_CLO,Budget,USD,2144599.23
2026,8,202608,Africa,Kenya,KE01,Kenya OpCo,XYZ Ltd,Imports,PL_200000T,Cost of Sales,SC,F_CLO,Budget,USD,-2047485.3
2026,8,202608,Africa,Kenya,KE01,Kenya OpCo,XYZ Ltd,Imports,PL_920000T,Total Gross Profit,SC,F_CLO,Budget,USD,97113.93
2026,8,202608,Africa,Kenya,KE01,Kenya OpCo,XYZ Ltd,Imports,PL_CH0000T,Channel Expenses,SC,F_CLO,Budget,USD,-91044.31
2026,8,202608,Africa,Kenya,KE01,Kenya OpCo,XYZ Ltd,Imports,PL_CP0000T,Channel Operating Profit,SC,F_CLO,Budget,USD,6069.62
2026,8,202608,Africa,Kenya,KE01,Kenya OpCo,XYZ Ltd,Local Sourcing,PURCH_PAIRS,Purchase Pairs,SC,F_CLO,Actual,USD,103681
2026,8,202608,Africa,Kenya,KE01,Kenya OpCo,XYZ Ltd,Local Sourcing,PL_119001I,Turnover Supply Chain,SC,F_CLO,Actual,USD,924525.63
2026,8,202608,Africa,Kenya,KE01,Kenya OpCo,XYZ Ltd,Local Sourcing,PL_119002I,Turnover Supply Chain - Markup,SC,F_CLO,Actual,USD,51113.12
2026,8,202608,Africa,Kenya,KE01,Kenya OpCo,XYZ Ltd,Local Sourcing,PL_219000T,COGS Supply Chain,SC,F_CLO,Actual,USD,-924525.63
2026,8,202608,Africa,Kenya,KE01,Kenya OpCo,XYZ Ltd,Local Sourcing,PL_225000I,Freight Costs,SC,F_CLO,Actual,USD,-6066.36
2026,8,202608,Africa,Kenya,KE01,Kenya OpCo,XYZ Ltd,Local Sourcing,PL_224000I,PPV,SC,F_CLO,Actual,USD,-2249.35
2026,8,202608,Africa,Kenya,KE01,Kenya OpCo,XYZ Ltd,Local Sourcing,PL_CH0001I,Personnel (channel),SC,F_CLO,Actual,USD,-16656.0
2026,8,202608,Africa,Kenya,KE01,Kenya OpCo,XYZ Ltd,Local Sourcing,PL_CH0002I,Selling & Handling (channel),SC,F_CLO,Actual,USD,-16656.0
2026,8,202608,Africa,Kenya,KE01,Kenya OpCo,XYZ Ltd,Local Sourcing,PL_CH0003I,General & Administration (channel),SC,F_CLO,Actual,USD,-8328.0
2026,8,202608,Africa,Kenya,KE01,Kenya OpCo,XYZ Ltd,Local Sourcing,PL_119000T,Net Turnover Supply Chain,SC,F_CLO,Actual,USD,975638.75
2026,8,202608,Africa,Kenya,KE01,Kenya OpCo,XYZ Ltd,Local Sourcing,PL_200000T,Cost of Sales,SC,F_CLO,Actual,USD,-932841.34
2026,8,202608,Africa,Kenya,KE01,Kenya OpCo,XYZ Ltd,Local Sourcing,PL_920000T,Total Gross Profit,SC,F_CLO,Actual,USD,42797.41
2026,8,202608,Africa,Kenya,KE01,Kenya OpCo,XYZ Ltd,Local Sourcing,PL_CH0000T,Channel Expenses,SC,F_CLO,Actual,USD,-41640.01
2026,8,202608,Africa,Kenya,KE01,Kenya OpCo,XYZ Ltd,Local Sourcing,PL_CP0000T,Channel Operating Profit,SC,F_CLO,Actual,USD,1157.4
2026,8,202608,Africa,Kenya,KE01,Kenya OpCo,XYZ Ltd,Local Sourcing,PURCH_PAIRS,Purchase Pairs,SC,F_CLO,Budget,USD,113022
2026,8,202608,Africa,Kenya,KE01,Kenya OpCo,XYZ Ltd,Local Sourcing,PL_119001I,Turnover Supply Chain,SC,F_CLO,Budget,USD,985664.86
2026,8,202608,Africa,Kenya,KE01,Kenya OpCo,XYZ Ltd,Local Sourcing,PL_119002I,Turnover Supply Chain - Markup,SC,F_CLO,Budget,USD,54211.57
2026,8,202608,Africa,Kenya,KE01,Kenya OpCo,XYZ Ltd,Local Sourcing,PL_219000T,COGS Supply Chain,SC,F_CLO,Budget,USD,-985664.86
2026,8,202608,Africa,Kenya,KE01,Kenya OpCo,XYZ Ltd,Local Sourcing,PL_225000I,Freight Costs,SC,F_CLO,Budget,USD,-5913.99
2026,8,202608,Africa,Kenya,KE01,Kenya OpCo,XYZ Ltd,Local Sourcing,PL_224000I,PPV,SC,F_CLO,Budget,USD,1971.33
2026,8,202608,Africa,Kenya,KE01,Kenya OpCo,XYZ Ltd,Local Sourcing,PL_CH0001I,Personnel (channel),SC,F_CLO,Budget,USD,-17741.97
2026,8,202608,Africa,Kenya,KE01,Kenya OpCo,XYZ Ltd,Local Sourcing,PL_CH0002I,Selling & Handling (channel),SC,F_CLO,Budget,USD,-17741.97
2026,8,202608,Africa,Kenya,KE01,Kenya OpCo,XYZ Ltd,Local Sourcing,PL_CH0003I,General & Administration (channel),SC,F_CLO,Budget,USD,-8870.98
2026,8,202608,Africa,Kenya,KE01,Kenya OpCo,XYZ Ltd,Local Sourcing,PL_119000T,Net Turnover Supply Chain,SC,F_CLO,Budget,USD,1039876.43
2026,8,202608,Africa,Kenya,KE01,Kenya OpCo,XYZ Ltd,Local Sourcing,PL_200000T,Cost of Sales,SC,F_CLO,Budget,USD,-989607.52
2026,8,202608,Africa,Kenya,KE01,Kenya OpCo,XYZ Ltd,Local Sourcing,PL_920000T,Total Gross Profit,SC,F_CLO,Budget,USD,50268.91
2026,8,202608,Africa,Kenya,KE01,Kenya OpCo,XYZ Ltd,Local Sourcing,PL_CH0000T,Channel Expenses,SC,F_CLO,Budget,USD,-44354.92
2026,8,202608,Africa,Kenya,KE01,Kenya OpCo,XYZ Ltd,Local Sourcing,PL_CP0000T,Channel Operating Profit,SC,F_CLO,Budget,USD,5913.99
2026,8,202608,Africa,Kenya,KE01,Kenya OpCo,XYZ Ltd,Manufacturing,PROD_PAIRS,Production Pairs,SC,F_CLO,Actual,USD,196602
2026,8,202608,Africa,Kenya,KE01,Kenya OpCo,XYZ Ltd,Manufacturing,PL_119001I,Turnover Supply Chain,SC,F_CLO,Actual,USD,1527332.98
2026,8,202608,Africa,Kenya,KE01,Kenya OpCo,XYZ Ltd,Manufacturing,PL_119002I,Turnover Supply Chain - Markup,SC,F_CLO,Actual,USD,92631.55
2026,8,202608,Africa,Kenya,KE01,Kenya OpCo,XYZ Ltd,Manufacturing,PL_219000T,COGS Supply Chain,SC,F_CLO,Actual,USD,-1527332.98
2026,8,202608,Africa,Kenya,KE01,Kenya OpCo,XYZ Ltd,Manufacturing,PL_227100I,Factory Personnel,SC,F_CLO,Actual,USD,-63816.12
2026,8,202608,Africa,Kenya,KE01,Kenya OpCo,XYZ Ltd,Manufacturing,PL_227200I,Other Factory costs,SC,F_CLO,Actual,USD,-79576.36
2026,8,202608,Africa,Kenya,KE01,Kenya OpCo,XYZ Ltd,Manufacturing,PL_227600I,Recoveries of Factory,SC,F_CLO,Actual,USD,146706.52
2026,8,202608,Africa,Kenya,KE01,Kenya OpCo,XYZ Ltd,Manufacturing,PL_225000I,Freight Costs,SC,F_CLO,Actual,USD,-12412.73
2026,8,202608,Africa,Kenya,KE01,Kenya OpCo,XYZ Ltd,Manufacturing,PL_CH0001I,Personnel (channel),SC,F_CLO,Actual,USD,-28224.58
2026,8,202608,Africa,Kenya,KE01,Kenya OpCo,XYZ Ltd,Manufacturing,PL_CH0002I,Selling & Handling (channel),SC,F_CLO,Actual,USD,-28224.58
2026,8,202608,Africa,Kenya,KE01,Kenya OpCo,XYZ Ltd,Manufacturing,PL_CH0003I,General & Administration (channel),SC,F_CLO,Actual,USD,-14112.29
2026,8,202608,Africa,Kenya,KE01,Kenya OpCo,XYZ Ltd,Manufacturing,PL_119000T,Net Turnover Supply Chain,SC,F_CLO,Actual,USD,1619964.53
2026,8,202608,Africa,Kenya,KE01,Kenya OpCo,XYZ Ltd,Manufacturing,PL_227100T,Factory Costs,SC,F_CLO,Actual,USD,-143392.48
2026,8,202608,Africa,Kenya,KE01,Kenya OpCo,XYZ Ltd,Manufacturing,PL_227000T,Factory (under)/over recovery,SC,F_CLO,Actual,USD,3314.04
2026,8,202608,Africa,Kenya,KE01,Kenya OpCo,XYZ Ltd,Manufacturing,PL_200000T,Cost of Sales,SC,F_CLO,Actual,USD,-1536431.68
2026,8,202608,Africa,Kenya,KE01,Kenya OpCo,XYZ Ltd,Manufacturing,PL_920000T,Total Gross Profit,SC,F_CLO,Actual,USD,83532.86
2026,8,202608,Africa,Kenya,KE01,Kenya OpCo,XYZ Ltd,Manufacturing,PL_CH0000T,Channel Expenses,SC,F_CLO,Actual,USD,-70561.46
2026,8,202608,Africa,Kenya,KE01,Kenya OpCo,XYZ Ltd,Manufacturing,PL_CP0000T,Channel Operating Profit,SC,F_CLO,Actual,USD,12971.4
2026,8,202608,Africa,Kenya,KE01,Kenya OpCo,XYZ Ltd,Manufacturing,PROD_PAIRS,Production Pairs,SC,F_CLO,Budget,USD,200928
2026,8,202608,Africa,Kenya,KE01,Kenya OpCo,XYZ Ltd,Manufacturing,PL_119001I,Turnover Supply Chain,SC,F_CLO,Budget,USD,1567841.18
2026,8,202608,Africa,Kenya,KE01,Kenya OpCo,XYZ Ltd,Manufacturing,PL_119002I,Turnover Supply Chain - Markup,SC,F_CLO,Budget,USD,109748.88
2026,8,202608,Africa,Kenya,KE01,Kenya OpCo,XYZ Ltd,Manufacturing,PL_219000T,COGS Supply Chain,SC,F_CLO,Budget,USD,-1567841.18
2026,8,202608,Africa,Kenya,KE01,Kenya OpCo,XYZ Ltd,Manufacturing,PL_227100I,Factory Personnel,SC,F_CLO,Budget,USD,-65849.33
2026,8,202608,Africa,Kenya,KE01,Kenya OpCo,XYZ Ltd,Manufacturing,PL_227200I,Other Factory costs,SC,F_CLO,Budget,USD,-79959.9
2026,8,202608,Africa,Kenya,KE01,Kenya OpCo,XYZ Ltd,Manufacturing,PL_227600I,Recoveries of Factory,SC,F_CLO,Budget,USD,144351.14
2026,8,202608,Africa,Kenya,KE01,Kenya OpCo,XYZ Ltd,Manufacturing,PL_225000I,Freight Costs,SC,F_CLO,Budget,USD,-12542.73
2026,8,202608,Africa,Kenya,KE01,Kenya OpCo,XYZ Ltd,Manufacturing,PL_CH0001I,Personnel (channel),SC,F_CLO,Budget,USD,-28221.14
2026,8,202608,Africa,Kenya,KE01,Kenya OpCo,XYZ Ltd,Manufacturing,PL_CH0002I,Selling & Handling (channel),SC,F_CLO,Budget,USD,-28221.14
2026,8,202608,Africa,Kenya,KE01,Kenya OpCo,XYZ Ltd,Manufacturing,PL_CH0003I,General & Administration (channel),SC,F_CLO,Budget,USD,-14110.57
2026,8,202608,Africa,Kenya,KE01,Kenya OpCo,XYZ Ltd,Manufacturing,PL_119000T,Net Turnover Supply Chain,SC,F_CLO,Budget,USD,1677590.07
2026,8,202608,Africa,Kenya,KE01,Kenya OpCo,XYZ Ltd,Manufacturing,PL_227100T,Factory Costs,SC,F_CLO,Budget,USD,-145809.23
2026,8,202608,Africa,Kenya,KE01,Kenya OpCo,XYZ Ltd,Manufacturing,PL_227000T,Factory (under)/over recovery,SC,F_CLO,Budget,USD,-1458.09
2026,8,202608,Africa,Kenya,KE01,Kenya OpCo,XYZ Ltd,Manufacturing,PL_200000T,Cost of Sales,SC,F_CLO,Budget,USD,-1581842.01
2026,8,202608,Africa,Kenya,KE01,Kenya OpCo,XYZ Ltd,Manufacturing,PL_920000T,Total Gross Profit,SC,F_CLO,Budget,USD,95748.06
2026,8,202608,Africa,Kenya,KE01,Kenya OpCo,XYZ Ltd,Manufacturing,PL_CH0000T,Channel Expenses,SC,F_CLO,Budget,USD,-70552.85
2026,8,202608,Africa,Kenya,KE01,Kenya OpCo,XYZ Ltd,Manufacturing,PL_CP0000T,Channel Operating Profit,SC,F_CLO,Budget,USD,25195.21
2026,8,202608,Africa,South Africa,ZA01,South Africa OpCo,XYZ Ltd,Imports,PURCH_PAIRS,Purchase Pairs,SC,F_CLO,Actual,USD,147587
2026,8,202608,Africa,South Africa,ZA01,South Africa OpCo,XYZ Ltd,Imports,PL_119001I,Turnover Supply Chain,SC,F_CLO,Actual,USD,2311684.06
2026,8,202608,Africa,South Africa,ZA01,South Africa OpCo,XYZ Ltd,Imports,PL_119002I,Turnover Supply Chain - Markup,SC,F_CLO,Actual,USD,144672.53
2026,8,202608,Africa,South Africa,ZA01,South Africa OpCo,XYZ Ltd,Imports,PL_219000T,COGS Supply Chain,SC,F_CLO,Actual,USD,-2311684.06
2026,8,202608,Africa,South Africa,ZA01,South Africa OpCo,XYZ Ltd,Imports,PL_225000I,Freight Costs,SC,F_CLO,Actual,USD,-31785.68
2026,8,202608,Africa,South Africa,ZA01,South Africa OpCo,XYZ Ltd,Imports,PL_224000I,PPV,SC,F_CLO,Actual,USD,-2168.44
2026,8,202608,Africa,South Africa,ZA01,South Africa OpCo,XYZ Ltd,Imports,PL_CH0001I,Personnel (channel),SC,F_CLO,Actual,USD,-43103.46
2026,8,202608,Africa,South Africa,ZA01,South Africa OpCo,XYZ Ltd,Imports,PL_CH0002I,Selling & Handling (channel),SC,F_CLO,Actual,USD,-43103.46
2026,8,202608,Africa,South Africa,ZA01,South Africa OpCo,XYZ Ltd,Imports,PL_CH0003I,General & Administration (channel),SC,F_CLO,Actual,USD,-21551.73
2026,8,202608,Africa,South Africa,ZA01,South Africa OpCo,XYZ Ltd,Imports,PL_119000T,Net Turnover Supply Chain,SC,F_CLO,Actual,USD,2456356.58
2026,8,202608,Africa,South Africa,ZA01,South Africa OpCo,XYZ Ltd,Imports,PL_200000T,Cost of Sales,SC,F_CLO,Actual,USD,-2345638.18
2026,8,202608,Africa,South Africa,ZA01,South Africa OpCo,XYZ Ltd,Imports,PL_920000T,Total Gross Profit,SC,F_CLO,Actual,USD,110718.41
2026,8,202608,Africa,South Africa,ZA01,South Africa OpCo,XYZ Ltd,Imports,PL_CH0000T,Channel Expenses,SC,F_CLO,Actual,USD,-107758.66
2026,8,202608,Africa,South Africa,ZA01,South Africa OpCo,XYZ Ltd,Imports,PL_CP0000T,Channel Operating Profit,SC,F_CLO,Actual,USD,2959.75
2026,8,202608,Africa,South Africa,ZA01,South Africa OpCo,XYZ Ltd,Imports,PURCH_PAIRS,Purchase Pairs,SC,F_CLO,Budget,USD,163254
2026,8,202608,Africa,South Africa,ZA01,South Africa OpCo,XYZ Ltd,Imports,PL_119001I,Turnover Supply Chain,SC,F_CLO,Budget,USD,2585208.72
2026,8,202608,Africa,South Africa,ZA01,South Africa OpCo,XYZ Ltd,Imports,PL_119002I,Turnover Supply Chain - Markup,SC,F_CLO,Budget,USD,155112.52
2026,8,202608,Africa,South Africa,ZA01,South Africa OpCo,XYZ Ltd,Imports,PL_219000T,COGS Supply Chain,SC,F_CLO,Budget,USD,-2585208.72
2026,8,202608,Africa,South Africa,ZA01,South Africa OpCo,XYZ Ltd,Imports,PL_225000I,Freight Costs,SC,F_CLO,Budget,USD,-36192.92
2026,8,202608,Africa,South Africa,ZA01,South Africa OpCo,XYZ Ltd,Imports,PL_224000I,PPV,SC,F_CLO,Budget,USD,5170.42
2026,8,202608,Africa,South Africa,ZA01,South Africa OpCo,XYZ Ltd,Imports,PL_CH0001I,Personnel (channel),SC,F_CLO,Budget,USD,-46533.76
2026,8,202608,Africa,South Africa,ZA01,South Africa OpCo,XYZ Ltd,Imports,PL_CH0002I,Selling & Handling (channel),SC,F_CLO,Budget,USD,-46533.76
2026,8,202608,Africa,South Africa,ZA01,South Africa OpCo,XYZ Ltd,Imports,PL_CH0003I,General & Administration (channel),SC,F_CLO,Budget,USD,-23266.88
2026,8,202608,Africa,South Africa,ZA01,South Africa OpCo,XYZ Ltd,Imports,PL_119000T,Net Turnover Supply Chain,SC,F_CLO,Budget,USD,2740321.24
2026,8,202608,Africa,South Africa,ZA01,South Africa OpCo,XYZ Ltd,Imports,PL_200000T,Cost of Sales,SC,F_CLO,Budget,USD,-2616231.22
2026,8,202608,Africa,South Africa,ZA01,South Africa OpCo,XYZ Ltd,Imports,PL_920000T,Total Gross Profit,SC,F_CLO,Budget,USD,124090.02
2026,8,202608,Africa,South Africa,ZA01,South Africa OpCo,XYZ Ltd,Imports,PL_CH0000T,Channel Expenses,SC,F_CLO,Budget,USD,-116334.39
2026,8,202608,Africa,South Africa,ZA01,South Africa OpCo,XYZ Ltd,Imports,PL_CP0000T,Channel Operating Profit,SC,F_CLO,Budget,USD,7755.63
2026,8,202608,Latam,Chile,CL01,Chile OpCo,XYZ Ltd,Imports,PURCH_PAIRS,Purchase Pairs,SC,F_CLO,Actual,USD,250315
2026,8,202608,Latam,Chile,CL01,Chile OpCo,XYZ Ltd,Imports,PL_119001I,Turnover Supply Chain,SC,F_CLO,Actual,USD,4076398.6
2026,8,202608,Latam,Chile,CL01,Chile OpCo,XYZ Ltd,Imports,PL_119002I,Turnover Supply Chain - Markup,SC,F_CLO,Actual,USD,250849.5
2026,8,202608,Latam,Chile,CL01,Chile OpCo,XYZ Ltd,Imports,PL_219000T,COGS Supply Chain,SC,F_CLO,Actual,USD,-4076398.6
2026,8,202608,Latam,Chile,CL01,Chile OpCo,XYZ Ltd,Imports,PL_225000I,Freight Costs,SC,F_CLO,Actual,USD,-60040.53
2026,8,202608,Latam,Chile,CL01,Chile OpCo,XYZ Ltd,Imports,PL_224000I,PPV,SC,F_CLO,Actual,USD,7440.02
2026,8,202608,Latam,Chile,CL01,Chile OpCo,XYZ Ltd,Imports,PL_CH0001I,Personnel (channel),SC,F_CLO,Actual,USD,-73245.9
2026,8,202608,Latam,Chile,CL01,Chile OpCo,XYZ Ltd,Imports,PL_CH0002I,Selling & Handling (channel),SC,F_CLO,Actual,USD,-73245.9
2026,8,202608,Latam,Chile,CL01,Chile OpCo,XYZ Ltd,Imports,PL_CH0003I,General & Administration (channel),SC,F_CLO,Actual,USD,-36622.95
2026,8,202608,Latam,Chile,CL01,Chile OpCo,XYZ Ltd,Imports,PL_119000T,Net Turnover Supply Chain,SC,F_CLO,Actual,USD,4327248.1
2026,8,202608,Latam,Chile,CL01,Chile OpCo,XYZ Ltd,Imports,PL_200000T,Cost of Sales,SC,F_CLO,Actual,USD,-4128999.11
2026,8,202608,Latam,Chile,CL01,Chile OpCo,XYZ Ltd,Imports,PL_920000T,Total Gross Profit,SC,F_CLO,Actual,USD,198248.99
2026,8,202608,Latam,Chile,CL01,Chile OpCo,XYZ Ltd,Imports,PL_CH0000T,Channel Expenses,SC,F_CLO,Actual,USD,-183114.75
2026,8,202608,Latam,Chile,CL01,Chile OpCo,XYZ Ltd,Imports,PL_CP0000T,Channel Operating Profit,SC,F_CLO,Actual,USD,15134.24
2026,8,202608,Latam,Chile,CL01,Chile OpCo,XYZ Ltd,Imports,PURCH_PAIRS,Purchase Pairs,SC,F_CLO,Budget,USD,261206
2026,8,202608,Latam,Chile,CL01,Chile OpCo,XYZ Ltd,Imports,PL_119001I,Turnover Supply Chain,SC,F_CLO,Budget,USD,4316174.55
2026,8,202608,Latam,Chile,CL01,Chile OpCo,XYZ Ltd,Imports,PL_119002I,Turnover Supply Chain - Markup,SC,F_CLO,Budget,USD,258970.47
2026,8,202608,Latam,Chile,CL01,Chile OpCo,XYZ Ltd,Imports,PL_219000T,COGS Supply Chain,SC,F_CLO,Budget,USD,-4316174.55
2026,8,202608,Latam,Chile,CL01,Chile OpCo,XYZ Ltd,Imports,PL_225000I,Freight Costs,SC,F_CLO,Budget,USD,-60426.44
2026,8,202608,Latam,Chile,CL01,Chile OpCo,XYZ Ltd,Imports,PL_224000I,PPV,SC,F_CLO,Budget,USD,8632.35
2026,8,202608,Latam,Chile,CL01,Chile OpCo,XYZ Ltd,Imports,PL_CH0001I,Personnel (channel),SC,F_CLO,Budget,USD,-77691.14
2026,8,202608,Latam,Chile,CL01,Chile OpCo,XYZ Ltd,Imports,PL_CH0002I,Selling & Handling (channel),SC,F_CLO,Budget,USD,-77691.14
2026,8,202608,Latam,Chile,CL01,Chile OpCo,XYZ Ltd,Imports,PL_CH0003I,General & Administration (channel),SC,F_CLO,Budget,USD,-38845.57
2026,8,202608,Latam,Chile,CL01,Chile OpCo,XYZ Ltd,Imports,PL_119000T,Net Turnover Supply Chain,SC,F_CLO,Budget,USD,4575145.03
2026,8,202608,Latam,Chile,CL01,Chile OpCo,XYZ Ltd,Imports,PL_200000T,Cost of Sales,SC,F_CLO,Budget,USD,-4367968.65
2026,8,202608,Latam,Chile,CL01,Chile OpCo,XYZ Ltd,Imports,PL_920000T,Total Gross Profit,SC,F_CLO,Budget,USD,207176.38
2026,8,202608,Latam,Chile,CL01,Chile OpCo,XYZ Ltd,Imports,PL_CH0000T,Channel Expenses,SC,F_CLO,Budget,USD,-194227.85
2026,8,202608,Latam,Chile,CL01,Chile OpCo,XYZ Ltd,Imports,PL_CP0000T,Channel Operating Profit,SC,F_CLO,Budget,USD,12948.52
2026,8,202608,Latam,Chile,CL01,Chile OpCo,XYZ Ltd,Local Sourcing,PURCH_PAIRS,Purchase Pairs,SC,F_CLO,Actual,USD,170830
2026,8,202608,Latam,Chile,CL01,Chile OpCo,XYZ Ltd,Local Sourcing,PL_119001I,Turnover Supply Chain,SC,F_CLO,Actual,USD,2057363.46
2026,8,202608,Latam,Chile,CL01,Chile OpCo,XYZ Ltd,Local Sourcing,PL_119002I,Turnover Supply Chain - Markup,SC,F_CLO,Actual,USD,111639.87
2026,8,202608,Latam,Chile,CL01,Chile OpCo,XYZ Ltd,Local Sourcing,PL_219000T,COGS Supply Chain,SC,F_CLO,Actual,USD,-2057363.46
2026,8,202608,Latam,Chile,CL01,Chile OpCo,XYZ Ltd,Local Sourcing,PL_225000I,Freight Costs,SC,F_CLO,Actual,USD,-12021.63
2026,8,202608,Latam,Chile,CL01,Chile OpCo,XYZ Ltd,Local Sourcing,PL_224000I,PPV,SC,F_CLO,Actual,USD,12835.17
2026,8,202608,Latam,Chile,CL01,Chile OpCo,XYZ Ltd,Local Sourcing,PL_CH0001I,Personnel (channel),SC,F_CLO,Actual,USD,-32310.39
2026,8,202608,Latam,Chile,CL01,Chile OpCo,XYZ Ltd,Local Sourcing,PL_CH0002I,Selling & Handling (channel),SC,F_CLO,Actual,USD,-32310.39
2026,8,202608,Latam,Chile,CL01,Chile OpCo,XYZ Ltd,Local Sourcing,PL_CH0003I,General & Administration (channel),SC,F_CLO,Actual,USD,-16155.19
2026,8,202608,Latam,Chile,CL01,Chile OpCo,XYZ Ltd,Local Sourcing,PL_119000T,Net Turnover Supply Chain,SC,F_CLO,Actual,USD,2169003.33
2026,8,202608,Latam,Chile,CL01,Chile OpCo,XYZ Ltd,Local Sourcing,PL_200000T,Cost of Sales,SC,F_CLO,Actual,USD,-2056549.93
2026,8,202608,Latam,Chile,CL01,Chile OpCo,XYZ Ltd,Local Sourcing,PL_920000T,Total Gross Profit,SC,F_CLO,Actual,USD,112453.4
2026,8,202608,Latam,Chile,CL01,Chile OpCo,XYZ Ltd,Local Sourcing,PL_CH0000T,Channel Expenses,SC,F_CLO,Actual,USD,-80775.97
2026,8,202608,Latam,Chile,CL01,Chile OpCo,XYZ Ltd,Local Sourcing,PL_CP0000T,Channel Operating Profit,SC,F_CLO,Actual,USD,31677.44
2026,8,202608,Latam,Chile,CL01,Chile OpCo,XYZ Ltd,Local Sourcing,PURCH_PAIRS,Purchase Pairs,SC,F_CLO,Budget,USD,180835
2026,8,202608,Latam,Chile,CL01,Chile OpCo,XYZ Ltd,Local Sourcing,PL_119001I,Turnover Supply Chain,SC,F_CLO,Budget,USD,2102751.71
2026,8,202608,Latam,Chile,CL01,Chile OpCo,XYZ Ltd,Local Sourcing,PL_119002I,Turnover Supply Chain - Markup,SC,F_CLO,Budget,USD,115651.34
2026,8,202608,Latam,Chile,CL01,Chile OpCo,XYZ Ltd,Local Sourcing,PL_219000T,COGS Supply Chain,SC,F_CLO,Budget,USD,-2102751.71
2026,8,202608,Latam,Chile,CL01,Chile OpCo,XYZ Ltd,Local Sourcing,PL_225000I,Freight Costs,SC,F_CLO,Budget,USD,-12616.51
2026,8,202608,Latam,Chile,CL01,Chile OpCo,XYZ Ltd,Local Sourcing,PL_224000I,PPV,SC,F_CLO,Budget,USD,4205.5
2026,8,202608,Latam,Chile,CL01,Chile OpCo,XYZ Ltd,Local Sourcing,PL_CH0001I,Personnel (channel),SC,F_CLO,Budget,USD,-37849.53
2026,8,202608,Latam,Chile,CL01,Chile OpCo,XYZ Ltd,Local Sourcing,PL_CH0002I,Selling & Handling (channel),SC,F_CLO,Budget,USD,-37849.53
2026,8,202608,Latam,Chile,CL01,Chile OpCo,XYZ Ltd,Local Sourcing,PL_CH0003I,General & Administration (channel),SC,F_CLO,Budget,USD,-18924.77
2026,8,202608,Latam,Chile,CL01,Chile OpCo,XYZ Ltd,Local Sourcing,PL_119000T,Net Turnover Supply Chain,SC,F_CLO,Budget,USD,2218403.05
2026,8,202608,Latam,Chile,CL01,Chile OpCo,XYZ Ltd,Local Sourcing,PL_200000T,Cost of Sales,SC,F_CLO,Budget,USD,-2111162.71
2026,8,202608,Latam,Chile,CL01,Chile OpCo,XYZ Ltd,Local Sourcing,PL_920000T,Total Gross Profit,SC,F_CLO,Budget,USD,107240.34
2026,8,202608,Latam,Chile,CL01,Chile OpCo,XYZ Ltd,Local Sourcing,PL_CH0000T,Channel Expenses,SC,F_CLO,Budget,USD,-94623.83
2026,8,202608,Latam,Chile,CL01,Chile OpCo,XYZ Ltd,Local Sourcing,PL_CP0000T,Channel Operating Profit,SC,F_CLO,Budget,USD,12616.51
2026,8,202608,Latam,Chile,CL01,Chile OpCo,XYZ Ltd,Manufacturing,PROD_PAIRS,Production Pairs,SC,F_CLO,Actual,USD,317263
2026,8,202608,Latam,Chile,CL01,Chile OpCo,XYZ Ltd,Manufacturing,PL_119001I,Turnover Supply Chain,SC,F_CLO,Actual,USD,3355956.67
2026,8,202608,Latam,Chile,CL01,Chile OpCo,XYZ Ltd,Manufacturing,PL_119002I,Turnover Supply Chain - Markup,SC,F_CLO,Actual,USD,249519.17
2026,8,202608,Latam,Chile,CL01,Chile OpCo,XYZ Ltd,Manufacturing,PL_219000T,COGS Supply Chain,SC,F_CLO,Actual,USD,-3355956.67
2026,8,202608,Latam,Chile,CL01,Chile OpCo,XYZ Ltd,Manufacturing,PL_227100I,Factory Personnel,SC,F_CLO,Actual,USD,-138396.53
2026,8,202608,Latam,Chile,CL01,Chile OpCo,XYZ Ltd,Manufacturing,PL_227200I,Other Factory costs,SC,F_CLO,Actual,USD,-191932.34
2026,8,202608,Latam,Chile,CL01,Chile OpCo,XYZ Ltd,Manufacturing,PL_227600I,Recoveries of Factory,SC,F_CLO,Actual,USD,323593.25
2026,8,202608,Latam,Chile,CL01,Chile OpCo,XYZ Ltd,Manufacturing,PL_225000I,Freight Costs,SC,F_CLO,Actual,USD,-28377.72
2026,8,202608,Latam,Chile,CL01,Chile OpCo,XYZ Ltd,Manufacturing,PL_CH0001I,Personnel (channel),SC,F_CLO,Actual,USD,-63052.2
2026,8,202608,Latam,Chile,CL01,Chile OpCo,XYZ Ltd,Manufacturing,PL_CH0002I,Selling & Handling (channel),SC,F_CLO,Actual,USD,-63052.2
2026,8,202608,Latam,Chile,CL01,Chile OpCo,XYZ Ltd,Manufacturing,PL_CH0003I,General & Administration (channel),SC,F_CLO,Actual,USD,-31526.1
2026,8,202608,Latam,Chile,CL01,Chile OpCo,XYZ Ltd,Manufacturing,PL_119000T,Net Turnover Supply Chain,SC,F_CLO,Actual,USD,3605475.84
2026,8,202608,Latam,Chile,CL01,Chile OpCo,XYZ Ltd,Manufacturing,PL_227100T,Factory Costs,SC,F_CLO,Actual,USD,-330328.86
2026,8,202608,Latam,Chile,CL01,Chile OpCo,XYZ Ltd,Manufacturing,PL_227000T,Factory (under)/over recovery,SC,F_CLO,Actual,USD,-6735.61
2026,8,202608,Latam,Chile,CL01,Chile OpCo,XYZ Ltd,Manufacturing,PL_200000T,Cost of Sales,SC,F_CLO,Actual,USD,-3391070.01
2026,8,202608,Latam,Chile,CL01,Chile OpCo,XYZ Ltd,Manufacturing,PL_920000T,Total Gross Profit,SC,F_CLO,Actual,USD,214405.84
2026,8,202608,Latam,Chile,CL01,Chile OpCo,XYZ Ltd,Manufacturing,PL_CH0000T,Channel Expenses,SC,F_CLO,Actual,USD,-157630.51
2026,8,202608,Latam,Chile,CL01,Chile OpCo,XYZ Ltd,Manufacturing,PL_CP0000T,Channel Operating Profit,SC,F_CLO,Actual,USD,56775.33
2026,8,202608,Latam,Chile,CL01,Chile OpCo,XYZ Ltd,Manufacturing,PROD_PAIRS,Production Pairs,SC,F_CLO,Budget,USD,321485
2026,8,202608,Latam,Chile,CL01,Chile OpCo,XYZ Ltd,Manufacturing,PL_119001I,Turnover Supply Chain,SC,F_CLO,Budget,USD,3344727.86
2026,8,202608,Latam,Chile,CL01,Chile OpCo,XYZ Ltd,Manufacturing,PL_119002I,Turnover Supply Chain - Markup,SC,F_CLO,Budget,USD,234130.95
2026,8,202608,Latam,Chile,CL01,Chile OpCo,XYZ Ltd,Manufacturing,PL_219000T,COGS Supply Chain,SC,F_CLO,Budget,USD,-3344727.86
2026,8,202608,Latam,Chile,CL01,Chile OpCo,XYZ Ltd,Manufacturing,PL_227100I,Factory Personnel,SC,F_CLO,Budget,USD,-140478.57
2026,8,202608,Latam,Chile,CL01,Chile OpCo,XYZ Ltd,Manufacturing,PL_227200I,Other Factory costs,SC,F_CLO,Budget,USD,-170581.12
2026,8,202608,Latam,Chile,CL01,Chile OpCo,XYZ Ltd,Manufacturing,PL_227600I,Recoveries of Factory,SC,F_CLO,Budget,USD,307949.09
2026,8,202608,Latam,Chile,CL01,Chile OpCo,XYZ Ltd,Manufacturing,PL_225000I,Freight Costs,SC,F_CLO,Budget,USD,-26757.82
2026,8,202608,Latam,Chile,CL01,Chile OpCo,XYZ Ltd,Manufacturing,PL_CH0001I,Personnel (channel),SC,F_CLO,Budget,USD,-60205.1
2026,8,202608,Latam,Chile,CL01,Chile OpCo,XYZ Ltd,Manufacturing,PL_CH0002I,Selling & Handling (channel),SC,F_CLO,Budget,USD,-60205.1
2026,8,202608,Latam,Chile,CL01,Chile OpCo,XYZ Ltd,Manufacturing,PL_CH0003I,General & Administration (channel),SC,F_CLO,Budget,USD,-30102.55
2026,8,202608,Latam,Chile,CL01,Chile OpCo,XYZ Ltd,Manufacturing,PL_119000T,Net Turnover Supply Chain,SC,F_CLO,Budget,USD,3578858.81
2026,8,202608,Latam,Chile,CL01,Chile OpCo,XYZ Ltd,Manufacturing,PL_227100T,Factory Costs,SC,F_CLO,Budget,USD,-311059.69
2026,8,202608,Latam,Chile,CL01,Chile OpCo,XYZ Ltd,Manufacturing,PL_227000T,Factory (under)/over recovery,SC,F_CLO,Budget,USD,-3110.6
2026,8,202608,Latam,Chile,CL01,Chile OpCo,XYZ Ltd,Manufacturing,PL_200000T,Cost of Sales,SC,F_CLO,Budget,USD,-3374596.28
2026,8,202608,Latam,Chile,CL01,Chile OpCo,XYZ Ltd,Manufacturing,PL_920000T,Total Gross Profit,SC,F_CLO,Budget,USD,204262.53
2026,8,202608,Latam,Chile,CL01,Chile OpCo,XYZ Ltd,Manufacturing,PL_CH0000T,Channel Expenses,SC,F_CLO,Budget,USD,-150512.75
2026,8,202608,Latam,Chile,CL01,Chile OpCo,XYZ Ltd,Manufacturing,PL_CP0000T,Channel Operating Profit,SC,F_CLO,Budget,USD,53749.78
2026,8,202608,Latam,Peru,PE01,Peru OpCo,XYZ Ltd,Imports,PURCH_PAIRS,Purchase Pairs,SC,F_CLO,Actual,USD,154559
2026,8,202608,Latam,Peru,PE01,Peru OpCo,XYZ Ltd,Imports,PL_119001I,Turnover Supply Chain,SC,F_CLO,Actual,USD,2190596.74
2026,8,202608,Latam,Peru,PE01,Peru OpCo,XYZ Ltd,Imports,PL_119002I,Turnover Supply Chain - Markup,SC,F_CLO,Actual,USD,114378.45
2026,8,202608,Latam,Peru,PE01,Peru OpCo,XYZ Ltd,Imports,PL_219000T,COGS Supply Chain,SC,F_CLO,Actual,USD,-2190596.74
2026,8,202608,Latam,Peru,PE01,Peru OpCo,XYZ Ltd,Imports,PL_225000I,Freight Costs,SC,F_CLO,Actual,USD,-34181.27
2026,8,202608,Latam,Peru,PE01,Peru OpCo,XYZ Ltd,Imports,PL_224000I,PPV,SC,F_CLO,Actual,USD,-3391.89
2026,8,202608,Latam,Peru,PE01,Peru OpCo,XYZ Ltd,Imports,PL_CH0001I,Personnel (channel),SC,F_CLO,Actual,USD,-43417.17
2026,8,202608,Latam,Peru,PE01,Peru OpCo,XYZ Ltd,Imports,PL_CH0002I,Selling & Handling (channel),SC,F_CLO,Actual,USD,-43417.17
2026,8,202608,Latam,Peru,PE01,Peru OpCo,XYZ Ltd,Imports,PL_CH0003I,General & Administration (channel),SC,F_CLO,Actual,USD,-21708.58
2026,8,202608,Latam,Peru,PE01,Peru OpCo,XYZ Ltd,Imports,PL_119000T,Net Turnover Supply Chain,SC,F_CLO,Actual,USD,2304975.19
2026,8,202608,Latam,Peru,PE01,Peru OpCo,XYZ Ltd,Imports,PL_200000T,Cost of Sales,SC,F_CLO,Actual,USD,-2228169.9
2026,8,202608,Latam,Peru,PE01,Peru OpCo,XYZ Ltd,Imports,PL_920000T,Total Gross Profit,SC,F_CLO,Actual,USD,76805.29
2026,8,202608,Latam,Peru,PE01,Peru OpCo,XYZ Ltd,Imports,PL_CH0000T,Channel Expenses,SC,F_CLO,Actual,USD,-108542.91
2026,8,202608,Latam,Peru,PE01,Peru OpCo,XYZ Ltd,Imports,PL_CP0000T,Channel Operating Profit,SC,F_CLO,Actual,USD,-31737.62
2026,8,202608,Latam,Peru,PE01,Peru OpCo,XYZ Ltd,Imports,PURCH_PAIRS,Purchase Pairs,SC,F_CLO,Budget,USD,163254
2026,8,202608,Latam,Peru,PE01,Peru OpCo,XYZ Ltd,Imports,PL_119001I,Turnover Supply Chain,SC,F_CLO,Budget,USD,2360407.96
2026,8,202608,Latam,Peru,PE01,Peru OpCo,XYZ Ltd,Imports,PL_119002I,Turnover Supply Chain - Markup,SC,F_CLO,Budget,USD,141624.48
2026,8,202608,Latam,Peru,PE01,Peru OpCo,XYZ Ltd,Imports,PL_219000T,COGS Supply Chain,SC,F_CLO,Budget,USD,-2360407.96
2026,8,202608,Latam,Peru,PE01,Peru OpCo,XYZ Ltd,Imports,PL_225000I,Freight Costs,SC,F_CLO,Budget,USD,-33045.71
2026,8,202608,Latam,Peru,PE01,Peru OpCo,XYZ Ltd,Imports,PL_224000I,PPV,SC,F_CLO,Budget,USD,4720.82
2026,8,202608,Latam,Peru,PE01,Peru OpCo,XYZ Ltd,Imports,PL_CH0001I,Personnel (channel),SC,F_CLO,Budget,USD,-42487.34
2026,8,202608,Latam,Peru,PE01,Peru OpCo,XYZ Ltd,Imports,PL_CH0002I,Selling & Handling (channel),SC,F_CLO,Budget,USD,-42487.34
2026,8,202608,Latam,Peru,PE01,Peru OpCo,XYZ Ltd,Imports,PL_CH0003I,General & Administration (channel),SC,F_CLO,Budget,USD,-21243.67
2026,8,202608,Latam,Peru,PE01,Peru OpCo,XYZ Ltd,Imports,PL_119000T,Net Turnover Supply Chain,SC,F_CLO,Budget,USD,2502032.44
2026,8,202608,Latam,Peru,PE01,Peru OpCo,XYZ Ltd,Imports,PL_200000T,Cost of Sales,SC,F_CLO,Budget,USD,-2388732.85
2026,8,202608,Latam,Peru,PE01,Peru OpCo,XYZ Ltd,Imports,PL_920000T,Total Gross Profit,SC,F_CLO,Budget,USD,113299.58
2026,8,202608,Latam,Peru,PE01,Peru OpCo,XYZ Ltd,Imports,PL_CH0000T,Channel Expenses,SC,F_CLO,Budget,USD,-106218.36
2026,8,202608,Latam,Peru,PE01,Peru OpCo,XYZ Ltd,Imports,PL_CP0000T,Channel Operating Profit,SC,F_CLO,Budget,USD,7081.22
2026,8,202608,Latam,Peru,PE01,Peru OpCo,XYZ Ltd,Local Sourcing,PURCH_PAIRS,Purchase Pairs,SC,F_CLO,Actual,USD,116777
2026,8,202608,Latam,Peru,PE01,Peru OpCo,XYZ Ltd,Local Sourcing,PL_119001I,Turnover Supply Chain,SC,F_CLO,Actual,USD,1183435.08
2026,8,202608,Latam,Peru,PE01,Peru OpCo,XYZ Ltd,Local Sourcing,PL_119002I,Turnover Supply Chain - Markup,SC,F_CLO,Actual,USD,76151.49
2026,8,202608,Latam,Peru,PE01,Peru OpCo,XYZ Ltd,Local Sourcing,PL_219000T,COGS Supply Chain,SC,F_CLO,Actual,USD,-1183435.08
2026,8,202608,Latam,Peru,PE01,Peru OpCo,XYZ Ltd,Local Sourcing,PL_225000I,Freight Costs,SC,F_CLO,Actual,USD,-5652.39
2026,8,202608,Latam,Peru,PE01,Peru OpCo,XYZ Ltd,Local Sourcing,PL_224000I,PPV,SC,F_CLO,Actual,USD,-2330.76
2026,8,202608,Latam,Peru,PE01,Peru OpCo,XYZ Ltd,Local Sourcing,PL_CH0001I,Personnel (channel),SC,F_CLO,Actual,USD,-22732.6
2026,8,202608,Latam,Peru,PE01,Peru OpCo,XYZ Ltd,Local Sourcing,PL_CH0002I,Selling & Handling (channel),SC,F_CLO,Actual,USD,-22732.6
2026,8,202608,Latam,Peru,PE01,Peru OpCo,XYZ Ltd,Local Sourcing,PL_CH0003I,General & Administration (channel),SC,F_CLO,Actual,USD,-11366.3
2026,8,202608,Latam,Peru,PE01,Peru OpCo,XYZ Ltd,Local Sourcing,PL_119000T,Net Turnover Supply Chain,SC,F_CLO,Actual,USD,1259586.57
2026,8,202608,Latam,Peru,PE01,Peru OpCo,XYZ Ltd,Local Sourcing,PL_200000T,Cost of Sales,SC,F_CLO,Actual,USD,-1191418.24
2026,8,202608,Latam,Peru,PE01,Peru OpCo,XYZ Ltd,Local Sourcing,PL_920000T,Total Gross Profit,SC,F_CLO,Actual,USD,68168.34
2026,8,202608,Latam,Peru,PE01,Peru OpCo,XYZ Ltd,Local Sourcing,PL_CH0000T,Channel Expenses,SC,F_CLO,Actual,USD,-56831.51
2026,8,202608,Latam,Peru,PE01,Peru OpCo,XYZ Ltd,Local Sourcing,PL_CP0000T,Channel Operating Profit,SC,F_CLO,Actual,USD,11336.83
2026,8,202608,Latam,Peru,PE01,Peru OpCo,XYZ Ltd,Local Sourcing,PURCH_PAIRS,Purchase Pairs,SC,F_CLO,Budget,USD,113022
2026,8,202608,Latam,Peru,PE01,Peru OpCo,XYZ Ltd,Local Sourcing,PL_119001I,Turnover Supply Chain,SC,F_CLO,Budget,USD,1149942.34
2026,8,202608,Latam,Peru,PE01,Peru OpCo,XYZ Ltd,Local Sourcing,PL_119002I,Turnover Supply Chain - Markup,SC,F_CLO,Budget,USD,63246.83
2026,8,202608,Latam,Peru,PE01,Peru OpCo,XYZ Ltd,Local Sourcing,PL_219000T,COGS Supply Chain,SC,F_CLO,Budget,USD,-1149942.34
2026,8,202608,Latam,Peru,PE01,Peru OpCo,XYZ Ltd,Local Sourcing,PL_225000I,Freight Costs,SC,F_CLO,Budget,USD,-6899.65
2026,8,202608,Latam,Peru,PE01,Peru OpCo,XYZ Ltd,Local Sourcing,PL_224000I,PPV,SC,F_CLO,Budget,USD,2299.88
2026,8,202608,Latam,Peru,PE01,Peru OpCo,XYZ Ltd,Local Sourcing,PL_CH0001I,Personnel (channel),SC,F_CLO,Budget,USD,-20698.96
2026,8,202608,Latam,Peru,PE01,Peru OpCo,XYZ Ltd,Local Sourcing,PL_CH0002I,Selling & Handling (channel),SC,F_CLO,Budget,USD,-20698.96
2026,8,202608,Latam,Peru,PE01,Peru OpCo,XYZ Ltd,Local Sourcing,PL_CH0003I,General & Administration (channel),SC,F_CLO,Budget,USD,-10349.48
2026,8,202608,Latam,Peru,PE01,Peru OpCo,XYZ Ltd,Local Sourcing,PL_119000T,Net Turnover Supply Chain,SC,F_CLO,Budget,USD,1213189.17
2026,8,202608,Latam,Peru,PE01,Peru OpCo,XYZ Ltd,Local Sourcing,PL_200000T,Cost of Sales,SC,F_CLO,Budget,USD,-1154542.11
2026,8,202608,Latam,Peru,PE01,Peru OpCo,XYZ Ltd,Local Sourcing,PL_920000T,Total Gross Profit,SC,F_CLO,Budget,USD,58647.06
2026,8,202608,Latam,Peru,PE01,Peru OpCo,XYZ Ltd,Local Sourcing,PL_CH0000T,Channel Expenses,SC,F_CLO,Budget,USD,-51747.41
2026,8,202608,Latam,Peru,PE01,Peru OpCo,XYZ Ltd,Local Sourcing,PL_CP0000T,Channel Operating Profit,SC,F_CLO,Budget,USD,6899.65
2026,8,202608,Europe,Italy,IT01,Italy OpCo,XYZ Ltd,Imports,PURCH_PAIRS,Purchase Pairs,SC,F_CLO,Actual,USD,189392
2026,8,202608,Europe,Italy,IT01,Italy OpCo,XYZ Ltd,Imports,PL_119001I,Turnover Supply Chain,SC,F_CLO,Actual,USD,4235056.39
2026,8,202608,Europe,Italy,IT01,Italy OpCo,XYZ Ltd,Imports,PL_119002I,Turnover Supply Chain - Markup,SC,F_CLO,Actual,USD,236552.35
2026,8,202608,Europe,Italy,IT01,Italy OpCo,XYZ Ltd,Imports,PL_219000T,COGS Supply Chain,SC,F_CLO,Actual,USD,-4235056.39
2026,8,202608,Europe,Italy,IT01,Italy OpCo,XYZ Ltd,Imports,PL_225000I,Freight Costs,SC,F_CLO,Actual,USD,-52504.09
2026,8,202608,Europe,Italy,IT01,Italy OpCo,XYZ Ltd,Imports,PL_224000I,PPV,SC,F_CLO,Actual,USD,42231.69
2026,8,202608,Europe,Italy,IT01,Italy OpCo,XYZ Ltd,Imports,PL_CH0001I,Personnel (channel),SC,F_CLO,Actual,USD,-76596.41
2026,8,202608,Europe,Italy,IT01,Italy OpCo,XYZ Ltd,Imports,PL_CH0002I,Selling & Handling (channel),SC,F_CLO,Actual,USD,-76596.41
2026,8,202608,Europe,Italy,IT01,Italy OpCo,XYZ Ltd,Imports,PL_CH0003I,General & Administration (channel),SC,F_CLO,Actual,USD,-38298.2
2026,8,202608,Europe,Italy,IT01,Italy OpCo,XYZ Ltd,Imports,PL_119000T,Net Turnover Supply Chain,SC,F_CLO,Actual,USD,4471608.74
2026,8,202608,Europe,Italy,IT01,Italy OpCo,XYZ Ltd,Imports,PL_200000T,Cost of Sales,SC,F_CLO,Actual,USD,-4245328.79
2026,8,202608,Europe,Italy,IT01,Italy OpCo,XYZ Ltd,Imports,PL_920000T,Total Gross Profit,SC,F_CLO,Actual,USD,226279.95
2026,8,202608,Europe,Italy,IT01,Italy OpCo,XYZ Ltd,Imports,PL_CH0000T,Channel Expenses,SC,F_CLO,Actual,USD,-191491.02
2026,8,202608,Europe,Italy,IT01,Italy OpCo,XYZ Ltd,Imports,PL_CP0000T,Channel Operating Profit,SC,F_CLO,Actual,USD,34788.93
2026,8,202608,Europe,Italy,IT01,Italy OpCo,XYZ Ltd,Imports,PURCH_PAIRS,Purchase Pairs,SC,F_CLO,Budget,USD,195905
2026,8,202608,Europe,Italy,IT01,Italy OpCo,XYZ Ltd,Imports,PL_119001I,Turnover Supply Chain,SC,F_CLO,Budget,USD,4316174.55
2026,8,202608,Europe,Italy,IT01,Italy OpCo,XYZ Ltd,Imports,PL_119002I,Turnover Supply Chain - Markup,SC,F_CLO,Budget,USD,258970.47
2026,8,202608,Europe,Italy,IT01,Italy OpCo,XYZ Ltd,Imports,PL_219000T,COGS Supply Chain,SC,F_CLO,Budget,USD,-4316174.55
2026,8,202608,Europe,Italy,IT01,Italy OpCo,XYZ Ltd,Imports,PL_225000I,Freight Costs,SC,F_CLO,Budget,USD,-60426.44
2026,8,202608,Europe,Italy,IT01,Italy OpCo,XYZ Ltd,Imports,PL_224000I,PPV,SC,F_CLO,Budget,USD,8632.35
2026,8,202608,Europe,Italy,IT01,Italy OpCo,XYZ Ltd,Imports,PL_CH0001I,Personnel (channel),SC,F_CLO,Budget,USD,-77691.14
2026,8,202608,Europe,Italy,IT01,Italy OpCo,XYZ Ltd,Imports,PL_CH0002I,Selling & Handling (channel),SC,F_CLO,Budget,USD,-77691.14
2026,8,202608,Europe,Italy,IT01,Italy OpCo,XYZ Ltd,Imports,PL_CH0003I,General & Administration (channel),SC,F_CLO,Budget,USD,-38845.57
2026,8,202608,Europe,Italy,IT01,Italy OpCo,XYZ Ltd,Imports,PL_119000T,Net Turnover Supply Chain,SC,F_CLO,Budget,USD,4575145.03
2026,8,202608,Europe,Italy,IT01,Italy OpCo,XYZ Ltd,Imports,PL_200000T,Cost of Sales,SC,F_CLO,Budget,USD,-4367968.65
2026,8,202608,Europe,Italy,IT01,Italy OpCo,XYZ Ltd,Imports,PL_920000T,Total Gross Profit,SC,F_CLO,Budget,USD,207176.38
2026,8,202608,Europe,Italy,IT01,Italy OpCo,XYZ Ltd,Imports,PL_CH0000T,Channel Expenses,SC,F_CLO,Budget,USD,-194227.85
2026,8,202608,Europe,Italy,IT01,Italy OpCo,XYZ Ltd,Imports,PL_CP0000T,Channel Operating Profit,SC,F_CLO,Budget,USD,12948.52
2026,8,202608,Europe,Italy,IT02,AW Lab Italy,AW Lab,Imports,PURCH_PAIRS,Purchase Pairs,SC,F_CLO,Actual,USD,166743
2026,8,202608,Europe,Italy,IT02,AW Lab Italy,AW Lab,Imports,PL_119001I,Turnover Supply Chain,SC,F_CLO,Actual,USD,5086425.54
2026,8,202608,Europe,Italy,IT02,AW Lab Italy,AW Lab,Imports,PL_119002I,Turnover Supply Chain - Markup,SC,F_CLO,Actual,USD,293345.73
2026,8,202608,Europe,Italy,IT02,AW Lab Italy,AW Lab,Imports,PL_219000T,COGS Supply Chain,SC,F_CLO,Actual,USD,-5086425.54
2026,8,202608,Europe,Italy,IT02,AW Lab Italy,AW Lab,Imports,PL_225000I,Freight Costs,SC,F_CLO,Actual,USD,-76232.84
2026,8,202608,Europe,Italy,IT02,AW Lab Italy,AW Lab,Imports,PL_224000I,PPV,SC,F_CLO,Actual,USD,-9433.78
2026,8,202608,Europe,Italy,IT02,AW Lab Italy,AW Lab,Imports,PL_CH0001I,Personnel (channel),SC,F_CLO,Actual,USD,-90128.26
2026,8,202608,Europe,Italy,IT02,AW Lab Italy,AW Lab,Imports,PL_CH0002I,Selling & Handling (channel),SC,F_CLO,Actual,USD,-90128.26
2026,8,202608,Europe,Italy,IT02,AW Lab Italy,AW Lab,Imports,PL_CH0003I,General & Administration (channel),SC,F_CLO,Actual,USD,-45064.13
2026,8,202608,Europe,Italy,IT02,AW Lab Italy,AW Lab,Imports,PL_119000T,Net Turnover Supply Chain,SC,F_CLO,Actual,USD,5379771.26
2026,8,202608,Europe,Italy,IT02,AW Lab Italy,AW Lab,Imports,PL_200000T,Cost of Sales,SC,F_CLO,Actual,USD,-5172092.16
2026,8,202608,Europe,Italy,IT02,AW Lab Italy,AW Lab,Imports,PL_920000T,Total Gross Profit,SC,F_CLO,Actual,USD,207679.11
2026,8,202608,Europe,Italy,IT02,AW Lab Italy,AW Lab,Imports,PL_CH0000T,Channel Expenses,SC,F_CLO,Actual,USD,-225320.65
2026,8,202608,Europe,Italy,IT02,AW Lab Italy,AW Lab,Imports,PL_CP0000T,Channel Operating Profit,SC,F_CLO,Actual,USD,-17641.54
2026,8,202608,Europe,Italy,IT02,AW Lab Italy,AW Lab,Imports,PURCH_PAIRS,Purchase Pairs,SC,F_CLO,Budget,USD,163254
2026,8,202608,Europe,Italy,IT02,AW Lab Italy,AW Lab,Imports,PL_119001I,Turnover Supply Chain,SC,F_CLO,Budget,USD,4945616.68
2026,8,202608,Europe,Italy,IT02,AW Lab Italy,AW Lab,Imports,PL_119002I,Turnover Supply Chain - Markup,SC,F_CLO,Budget,USD,296737.0
2026,8,202608,Europe,Italy,IT02,AW Lab Italy,AW Lab,Imports,PL_219000T,COGS Supply Chain,SC,F_CLO,Budget,USD,-4945616.68
2026,8,202608,Europe,Italy,IT02,AW Lab Italy,AW Lab,Imports,PL_225000I,Freight Costs,SC,F_CLO,Budget,USD,-69238.63
2026,8,202608,Europe,Italy,IT02,AW Lab Italy,AW Lab,Imports,PL_224000I,PPV,SC,F_CLO,Budget,USD,9891.23
2026,8,202608,Europe,Italy,IT02,AW Lab Italy,AW Lab,Imports,PL_CH0001I,Personnel (channel),SC,F_CLO,Budget,USD,-89021.1
2026,8,202608,Europe,Italy,IT02,AW Lab Italy,AW Lab,Imports,PL_CH0002I,Selling & Handling (channel),SC,F_CLO,Budget,USD,-89021.1
2026,8,202608,Europe,Italy,IT02,AW Lab Italy,AW Lab,Imports,PL_CH0003I,General & Administration (channel),SC,F_CLO,Budget,USD,-44510.55
2026,8,202608,Europe,Italy,IT02,AW Lab Italy,AW Lab,Imports,PL_119000T,Net Turnover Supply Chain,SC,F_CLO,Budget,USD,5242353.68
2026,8,202608,Europe,Italy,IT02,AW Lab Italy,AW Lab,Imports,PL_200000T,Cost of Sales,SC,F_CLO,Budget,USD,-5004964.08
2026,8,202608,Europe,Italy,IT02,AW Lab Italy,AW Lab,Imports,PL_920000T,Total Gross Profit,SC,F_CLO,Budget,USD,237389.6
2026,8,202608,Europe,Italy,IT02,AW Lab Italy,AW Lab,Imports,PL_CH0000T,Channel Expenses,SC,F_CLO,Budget,USD,-222552.75
2026,8,202608,Europe,Italy,IT02,AW Lab Italy,AW Lab,Imports,PL_CP0000T,Channel Operating Profit,SC,F_CLO,Budget,USD,14836.85
2026,8,202608,Europe,Czech Republic,CZ01,Czech Republic OpCo,XYZ Ltd,Imports,PURCH_PAIRS,Purchase Pairs,SC,F_CLO,Actual,USD,121000
2026,8,202608,Europe,Czech Republic,CZ01,Czech Republic OpCo,XYZ Ltd,Imports,PL_119001I,Turnover Supply Chain,SC,F_CLO,Actual,USD,2321361.06
2026,8,202608,Europe,Czech Republic,CZ01,Czech Republic OpCo,XYZ Ltd,Imports,PL_119002I,Turnover Supply Chain - Markup,SC,F_CLO,Actual,USD,131985.64
2026,8,202608,Europe,Czech Republic,CZ01,Czech Republic OpCo,XYZ Ltd,Imports,PL_219000T,COGS Supply Chain,SC,F_CLO,Actual,USD,-2321361.06
2026,8,202608,Europe,Czech Republic,CZ01,Czech Republic OpCo,XYZ Ltd,Imports,PL_225000I,Freight Costs,SC,F_CLO,Actual,USD,-34895.93
2026,8,202608,Europe,Czech Republic,CZ01,Czech Republic OpCo,XYZ Ltd,Imports,PL_224000I,PPV,SC,F_CLO,Actual,USD,8209.41
2026,8,202608,Europe,Czech Republic,CZ01,Czech Republic OpCo,XYZ Ltd,Imports,PL_CH0001I,Personnel (channel),SC,F_CLO,Actual,USD,-44286.07
2026,8,202608,Europe,Czech Republic,CZ01,Czech Republic OpCo,XYZ Ltd,Imports,PL_CH0002I,Selling & Handling (channel),SC,F_CLO,Actual,USD,-44286.07
2026,8,202608,Europe,Czech Republic,CZ01,Czech Republic OpCo,XYZ Ltd,Imports,PL_CH0003I,General & Administration (channel),SC,F_CLO,Actual,USD,-22143.04
2026,8,202608,Europe,Czech Republic,CZ01,Czech Republic OpCo,XYZ Ltd,Imports,PL_119000T,Net Turnover Supply Chain,SC,F_CLO,Actual,USD,2453346.71
2026,8,202608,Europe,Czech Republic,CZ01,Czech Republic OpCo,XYZ Ltd,Imports,PL_200000T,Cost of Sales,SC,F_CLO,Actual,USD,-2348047.58
2026,8,202608,Europe,Czech Republic,CZ01,Czech Republic OpCo,XYZ Ltd,Imports,PL_920000T,Total Gross Profit,SC,F_CLO,Actual,USD,105299.13
2026,8,202608,Europe,Czech Republic,CZ01,Czech Republic OpCo,XYZ Ltd,Imports,PL_CH0000T,Channel Expenses,SC,F_CLO,Actual,USD,-110715.19
2026,8,202608,Europe,Czech Republic,CZ01,Czech Republic OpCo,XYZ Ltd,Imports,PL_CP0000T,Channel Operating Profit,SC,F_CLO,Actual,USD,-5416.06
2026,8,202608,Europe,Czech Republic,CZ01,Czech Republic OpCo,XYZ Ltd,Imports,PURCH_PAIRS,Purchase Pairs,SC,F_CLO,Budget,USD,130603
2026,8,202608,Europe,Czech Republic,CZ01,Czech Republic OpCo,XYZ Ltd,Imports,PL_119001I,Turnover Supply Chain,SC,F_CLO,Budget,USD,2517768.49
2026,8,202608,Europe,Czech Republic,CZ01,Czech Republic OpCo,XYZ Ltd,Imports,PL_119002I,Turnover Supply Chain - Markup,SC,F_CLO,Budget,USD,151066.11
2026,8,202608,Europe,Czech Republic,CZ01,Czech Republic OpCo,XYZ Ltd,Imports,PL_219000T,COGS Supply Chain,SC,F_CLO,Budget,USD,-2517768.49
2026,8,202608,Europe,Czech Republic,CZ01,Czech Republic OpCo,XYZ Ltd,Imports,PL_225000I,Freight Costs,SC,F_CLO,Budget,USD,-35248.76
2026,8,202608,Europe,Czech Republic,CZ01,Czech Republic OpCo,XYZ Ltd,Imports,PL_224000I,PPV,SC,F_CLO,Budget,USD,5035.54
2026,8,202608,Europe,Czech Republic,CZ01,Czech Republic OpCo,XYZ Ltd,Imports,PL_CH0001I,Personnel (channel),SC,F_CLO,Budget,USD,-45319.83
2026,8,202608,Europe,Czech Republic,CZ01,Czech Republic OpCo,XYZ Ltd,Imports,PL_CH0002I,Selling & Handling (channel),SC,F_CLO,Budget,USD,-45319.83
2026,8,202608,Europe,Czech Republic,CZ01,Czech Republic OpCo,XYZ Ltd,Imports,PL_CH0003I,General & Administration (channel),SC,F_CLO,Budget,USD,-22659.92
2026,8,202608,Europe,Czech Republic,CZ01,Czech Republic OpCo,XYZ Ltd,Imports,PL_119000T,Net Turnover Supply Chain,SC,F_CLO,Budget,USD,2668834.6
2026,8,202608,Europe,Czech Republic,CZ01,Czech Republic OpCo,XYZ Ltd,Imports,PL_200000T,Cost of Sales,SC,F_CLO,Budget,USD,-2547981.71
2026,8,202608,Europe,Czech Republic,CZ01,Czech Republic OpCo,XYZ Ltd,Imports,PL_920000T,Total Gross Profit,SC,F_CLO,Budget,USD,120852.89
2026,8,202608,Europe,Czech Republic,CZ01,Czech Republic OpCo,XYZ Ltd,Imports,PL_CH0000T,Channel Expenses,SC,F_CLO,Budget,USD,-113299.58
2026,8,202608,Europe,Czech Republic,CZ01,Czech Republic OpCo,XYZ Ltd,Imports,PL_CP0000T,Channel Operating Profit,SC,F_CLO,Budget,USD,7553.31
2026,8,202608,Europe,Czech Republic,CZ01,Czech Republic OpCo,XYZ Ltd,Manufacturing,PROD_PAIRS,Production Pairs,SC,F_CLO,Actual,USD,156965
2026,8,202608,Europe,Czech Republic,CZ01,Czech Republic OpCo,XYZ Ltd,Manufacturing,PL_119001I,Turnover Supply Chain,SC,F_CLO,Actual,USD,1887010.52
2026,8,202608,Europe,Czech Republic,CZ01,Czech Republic OpCo,XYZ Ltd,Manufacturing,PL_119002I,Turnover Supply Chain - Markup,SC,F_CLO,Actual,USD,133957.56
2026,8,202608,Europe,Czech Republic,CZ01,Czech Republic OpCo,XYZ Ltd,Manufacturing,PL_219000T,COGS Supply Chain,SC,F_CLO,Actual,USD,-1887010.52
2026,8,202608,Europe,Czech Republic,CZ01,Czech Republic OpCo,XYZ Ltd,Manufacturing,PL_227100I,Factory Personnel,SC,F_CLO,Actual,USD,-65813.49
2026,8,202608,Europe,Czech Republic,CZ01,Czech Republic OpCo,XYZ Ltd,Manufacturing,PL_227200I,Other Factory costs,SC,F_CLO,Actual,USD,-109727.39
2026,8,202608,Europe,Czech Republic,CZ01,Czech Republic OpCo,XYZ Ltd,Manufacturing,PL_227600I,Recoveries of Factory,SC,F_CLO,Actual,USD,169870.97
2026,8,202608,Europe,Czech Republic,CZ01,Czech Republic OpCo,XYZ Ltd,Manufacturing,PL_225000I,Freight Costs,SC,F_CLO,Actual,USD,-17052.57
2026,8,202608,Europe,Czech Republic,CZ01,Czech Republic OpCo,XYZ Ltd,Manufacturing,PL_CH0001I,Personnel (channel),SC,F_CLO,Actual,USD,-33916.34
2026,8,202608,Europe,Czech Republic,CZ01,Czech Republic OpCo,XYZ Ltd,Manufacturing,PL_CH0002I,Selling & Handling (channel),SC,F_CLO,Actual,USD,-33916.34
2026,8,202608,Europe,Czech Republic,CZ01,Czech Republic OpCo,XYZ Ltd,Manufacturing,PL_CH0003I,General & Administration (channel),SC,F_CLO,Actual,USD,-16958.17
2026,8,202608,Europe,Czech Republic,CZ01,Czech Republic OpCo,XYZ Ltd,Manufacturing,PL_119000T,Net Turnover Supply Chain,SC,F_CLO,Actual,USD,2020968.08
2026,8,202608,Europe,Czech Republic,CZ01,Czech Republic OpCo,XYZ Ltd,Manufacturing,PL_227100T,Factory Costs,SC,F_CLO,Actual,USD,-175540.88
2026,8,202608,Europe,Czech Republic,CZ01,Czech Republic OpCo,XYZ Ltd,Manufacturing,PL_227000T,Factory (under)/over recovery,SC,F_CLO,Actual,USD,-5669.91
2026,8,202608,Europe,Czech Republic,CZ01,Czech Republic OpCo,XYZ Ltd,Manufacturing,PL_200000T,Cost of Sales,SC,F_CLO,Actual,USD,-1909733.0
2026,8,202608,Europe,Czech Republic,CZ01,Czech Republic OpCo,XYZ Ltd,Manufacturing,PL_920000T,Total Gross Profit,SC,F_CLO,Actual,USD,111235.09
2026,8,202608,Europe,Czech Republic,CZ01,Czech Republic OpCo,XYZ Ltd,Manufacturing,PL_CH0000T,Channel Expenses,SC,F_CLO,Actual,USD,-84790.86
2026,8,202608,Europe,Czech Republic,CZ01,Czech Republic OpCo,XYZ Ltd,Manufacturing,PL_CP0000T,Channel Operating Profit,SC,F_CLO,Actual,USD,26444.23
2026,8,202608,Europe,Czech Republic,CZ01,Czech Republic OpCo,XYZ Ltd,Manufacturing,PROD_PAIRS,Production Pairs,SC,F_CLO,Budget,USD,160742
2026,8,202608,Europe,Czech Republic,CZ01,Czech Republic OpCo,XYZ Ltd,Manufacturing,PL_119001I,Turnover Supply Chain,SC,F_CLO,Budget,USD,1951091.25
2026,8,202608,Europe,Czech Republic,CZ01,Czech Republic OpCo,XYZ Ltd,Manufacturing,PL_119002I,Turnover Supply Chain - Markup,SC,F_CLO,Budget,USD,136576.39
2026,8,202608,Europe,Czech Republic,CZ01,Czech Republic OpCo,XYZ Ltd,Manufacturing,PL_219000T,COGS Supply Chain,SC,F_CLO,Budget,USD,-1951091.25
2026,8,202608,Europe,Czech Republic,CZ01,Czech Republic OpCo,XYZ Ltd,Manufacturing,PL_227100I,Factory Personnel,SC,F_CLO,Budget,USD,-81945.83
2026,8,202608,Europe,Czech Republic,CZ01,Czech Republic OpCo,XYZ Ltd,Manufacturing,PL_227200I,Other Factory costs,SC,F_CLO,Budget,USD,-99505.65
2026,8,202608,Europe,Czech Republic,CZ01,Czech Republic OpCo,XYZ Ltd,Manufacturing,PL_227600I,Recoveries of Factory,SC,F_CLO,Budget,USD,179636.97
2026,8,202608,Europe,Czech Republic,CZ01,Czech Republic OpCo,XYZ Ltd,Manufacturing,PL_225000I,Freight Costs,SC,F_CLO,Budget,USD,-15608.73
2026,8,202608,Europe,Czech Republic,CZ01,Czech Republic OpCo,XYZ Ltd,Manufacturing,PL_CH0001I,Personnel (channel),SC,F_CLO,Budget,USD,-35119.64
2026,8,202608,Europe,Czech Republic,CZ01,Czech Republic OpCo,XYZ Ltd,Manufacturing,PL_CH0002I,Selling & Handling (channel),SC,F_CLO,Budget,USD,-35119.64
2026,8,202608,Europe,Czech Republic,CZ01,Czech Republic OpCo,XYZ Ltd,Manufacturing,PL_CH0003I,General & Administration (channel),SC,F_CLO,Budget,USD,-17559.82
2026,8,202608,Europe,Czech Republic,CZ01,Czech Republic OpCo,XYZ Ltd,Manufacturing,PL_119000T,Net Turnover Supply Chain,SC,F_CLO,Budget,USD,2087667.64
2026,8,202608,Europe,Czech Republic,CZ01,Czech Republic OpCo,XYZ Ltd,Manufacturing,PL_227100T,Factory Costs,SC,F_CLO,Budget,USD,-181451.49
2026,8,202608,Europe,Czech Republic,CZ01,Czech Republic OpCo,XYZ Ltd,Manufacturing,PL_227000T,Factory (under)/over recovery,SC,F_CLO,Budget,USD,-1814.51
2026,8,202608,Europe,Czech Republic,CZ01,Czech Republic OpCo,XYZ Ltd,Manufacturing,PL_200000T,Cost of Sales,SC,F_CLO,Budget,USD,-1968514.5
2026,8,202608,Europe,Czech Republic,CZ01,Czech Republic OpCo,XYZ Ltd,Manufacturing,PL_920000T,Total Gross Profit,SC,F_CLO,Budget,USD,119153.14
2026,8,202608,Europe,Czech Republic,CZ01,Czech Republic OpCo,XYZ Ltd,Manufacturing,PL_CH0000T,Channel Expenses,SC,F_CLO,Budget,USD,-87799.11
2026,8,202608,Europe,Czech Republic,CZ01,Czech Republic OpCo,XYZ Ltd,Manufacturing,PL_CP0000T,Channel Operating Profit,SC,F_CLO,Budget,USD,31354.04
2026,8,202608,Asia-Pacific,Singapore,SG01,Global Sourcing Hub,XYZ Ltd,Global Sourcing,PL_119001I,Turnover Supply Chain,SC,F_CLO,Actual,USD,3007317.41
2026,8,202608,Asia-Pacific,Singapore,SG01,Global Sourcing Hub,XYZ Ltd,Global Sourcing,PL_119002I,Turnover Supply Chain - Markup,SC,F_CLO,Actual,USD,134020.07
2026,8,202608,Asia-Pacific,Singapore,SG01,Global Sourcing Hub,XYZ Ltd,Global Sourcing,PL_219000T,COGS Supply Chain,SC,F_CLO,Actual,USD,-3007317.41
2026,8,202608,Asia-Pacific,Singapore,SG01,Global Sourcing Hub,XYZ Ltd,Global Sourcing,PL_IC0000T,Intercompany Gross Profit,SC,F_CLO,Actual,USD,25079.78
2026,8,202608,Asia-Pacific,Singapore,SG01,Global Sourcing Hub,XYZ Ltd,Global Sourcing,PL_CH0001I,Personnel (channel),SC,F_CLO,Actual,USD,-45921.96
2026,8,202608,Asia-Pacific,Singapore,SG01,Global Sourcing Hub,XYZ Ltd,Global Sourcing,PL_CH0002I,Selling & Handling (channel),SC,F_CLO,Actual,USD,-18368.78
2026,8,202608,Asia-Pacific,Singapore,SG01,Global Sourcing Hub,XYZ Ltd,Global Sourcing,PL_CH0003I,General & Administration (channel),SC,F_CLO,Actual,USD,-27553.17
2026,8,202608,Asia-Pacific,Singapore,SG01,Global Sourcing Hub,XYZ Ltd,Global Sourcing,PL_119000T,Net Turnover Supply Chain,SC,F_CLO,Actual,USD,3141337.49
2026,8,202608,Asia-Pacific,Singapore,SG01,Global Sourcing Hub,XYZ Ltd,Global Sourcing,PL_200000T,Cost of Sales,SC,F_CLO,Actual,USD,-3007317.41
2026,8,202608,Asia-Pacific,Singapore,SG01,Global Sourcing Hub,XYZ Ltd,Global Sourcing,PL_920000T,Total Gross Profit,SC,F_CLO,Actual,USD,159099.86
2026,8,202608,Asia-Pacific,Singapore,SG01,Global Sourcing Hub,XYZ Ltd,Global Sourcing,PL_CH0000T,Channel Expenses,SC,F_CLO,Actual,USD,-91843.91
2026,8,202608,Asia-Pacific,Singapore,SG01,Global Sourcing Hub,XYZ Ltd,Global Sourcing,PL_CP0000T,Channel Operating Profit,SC,F_CLO,Actual,USD,67255.95
2026,8,202608,Asia-Pacific,Singapore,SG01,Global Sourcing Hub,XYZ Ltd,Global Sourcing,PL_119001I,Turnover Supply Chain,SC,F_CLO,Budget,USD,3265080.0
2026,8,202608,Asia-Pacific,Singapore,SG01,Global Sourcing Hub,XYZ Ltd,Global Sourcing,PL_119002I,Turnover Supply Chain - Markup,SC,F_CLO,Budget,USD,146928.6
2026,8,202608,Asia-Pacific,Singapore,SG01,Global Sourcing Hub,XYZ Ltd,Global Sourcing,PL_219000T,COGS Supply Chain,SC,F_CLO,Budget,USD,-3265080.0
2026,8,202608,Asia-Pacific,Singapore,SG01,Global Sourcing Hub,XYZ Ltd,Global Sourcing,PL_IC0000T,Intercompany Gross Profit,SC,F_CLO,Budget,USD,26120.64
2026,8,202608,Asia-Pacific,Singapore,SG01,Global Sourcing Hub,XYZ Ltd,Global Sourcing,PL_CH0001I,Personnel (channel),SC,F_CLO,Budget,USD,-48976.2
2026,8,202608,Asia-Pacific,Singapore,SG01,Global Sourcing Hub,XYZ Ltd,Global Sourcing,PL_CH0002I,Selling & Handling (channel),SC,F_CLO,Budget,USD,-19590.48
2026,8,202608,Asia-Pacific,Singapore,SG01,Global Sourcing Hub,XYZ Ltd,Global Sourcing,PL_CH0003I,General & Administration (channel),SC,F_CLO,Budget,USD,-29385.72
2026,8,202608,Asia-Pacific,Singapore,SG01,Global Sourcing Hub,XYZ Ltd,Global Sourcing,PL_119000T,Net Turnover Supply Chain,SC,F_CLO,Budget,USD,3412008.6
2026,8,202608,Asia-Pacific,Singapore,SG01,Global Sourcing Hub,XYZ Ltd,Global Sourcing,PL_200000T,Cost of Sales,SC,F_CLO,Budget,USD,-3265080.0
2026,8,202608,Asia-Pacific,Singapore,SG01,Global Sourcing Hub,XYZ Ltd,Global Sourcing,PL_920000T,Total Gross Profit,SC,F_CLO,Budget,USD,173049.24
2026,8,202608,Asia-Pacific,Singapore,SG01,Global Sourcing Hub,XYZ Ltd,Global Sourcing,PL_CH0000T,Channel Expenses,SC,F_CLO,Budget,USD,-97952.4
2026,8,202608,Asia-Pacific,Singapore,SG01,Global Sourcing Hub,XYZ Ltd,Global Sourcing,PL_CP0000T,Channel Operating Profit,SC,F_CLO,Budget,USD,75096.84
