entry_id,posting_date,entry_date,account_code,account_name,debit,credit,narration,posted_by
JV00001,24-05-2024,24-05-2024,4401,Power and fuel,494832.0,0.0,Electricity charges,amit.deshpande
JV00001,24-05-2024,24-05-2024,1332,Trade payables - other than micro and small,0.0,494832.0,Electricity charges,amit.deshpande
JV00002,11-04-2024,11-04-2024,1332,Trade payables - other than micro and small,28977.0,0.0,Payment to supplier,ravi.krishnan
JV00002,11-04-2024,11-04-2024,2282,Balances with banks in current accounts,0.0,28977.0,Payment to supplier,ravi.krishnan
JV00003,18-02-2025,18-02-2025,2282,Balances with banks in current accounts,34605.0,0.0,Collection from customer,ravi.krishnan
JV00003,18-02-2025,18-02-2025,2251,Trade receivables - considered good,0.0,34605.0,Collection from customer,ravi.krishnan
JV00004,16-10-2024,16-10-2024,2251,Trade receivables - considered good,1513143.0,0.0,Sale invoice raised,amit.deshpande
JV00004,16-10-2024,16-10-2024,3001,Sale of manufactured goods,0.0,1513143.0,Sale invoice raised,amit.deshpande
JV00005,14-02-2025,14-02-2025,4001,Cost of materials consumed,189899.0,0.0,Purchase of raw material,ravi.krishnan
JV00005,14-02-2025,14-02-2025,1332,Trade payables - other than micro and small,0.0,189899.0,Purchase of raw material,ravi.krishnan
JV00006,30-04-2024,30-04-2024,4401,Power and fuel,23855.0,0.0,Electricity charges,priya.sharma
JV00006,30-04-2024,30-04-2024,1332,Trade payables - other than micro and small,0.0,23855.0,Electricity charges,priya.sharma
JV00007,03-09-2024,03-09-2024,2251,Trade receivables - considered good,592895.0,0.0,Sale invoice raised,ravi.krishnan
JV00007,03-09-2024,03-09-2024,3001,Sale of manufactured goods,0.0,592895.0,Sale invoice raised,ravi.krishnan
JV00008,23-04-2024,23-04-2024,4409,Freight outward,42165.0,0.0,Outward freight,ravi.krishnan
JV00008,23-04-2024,23-04-2024,1332,Trade payables - other than micro and small,0.0,42165.0,Outward freight,ravi.krishnan
JV00009,24-05-2024,24-05-2024,4201,Salaries and wages,56294.0,0.0,Payroll for the month,ravi.krishnan
JV00009,24-05-2024,24-05-2024,1362,Employee benefits payable,0.0,56294.0,Payroll for the month,ravi.krishnan
JV00010,02-04-2024,02-04-2024,1332,Trade payables - other than micro and small,58055.0,0.0,Payment to supplier,amit.deshpande
JV00010,02-04-2024,02-04-2024,2282,Balances with banks in current accounts,0.0,58055.0,Payment to supplier,amit.deshpande
JV00011,21-08-2024,21-08-2024,4001,Cost of materials consumed,1611191.0,0.0,Purchase of raw material,ravi.krishnan
JV00011,21-08-2024,21-08-2024,1332,Trade payables - other than micro and small,0.0,1611191.0,Purchase of raw material,ravi.krishnan
JV00012,09-12-2024,09-12-2024,4409,Freight outward,21028.0,0.0,Outward freight,amit.deshpande
JV00012,09-12-2024,09-12-2024,1332,Trade payables - other than micro and small,0.0,21028.0,Outward freight,amit.deshpande
JV00013,09-07-2024,09-07-2024,4402,Repairs to machinery,12616.0,0.0,Machinery repairs,ravi.krishnan
JV00013,09-07-2024,09-07-2024,1332,Trade payables - other than micro and small,0.0,12616.0,Machinery repairs,ravi.krishnan
JV00014,21-01-2025,21-01-2025,2251,Trade receivables - considered good,2729053.0,0.0,Sale invoice raised,amit.deshpande
JV00014,21-01-2025,21-01-2025,3001,Sale of manufactured goods,0.0,2729053.0,Sale invoice raised,amit.deshpande
JV00015,06-05-2024,06-05-2024,4409,Freight outward,6335.0,0.0,Outward freight,priya.sharma
JV00015,06-05-2024,06-05-2024,1332,Trade payables - other than micro and small,0.0,6335.0,Outward freight,priya.sharma
JV00016,27-12-2024,27-12-2024,4402,Repairs to machinery,11486.0,0.0,Machinery repairs,amit.deshpande
JV00016,27-12-2024,27-12-2024,1332,Trade payables - other than micro and small,0.0,11486.0,Machinery repairs,amit.deshpande
JV00017,23-04-2024,23-04-2024,2282,Balances with banks in current accounts,1376066.0,0.0,Collection from customer,ravi.krishnan
JV00017,23-04-2024,23-04-2024,2251,Trade receivables - considered good,0.0,1376066.0,Collection from customer,ravi.krishnan
JV00018,07-08-2024,07-08-2024,2251,Trade receivables - considered good,41776.0,0.0,Sale invoice raised,priya.sharma
JV00018,07-08-2024,07-08-2024,3001,Sale of manufactured goods,0.0,41776.0,Sale invoice raised,priya.sharma
JV00019,23-05-2024,23-05-2024,1332,Trade payables - other than micro and small,65454.0,0.0,Payment to supplier,priya.sharma
JV00019,23-05-2024,23-05-2024,2282,Balances with banks in current accounts,0.0,65454.0,Payment to supplier,priya.sharma
JV00020,07-05-2024,07-05-2024,2282,Balances with banks in current accounts,319657.0,0.0,Collection from customer,ravi.krishnan
JV00020,07-05-2024,07-05-2024,2251,Trade receivables - considered good,0.0,319657.0,Collection from customer,ravi.krishnan
JV00021,20-08-2024,20-08-2024,2282,Balances with banks in current accounts,489592.0,0.0,Collection from customer,amit.deshpande
JV00021,20-08-2024,20-08-2024,2251,Trade receivables - considered good,0.0,489592.0,Collection from customer,amit.deshpande
JV00022,23-05-2024,23-05-2024,4001,Cost of materials consumed,505238.0,0.0,Purchase of raw material,ravi.krishnan
JV00022,23-05-2024,23-05-2024,1332,Trade payables - other than micro and small,0.0,505238.0,Purchase of raw material,ravi.krishnan
JV00023,05-11-2024,05-11-2024,4201,Salaries and wages,783732.0,0.0,Payroll for the month,priya.sharma
JV00023,05-11-2024,05-11-2024,1362,Employee benefits payable,0.0,783732.0,Payroll for the month,priya.sharma
JV00024,21-08-2024,21-08-2024,4401,Power and fuel,19482.0,0.0,Electricity charges,priya.sharma
JV00024,21-08-2024,21-08-2024,1332,Trade payables - other than micro and small,0.0,19482.0,Electricity charges,priya.sharma
JV00025,04-03-2025,04-03-2025,4201,Salaries and wages,982994.0,0.0,Payroll for the month,amit.deshpande
JV00025,04-03-2025,04-03-2025,1362,Employee benefits payable,0.0,982994.0,Payroll for the month,amit.deshpande
JV00026,28-10-2024,28-10-2024,4402,Repairs to machinery,24689.0,0.0,Machinery repairs,priya.sharma
JV00026,28-10-2024,28-10-2024,1332,Trade payables - other than micro and small,0.0,24689.0,Machinery repairs,priya.sharma
JV00027,27-06-2024,27-06-2024,4201,Salaries and wages,162323.0,0.0,Payroll for the month,ravi.krishnan
JV00027,27-06-2024,27-06-2024,1362,Employee benefits payable,0.0,162323.0,Payroll for the month,ravi.krishnan
JV00028,02-07-2024,02-07-2024,4402,Repairs to machinery,56018.0,0.0,Machinery repairs,priya.sharma
JV00028,02-07-2024,02-07-2024,1332,Trade payables - other than micro and small,0.0,56018.0,Machinery repairs,priya.sharma
JV00029,20-06-2024,20-06-2024,4001,Cost of materials consumed,2274099.0,0.0,Purchase of raw material,ravi.krishnan
JV00029,20-06-2024,20-06-2024,1332,Trade payables - other than micro and small,0.0,2274099.0,Purchase of raw material,ravi.krishnan
JV00030,07-08-2024,07-08-2024,4402,Repairs to machinery,11897.0,0.0,Machinery repairs,amit.deshpande
JV00030,07-08-2024,07-08-2024,1332,Trade payables - other than micro and small,0.0,11897.0,Machinery repairs,amit.deshpande
JV00031,30-08-2024,30-08-2024,1332,Trade payables - other than micro and small,740847.0,0.0,Payment to supplier,priya.sharma
JV00031,30-08-2024,30-08-2024,2282,Balances with banks in current accounts,0.0,740847.0,Payment to supplier,priya.sharma
JV00032,26-08-2024,26-08-2024,4201,Salaries and wages,1753325.0,0.0,Payroll for the month,ravi.krishnan
JV00032,26-08-2024,26-08-2024,1362,Employee benefits payable,0.0,1753325.0,Payroll for the month,ravi.krishnan
JV00033,23-05-2024,23-05-2024,4402,Repairs to machinery,25956.0,0.0,Machinery repairs,ravi.krishnan
JV00033,23-05-2024,23-05-2024,1332,Trade payables - other than micro and small,0.0,25956.0,Machinery repairs,ravi.krishnan
JV00034,14-01-2025,14-01-2025,4201,Salaries and wages,214491.0,0.0,Payroll for the month,ravi.krishnan
JV00034,14-01-2025,14-01-2025,1362,Employee benefits payable,0.0,214491.0,Payroll for the month,ravi.krishnan
JV00035,08-05-2024,08-05-2024,4409,Freight outward,177228.0,0.0,Outward freight,ravi.krishnan
JV00035,08-05-2024,08-05-2024,1332,Trade payables - other than micro and small,0.0,177228.0,Outward freight,ravi.krishnan
JV00036,05-12-2024,05-12-2024,4402,Repairs to machinery,191071.0,0.0,Machinery repairs,amit.deshpande
JV00036,05-12-2024,05-12-2024,1332,Trade payables - other than micro and small,0.0,191071.0,Machinery repairs,amit.deshpande
JV00037,11-03-2025,11-03-2025,4409,Freight outward,102929.0,0.0,Outward freight,amit.deshpande
JV00037,11-03-2025,11-03-2025,1332,Trade payables - other than micro and small,0.0,102929.0,Outward freight,amit.deshpande
JV00038,22-04-2024,22-04-2024,1332,Trade payables - other than micro and small,86026.0,0.0,Payment to supplier,amit.deshpande
JV00038,22-04-2024,22-04-2024,2282,Balances with banks in current accounts,0.0,86026.0,Payment to supplier,amit.deshpande
JV00039,21-02-2025,21-02-2025,4409,Freight outward,320834.0,0.0,Outward freight,ravi.krishnan
JV00039,21-02-2025,21-02-2025,1332,Trade payables - other than micro and small,0.0,320834.0,Outward freight,ravi.krishnan
JV00040,28-06-2024,28-06-2024,2251,Trade receivables - considered good,84959.0,0.0,Sale invoice raised,amit.deshpande
JV00040,28-06-2024,28-06-2024,3001,Sale of manufactured goods,0.0,84959.0,Sale invoice raised,amit.deshpande
JV00041,16-09-2024,16-09-2024,1332,Trade payables - other than micro and small,941474.0,0.0,Payment to supplier,ravi.krishnan
JV00041,16-09-2024,16-09-2024,2282,Balances with banks in current accounts,0.0,941474.0,Payment to supplier,ravi.krishnan
JV00042,04-04-2024,04-04-2024,2251,Trade receivables - considered good,182533.0,0.0,Sale invoice raised,priya.sharma
JV00042,04-04-2024,04-04-2024,3001,Sale of manufactured goods,0.0,182533.0,Sale invoice raised,priya.sharma
JV00043,19-09-2024,19-09-2024,4001,Cost of materials consumed,26659.0,0.0,Purchase of raw material,ravi.krishnan
JV00043,19-09-2024,19-09-2024,1332,Trade payables - other than micro and small,0.0,26659.0,Purchase of raw material,ravi.krishnan
JV00044,08-05-2024,08-05-2024,4001,Cost of materials consumed,571683.0,0.0,Purchase of raw material,priya.sharma
JV00044,08-05-2024,08-05-2024,1332,Trade payables - other than micro and small,0.0,571683.0,Purchase of raw material,priya.sharma
JV00045,03-09-2024,03-09-2024,4409,Freight outward,67363.0,0.0,Outward freight,amit.deshpande
JV00045,03-09-2024,03-09-2024,1332,Trade payables - other than micro and small,0.0,67363.0,Outward freight,amit.deshpande
JV00046,03-10-2024,03-10-2024,1332,Trade payables - other than micro and small,302964.0,0.0,Payment to supplier,amit.deshpande
JV00046,03-10-2024,03-10-2024,2282,Balances with banks in current accounts,0.0,302964.0,Payment to supplier,amit.deshpande
JV00047,06-01-2025,06-01-2025,4201,Salaries and wages,709241.0,0.0,Payroll for the month,ravi.krishnan
JV00047,06-01-2025,06-01-2025,1362,Employee benefits payable,0.0,709241.0,Payroll for the month,ravi.krishnan
JV00048,11-07-2024,11-07-2024,4401,Power and fuel,366214.0,0.0,Electricity charges,amit.deshpande
JV00048,11-07-2024,11-07-2024,1332,Trade payables - other than micro and small,0.0,366214.0,Electricity charges,amit.deshpande
JV00049,01-08-2024,01-08-2024,4409,Freight outward,38974.0,0.0,Outward freight,priya.sharma
JV00049,01-08-2024,01-08-2024,1332,Trade payables - other than micro and small,0.0,38974.0,Outward freight,priya.sharma
JV00050,28-05-2024,28-05-2024,2282,Balances with banks in current accounts,464038.0,0.0,Collection from customer,amit.deshpande
JV00050,28-05-2024,28-05-2024,2251,Trade receivables - considered good,0.0,464038.0,Collection from customer,amit.deshpande
JV00051,07-03-2025,07-03-2025,1332,Trade payables - other than micro and small,1745230.0,0.0,Payment to supplier,priya.sharma
JV00051,07-03-2025,07-03-2025,2282,Balances with banks in current accounts,0.0,1745230.0,Payment to supplier,priya.sharma
JV00052,26-04-2024,26-04-2024,1332,Trade payables - other than micro and small,1979986.0,0.0,Payment to supplier,priya.sharma
JV00052,26-04-2024,26-04-2024,2282,Balances with banks in current accounts,0.0,1979986.0,Payment to supplier,priya.sharma
JV00053,22-08-2024,22-08-2024,4409,Freight outward,21053.0,0.0,Outward freight,amit.deshpande
JV00053,22-08-2024,22-08-2024,1332,Trade payables - other than micro and small,0.0,21053.0,Outward freight,amit.deshpande
JV00054,08-05-2024,08-05-2024,4201,Salaries and wages,174746.0,0.0,Payroll for the month,amit.deshpande
JV00054,08-05-2024,08-05-2024,1362,Employee benefits payable,0.0,174746.0,Payroll for the month,amit.deshpande
JV00055,05-02-2025,05-02-2025,4401,Power and fuel,21556.0,0.0,Electricity charges,ravi.krishnan
JV00055,05-02-2025,05-02-2025,1332,Trade payables - other than micro and small,0.0,21556.0,Electricity charges,ravi.krishnan
JV00056,25-10-2024,25-10-2024,4201,Salaries and wages,112383.0,0.0,Payroll for the month,ravi.krishnan
JV00056,25-10-2024,25-10-2024,1362,Employee benefits payable,0.0,112383.0,Payroll for the month,ravi.krishnan
JV00057,10-05-2024,10-05-2024,1332,Trade payables - other than micro and small,169907.0,0.0,Payment to supplier,amit.deshpande
JV00057,10-05-2024,10-05-2024,2282,Balances with banks in current accounts,0.0,169907.0,Payment to supplier,amit.deshpande
JV00058,07-08-2024,07-08-2024,4201,Salaries and wages,24992.0,0.0,Payroll for the month,amit.deshpande
JV00058,07-08-2024,07-08-2024,1362,Employee benefits payable,0.0,24992.0,Payroll for the month,amit.deshpande
JV00059,05-12-2024,05-12-2024,4409,Freight outward,18744.0,0.0,Outward freight,amit.deshpande
JV00059,05-12-2024,05-12-2024,1332,Trade payables - other than micro and small,0.0,18744.0,Outward freight,amit.deshpande
JV00060,17-04-2024,17-04-2024,4001,Cost of materials consumed,41993.0,0.0,Purchase of raw material,priya.sharma
JV00060,17-04-2024,17-04-2024,1332,Trade payables - other than micro and small,0.0,41993.0,Purchase of raw material,priya.sharma
JV00061,21-10-2024,21-10-2024,4001,Cost of materials consumed,974439.0,0.0,Purchase of raw material,amit.deshpande
JV00061,21-10-2024,21-10-2024,1332,Trade payables - other than micro and small,0.0,974439.0,Purchase of raw material,amit.deshpande
JV00062,12-03-2025,12-03-2025,2251,Trade receivables - considered good,1120643.0,0.0,Sale invoice raised,amit.deshpande
JV00062,12-03-2025,12-03-2025,3001,Sale of manufactured goods,0.0,1120643.0,Sale invoice raised,amit.deshpande
JV00063,23-01-2025,23-01-2025,4001,Cost of materials consumed,590974.0,0.0,Purchase of raw material,amit.deshpande
JV00063,23-01-2025,23-01-2025,1332,Trade payables - other than micro and small,0.0,590974.0,Purchase of raw material,amit.deshpande
JV00064,22-08-2024,22-08-2024,2251,Trade receivables - considered good,547863.0,0.0,Sale invoice raised,amit.deshpande
JV00064,22-08-2024,22-08-2024,3001,Sale of manufactured goods,0.0,547863.0,Sale invoice raised,amit.deshpande
JV00065,25-03-2025,25-03-2025,4401,Power and fuel,147179.0,0.0,Electricity charges,amit.deshpande
JV00065,25-03-2025,25-03-2025,1332,Trade payables - other than micro and small,0.0,147179.0,Electricity charges,amit.deshpande
JV00066,26-02-2025,26-02-2025,1332,Trade payables - other than micro and small,97774.0,0.0,Payment to supplier,amit.deshpande
JV00066,26-02-2025,26-02-2025,2282,Balances with banks in current accounts,0.0,97774.0,Payment to supplier,amit.deshpande
JV00067,07-01-2025,07-01-2025,1332,Trade payables - other than micro and small,134997.0,0.0,Payment to supplier,amit.deshpande
JV00067,07-01-2025,07-01-2025,2282,Balances with banks in current accounts,0.0,134997.0,Payment to supplier,amit.deshpande
JV00068,07-01-2025,07-01-2025,4401,Power and fuel,59833.0,0.0,Electricity charges,priya.sharma
JV00068,07-01-2025,07-01-2025,1332,Trade payables - other than micro and small,0.0,59833.0,Electricity charges,priya.sharma
JV00069,30-12-2024,30-12-2024,2282,Balances with banks in current accounts,149564.0,0.0,Collection from customer,priya.sharma
JV00069,30-12-2024,30-12-2024,2251,Trade receivables - considered good,0.0,149564.0,Collection from customer,priya.sharma
JV00070,12-09-2024,12-09-2024,4409,Freight outward,106424.0,0.0,Outward freight,priya.sharma
JV00070,12-09-2024,12-09-2024,1332,Trade payables - other than micro and small,0.0,106424.0,Outward freight,priya.sharma
JV00071,16-08-2024,16-08-2024,4201,Salaries and wages,1414036.0,0.0,Payroll for the month,ravi.krishnan
JV00071,16-08-2024,16-08-2024,1362,Employee benefits payable,0.0,1414036.0,Payroll for the month,ravi.krishnan
JV00072,01-01-2025,01-01-2025,4201,Salaries and wages,336165.0,0.0,Payroll for the month,amit.deshpande
JV00072,01-01-2025,01-01-2025,1362,Employee benefits payable,0.0,336165.0,Payroll for the month,amit.deshpande
JV00073,28-10-2024,28-10-2024,4001,Cost of materials consumed,2309062.0,0.0,Purchase of raw material,ravi.krishnan
JV00073,28-10-2024,28-10-2024,1332,Trade payables - other than micro and small,0.0,2309062.0,Purchase of raw material,ravi.krishnan
JV00074,05-09-2024,05-09-2024,4402,Repairs to machinery,60408.0,0.0,Machinery repairs,amit.deshpande
JV00074,05-09-2024,05-09-2024,1332,Trade payables - other than micro and small,0.0,60408.0,Machinery repairs,amit.deshpande
JV00075,01-10-2024,01-10-2024,4201,Salaries and wages,80113.0,0.0,Payroll for the month,ravi.krishnan
JV00075,01-10-2024,01-10-2024,1362,Employee benefits payable,0.0,80113.0,Payroll for the month,ravi.krishnan
JV00076,13-08-2024,13-08-2024,2251,Trade receivables - considered good,212632.0,0.0,Sale invoice raised,amit.deshpande
JV00076,13-08-2024,13-08-2024,3001,Sale of manufactured goods,0.0,212632.0,Sale invoice raised,amit.deshpande
JV00077,18-03-2025,18-03-2025,2282,Balances with banks in current accounts,64790.0,0.0,Collection from customer,ravi.krishnan
JV00077,18-03-2025,18-03-2025,2251,Trade receivables - considered good,0.0,64790.0,Collection from customer,ravi.krishnan
JV00078,03-07-2024,03-07-2024,4409,Freight outward,92916.0,0.0,Outward freight,ravi.krishnan
JV00078,03-07-2024,03-07-2024,1332,Trade payables - other than micro and small,0.0,92916.0,Outward freight,ravi.krishnan
JV00079,25-12-2024,25-12-2024,1332,Trade payables - other than micro and small,60138.0,0.0,Payment to supplier,priya.sharma
JV00079,25-12-2024,25-12-2024,2282,Balances with banks in current accounts,0.0,60138.0,Payment to supplier,priya.sharma
JV00080,05-09-2024,05-09-2024,1332,Trade payables - other than micro and small,1071517.0,0.0,Payment to supplier,ravi.krishnan
JV00080,05-09-2024,05-09-2024,2282,Balances with banks in current accounts,0.0,1071517.0,Payment to supplier,ravi.krishnan
JV00081,17-04-2024,17-04-2024,2251,Trade receivables - considered good,100648.0,0.0,Sale invoice raised,ravi.krishnan
JV00081,17-04-2024,17-04-2024,3001,Sale of manufactured goods,0.0,100648.0,Sale invoice raised,ravi.krishnan
JV00082,01-04-2024,01-04-2024,2251,Trade receivables - considered good,374021.0,0.0,Sale invoice raised,priya.sharma
JV00082,01-04-2024,01-04-2024,3001,Sale of manufactured goods,0.0,374021.0,Sale invoice raised,priya.sharma
JV00083,31-12-2024,31-12-2024,4001,Cost of materials consumed,157836.0,0.0,Purchase of raw material,priya.sharma
JV00083,31-12-2024,31-12-2024,1332,Trade payables - other than micro and small,0.0,157836.0,Purchase of raw material,priya.sharma
JV00084,09-12-2024,09-12-2024,4201,Salaries and wages,90870.0,0.0,Payroll for the month,ravi.krishnan
JV00084,09-12-2024,09-12-2024,1362,Employee benefits payable,0.0,90870.0,Payroll for the month,ravi.krishnan
JV00085,18-09-2024,18-09-2024,1332,Trade payables - other than micro and small,270071.0,0.0,Payment to supplier,ravi.krishnan
JV00085,18-09-2024,18-09-2024,2282,Balances with banks in current accounts,0.0,270071.0,Payment to supplier,ravi.krishnan
JV00086,18-11-2024,18-11-2024,4401,Power and fuel,94393.0,0.0,Electricity charges,ravi.krishnan
JV00086,18-11-2024,18-11-2024,1332,Trade payables - other than micro and small,0.0,94393.0,Electricity charges,ravi.krishnan
JV00087,02-01-2025,02-01-2025,4001,Cost of materials consumed,40877.0,0.0,Purchase of raw material,ravi.krishnan
JV00087,02-01-2025,02-01-2025,1332,Trade payables - other than micro and small,0.0,40877.0,Purchase of raw material,ravi.krishnan
JV00088,05-12-2024,05-12-2024,4401,Power and fuel,59939.0,0.0,Electricity charges,priya.sharma
JV00088,05-12-2024,05-12-2024,1332,Trade payables - other than micro and small,0.0,59939.0,Electricity charges,priya.sharma
JV00089,17-01-2025,17-01-2025,2251,Trade receivables - considered good,1578543.0,0.0,Sale invoice raised,amit.deshpande
JV00089,17-01-2025,17-01-2025,3001,Sale of manufactured goods,0.0,1578543.0,Sale invoice raised,amit.deshpande
JV00090,27-06-2024,27-06-2024,4401,Power and fuel,34743.0,0.0,Electricity charges,priya.sharma
JV00090,27-06-2024,27-06-2024,1332,Trade payables - other than micro and small,0.0,34743.0,Electricity charges,priya.sharma
JV00091,04-09-2024,04-09-2024,2251,Trade receivables - considered good,124059.0,0.0,Sale invoice raised,ravi.krishnan
JV00091,04-09-2024,04-09-2024,3001,Sale of manufactured goods,0.0,124059.0,Sale invoice raised,ravi.krishnan
JV00092,26-06-2024,26-06-2024,4401,Power and fuel,102449.0,0.0,Electricity charges,priya.sharma
JV00092,26-06-2024,26-06-2024,1332,Trade payables - other than micro and small,0.0,102449.0,Electricity charges,priya.sharma
JV00093,21-03-2025,21-03-2025,4401,Power and fuel,160424.0,0.0,Electricity charges,priya.sharma
JV00093,21-03-2025,21-03-2025,1332,Trade payables - other than micro and small,0.0,160424.0,Electricity charges,priya.sharma
JV00094,23-08-2024,23-08-2024,2282,Balances with banks in current accounts,77014.0,0.0,Collection from customer,ravi.krishnan
JV00094,23-08-2024,23-08-2024,2251,Trade receivables - considered good,0.0,77014.0,Collection from customer,ravi.krishnan
JV00095,01-07-2024,01-07-2024,4402,Repairs to machinery,7235.0,0.0,Machinery repairs,ravi.krishnan
JV00095,01-07-2024,01-07-2024,1332,Trade payables - other than micro and small,0.0,7235.0,Machinery repairs,ravi.krishnan
JV00096,22-08-2024,22-08-2024,4001,Cost of materials consumed,445632.0,0.0,Purchase of raw material,ravi.krishnan
JV00096,22-08-2024,22-08-2024,1332,Trade payables - other than micro and small,0.0,445632.0,Purchase of raw material,ravi.krishnan
JV00097,24-04-2024,24-04-2024,4402,Repairs to machinery,14039.0,0.0,Machinery repairs,priya.sharma
JV00097,24-04-2024,24-04-2024,1332,Trade payables - other than micro and small,0.0,14039.0,Machinery repairs,priya.sharma
JV00098,07-11-2024,07-11-2024,4001,Cost of materials consumed,600492.0,0.0,Purchase of raw material,amit.deshpande
JV00098,07-11-2024,07-11-2024,1332,Trade payables - other than micro and small,0.0,600492.0,Purchase of raw material,amit.deshpande
JV00099,05-02-2025,05-02-2025,4409,Freight outward,301367.0,0.0,Outward freight,priya.sharma
JV00099,05-02-2025,05-02-2025,1332,Trade payables - other than micro and small,0.0,301367.0,Outward freight,priya.sharma
JV00100,04-12-2024,04-12-2024,4402,Repairs to machinery,3568.0,0.0,Machinery repairs,priya.sharma
JV00100,04-12-2024,04-12-2024,1332,Trade payables - other than micro and small,0.0,3568.0,Machinery repairs,priya.sharma
JV00101,04-10-2024,04-10-2024,4409,Freight outward,109578.0,0.0,Outward freight,amit.deshpande
JV00101,04-10-2024,04-10-2024,1332,Trade payables - other than micro and small,0.0,109578.0,Outward freight,amit.deshpande
JV00102,31-12-2024,31-12-2024,2251,Trade receivables - considered good,2195028.0,0.0,Sale invoice raised,amit.deshpande
JV00102,31-12-2024,31-12-2024,3001,Sale of manufactured goods,0.0,2195028.0,Sale invoice raised,amit.deshpande
JV00103,22-11-2024,22-11-2024,4201,Salaries and wages,23547.0,0.0,Payroll for the month,priya.sharma
JV00103,22-11-2024,22-11-2024,1362,Employee benefits payable,0.0,23547.0,Payroll for the month,priya.sharma
JV00104,06-09-2024,06-09-2024,4001,Cost of materials consumed,218071.0,0.0,Purchase of raw material,amit.deshpande
JV00104,06-09-2024,06-09-2024,1332,Trade payables - other than micro and small,0.0,218071.0,Purchase of raw material,amit.deshpande
JV00105,01-01-2025,01-01-2025,4001,Cost of materials consumed,1530239.0,0.0,Purchase of raw material,amit.deshpande
JV00105,01-01-2025,01-01-2025,1332,Trade payables - other than micro and small,0.0,1530239.0,Purchase of raw material,amit.deshpande
JV00106,18-09-2024,18-09-2024,4401,Power and fuel,133736.0,0.0,Electricity charges,ravi.krishnan
JV00106,18-09-2024,18-09-2024,1332,Trade payables - other than micro and small,0.0,133736.0,Electricity charges,ravi.krishnan
JV00107,13-03-2025,13-03-2025,4409,Freight outward,20626.0,0.0,Outward freight,amit.deshpande
JV00107,13-03-2025,13-03-2025,1332,Trade payables - other than micro and small,0.0,20626.0,Outward freight,amit.deshpande
JV00108,29-05-2024,29-05-2024,4409,Freight outward,6406.0,0.0,Outward freight,ravi.krishnan
JV00108,29-05-2024,29-05-2024,1332,Trade payables - other than micro and small,0.0,6406.0,Outward freight,ravi.krishnan
JV00109,17-04-2024,17-04-2024,2282,Balances with banks in current accounts,1086740.0,0.0,Collection from customer,priya.sharma
JV00109,17-04-2024,17-04-2024,2251,Trade receivables - considered good,0.0,1086740.0,Collection from customer,priya.sharma
JV00110,14-02-2025,14-02-2025,2282,Balances with banks in current accounts,2120638.0,0.0,Collection from customer,ravi.krishnan
JV00110,14-02-2025,14-02-2025,2251,Trade receivables - considered good,0.0,2120638.0,Collection from customer,ravi.krishnan
JV00111,01-07-2024,01-07-2024,2282,Balances with banks in current accounts,66947.0,0.0,Collection from customer,ravi.krishnan
JV00111,01-07-2024,01-07-2024,2251,Trade receivables - considered good,0.0,66947.0,Collection from customer,ravi.krishnan
JV00112,29-11-2024,29-11-2024,4201,Salaries and wages,144142.0,0.0,Payroll for the month,priya.sharma
JV00112,29-11-2024,29-11-2024,1362,Employee benefits payable,0.0,144142.0,Payroll for the month,priya.sharma
JV00113,12-06-2024,12-06-2024,4402,Repairs to machinery,91185.0,0.0,Machinery repairs,ravi.krishnan
JV00113,12-06-2024,12-06-2024,1332,Trade payables - other than micro and small,0.0,91185.0,Machinery repairs,ravi.krishnan
JV00114,11-03-2025,11-03-2025,4001,Cost of materials consumed,39689.0,0.0,Purchase of raw material,amit.deshpande
JV00114,11-03-2025,11-03-2025,1332,Trade payables - other than micro and small,0.0,39689.0,Purchase of raw material,amit.deshpande
JV00115,05-12-2024,05-12-2024,2282,Balances with banks in current accounts,321343.0,0.0,Collection from customer,priya.sharma
JV00115,05-12-2024,05-12-2024,2251,Trade receivables - considered good,0.0,321343.0,Collection from customer,priya.sharma
JV00116,02-04-2024,02-04-2024,2251,Trade receivables - considered good,1732562.0,0.0,Sale invoice raised,ravi.krishnan
JV00116,02-04-2024,02-04-2024,3001,Sale of manufactured goods,0.0,1732562.0,Sale invoice raised,ravi.krishnan
JV00117,20-06-2024,20-06-2024,4001,Cost of materials consumed,960533.0,0.0,Purchase of raw material,priya.sharma
JV00117,20-06-2024,20-06-2024,1332,Trade payables - other than micro and small,0.0,960533.0,Purchase of raw material,priya.sharma
JV00118,24-07-2024,24-07-2024,4201,Salaries and wages,115162.0,0.0,Payroll for the month,priya.sharma
JV00118,24-07-2024,24-07-2024,1362,Employee benefits payable,0.0,115162.0,Payroll for the month,priya.sharma
JV00119,13-05-2024,13-05-2024,4201,Salaries and wages,60260.0,0.0,Payroll for the month,priya.sharma
JV00119,13-05-2024,13-05-2024,1362,Employee benefits payable,0.0,60260.0,Payroll for the month,priya.sharma
JV00120,07-10-2024,07-10-2024,4401,Power and fuel,11782.0,0.0,Electricity charges,priya.sharma
JV00120,07-10-2024,07-10-2024,1332,Trade payables - other than micro and small,0.0,11782.0,Electricity charges,priya.sharma
JV00121,22-04-2024,22-04-2024,4201,Salaries and wages,170841.0,0.0,Payroll for the month,priya.sharma
JV00121,22-04-2024,22-04-2024,1362,Employee benefits payable,0.0,170841.0,Payroll for the month,priya.sharma
JV00122,13-02-2025,13-02-2025,4409,Freight outward,7110.0,0.0,Outward freight,priya.sharma
JV00122,13-02-2025,13-02-2025,1332,Trade payables - other than micro and small,0.0,7110.0,Outward freight,priya.sharma
JV00123,23-10-2024,23-10-2024,4409,Freight outward,49550.0,0.0,Outward freight,amit.deshpande
JV00123,23-10-2024,23-10-2024,1332,Trade payables - other than micro and small,0.0,49550.0,Outward freight,amit.deshpande
JV00124,24-03-2025,24-03-2025,4401,Power and fuel,280516.0,0.0,Electricity charges,amit.deshpande
JV00124,24-03-2025,24-03-2025,1332,Trade payables - other than micro and small,0.0,280516.0,Electricity charges,amit.deshpande
JV00125,24-09-2024,24-09-2024,4409,Freight outward,11322.0,0.0,Outward freight,ravi.krishnan
JV00125,24-09-2024,24-09-2024,1332,Trade payables - other than micro and small,0.0,11322.0,Outward freight,ravi.krishnan
JV00126,19-11-2024,19-11-2024,4001,Cost of materials consumed,1174363.0,0.0,Purchase of raw material,amit.deshpande
JV00126,19-11-2024,19-11-2024,1332,Trade payables - other than micro and small,0.0,1174363.0,Purchase of raw material,amit.deshpande
JV00127,25-09-2024,25-09-2024,2282,Balances with banks in current accounts,971828.0,0.0,Collection from customer,ravi.krishnan
JV00127,25-09-2024,25-09-2024,2251,Trade receivables - considered good,0.0,971828.0,Collection from customer,ravi.krishnan
JV00128,28-08-2024,28-08-2024,2251,Trade receivables - considered good,667426.0,0.0,Sale invoice raised,amit.deshpande
JV00128,28-08-2024,28-08-2024,3001,Sale of manufactured goods,0.0,667426.0,Sale invoice raised,amit.deshpande
JV00129,11-04-2024,11-04-2024,4201,Salaries and wages,39601.0,0.0,Payroll for the month,ravi.krishnan
JV00129,11-04-2024,11-04-2024,1362,Employee benefits payable,0.0,39601.0,Payroll for the month,ravi.krishnan
JV00130,18-06-2024,18-06-2024,2282,Balances with banks in current accounts,65503.0,0.0,Collection from customer,priya.sharma
JV00130,18-06-2024,18-06-2024,2251,Trade receivables - considered good,0.0,65503.0,Collection from customer,priya.sharma
JV00131,09-01-2025,09-01-2025,4201,Salaries and wages,213888.0,0.0,Payroll for the month,amit.deshpande
JV00131,09-01-2025,09-01-2025,1362,Employee benefits payable,0.0,213888.0,Payroll for the month,amit.deshpande
JV00132,13-08-2024,13-08-2024,2251,Trade receivables - considered good,1097917.0,0.0,Sale invoice raised,priya.sharma
JV00132,13-08-2024,13-08-2024,3001,Sale of manufactured goods,0.0,1097917.0,Sale invoice raised,priya.sharma
JV00133,31-12-2024,31-12-2024,4409,Freight outward,6355.0,0.0,Outward freight,amit.deshpande
JV00133,31-12-2024,31-12-2024,1332,Trade payables - other than micro and small,0.0,6355.0,Outward freight,amit.deshpande
JV00134,12-03-2025,12-03-2025,4401,Power and fuel,10762.0,0.0,Electricity charges,ravi.krishnan
JV00134,12-03-2025,12-03-2025,1332,Trade payables - other than micro and small,0.0,10762.0,Electricity charges,ravi.krishnan
JV00135,05-07-2024,05-07-2024,4409,Freight outward,30473.0,0.0,Outward freight,priya.sharma
JV00135,05-07-2024,05-07-2024,1332,Trade payables - other than micro and small,0.0,30473.0,Outward freight,priya.sharma
JV00136,21-03-2025,21-03-2025,4409,Freight outward,87765.0,0.0,Outward freight,ravi.krishnan
JV00136,21-03-2025,21-03-2025,1332,Trade payables - other than micro and small,0.0,87765.0,Outward freight,ravi.krishnan
JV00137,21-08-2024,21-08-2024,1332,Trade payables - other than micro and small,480059.0,0.0,Payment to supplier,ravi.krishnan
JV00137,21-08-2024,21-08-2024,2282,Balances with banks in current accounts,0.0,480059.0,Payment to supplier,ravi.krishnan
JV00138,12-03-2025,12-03-2025,4409,Freight outward,32319.0,0.0,Outward freight,amit.deshpande
JV00138,12-03-2025,12-03-2025,1332,Trade payables - other than micro and small,0.0,32319.0,Outward freight,amit.deshpande
JV00139,20-05-2024,20-05-2024,4409,Freight outward,31321.0,0.0,Outward freight,amit.deshpande
JV00139,20-05-2024,20-05-2024,1332,Trade payables - other than micro and small,0.0,31321.0,Outward freight,amit.deshpande
JV00140,14-05-2024,14-05-2024,4201,Salaries and wages,40739.0,0.0,Payroll for the month,amit.deshpande
JV00140,14-05-2024,14-05-2024,1362,Employee benefits payable,0.0,40739.0,Payroll for the month,amit.deshpande
JV00141,02-01-2025,02-01-2025,4402,Repairs to machinery,186877.0,0.0,Machinery repairs,priya.sharma
JV00141,02-01-2025,02-01-2025,1332,Trade payables - other than micro and small,0.0,186877.0,Machinery repairs,priya.sharma
JV00142,01-01-2025,01-01-2025,4001,Cost of materials consumed,474968.0,0.0,Purchase of raw material,ravi.krishnan
JV00142,01-01-2025,01-01-2025,1332,Trade payables - other than micro and small,0.0,474968.0,Purchase of raw material,ravi.krishnan
JV00143,12-02-2025,12-02-2025,4409,Freight outward,13579.0,0.0,Outward freight,ravi.krishnan
JV00143,12-02-2025,12-02-2025,1332,Trade payables - other than micro and small,0.0,13579.0,Outward freight,ravi.krishnan
JV00144,12-06-2024,12-06-2024,2251,Trade receivables - considered good,2412519.0,0.0,Sale invoice raised,priya.sharma
JV00144,12-06-2024,12-06-2024,3001,Sale of manufactured goods,0.0,2412519.0,Sale invoice raised,priya.sharma
JV00145,23-12-2024,23-12-2024,1332,Trade payables - other than micro and small,237725.0,0.0,Payment to supplier,amit.deshpande
JV00145,23-12-2024,23-12-2024,2282,Balances with banks in current accounts,0.0,237725.0,Payment to supplier,amit.deshpande
JV00146,06-09-2024,06-09-2024,1332,Trade payables - other than micro and small,101360.0,0.0,Payment to supplier,amit.deshpande
JV00146,06-09-2024,06-09-2024,2282,Balances with banks in current accounts,0.0,101360.0,Payment to supplier,amit.deshpande
JV00147,18-07-2024,18-07-2024,4001,Cost of materials consumed,1111744.0,0.0,Purchase of raw material,ravi.krishnan
JV00147,18-07-2024,18-07-2024,1332,Trade payables - other than micro and small,0.0,1111744.0,Purchase of raw material,ravi.krishnan
JV00148,28-06-2024,28-06-2024,1332,Trade payables - other than micro and small,1702106.0,0.0,Payment to supplier,amit.deshpande
JV00148,28-06-2024,28-06-2024,2282,Balances with banks in current accounts,0.0,1702106.0,Payment to supplier,amit.deshpande
JV00149,20-12-2024,20-12-2024,1332,Trade payables - other than micro and small,713520.0,0.0,Payment to supplier,amit.deshpande
JV00149,20-12-2024,20-12-2024,2282,Balances with banks in current accounts,0.0,713520.0,Payment to supplier,amit.deshpande
JV00150,24-05-2024,24-05-2024,1332,Trade payables - other than micro and small,235358.0,0.0,Payment to supplier,ravi.krishnan
JV00150,24-05-2024,24-05-2024,2282,Balances with banks in current accounts,0.0,235358.0,Payment to supplier,ravi.krishnan
JV00151,19-08-2024,19-08-2024,4402,Repairs to machinery,14110.0,0.0,Machinery repairs,ravi.krishnan
JV00151,19-08-2024,19-08-2024,1332,Trade payables - other than micro and small,0.0,14110.0,Machinery repairs,ravi.krishnan
JV00152,19-08-2024,19-08-2024,4402,Repairs to machinery,250586.0,0.0,Machinery repairs,priya.sharma
JV00152,19-08-2024,19-08-2024,1332,Trade payables - other than micro and small,0.0,250586.0,Machinery repairs,priya.sharma
JV00153,20-09-2024,20-09-2024,4201,Salaries and wages,34099.0,0.0,Payroll for the month,ravi.krishnan
JV00153,20-09-2024,20-09-2024,1362,Employee benefits payable,0.0,34099.0,Payroll for the month,ravi.krishnan
JV00154,29-11-2024,29-11-2024,4409,Freight outward,206438.0,0.0,Outward freight,priya.sharma
JV00154,29-11-2024,29-11-2024,1332,Trade payables - other than micro and small,0.0,206438.0,Outward freight,priya.sharma
JV00155,28-08-2024,28-08-2024,4402,Repairs to machinery,57100.0,0.0,Machinery repairs,ravi.krishnan
JV00155,28-08-2024,28-08-2024,1332,Trade payables - other than micro and small,0.0,57100.0,Machinery repairs,ravi.krishnan
JV00156,19-04-2024,19-04-2024,4402,Repairs to machinery,258488.0,0.0,Machinery repairs,amit.deshpande
JV00156,19-04-2024,19-04-2024,1332,Trade payables - other than micro and small,0.0,258488.0,Machinery repairs,amit.deshpande
JV00157,26-03-2025,26-03-2025,1332,Trade payables - other than micro and small,25202.0,0.0,Payment to supplier,priya.sharma
JV00157,26-03-2025,26-03-2025,2282,Balances with banks in current accounts,0.0,25202.0,Payment to supplier,priya.sharma
JV00158,26-08-2024,26-08-2024,4001,Cost of materials consumed,366170.0,0.0,Purchase of raw material,amit.deshpande
JV00158,26-08-2024,26-08-2024,1332,Trade payables - other than micro and small,0.0,366170.0,Purchase of raw material,amit.deshpande
JV00159,28-08-2024,28-08-2024,4401,Power and fuel,319695.0,0.0,Electricity charges,priya.sharma
JV00159,28-08-2024,28-08-2024,1332,Trade payables - other than micro and small,0.0,319695.0,Electricity charges,priya.sharma
JV00160,14-10-2024,14-10-2024,4001,Cost of materials consumed,218675.0,0.0,Purchase of raw material,priya.sharma
JV00160,14-10-2024,14-10-2024,1332,Trade payables - other than micro and small,0.0,218675.0,Purchase of raw material,priya.sharma
JV00161,29-07-2024,29-07-2024,4409,Freight outward,208497.0,0.0,Outward freight,amit.deshpande
JV00161,29-07-2024,29-07-2024,1332,Trade payables - other than micro and small,0.0,208497.0,Outward freight,amit.deshpande
JV00162,11-12-2024,11-12-2024,4409,Freight outward,33649.0,0.0,Outward freight,priya.sharma
JV00162,11-12-2024,11-12-2024,1332,Trade payables - other than micro and small,0.0,33649.0,Outward freight,priya.sharma
JV00163,28-05-2024,28-05-2024,4401,Power and fuel,183523.0,0.0,Electricity charges,amit.deshpande
JV00163,28-05-2024,28-05-2024,1332,Trade payables - other than micro and small,0.0,183523.0,Electricity charges,amit.deshpande
JV00164,22-07-2024,22-07-2024,4409,Freight outward,16568.0,0.0,Outward freight,amit.deshpande
JV00164,22-07-2024,22-07-2024,1332,Trade payables - other than micro and small,0.0,16568.0,Outward freight,amit.deshpande
JV00165,22-08-2024,22-08-2024,4402,Repairs to machinery,8625.0,0.0,Machinery repairs,ravi.krishnan
JV00165,22-08-2024,22-08-2024,1332,Trade payables - other than micro and small,0.0,8625.0,Machinery repairs,ravi.krishnan
JV00166,29-11-2024,29-11-2024,2282,Balances with banks in current accounts,82229.0,0.0,Collection from customer,amit.deshpande
JV00166,29-11-2024,29-11-2024,2251,Trade receivables - considered good,0.0,82229.0,Collection from customer,amit.deshpande
JV00167,30-04-2024,30-04-2024,1332,Trade payables - other than micro and small,47611.0,0.0,Payment to supplier,amit.deshpande
JV00167,30-04-2024,30-04-2024,2282,Balances with banks in current accounts,0.0,47611.0,Payment to supplier,amit.deshpande
JV00168,06-03-2025,06-03-2025,2251,Trade receivables - considered good,57366.0,0.0,Sale invoice raised,ravi.krishnan
JV00168,06-03-2025,06-03-2025,3001,Sale of manufactured goods,0.0,57366.0,Sale invoice raised,ravi.krishnan
JV00169,05-02-2025,05-02-2025,4201,Salaries and wages,528972.0,0.0,Payroll for the month,ravi.krishnan
JV00169,05-02-2025,05-02-2025,1362,Employee benefits payable,0.0,528972.0,Payroll for the month,ravi.krishnan
JV00170,24-02-2025,24-02-2025,4402,Repairs to machinery,48409.0,0.0,Machinery repairs,amit.deshpande
JV00170,24-02-2025,24-02-2025,1332,Trade payables - other than micro and small,0.0,48409.0,Machinery repairs,amit.deshpande
JV00171,31-03-2025,31-03-2025,1332,Trade payables - other than micro and small,431449.0,0.0,Payment to supplier,ravi.krishnan
JV00171,31-03-2025,31-03-2025,2282,Balances with banks in current accounts,0.0,431449.0,Payment to supplier,ravi.krishnan
JV00172,14-01-2025,14-01-2025,2282,Balances with banks in current accounts,83093.0,0.0,Collection from customer,amit.deshpande
JV00172,14-01-2025,14-01-2025,2251,Trade receivables - considered good,0.0,83093.0,Collection from customer,amit.deshpande
JV00173,19-12-2024,19-12-2024,1332,Trade payables - other than micro and small,927379.0,0.0,Payment to supplier,ravi.krishnan
JV00173,19-12-2024,19-12-2024,2282,Balances with banks in current accounts,0.0,927379.0,Payment to supplier,ravi.krishnan
JV00174,25-10-2024,25-10-2024,1332,Trade payables - other than micro and small,838118.0,0.0,Payment to supplier,ravi.krishnan
JV00174,25-10-2024,25-10-2024,2282,Balances with banks in current accounts,0.0,838118.0,Payment to supplier,ravi.krishnan
JV00175,07-03-2025,07-03-2025,4409,Freight outward,4941.0,0.0,Outward freight,priya.sharma
JV00175,07-03-2025,07-03-2025,1332,Trade payables - other than micro and small,0.0,4941.0,Outward freight,priya.sharma
JV00176,12-04-2024,12-04-2024,4001,Cost of materials consumed,82477.0,0.0,Purchase of raw material,ravi.krishnan
JV00176,12-04-2024,12-04-2024,1332,Trade payables - other than micro and small,0.0,82477.0,Purchase of raw material,ravi.krishnan
JV00177,30-01-2025,30-01-2025,2251,Trade receivables - considered good,162544.0,0.0,Sale invoice raised,amit.deshpande
JV00177,30-01-2025,30-01-2025,3001,Sale of manufactured goods,0.0,162544.0,Sale invoice raised,amit.deshpande
JV00178,03-01-2025,03-01-2025,4409,Freight outward,5102.0,0.0,Outward freight,ravi.krishnan
JV00178,03-01-2025,03-01-2025,1332,Trade payables - other than micro and small,0.0,5102.0,Outward freight,ravi.krishnan
JV00179,07-05-2024,07-05-2024,2282,Balances with banks in current accounts,76838.0,0.0,Collection from customer,priya.sharma
JV00179,07-05-2024,07-05-2024,2251,Trade receivables - considered good,0.0,76838.0,Collection from customer,priya.sharma
JV00180,15-01-2025,15-01-2025,2282,Balances with banks in current accounts,419013.0,0.0,Collection from customer,priya.sharma
JV00180,15-01-2025,15-01-2025,2251,Trade receivables - considered good,0.0,419013.0,Collection from customer,priya.sharma
JV00181,04-07-2024,04-07-2024,4401,Power and fuel,671477.0,0.0,Electricity charges,ravi.krishnan
JV00181,04-07-2024,04-07-2024,1332,Trade payables - other than micro and small,0.0,671477.0,Electricity charges,ravi.krishnan
JV00182,24-05-2024,24-05-2024,4001,Cost of materials consumed,33808.0,0.0,Purchase of raw material,amit.deshpande
JV00182,24-05-2024,24-05-2024,1332,Trade payables - other than micro and small,0.0,33808.0,Purchase of raw material,amit.deshpande
JV00183,21-06-2024,21-06-2024,4402,Repairs to machinery,13869.0,0.0,Machinery repairs,amit.deshpande
JV00183,21-06-2024,21-06-2024,1332,Trade payables - other than micro and small,0.0,13869.0,Machinery repairs,amit.deshpande
JV00184,18-09-2024,18-09-2024,4409,Freight outward,156965.0,0.0,Outward freight,priya.sharma
JV00184,18-09-2024,18-09-2024,1332,Trade payables - other than micro and small,0.0,156965.0,Outward freight,priya.sharma
JV00185,13-11-2024,13-11-2024,4201,Salaries and wages,1163830.0,0.0,Payroll for the month,amit.deshpande
JV00185,13-11-2024,13-11-2024,1362,Employee benefits payable,0.0,1163830.0,Payroll for the month,amit.deshpande
JV00186,25-10-2024,25-10-2024,4001,Cost of materials consumed,194720.0,0.0,Purchase of raw material,ravi.krishnan
JV00186,25-10-2024,25-10-2024,1332,Trade payables - other than micro and small,0.0,194720.0,Purchase of raw material,ravi.krishnan
JV00187,20-02-2025,20-02-2025,4201,Salaries and wages,122366.0,0.0,Payroll for the month,amit.deshpande
JV00187,20-02-2025,20-02-2025,1362,Employee benefits payable,0.0,122366.0,Payroll for the month,amit.deshpande
JV00188,19-08-2024,19-08-2024,4409,Freight outward,5577.0,0.0,Outward freight,ravi.krishnan
JV00188,19-08-2024,19-08-2024,1332,Trade payables - other than micro and small,0.0,5577.0,Outward freight,ravi.krishnan
JV00189,06-08-2024,06-08-2024,4201,Salaries and wages,543482.0,0.0,Payroll for the month,amit.deshpande
JV00189,06-08-2024,06-08-2024,1362,Employee benefits payable,0.0,543482.0,Payroll for the month,amit.deshpande
JV00190,18-03-2025,18-03-2025,1332,Trade payables - other than micro and small,142096.0,0.0,Payment to supplier,amit.deshpande
JV00190,18-03-2025,18-03-2025,2282,Balances with banks in current accounts,0.0,142096.0,Payment to supplier,amit.deshpande
JV00191,11-02-2025,11-02-2025,4409,Freight outward,7617.0,0.0,Outward freight,amit.deshpande
JV00191,11-02-2025,11-02-2025,1332,Trade payables - other than micro and small,0.0,7617.0,Outward freight,amit.deshpande
JV00192,22-08-2024,22-08-2024,4402,Repairs to machinery,43894.0,0.0,Machinery repairs,priya.sharma
JV00192,22-08-2024,22-08-2024,1332,Trade payables - other than micro and small,0.0,43894.0,Machinery repairs,priya.sharma
JV00193,25-12-2024,25-12-2024,2282,Balances with banks in current accounts,1862217.0,0.0,Collection from customer,amit.deshpande
JV00193,25-12-2024,25-12-2024,2251,Trade receivables - considered good,0.0,1862217.0,Collection from customer,amit.deshpande
JV00194,10-05-2024,10-05-2024,1332,Trade payables - other than micro and small,83410.0,0.0,Payment to supplier,ravi.krishnan
JV00194,10-05-2024,10-05-2024,2282,Balances with banks in current accounts,0.0,83410.0,Payment to supplier,ravi.krishnan
JV00195,21-10-2024,21-10-2024,4401,Power and fuel,28531.0,0.0,Electricity charges,amit.deshpande
JV00195,21-10-2024,21-10-2024,1332,Trade payables - other than micro and small,0.0,28531.0,Electricity charges,amit.deshpande
JV00196,30-12-2024,30-12-2024,2251,Trade receivables - considered good,920344.0,0.0,Sale invoice raised,ravi.krishnan
JV00196,30-12-2024,30-12-2024,3001,Sale of manufactured goods,0.0,920344.0,Sale invoice raised,ravi.krishnan
JV00197,06-02-2025,06-02-2025,4409,Freight outward,58412.0,0.0,Outward freight,amit.deshpande
JV00197,06-02-2025,06-02-2025,1332,Trade payables - other than micro and small,0.0,58412.0,Outward freight,amit.deshpande
JV00198,25-04-2024,25-04-2024,4409,Freight outward,233469.0,0.0,Outward freight,priya.sharma
JV00198,25-04-2024,25-04-2024,1332,Trade payables - other than micro and small,0.0,233469.0,Outward freight,priya.sharma
JV00199,10-06-2024,10-06-2024,4402,Repairs to machinery,31846.0,0.0,Machinery repairs,ravi.krishnan
JV00199,10-06-2024,10-06-2024,1332,Trade payables - other than micro and small,0.0,31846.0,Machinery repairs,ravi.krishnan
JV00200,09-10-2024,09-10-2024,2282,Balances with banks in current accounts,42741.0,0.0,Collection from customer,priya.sharma
JV00200,09-10-2024,09-10-2024,2251,Trade receivables - considered good,0.0,42741.0,Collection from customer,priya.sharma
JV00201,10-10-2024,10-10-2024,4402,Repairs to machinery,4462.0,0.0,Machinery repairs,amit.deshpande
JV00201,10-10-2024,10-10-2024,1332,Trade payables - other than micro and small,0.0,4462.0,Machinery repairs,amit.deshpande
JV00202,12-06-2024,12-06-2024,1332,Trade payables - other than micro and small,407161.0,0.0,Payment to supplier,priya.sharma
JV00202,12-06-2024,12-06-2024,2282,Balances with banks in current accounts,0.0,407161.0,Payment to supplier,priya.sharma
JV00203,20-08-2024,20-08-2024,1332,Trade payables - other than micro and small,1416656.0,0.0,Payment to supplier,ravi.krishnan
JV00203,20-08-2024,20-08-2024,2282,Balances with banks in current accounts,0.0,1416656.0,Payment to supplier,ravi.krishnan
JV00204,06-03-2025,06-03-2025,4401,Power and fuel,15312.0,0.0,Electricity charges,amit.deshpande
JV00204,06-03-2025,06-03-2025,1332,Trade payables - other than micro and small,0.0,15312.0,Electricity charges,amit.deshpande
JV00205,23-08-2024,23-08-2024,4401,Power and fuel,9811.0,0.0,Electricity charges,priya.sharma
JV00205,23-08-2024,23-08-2024,1332,Trade payables - other than micro and small,0.0,9811.0,Electricity charges,priya.sharma
JV00206,05-09-2024,05-09-2024,4401,Power and fuel,353938.0,0.0,Electricity charges,ravi.krishnan
JV00206,05-09-2024,05-09-2024,1332,Trade payables - other than micro and small,0.0,353938.0,Electricity charges,ravi.krishnan
JV00207,02-09-2024,02-09-2024,2282,Balances with banks in current accounts,49084.0,0.0,Collection from customer,priya.sharma
JV00207,02-09-2024,02-09-2024,2251,Trade receivables - considered good,0.0,49084.0,Collection from customer,priya.sharma
JV00208,01-10-2024,01-10-2024,2251,Trade receivables - considered good,641722.0,0.0,Sale invoice raised,priya.sharma
JV00208,01-10-2024,01-10-2024,3001,Sale of manufactured goods,0.0,641722.0,Sale invoice raised,priya.sharma
JV00209,11-02-2025,11-02-2025,4409,Freight outward,122041.0,0.0,Outward freight,amit.deshpande
JV00209,11-02-2025,11-02-2025,1332,Trade payables - other than micro and small,0.0,122041.0,Outward freight,amit.deshpande
JV00210,12-07-2024,12-07-2024,4409,Freight outward,116459.0,0.0,Outward freight,amit.deshpande
JV00210,12-07-2024,12-07-2024,1332,Trade payables - other than micro and small,0.0,116459.0,Outward freight,amit.deshpande
JV00211,08-04-2024,08-04-2024,4001,Cost of materials consumed,253368.0,0.0,Purchase of raw material,priya.sharma
JV00211,08-04-2024,08-04-2024,1332,Trade payables - other than micro and small,0.0,253368.0,Purchase of raw material,priya.sharma
JV00212,29-05-2024,29-05-2024,4201,Salaries and wages,766628.0,0.0,Payroll for the month,ravi.krishnan
JV00212,29-05-2024,29-05-2024,1362,Employee benefits payable,0.0,766628.0,Payroll for the month,ravi.krishnan
JV00213,28-02-2025,28-02-2025,2251,Trade receivables - considered good,59998.0,0.0,Sale invoice raised,ravi.krishnan
JV00213,28-02-2025,28-02-2025,3001,Sale of manufactured goods,0.0,59998.0,Sale invoice raised,ravi.krishnan
JV00214,11-02-2025,11-02-2025,2251,Trade receivables - considered good,895372.0,0.0,Sale invoice raised,amit.deshpande
JV00214,11-02-2025,11-02-2025,3001,Sale of manufactured goods,0.0,895372.0,Sale invoice raised,amit.deshpande
JV00215,04-04-2024,04-04-2024,1332,Trade payables - other than micro and small,1344734.0,0.0,Payment to supplier,ravi.krishnan
JV00215,04-04-2024,04-04-2024,2282,Balances with banks in current accounts,0.0,1344734.0,Payment to supplier,ravi.krishnan
JV00216,07-03-2025,07-03-2025,4401,Power and fuel,292172.0,0.0,Electricity charges,priya.sharma
JV00216,07-03-2025,07-03-2025,1332,Trade payables - other than micro and small,0.0,292172.0,Electricity charges,priya.sharma
JV00217,03-09-2024,03-09-2024,4401,Power and fuel,120647.0,0.0,Electricity charges,ravi.krishnan
JV00217,03-09-2024,03-09-2024,1332,Trade payables - other than micro and small,0.0,120647.0,Electricity charges,ravi.krishnan
JV00218,04-07-2024,04-07-2024,2251,Trade receivables - considered good,476566.0,0.0,Sale invoice raised,priya.sharma
JV00218,04-07-2024,04-07-2024,3001,Sale of manufactured goods,0.0,476566.0,Sale invoice raised,priya.sharma
JV00219,06-06-2024,06-06-2024,4402,Repairs to machinery,15176.0,0.0,Machinery repairs,amit.deshpande
JV00219,06-06-2024,06-06-2024,1332,Trade payables - other than micro and small,0.0,15176.0,Machinery repairs,amit.deshpande
JV00220,06-02-2025,06-02-2025,4001,Cost of materials consumed,105005.0,0.0,Purchase of raw material,priya.sharma
JV00220,06-02-2025,06-02-2025,1332,Trade payables - other than micro and small,0.0,105005.0,Purchase of raw material,priya.sharma
JV00221,01-05-2024,01-05-2024,4201,Salaries and wages,126927.0,0.0,Payroll for the month,amit.deshpande
JV00221,01-05-2024,01-05-2024,1362,Employee benefits payable,0.0,126927.0,Payroll for the month,amit.deshpande
JV00222,27-12-2024,27-12-2024,4402,Repairs to machinery,7836.0,0.0,Machinery repairs,ravi.krishnan
JV00222,27-12-2024,27-12-2024,1332,Trade payables - other than micro and small,0.0,7836.0,Machinery repairs,ravi.krishnan
JV00223,12-04-2024,12-04-2024,4201,Salaries and wages,236024.0,0.0,Payroll for the month,ravi.krishnan
JV00223,12-04-2024,12-04-2024,1362,Employee benefits payable,0.0,236024.0,Payroll for the month,ravi.krishnan
JV00224,23-04-2024,23-04-2024,4402,Repairs to machinery,5465.0,0.0,Machinery repairs,priya.sharma
JV00224,23-04-2024,23-04-2024,1332,Trade payables - other than micro and small,0.0,5465.0,Machinery repairs,priya.sharma
JV00225,20-05-2024,20-05-2024,2251,Trade receivables - considered good,649901.0,0.0,Sale invoice raised,amit.deshpande
JV00225,20-05-2024,20-05-2024,3001,Sale of manufactured goods,0.0,649901.0,Sale invoice raised,amit.deshpande
JV00226,23-01-2025,23-01-2025,4001,Cost of materials consumed,41698.0,0.0,Purchase of raw material,ravi.krishnan
JV00226,23-01-2025,23-01-2025,1332,Trade payables - other than micro and small,0.0,41698.0,Purchase of raw material,ravi.krishnan
JV00227,18-10-2024,18-10-2024,4402,Repairs to machinery,45870.0,0.0,Machinery repairs,ravi.krishnan
JV00227,18-10-2024,18-10-2024,1332,Trade payables - other than micro and small,0.0,45870.0,Machinery repairs,ravi.krishnan
JV00228,15-11-2024,15-11-2024,4001,Cost of materials consumed,112813.0,0.0,Purchase of raw material,ravi.krishnan
JV00228,15-11-2024,15-11-2024,1332,Trade payables - other than micro and small,0.0,112813.0,Purchase of raw material,ravi.krishnan
JV00229,28-01-2025,28-01-2025,2282,Balances with banks in current accounts,106046.0,0.0,Collection from customer,priya.sharma
JV00229,28-01-2025,28-01-2025,2251,Trade receivables - considered good,0.0,106046.0,Collection from customer,priya.sharma
JV00230,10-01-2025,10-01-2025,4409,Freight outward,6405.0,0.0,Outward freight,priya.sharma
JV00230,10-01-2025,10-01-2025,1332,Trade payables - other than micro and small,0.0,6405.0,Outward freight,priya.sharma
JV00231,13-06-2024,13-06-2024,4201,Salaries and wages,1614951.0,0.0,Payroll for the month,ravi.krishnan
JV00231,13-06-2024,13-06-2024,1362,Employee benefits payable,0.0,1614951.0,Payroll for the month,ravi.krishnan
JV00232,07-02-2025,07-02-2025,4201,Salaries and wages,1068029.0,0.0,Payroll for the month,amit.deshpande
JV00232,07-02-2025,07-02-2025,1362,Employee benefits payable,0.0,1068029.0,Payroll for the month,amit.deshpande
JV00233,05-12-2024,05-12-2024,2282,Balances with banks in current accounts,96505.0,0.0,Collection from customer,ravi.krishnan
JV00233,05-12-2024,05-12-2024,2251,Trade receivables - considered good,0.0,96505.0,Collection from customer,ravi.krishnan
JV00234,27-06-2024,27-06-2024,4001,Cost of materials consumed,1072976.0,0.0,Purchase of raw material,priya.sharma
JV00234,27-06-2024,27-06-2024,1332,Trade payables - other than micro and small,0.0,1072976.0,Purchase of raw material,priya.sharma
JV00235,09-09-2024,09-09-2024,4401,Power and fuel,32313.0,0.0,Electricity charges,amit.deshpande
JV00235,09-09-2024,09-09-2024,1332,Trade payables - other than micro and small,0.0,32313.0,Electricity charges,amit.deshpande
JV00236,13-03-2025,13-03-2025,4409,Freight outward,37141.0,0.0,Outward freight,ravi.krishnan
JV00236,13-03-2025,13-03-2025,1332,Trade payables - other than micro and small,0.0,37141.0,Outward freight,ravi.krishnan
JV00237,23-05-2024,23-05-2024,2282,Balances with banks in current accounts,159896.0,0.0,Collection from customer,priya.sharma
JV00237,23-05-2024,23-05-2024,2251,Trade receivables - considered good,0.0,159896.0,Collection from customer,priya.sharma
JV00238,19-04-2024,19-04-2024,4409,Freight outward,28022.0,0.0,Outward freight,priya.sharma
JV00238,19-04-2024,19-04-2024,1332,Trade payables - other than micro and small,0.0,28022.0,Outward freight,priya.sharma
JV00239,15-11-2024,15-11-2024,4401,Power and fuel,67951.0,0.0,Electricity charges,amit.deshpande
JV00239,15-11-2024,15-11-2024,1332,Trade payables - other than micro and small,0.0,67951.0,Electricity charges,amit.deshpande
JV00240,14-01-2025,14-01-2025,4409,Freight outward,113952.0,0.0,Outward freight,ravi.krishnan
JV00240,14-01-2025,14-01-2025,1332,Trade payables - other than micro and small,0.0,113952.0,Outward freight,ravi.krishnan
JV00241,22-04-2024,22-04-2024,4001,Cost of materials consumed,80277.0,0.0,Purchase of raw material,amit.deshpande
JV00241,22-04-2024,22-04-2024,1332,Trade payables - other than micro and small,0.0,80277.0,Purchase of raw material,amit.deshpande
JV00242,12-12-2024,12-12-2024,1332,Trade payables - other than micro and small,33541.0,0.0,Payment to supplier,amit.deshpande
JV00242,12-12-2024,12-12-2024,2282,Balances with banks in current accounts,0.0,33541.0,Payment to supplier,amit.deshpande
JV00243,08-11-2024,08-11-2024,4001,Cost of materials consumed,45673.0,0.0,Purchase of raw material,priya.sharma
JV00243,08-11-2024,08-11-2024,1332,Trade payables - other than micro and small,0.0,45673.0,Purchase of raw material,priya.sharma
JV00244,19-09-2024,19-09-2024,2251,Trade receivables - considered good,163578.0,0.0,Sale invoice raised,amit.deshpande
JV00244,19-09-2024,19-09-2024,3001,Sale of manufactured goods,0.0,163578.0,Sale invoice raised,amit.deshpande
JV00245,01-05-2024,01-05-2024,1332,Trade payables - other than micro and small,223841.0,0.0,Payment to supplier,amit.deshpande
JV00245,01-05-2024,01-05-2024,2282,Balances with banks in current accounts,0.0,223841.0,Payment to supplier,amit.deshpande
JV00246,26-06-2024,26-06-2024,4001,Cost of materials consumed,1798854.0,0.0,Purchase of raw material,priya.sharma
JV00246,26-06-2024,26-06-2024,1332,Trade payables - other than micro and small,0.0,1798854.0,Purchase of raw material,priya.sharma
JV00247,01-08-2024,01-08-2024,4409,Freight outward,168962.0,0.0,Outward freight,amit.deshpande
JV00247,01-08-2024,01-08-2024,1332,Trade payables - other than micro and small,0.0,168962.0,Outward freight,amit.deshpande
JV00248,25-03-2025,25-03-2025,2251,Trade receivables - considered good,2419932.0,0.0,Sale invoice raised,amit.deshpande
JV00248,25-03-2025,25-03-2025,3001,Sale of manufactured goods,0.0,2419932.0,Sale invoice raised,amit.deshpande
JV00249,12-08-2024,12-08-2024,4401,Power and fuel,51110.0,0.0,Electricity charges,ravi.krishnan
JV00249,12-08-2024,12-08-2024,1332,Trade payables - other than micro and small,0.0,51110.0,Electricity charges,ravi.krishnan
JV00250,05-06-2024,05-06-2024,4402,Repairs to machinery,14657.0,0.0,Machinery repairs,amit.deshpande
JV00250,05-06-2024,05-06-2024,1332,Trade payables - other than micro and small,0.0,14657.0,Machinery repairs,amit.deshpande
JV00251,20-08-2024,20-08-2024,2251,Trade receivables - considered good,1936360.0,0.0,Sale invoice raised,ravi.krishnan
JV00251,20-08-2024,20-08-2024,3001,Sale of manufactured goods,0.0,1936360.0,Sale invoice raised,ravi.krishnan
JV00252,31-12-2024,31-12-2024,4409,Freight outward,4914.0,0.0,Outward freight,priya.sharma
JV00252,31-12-2024,31-12-2024,1332,Trade payables - other than micro and small,0.0,4914.0,Outward freight,priya.sharma
JV00253,30-01-2025,30-01-2025,2251,Trade receivables - considered good,1091579.0,0.0,Sale invoice raised,ravi.krishnan
JV00253,30-01-2025,30-01-2025,3001,Sale of manufactured goods,0.0,1091579.0,Sale invoice raised,ravi.krishnan
JV00254,07-08-2024,07-08-2024,4402,Repairs to machinery,25671.0,0.0,Machinery repairs,ravi.krishnan
JV00254,07-08-2024,07-08-2024,1332,Trade payables - other than micro and small,0.0,25671.0,Machinery repairs,ravi.krishnan
JV00255,18-06-2024,18-06-2024,4401,Power and fuel,474044.0,0.0,Electricity charges,ravi.krishnan
JV00255,18-06-2024,18-06-2024,1332,Trade payables - other than micro and small,0.0,474044.0,Electricity charges,ravi.krishnan
JV00256,30-09-2024,30-09-2024,4201,Salaries and wages,1235948.0,0.0,Payroll for the month,priya.sharma
JV00256,30-09-2024,30-09-2024,1362,Employee benefits payable,0.0,1235948.0,Payroll for the month,priya.sharma
JV00257,11-04-2024,11-04-2024,4201,Salaries and wages,119734.0,0.0,Payroll for the month,ravi.krishnan
JV00257,11-04-2024,11-04-2024,1362,Employee benefits payable,0.0,119734.0,Payroll for the month,ravi.krishnan
JV00258,13-02-2025,13-02-2025,2251,Trade receivables - considered good,2569756.0,0.0,Sale invoice raised,ravi.krishnan
JV00258,13-02-2025,13-02-2025,3001,Sale of manufactured goods,0.0,2569756.0,Sale invoice raised,ravi.krishnan
JV00259,03-09-2024,03-09-2024,4401,Power and fuel,460587.0,0.0,Electricity charges,amit.deshpande
JV00259,03-09-2024,03-09-2024,1332,Trade payables - other than micro and small,0.0,460587.0,Electricity charges,amit.deshpande
JV00260,05-11-2024,05-11-2024,2251,Trade receivables - considered good,374056.0,0.0,Sale invoice raised,ravi.krishnan
JV00260,05-11-2024,05-11-2024,3001,Sale of manufactured goods,0.0,374056.0,Sale invoice raised,ravi.krishnan
JV00261,25-02-2025,25-02-2025,4201,Salaries and wages,303963.0,0.0,Payroll for the month,priya.sharma
JV00261,25-02-2025,25-02-2025,1362,Employee benefits payable,0.0,303963.0,Payroll for the month,priya.sharma
JV00262,19-09-2024,19-09-2024,4401,Power and fuel,892222.0,0.0,Electricity charges,ravi.krishnan
JV00262,19-09-2024,19-09-2024,1332,Trade payables - other than micro and small,0.0,892222.0,Electricity charges,ravi.krishnan
JV00263,18-10-2024,18-10-2024,2282,Balances with banks in current accounts,122394.0,0.0,Collection from customer,amit.deshpande
JV00263,18-10-2024,18-10-2024,2251,Trade receivables - considered good,0.0,122394.0,Collection from customer,amit.deshpande
JV00264,09-04-2024,09-04-2024,4401,Power and fuel,266221.0,0.0,Electricity charges,priya.sharma
JV00264,09-04-2024,09-04-2024,1332,Trade payables - other than micro and small,0.0,266221.0,Electricity charges,priya.sharma
JV00265,06-08-2024,06-08-2024,4401,Power and fuel,681367.0,0.0,Electricity charges,priya.sharma
JV00265,06-08-2024,06-08-2024,1332,Trade payables - other than micro and small,0.0,681367.0,Electricity charges,priya.sharma
JV00266,08-04-2024,08-04-2024,4401,Power and fuel,17276.0,0.0,Electricity charges,priya.sharma
JV00266,08-04-2024,08-04-2024,1332,Trade payables - other than micro and small,0.0,17276.0,Electricity charges,priya.sharma
JV00267,17-12-2024,17-12-2024,2251,Trade receivables - considered good,495105.0,0.0,Sale invoice raised,ravi.krishnan
JV00267,17-12-2024,17-12-2024,3001,Sale of manufactured goods,0.0,495105.0,Sale invoice raised,ravi.krishnan
JV00268,17-09-2024,17-09-2024,4201,Salaries and wages,70802.0,0.0,Payroll for the month,ravi.krishnan
JV00268,17-09-2024,17-09-2024,1362,Employee benefits payable,0.0,70802.0,Payroll for the month,ravi.krishnan
JV00269,03-05-2024,03-05-2024,1332,Trade payables - other than micro and small,813578.0,0.0,Payment to supplier,ravi.krishnan
JV00269,03-05-2024,03-05-2024,2282,Balances with banks in current accounts,0.0,813578.0,Payment to supplier,ravi.krishnan
JV00270,06-12-2024,06-12-2024,2282,Balances with banks in current accounts,117435.0,0.0,Collection from customer,priya.sharma
JV00270,06-12-2024,06-12-2024,2251,Trade receivables - considered good,0.0,117435.0,Collection from customer,priya.sharma
JV00271,31-12-2024,31-12-2024,4401,Power and fuel,10056.0,0.0,Electricity charges,amit.deshpande
JV00271,31-12-2024,31-12-2024,1332,Trade payables - other than micro and small,0.0,10056.0,Electricity charges,amit.deshpande
JV00272,04-06-2024,04-06-2024,4001,Cost of materials consumed,2249046.0,0.0,Purchase of raw material,ravi.krishnan
JV00272,04-06-2024,04-06-2024,1332,Trade payables - other than micro and small,0.0,2249046.0,Purchase of raw material,ravi.krishnan
JV00273,10-09-2024,10-09-2024,4401,Power and fuel,186908.0,0.0,Electricity charges,amit.deshpande
JV00273,10-09-2024,10-09-2024,1332,Trade payables - other than micro and small,0.0,186908.0,Electricity charges,amit.deshpande
JV00274,13-05-2024,13-05-2024,2282,Balances with banks in current accounts,504998.0,0.0,Collection from customer,priya.sharma
JV00274,13-05-2024,13-05-2024,2251,Trade receivables - considered good,0.0,504998.0,Collection from customer,priya.sharma
JV00275,01-08-2024,01-08-2024,4402,Repairs to machinery,25669.0,0.0,Machinery repairs,amit.deshpande
JV00275,01-08-2024,01-08-2024,1332,Trade payables - other than micro and small,0.0,25669.0,Machinery repairs,amit.deshpande
JV00276,16-05-2024,16-05-2024,2282,Balances with banks in current accounts,308238.0,0.0,Collection from customer,priya.sharma
JV00276,16-05-2024,16-05-2024,2251,Trade receivables - considered good,0.0,308238.0,Collection from customer,priya.sharma
JV00277,15-10-2024,15-10-2024,1332,Trade payables - other than micro and small,336238.0,0.0,Payment to supplier,ravi.krishnan
JV00277,15-10-2024,15-10-2024,2282,Balances with banks in current accounts,0.0,336238.0,Payment to supplier,ravi.krishnan
JV00278,15-10-2024,15-10-2024,4001,Cost of materials consumed,342975.0,0.0,Purchase of raw material,priya.sharma
JV00278,15-10-2024,15-10-2024,1332,Trade payables - other than micro and small,0.0,342975.0,Purchase of raw material,priya.sharma
JV00279,26-12-2024,26-12-2024,4401,Power and fuel,42939.0,0.0,Electricity charges,priya.sharma
JV00279,26-12-2024,26-12-2024,1332,Trade payables - other than micro and small,0.0,42939.0,Electricity charges,priya.sharma
JV00280,05-11-2024,05-11-2024,4201,Salaries and wages,52606.0,0.0,Payroll for the month,ravi.krishnan
JV00280,05-11-2024,05-11-2024,1362,Employee benefits payable,0.0,52606.0,Payroll for the month,ravi.krishnan
JV00281,05-09-2024,05-09-2024,2251,Trade receivables - considered good,70393.0,0.0,Sale invoice raised,ravi.krishnan
JV00281,05-09-2024,05-09-2024,3001,Sale of manufactured goods,0.0,70393.0,Sale invoice raised,ravi.krishnan
JV00282,12-08-2024,12-08-2024,4409,Freight outward,6183.0,0.0,Outward freight,ravi.krishnan
JV00282,12-08-2024,12-08-2024,1332,Trade payables - other than micro and small,0.0,6183.0,Outward freight,ravi.krishnan
JV00283,10-10-2024,10-10-2024,4401,Power and fuel,33168.0,0.0,Electricity charges,priya.sharma
JV00283,10-10-2024,10-10-2024,1332,Trade payables - other than micro and small,0.0,33168.0,Electricity charges,priya.sharma
JV00284,21-11-2024,21-11-2024,4402,Repairs to machinery,6049.0,0.0,Machinery repairs,priya.sharma
JV00284,21-11-2024,21-11-2024,1332,Trade payables - other than micro and small,0.0,6049.0,Machinery repairs,priya.sharma
JV00285,04-06-2024,04-06-2024,1332,Trade payables - other than micro and small,68735.0,0.0,Payment to supplier,priya.sharma
JV00285,04-06-2024,04-06-2024,2282,Balances with banks in current accounts,0.0,68735.0,Payment to supplier,priya.sharma
JV00286,06-03-2025,06-03-2025,4401,Power and fuel,38923.0,0.0,Electricity charges,amit.deshpande
JV00286,06-03-2025,06-03-2025,1332,Trade payables - other than micro and small,0.0,38923.0,Electricity charges,amit.deshpande
JV00287,22-07-2024,22-07-2024,1332,Trade payables - other than micro and small,36612.0,0.0,Payment to supplier,amit.deshpande
JV00287,22-07-2024,22-07-2024,2282,Balances with banks in current accounts,0.0,36612.0,Payment to supplier,amit.deshpande
JV00288,06-08-2024,06-08-2024,4402,Repairs to machinery,59718.0,0.0,Machinery repairs,amit.deshpande
JV00288,06-08-2024,06-08-2024,1332,Trade payables - other than micro and small,0.0,59718.0,Machinery repairs,amit.deshpande
JV00289,22-07-2024,22-07-2024,4001,Cost of materials consumed,1348645.0,0.0,Purchase of raw material,priya.sharma
JV00289,22-07-2024,22-07-2024,1332,Trade payables - other than micro and small,0.0,1348645.0,Purchase of raw material,priya.sharma
JV00290,06-03-2025,06-03-2025,2282,Balances with banks in current accounts,61004.0,0.0,Collection from customer,amit.deshpande
JV00290,06-03-2025,06-03-2025,2251,Trade receivables - considered good,0.0,61004.0,Collection from customer,amit.deshpande
JV00291,27-08-2024,27-08-2024,4001,Cost of materials consumed,27815.0,0.0,Purchase of raw material,priya.sharma
JV00291,27-08-2024,27-08-2024,1332,Trade payables - other than micro and small,0.0,27815.0,Purchase of raw material,priya.sharma
JV00292,06-01-2025,06-01-2025,4001,Cost of materials consumed,172356.0,0.0,Purchase of raw material,ravi.krishnan
JV00292,06-01-2025,06-01-2025,1332,Trade payables - other than micro and small,0.0,172356.0,Purchase of raw material,ravi.krishnan
JV00293,16-07-2024,16-07-2024,4201,Salaries and wages,74311.0,0.0,Payroll for the month,amit.deshpande
JV00293,16-07-2024,16-07-2024,1362,Employee benefits payable,0.0,74311.0,Payroll for the month,amit.deshpande
JV00294,28-06-2024,28-06-2024,1332,Trade payables - other than micro and small,91025.0,0.0,Payment to supplier,amit.deshpande
JV00294,28-06-2024,28-06-2024,2282,Balances with banks in current accounts,0.0,91025.0,Payment to supplier,amit.deshpande
JV00295,19-07-2024,19-07-2024,2251,Trade receivables - considered good,326773.0,0.0,Sale invoice raised,priya.sharma
JV00295,19-07-2024,19-07-2024,3001,Sale of manufactured goods,0.0,326773.0,Sale invoice raised,priya.sharma
JV00296,15-04-2024,15-04-2024,4402,Repairs to machinery,10166.0,0.0,Machinery repairs,priya.sharma
JV00296,15-04-2024,15-04-2024,1332,Trade payables - other than micro and small,0.0,10166.0,Machinery repairs,priya.sharma
JV00297,02-09-2024,02-09-2024,4001,Cost of materials consumed,149513.0,0.0,Purchase of raw material,ravi.krishnan
JV00297,02-09-2024,02-09-2024,1332,Trade payables - other than micro and small,0.0,149513.0,Purchase of raw material,ravi.krishnan
JV00298,04-04-2024,04-04-2024,4401,Power and fuel,15348.0,0.0,Electricity charges,ravi.krishnan
JV00298,04-04-2024,04-04-2024,1332,Trade payables - other than micro and small,0.0,15348.0,Electricity charges,ravi.krishnan
JV00299,23-01-2025,23-01-2025,2282,Balances with banks in current accounts,54744.0,0.0,Collection from customer,ravi.krishnan
JV00299,23-01-2025,23-01-2025,2251,Trade receivables - considered good,0.0,54744.0,Collection from customer,ravi.krishnan
JV00300,08-11-2024,08-11-2024,4402,Repairs to machinery,53888.0,0.0,Machinery repairs,ravi.krishnan
JV00300,08-11-2024,08-11-2024,1332,Trade payables - other than micro and small,0.0,53888.0,Machinery repairs,ravi.krishnan
JV00301,03-03-2025,03-03-2025,4409,Freight outward,6930.0,0.0,Outward freight,amit.deshpande
JV00301,03-03-2025,03-03-2025,1332,Trade payables - other than micro and small,0.0,6930.0,Outward freight,amit.deshpande
JV00302,09-07-2024,09-07-2024,4201,Salaries and wages,748922.0,0.0,Payroll for the month,amit.deshpande
JV00302,09-07-2024,09-07-2024,1362,Employee benefits payable,0.0,748922.0,Payroll for the month,amit.deshpande
JV00303,20-11-2024,20-11-2024,2251,Trade receivables - considered good,40227.0,0.0,Sale invoice raised,priya.sharma
JV00303,20-11-2024,20-11-2024,3001,Sale of manufactured goods,0.0,40227.0,Sale invoice raised,priya.sharma
JV00304,11-10-2024,11-10-2024,4402,Repairs to machinery,3517.0,0.0,Machinery repairs,amit.deshpande
JV00304,11-10-2024,11-10-2024,1332,Trade payables - other than micro and small,0.0,3517.0,Machinery repairs,amit.deshpande
JV00305,14-05-2024,14-05-2024,4409,Freight outward,23864.0,0.0,Outward freight,amit.deshpande
JV00305,14-05-2024,14-05-2024,1332,Trade payables - other than micro and small,0.0,23864.0,Outward freight,amit.deshpande
JV00306,04-10-2024,04-10-2024,4402,Repairs to machinery,50494.0,0.0,Machinery repairs,priya.sharma
JV00306,04-10-2024,04-10-2024,1332,Trade payables - other than micro and small,0.0,50494.0,Machinery repairs,priya.sharma
JV00307,26-08-2024,26-08-2024,1332,Trade payables - other than micro and small,38292.0,0.0,Payment to supplier,ravi.krishnan
JV00307,26-08-2024,26-08-2024,2282,Balances with banks in current accounts,0.0,38292.0,Payment to supplier,ravi.krishnan
JV00308,05-09-2024,05-09-2024,2282,Balances with banks in current accounts,218811.0,0.0,Collection from customer,priya.sharma
JV00308,05-09-2024,05-09-2024,2251,Trade receivables - considered good,0.0,218811.0,Collection from customer,priya.sharma
JV00309,10-06-2024,10-06-2024,2282,Balances with banks in current accounts,874732.0,0.0,Collection from customer,amit.deshpande
JV00309,10-06-2024,10-06-2024,2251,Trade receivables - considered good,0.0,874732.0,Collection from customer,amit.deshpande
JV00310,30-12-2024,30-12-2024,4201,Salaries and wages,327264.0,0.0,Payroll for the month,priya.sharma
JV00310,30-12-2024,30-12-2024,1362,Employee benefits payable,0.0,327264.0,Payroll for the month,priya.sharma
JV00311,03-05-2024,03-05-2024,2282,Balances with banks in current accounts,85699.0,0.0,Collection from customer,ravi.krishnan
JV00311,03-05-2024,03-05-2024,2251,Trade receivables - considered good,0.0,85699.0,Collection from customer,ravi.krishnan
JV00312,03-04-2024,03-04-2024,1332,Trade payables - other than micro and small,322885.0,0.0,Payment to supplier,ravi.krishnan
JV00312,03-04-2024,03-04-2024,2282,Balances with banks in current accounts,0.0,322885.0,Payment to supplier,ravi.krishnan
JV00313,05-07-2024,05-07-2024,4401,Power and fuel,433833.0,0.0,Electricity charges,amit.deshpande
JV00313,05-07-2024,05-07-2024,1332,Trade payables - other than micro and small,0.0,433833.0,Electricity charges,amit.deshpande
JV00314,19-09-2024,19-09-2024,1332,Trade payables - other than micro and small,59590.0,0.0,Payment to supplier,amit.deshpande
JV00314,19-09-2024,19-09-2024,2282,Balances with banks in current accounts,0.0,59590.0,Payment to supplier,amit.deshpande
JV00315,06-03-2025,06-03-2025,4409,Freight outward,52691.0,0.0,Outward freight,priya.sharma
JV00315,06-03-2025,06-03-2025,1332,Trade payables - other than micro and small,0.0,52691.0,Outward freight,priya.sharma
JV00316,05-09-2024,05-09-2024,4201,Salaries and wages,56042.0,0.0,Payroll for the month,amit.deshpande
JV00316,05-09-2024,05-09-2024,1362,Employee benefits payable,0.0,56042.0,Payroll for the month,amit.deshpande
JV00317,23-05-2024,23-05-2024,4402,Repairs to machinery,10249.0,0.0,Machinery repairs,priya.sharma
JV00317,23-05-2024,23-05-2024,1332,Trade payables - other than micro and small,0.0,10249.0,Machinery repairs,priya.sharma
JV00318,11-07-2024,11-07-2024,4401,Power and fuel,292003.0,0.0,Electricity charges,ravi.krishnan
JV00318,11-07-2024,11-07-2024,1332,Trade payables - other than micro and small,0.0,292003.0,Electricity charges,ravi.krishnan
JV00319,26-02-2025,26-02-2025,2251,Trade receivables - considered good,247569.0,0.0,Sale invoice raised,amit.deshpande
JV00319,26-02-2025,26-02-2025,3001,Sale of manufactured goods,0.0,247569.0,Sale invoice raised,amit.deshpande
JV00320,06-12-2024,06-12-2024,4401,Power and fuel,176290.0,0.0,Electricity charges,amit.deshpande
JV00320,06-12-2024,06-12-2024,1332,Trade payables - other than micro and small,0.0,176290.0,Electricity charges,amit.deshpande
JV00321,27-01-2025,27-01-2025,2282,Balances with banks in current accounts,125079.0,0.0,Collection from customer,priya.sharma
JV00321,27-01-2025,27-01-2025,2251,Trade receivables - considered good,0.0,125079.0,Collection from customer,priya.sharma
JV00322,01-01-2025,01-01-2025,4201,Salaries and wages,51674.0,0.0,Payroll for the month,ravi.krishnan
JV00322,01-01-2025,01-01-2025,1362,Employee benefits payable,0.0,51674.0,Payroll for the month,ravi.krishnan
JV00323,22-11-2024,22-11-2024,2282,Balances with banks in current accounts,301869.0,0.0,Collection from customer,amit.deshpande
JV00323,22-11-2024,22-11-2024,2251,Trade receivables - considered good,0.0,301869.0,Collection from customer,amit.deshpande
JV00324,24-10-2024,24-10-2024,4201,Salaries and wages,478599.0,0.0,Payroll for the month,ravi.krishnan
JV00324,24-10-2024,24-10-2024,1362,Employee benefits payable,0.0,478599.0,Payroll for the month,ravi.krishnan
JV00325,20-02-2025,20-02-2025,4201,Salaries and wages,572997.0,0.0,Payroll for the month,amit.deshpande
JV00325,20-02-2025,20-02-2025,1362,Employee benefits payable,0.0,572997.0,Payroll for the month,amit.deshpande
JV00326,11-02-2025,11-02-2025,4402,Repairs to machinery,109469.0,0.0,Machinery repairs,priya.sharma
JV00326,11-02-2025,11-02-2025,1332,Trade payables - other than micro and small,0.0,109469.0,Machinery repairs,priya.sharma
JV00327,18-12-2024,18-12-2024,2251,Trade receivables - considered good,384655.0,0.0,Sale invoice raised,priya.sharma
JV00327,18-12-2024,18-12-2024,3001,Sale of manufactured goods,0.0,384655.0,Sale invoice raised,priya.sharma
JV00328,26-09-2024,26-09-2024,2251,Trade receivables - considered good,78429.0,0.0,Sale invoice raised,amit.deshpande
JV00328,26-09-2024,26-09-2024,3001,Sale of manufactured goods,0.0,78429.0,Sale invoice raised,amit.deshpande
JV00329,02-08-2024,02-08-2024,2251,Trade receivables - considered good,1055772.0,0.0,Sale invoice raised,ravi.krishnan
JV00329,02-08-2024,02-08-2024,3001,Sale of manufactured goods,0.0,1055772.0,Sale invoice raised,ravi.krishnan
JV00330,15-11-2024,15-11-2024,1332,Trade payables - other than micro and small,924610.0,0.0,Payment to supplier,amit.deshpande
JV00330,15-11-2024,15-11-2024,2282,Balances with banks in current accounts,0.0,924610.0,Payment to supplier,amit.deshpande
JV00331,07-05-2024,07-05-2024,4201,Salaries and wages,1318349.0,0.0,Payroll for the month,amit.deshpande
JV00331,07-05-2024,07-05-2024,1362,Employee benefits payable,0.0,1318349.0,Payroll for the month,amit.deshpande
JV00332,05-06-2024,05-06-2024,4201,Salaries and wages,1128190.0,0.0,Payroll for the month,ravi.krishnan
JV00332,05-06-2024,05-06-2024,1362,Employee benefits payable,0.0,1128190.0,Payroll for the month,ravi.krishnan
JV00333,09-12-2024,09-12-2024,4001,Cost of materials consumed,1027299.0,0.0,Purchase of raw material,ravi.krishnan
JV00333,09-12-2024,09-12-2024,1332,Trade payables - other than micro and small,0.0,1027299.0,Purchase of raw material,ravi.krishnan
JV00334,16-04-2024,16-04-2024,2251,Trade receivables - considered good,34403.0,0.0,Sale invoice raised,amit.deshpande
JV00334,16-04-2024,16-04-2024,3001,Sale of manufactured goods,0.0,34403.0,Sale invoice raised,amit.deshpande
JV00335,25-07-2024,25-07-2024,4401,Power and fuel,24445.0,0.0,Electricity charges,amit.deshpande
JV00335,25-07-2024,25-07-2024,1332,Trade payables - other than micro and small,0.0,24445.0,Electricity charges,amit.deshpande
JV00336,05-08-2024,05-08-2024,4401,Power and fuel,204268.0,0.0,Electricity charges,priya.sharma
JV00336,05-08-2024,05-08-2024,1332,Trade payables - other than micro and small,0.0,204268.0,Electricity charges,priya.sharma
JV00337,16-10-2024,16-10-2024,2282,Balances with banks in current accounts,38889.0,0.0,Collection from customer,amit.deshpande
JV00337,16-10-2024,16-10-2024,2251,Trade receivables - considered good,0.0,38889.0,Collection from customer,amit.deshpande
JV00338,14-01-2025,14-01-2025,4401,Power and fuel,16302.0,0.0,Electricity charges,amit.deshpande
JV00338,14-01-2025,14-01-2025,1332,Trade payables - other than micro and small,0.0,16302.0,Electricity charges,amit.deshpande
JV00339,15-10-2024,15-10-2024,2251,Trade receivables - considered good,2891740.0,0.0,Sale invoice raised,priya.sharma
JV00339,15-10-2024,15-10-2024,3001,Sale of manufactured goods,0.0,2891740.0,Sale invoice raised,priya.sharma
JV00340,19-03-2025,19-03-2025,2282,Balances with banks in current accounts,1903071.0,0.0,Collection from customer,priya.sharma
JV00340,19-03-2025,19-03-2025,2251,Trade receivables - considered good,0.0,1903071.0,Collection from customer,priya.sharma
JV00341,29-04-2024,29-04-2024,2282,Balances with banks in current accounts,38554.0,0.0,Collection from customer,priya.sharma
JV00341,29-04-2024,29-04-2024,2251,Trade receivables - considered good,0.0,38554.0,Collection from customer,priya.sharma
JV00342,21-10-2024,21-10-2024,4409,Freight outward,110849.0,0.0,Outward freight,amit.deshpande
JV00342,21-10-2024,21-10-2024,1332,Trade payables - other than micro and small,0.0,110849.0,Outward freight,amit.deshpande
JV00343,25-11-2024,25-11-2024,2251,Trade receivables - considered good,161340.0,0.0,Sale invoice raised,amit.deshpande
JV00343,25-11-2024,25-11-2024,3001,Sale of manufactured goods,0.0,161340.0,Sale invoice raised,amit.deshpande
JV00344,10-05-2024,10-05-2024,4402,Repairs to machinery,125415.0,0.0,Machinery repairs,amit.deshpande
JV00344,10-05-2024,10-05-2024,1332,Trade payables - other than micro and small,0.0,125415.0,Machinery repairs,amit.deshpande
JV00345,13-08-2024,13-08-2024,2251,Trade receivables - considered good,145045.0,0.0,Sale invoice raised,priya.sharma
JV00345,13-08-2024,13-08-2024,3001,Sale of manufactured goods,0.0,145045.0,Sale invoice raised,priya.sharma
JV00346,31-07-2024,31-07-2024,4409,Freight outward,7248.0,0.0,Outward freight,ravi.krishnan
JV00346,31-07-2024,31-07-2024,1332,Trade payables - other than micro and small,0.0,7248.0,Outward freight,ravi.krishnan
JV00347,20-01-2025,20-01-2025,4201,Salaries and wages,113942.0,0.0,Payroll for the month,priya.sharma
JV00347,20-01-2025,20-01-2025,1362,Employee benefits payable,0.0,113942.0,Payroll for the month,priya.sharma
JV00348,24-09-2024,24-09-2024,4001,Cost of materials consumed,252869.0,0.0,Purchase of raw material,amit.deshpande
JV00348,24-09-2024,24-09-2024,1332,Trade payables - other than micro and small,0.0,252869.0,Purchase of raw material,amit.deshpande
JV00349,13-08-2024,13-08-2024,4409,Freight outward,203643.0,0.0,Outward freight,ravi.krishnan
JV00349,13-08-2024,13-08-2024,1332,Trade payables - other than micro and small,0.0,203643.0,Outward freight,ravi.krishnan
JV00350,15-05-2024,15-05-2024,4409,Freight outward,115735.0,0.0,Outward freight,priya.sharma
JV00350,15-05-2024,15-05-2024,1332,Trade payables - other than micro and small,0.0,115735.0,Outward freight,priya.sharma
JV00351,10-05-2024,10-05-2024,2282,Balances with banks in current accounts,2361460.0,0.0,Collection from customer,ravi.krishnan
JV00351,10-05-2024,10-05-2024,2251,Trade receivables - considered good,0.0,2361460.0,Collection from customer,ravi.krishnan
JV00352,03-07-2024,03-07-2024,1332,Trade payables - other than micro and small,1188375.0,0.0,Payment to supplier,ravi.krishnan
JV00352,03-07-2024,03-07-2024,2282,Balances with banks in current accounts,0.0,1188375.0,Payment to supplier,ravi.krishnan
JV00353,06-12-2024,06-12-2024,4201,Salaries and wages,31343.0,0.0,Payroll for the month,priya.sharma
JV00353,06-12-2024,06-12-2024,1362,Employee benefits payable,0.0,31343.0,Payroll for the month,priya.sharma
JV00354,25-06-2024,25-06-2024,4001,Cost of materials consumed,38290.0,0.0,Purchase of raw material,ravi.krishnan
JV00354,25-06-2024,25-06-2024,1332,Trade payables - other than micro and small,0.0,38290.0,Purchase of raw material,ravi.krishnan
JV00355,29-04-2024,29-04-2024,2282,Balances with banks in current accounts,75576.0,0.0,Collection from customer,priya.sharma
JV00355,29-04-2024,29-04-2024,2251,Trade receivables - considered good,0.0,75576.0,Collection from customer,priya.sharma
JV00356,29-08-2024,29-08-2024,1332,Trade payables - other than micro and small,220755.0,0.0,Payment to supplier,priya.sharma
JV00356,29-08-2024,29-08-2024,2282,Balances with banks in current accounts,0.0,220755.0,Payment to supplier,priya.sharma
JV00357,13-12-2024,13-12-2024,4402,Repairs to machinery,170432.0,0.0,Machinery repairs,amit.deshpande
JV00357,13-12-2024,13-12-2024,1332,Trade payables - other than micro and small,0.0,170432.0,Machinery repairs,amit.deshpande
JV00358,03-09-2024,03-09-2024,4402,Repairs to machinery,26538.0,0.0,Machinery repairs,ravi.krishnan
JV00358,03-09-2024,03-09-2024,1332,Trade payables - other than micro and small,0.0,26538.0,Machinery repairs,ravi.krishnan
JV00359,04-03-2025,04-03-2025,1332,Trade payables - other than micro and small,395808.0,0.0,Payment to supplier,ravi.krishnan
JV00359,04-03-2025,04-03-2025,2282,Balances with banks in current accounts,0.0,395808.0,Payment to supplier,ravi.krishnan
JV00360,12-04-2024,12-04-2024,4409,Freight outward,181080.0,0.0,Outward freight,amit.deshpande
JV00360,12-04-2024,12-04-2024,1332,Trade payables - other than micro and small,0.0,181080.0,Outward freight,amit.deshpande
JV00361,24-04-2024,24-04-2024,4201,Salaries and wages,258214.0,0.0,Payroll for the month,ravi.krishnan
JV00361,24-04-2024,24-04-2024,1362,Employee benefits payable,0.0,258214.0,Payroll for the month,ravi.krishnan
JV00362,22-04-2024,22-04-2024,4201,Salaries and wages,251362.0,0.0,Payroll for the month,ravi.krishnan
JV00362,22-04-2024,22-04-2024,1362,Employee benefits payable,0.0,251362.0,Payroll for the month,ravi.krishnan
JV00363,21-08-2024,21-08-2024,2251,Trade receivables - considered good,730148.0,0.0,Sale invoice raised,ravi.krishnan
JV00363,21-08-2024,21-08-2024,3001,Sale of manufactured goods,0.0,730148.0,Sale invoice raised,ravi.krishnan
JV00364,17-03-2025,17-03-2025,2282,Balances with banks in current accounts,348686.0,0.0,Collection from customer,priya.sharma
JV00364,17-03-2025,17-03-2025,2251,Trade receivables - considered good,0.0,348686.0,Collection from customer,priya.sharma
JV00365,14-08-2024,14-08-2024,1332,Trade payables - other than micro and small,941703.0,0.0,Payment to supplier,priya.sharma
JV00365,14-08-2024,14-08-2024,2282,Balances with banks in current accounts,0.0,941703.0,Payment to supplier,priya.sharma
JV00366,08-05-2024,08-05-2024,4409,Freight outward,28264.0,0.0,Outward freight,priya.sharma
JV00366,08-05-2024,08-05-2024,1332,Trade payables - other than micro and small,0.0,28264.0,Outward freight,priya.sharma
JV00367,18-06-2024,18-06-2024,4402,Repairs to machinery,8987.0,0.0,Machinery repairs,amit.deshpande
JV00367,18-06-2024,18-06-2024,1332,Trade payables - other than micro and small,0.0,8987.0,Machinery repairs,amit.deshpande
JV00368,16-01-2025,16-01-2025,4401,Power and fuel,146634.0,0.0,Electricity charges,amit.deshpande
JV00368,16-01-2025,16-01-2025,1332,Trade payables - other than micro and small,0.0,146634.0,Electricity charges,amit.deshpande
JV00369,13-01-2025,13-01-2025,4201,Salaries and wages,411312.0,0.0,Payroll for the month,ravi.krishnan
JV00369,13-01-2025,13-01-2025,1362,Employee benefits payable,0.0,411312.0,Payroll for the month,ravi.krishnan
JV00370,13-08-2024,13-08-2024,1332,Trade payables - other than micro and small,277655.0,0.0,Payment to supplier,ravi.krishnan
JV00370,13-08-2024,13-08-2024,2282,Balances with banks in current accounts,0.0,277655.0,Payment to supplier,ravi.krishnan
JV00371,07-06-2024,07-06-2024,4001,Cost of materials consumed,98021.0,0.0,Purchase of raw material,amit.deshpande
JV00371,07-06-2024,07-06-2024,1332,Trade payables - other than micro and small,0.0,98021.0,Purchase of raw material,amit.deshpande
JV00372,21-01-2025,21-01-2025,4001,Cost of materials consumed,124615.0,0.0,Purchase of raw material,ravi.krishnan
JV00372,21-01-2025,21-01-2025,1332,Trade payables - other than micro and small,0.0,124615.0,Purchase of raw material,ravi.krishnan
JV00373,03-07-2024,03-07-2024,4402,Repairs to machinery,5115.0,0.0,Machinery repairs,ravi.krishnan
JV00373,03-07-2024,03-07-2024,1332,Trade payables - other than micro and small,0.0,5115.0,Machinery repairs,ravi.krishnan
JV00374,16-09-2024,16-09-2024,2251,Trade receivables - considered good,35890.0,0.0,Sale invoice raised,amit.deshpande
JV00374,16-09-2024,16-09-2024,3001,Sale of manufactured goods,0.0,35890.0,Sale invoice raised,amit.deshpande
JV00375,30-05-2024,30-05-2024,4409,Freight outward,37421.0,0.0,Outward freight,amit.deshpande
JV00375,30-05-2024,30-05-2024,1332,Trade payables - other than micro and small,0.0,37421.0,Outward freight,amit.deshpande
JV00376,04-09-2024,04-09-2024,1332,Trade payables - other than micro and small,880894.0,0.0,Payment to supplier,amit.deshpande
JV00376,04-09-2024,04-09-2024,2282,Balances with banks in current accounts,0.0,880894.0,Payment to supplier,amit.deshpande
JV00377,24-06-2024,24-06-2024,2282,Balances with banks in current accounts,30220.0,0.0,Collection from customer,amit.deshpande
JV00377,24-06-2024,24-06-2024,2251,Trade receivables - considered good,0.0,30220.0,Collection from customer,amit.deshpande
JV00378,31-01-2025,31-01-2025,4401,Power and fuel,482746.0,0.0,Electricity charges,amit.deshpande
JV00378,31-01-2025,31-01-2025,1332,Trade payables - other than micro and small,0.0,482746.0,Electricity charges,amit.deshpande
JV00379,11-04-2024,11-04-2024,2251,Trade receivables - considered good,260862.0,0.0,Sale invoice raised,priya.sharma
JV00379,11-04-2024,11-04-2024,3001,Sale of manufactured goods,0.0,260862.0,Sale invoice raised,priya.sharma
JV00380,17-10-2024,17-10-2024,2282,Balances with banks in current accounts,89576.0,0.0,Collection from customer,amit.deshpande
JV00380,17-10-2024,17-10-2024,2251,Trade receivables - considered good,0.0,89576.0,Collection from customer,amit.deshpande
JV00381,24-03-2025,24-03-2025,4402,Repairs to machinery,16550.0,0.0,Machinery repairs,ravi.krishnan
JV00381,24-03-2025,24-03-2025,1332,Trade payables - other than micro and small,0.0,16550.0,Machinery repairs,ravi.krishnan
JV00382,16-05-2024,16-05-2024,4001,Cost of materials consumed,176062.0,0.0,Purchase of raw material,amit.deshpande
JV00382,16-05-2024,16-05-2024,1332,Trade payables - other than micro and small,0.0,176062.0,Purchase of raw material,amit.deshpande
JV00383,06-01-2025,06-01-2025,2251,Trade receivables - considered good,96369.0,0.0,Sale invoice raised,amit.deshpande
JV00383,06-01-2025,06-01-2025,3001,Sale of manufactured goods,0.0,96369.0,Sale invoice raised,amit.deshpande
JV00384,22-05-2024,22-05-2024,4201,Salaries and wages,21891.0,0.0,Payroll for the month,amit.deshpande
JV00384,22-05-2024,22-05-2024,1362,Employee benefits payable,0.0,21891.0,Payroll for the month,amit.deshpande
JV00385,06-09-2024,06-09-2024,4201,Salaries and wages,64539.0,0.0,Payroll for the month,amit.deshpande
JV00385,06-09-2024,06-09-2024,1362,Employee benefits payable,0.0,64539.0,Payroll for the month,amit.deshpande
JV00386,07-11-2024,07-11-2024,4402,Repairs to machinery,209023.0,0.0,Machinery repairs,amit.deshpande
JV00386,07-11-2024,07-11-2024,1332,Trade payables - other than micro and small,0.0,209023.0,Machinery repairs,amit.deshpande
JV00387,17-03-2025,17-03-2025,4402,Repairs to machinery,49441.0,0.0,Machinery repairs,amit.deshpande
JV00387,17-03-2025,17-03-2025,1332,Trade payables - other than micro and small,0.0,49441.0,Machinery repairs,amit.deshpande
JV00388,28-01-2025,28-01-2025,4409,Freight outward,23716.0,0.0,Outward freight,priya.sharma
JV00388,28-01-2025,28-01-2025,1332,Trade payables - other than micro and small,0.0,23716.0,Outward freight,priya.sharma
JV00389,13-05-2024,13-05-2024,4401,Power and fuel,158073.0,0.0,Electricity charges,ravi.krishnan
JV00389,13-05-2024,13-05-2024,1332,Trade payables - other than micro and small,0.0,158073.0,Electricity charges,ravi.krishnan
JV00390,26-04-2024,26-04-2024,4401,Power and fuel,102280.0,0.0,Electricity charges,ravi.krishnan
JV00390,26-04-2024,26-04-2024,1332,Trade payables - other than micro and small,0.0,102280.0,Electricity charges,ravi.krishnan
JV00391,13-01-2025,13-01-2025,4402,Repairs to machinery,12457.0,0.0,Machinery repairs,amit.deshpande
JV00391,13-01-2025,13-01-2025,1332,Trade payables - other than micro and small,0.0,12457.0,Machinery repairs,amit.deshpande
JV00392,02-07-2024,02-07-2024,4402,Repairs to machinery,28795.0,0.0,Machinery repairs,amit.deshpande
JV00392,02-07-2024,02-07-2024,1332,Trade payables - other than micro and small,0.0,28795.0,Machinery repairs,amit.deshpande
JV00393,16-04-2024,16-04-2024,4201,Salaries and wages,968619.0,0.0,Payroll for the month,priya.sharma
JV00393,16-04-2024,16-04-2024,1362,Employee benefits payable,0.0,968619.0,Payroll for the month,priya.sharma
JV00394,05-09-2024,05-09-2024,4402,Repairs to machinery,42081.0,0.0,Machinery repairs,amit.deshpande
JV00394,05-09-2024,05-09-2024,1332,Trade payables - other than micro and small,0.0,42081.0,Machinery repairs,amit.deshpande
JV00395,13-09-2024,13-09-2024,2282,Balances with banks in current accounts,82818.0,0.0,Collection from customer,ravi.krishnan
JV00395,13-09-2024,13-09-2024,2251,Trade receivables - considered good,0.0,82818.0,Collection from customer,ravi.krishnan
JV00396,28-05-2024,28-05-2024,4401,Power and fuel,102813.0,0.0,Electricity charges,amit.deshpande
JV00396,28-05-2024,28-05-2024,1332,Trade payables - other than micro and small,0.0,102813.0,Electricity charges,amit.deshpande
JV00397,09-10-2024,09-10-2024,4401,Power and fuel,177147.0,0.0,Electricity charges,priya.sharma
JV00397,09-10-2024,09-10-2024,1332,Trade payables - other than micro and small,0.0,177147.0,Electricity charges,priya.sharma
JV00398,23-09-2024,23-09-2024,1332,Trade payables - other than micro and small,59038.0,0.0,Payment to supplier,amit.deshpande
JV00398,23-09-2024,23-09-2024,2282,Balances with banks in current accounts,0.0,59038.0,Payment to supplier,amit.deshpande
JV00399,03-07-2024,03-07-2024,4401,Power and fuel,18870.0,0.0,Electricity charges,priya.sharma
JV00399,03-07-2024,03-07-2024,1332,Trade payables - other than micro and small,0.0,18870.0,Electricity charges,priya.sharma
JV00400,29-08-2024,29-08-2024,2251,Trade receivables - considered good,415344.0,0.0,Sale invoice raised,priya.sharma
JV00400,29-08-2024,29-08-2024,3001,Sale of manufactured goods,0.0,415344.0,Sale invoice raised,priya.sharma
JV00401,18-09-2024,18-09-2024,4409,Freight outward,75139.0,0.0,Outward freight,amit.deshpande
JV00401,18-09-2024,18-09-2024,1332,Trade payables - other than micro and small,0.0,75139.0,Outward freight,amit.deshpande
JV00402,13-08-2024,13-08-2024,2282,Balances with banks in current accounts,142775.0,0.0,Collection from customer,ravi.krishnan
JV00402,13-08-2024,13-08-2024,2251,Trade receivables - considered good,0.0,142775.0,Collection from customer,ravi.krishnan
JV00403,22-11-2024,22-11-2024,1332,Trade payables - other than micro and small,1885035.0,0.0,Payment to supplier,amit.deshpande
JV00403,22-11-2024,22-11-2024,2282,Balances with banks in current accounts,0.0,1885035.0,Payment to supplier,amit.deshpande
JV00404,26-07-2024,26-07-2024,4401,Power and fuel,25585.0,0.0,Electricity charges,amit.deshpande
JV00404,26-07-2024,26-07-2024,1332,Trade payables - other than micro and small,0.0,25585.0,Electricity charges,amit.deshpande
JV00405,28-01-2025,28-01-2025,2251,Trade receivables - considered good,40415.0,0.0,Sale invoice raised,amit.deshpande
JV00405,28-01-2025,28-01-2025,3001,Sale of manufactured goods,0.0,40415.0,Sale invoice raised,amit.deshpande
JV00406,22-05-2024,22-05-2024,4402,Repairs to machinery,22514.0,0.0,Machinery repairs,amit.deshpande
JV00406,22-05-2024,22-05-2024,1332,Trade payables - other than micro and small,0.0,22514.0,Machinery repairs,amit.deshpande
JV00407,25-09-2024,25-09-2024,4402,Repairs to machinery,93235.0,0.0,Machinery repairs,ravi.krishnan
JV00407,25-09-2024,25-09-2024,1332,Trade payables - other than micro and small,0.0,93235.0,Machinery repairs,ravi.krishnan
JV00408,23-12-2024,23-12-2024,4409,Freight outward,208260.0,0.0,Outward freight,priya.sharma
JV00408,23-12-2024,23-12-2024,1332,Trade payables - other than micro and small,0.0,208260.0,Outward freight,priya.sharma
JV00409,25-10-2024,25-10-2024,1332,Trade payables - other than micro and small,1454063.0,0.0,Payment to supplier,ravi.krishnan
JV00409,25-10-2024,25-10-2024,2282,Balances with banks in current accounts,0.0,1454063.0,Payment to supplier,ravi.krishnan
JV00410,16-08-2024,16-08-2024,4401,Power and fuel,118686.0,0.0,Electricity charges,priya.sharma
JV00410,16-08-2024,16-08-2024,1332,Trade payables - other than micro and small,0.0,118686.0,Electricity charges,priya.sharma
JV00411,12-09-2024,12-09-2024,2251,Trade receivables - considered good,189025.0,0.0,Sale invoice raised,priya.sharma
JV00411,12-09-2024,12-09-2024,3001,Sale of manufactured goods,0.0,189025.0,Sale invoice raised,priya.sharma
JV00412,24-01-2025,24-01-2025,4402,Repairs to machinery,43022.0,0.0,Machinery repairs,priya.sharma
JV00412,24-01-2025,24-01-2025,1332,Trade payables - other than micro and small,0.0,43022.0,Machinery repairs,priya.sharma
JV00413,26-03-2025,26-03-2025,4402,Repairs to machinery,50913.0,0.0,Machinery repairs,ravi.krishnan
JV00413,26-03-2025,26-03-2025,1332,Trade payables - other than micro and small,0.0,50913.0,Machinery repairs,ravi.krishnan
JV00414,16-05-2024,16-05-2024,4001,Cost of materials consumed,32396.0,0.0,Purchase of raw material,ravi.krishnan
JV00414,16-05-2024,16-05-2024,1332,Trade payables - other than micro and small,0.0,32396.0,Purchase of raw material,ravi.krishnan
JV00415,23-01-2025,23-01-2025,4001,Cost of materials consumed,219209.0,0.0,Purchase of raw material,priya.sharma
JV00415,23-01-2025,23-01-2025,1332,Trade payables - other than micro and small,0.0,219209.0,Purchase of raw material,priya.sharma
JV00416,06-03-2025,06-03-2025,1332,Trade payables - other than micro and small,1694184.0,0.0,Payment to supplier,priya.sharma
JV00416,06-03-2025,06-03-2025,2282,Balances with banks in current accounts,0.0,1694184.0,Payment to supplier,priya.sharma
JV00417,30-04-2024,30-04-2024,2251,Trade receivables - considered good,113248.0,0.0,Sale invoice raised,priya.sharma
JV00417,30-04-2024,30-04-2024,3001,Sale of manufactured goods,0.0,113248.0,Sale invoice raised,priya.sharma
JV00418,23-05-2024,23-05-2024,4409,Freight outward,54812.0,0.0,Outward freight,ravi.krishnan
JV00418,23-05-2024,23-05-2024,1332,Trade payables - other than micro and small,0.0,54812.0,Outward freight,ravi.krishnan
JV00419,25-02-2025,25-02-2025,4201,Salaries and wages,242412.0,0.0,Payroll for the month,priya.sharma
JV00419,25-02-2025,25-02-2025,1362,Employee benefits payable,0.0,242412.0,Payroll for the month,priya.sharma
JV00420,27-06-2024,27-06-2024,2251,Trade receivables - considered good,97719.0,0.0,Sale invoice raised,priya.sharma
JV00420,27-06-2024,27-06-2024,3001,Sale of manufactured goods,0.0,97719.0,Sale invoice raised,priya.sharma
JV00421,15-01-2025,15-01-2025,1332,Trade payables - other than micro and small,957231.0,0.0,Payment to supplier,priya.sharma
JV00421,15-01-2025,15-01-2025,2282,Balances with banks in current accounts,0.0,957231.0,Payment to supplier,priya.sharma
JV00422,08-01-2025,08-01-2025,1332,Trade payables - other than micro and small,135763.0,0.0,Payment to supplier,amit.deshpande
JV00422,08-01-2025,08-01-2025,2282,Balances with banks in current accounts,0.0,135763.0,Payment to supplier,amit.deshpande
JV00423,12-02-2025,12-02-2025,1332,Trade payables - other than micro and small,75796.0,0.0,Payment to supplier,ravi.krishnan
JV00423,12-02-2025,12-02-2025,2282,Balances with banks in current accounts,0.0,75796.0,Payment to supplier,ravi.krishnan
JV00424,11-09-2024,11-09-2024,4409,Freight outward,17046.0,0.0,Outward freight,ravi.krishnan
JV00424,11-09-2024,11-09-2024,1332,Trade payables - other than micro and small,0.0,17046.0,Outward freight,ravi.krishnan
JV00425,08-01-2025,08-01-2025,1332,Trade payables - other than micro and small,249578.0,0.0,Payment to supplier,priya.sharma
JV00425,08-01-2025,08-01-2025,2282,Balances with banks in current accounts,0.0,249578.0,Payment to supplier,priya.sharma
JV00426,01-08-2024,01-08-2024,4409,Freight outward,4930.0,0.0,Outward freight,amit.deshpande
JV00426,01-08-2024,01-08-2024,1332,Trade payables - other than micro and small,0.0,4930.0,Outward freight,amit.deshpande
JV00427,25-02-2025,25-02-2025,4201,Salaries and wages,1509405.0,0.0,Payroll for the month,amit.deshpande
JV00427,25-02-2025,25-02-2025,1362,Employee benefits payable,0.0,1509405.0,Payroll for the month,amit.deshpande
JV00428,26-04-2024,26-04-2024,2251,Trade receivables - considered good,930910.0,0.0,Sale invoice raised,ravi.krishnan
JV00428,26-04-2024,26-04-2024,3001,Sale of manufactured goods,0.0,930910.0,Sale invoice raised,ravi.krishnan
JV00429,12-09-2024,12-09-2024,2282,Balances with banks in current accounts,111108.0,0.0,Collection from customer,ravi.krishnan
JV00429,12-09-2024,12-09-2024,2251,Trade receivables - considered good,0.0,111108.0,Collection from customer,ravi.krishnan
JV00430,20-12-2024,20-12-2024,1332,Trade payables - other than micro and small,25225.0,0.0,Payment to supplier,amit.deshpande
JV00430,20-12-2024,20-12-2024,2282,Balances with banks in current accounts,0.0,25225.0,Payment to supplier,amit.deshpande
JV00431,30-09-2024,30-09-2024,2282,Balances with banks in current accounts,279177.0,0.0,Collection from customer,amit.deshpande
JV00431,30-09-2024,30-09-2024,2251,Trade receivables - considered good,0.0,279177.0,Collection from customer,amit.deshpande
JV00432,06-05-2024,06-05-2024,1332,Trade payables - other than micro and small,82668.0,0.0,Payment to supplier,priya.sharma
JV00432,06-05-2024,06-05-2024,2282,Balances with banks in current accounts,0.0,82668.0,Payment to supplier,priya.sharma
JV00433,16-12-2024,16-12-2024,2282,Balances with banks in current accounts,107187.0,0.0,Collection from customer,priya.sharma
JV00433,16-12-2024,16-12-2024,2251,Trade receivables - considered good,0.0,107187.0,Collection from customer,priya.sharma
JV00434,16-08-2024,16-08-2024,4201,Salaries and wages,461639.0,0.0,Payroll for the month,priya.sharma
JV00434,16-08-2024,16-08-2024,1362,Employee benefits payable,0.0,461639.0,Payroll for the month,priya.sharma
JV00435,01-07-2024,01-07-2024,2251,Trade receivables - considered good,448615.0,0.0,Sale invoice raised,ravi.krishnan
JV00435,01-07-2024,01-07-2024,3001,Sale of manufactured goods,0.0,448615.0,Sale invoice raised,ravi.krishnan
JV00436,18-11-2024,18-11-2024,4402,Repairs to machinery,76342.0,0.0,Machinery repairs,amit.deshpande
JV00436,18-11-2024,18-11-2024,1332,Trade payables - other than micro and small,0.0,76342.0,Machinery repairs,amit.deshpande
JV00437,06-09-2024,06-09-2024,4401,Power and fuel,212728.0,0.0,Electricity charges,ravi.krishnan
JV00437,06-09-2024,06-09-2024,1332,Trade payables - other than micro and small,0.0,212728.0,Electricity charges,ravi.krishnan
JV00438,03-02-2025,03-02-2025,4409,Freight outward,7626.0,0.0,Outward freight,priya.sharma
JV00438,03-02-2025,03-02-2025,1332,Trade payables - other than micro and small,0.0,7626.0,Outward freight,priya.sharma
JV00439,30-12-2024,30-12-2024,4201,Salaries and wages,1420642.0,0.0,Payroll for the month,priya.sharma
JV00439,30-12-2024,30-12-2024,1362,Employee benefits payable,0.0,1420642.0,Payroll for the month,priya.sharma
JV00440,08-01-2025,08-01-2025,2251,Trade receivables - considered good,170486.0,0.0,Sale invoice raised,amit.deshpande
JV00440,08-01-2025,08-01-2025,3001,Sale of manufactured goods,0.0,170486.0,Sale invoice raised,amit.deshpande
JV00441,23-01-2025,23-01-2025,4402,Repairs to machinery,6583.0,0.0,Machinery repairs,amit.deshpande
JV00441,23-01-2025,23-01-2025,1332,Trade payables - other than micro and small,0.0,6583.0,Machinery repairs,amit.deshpande
JV00442,12-12-2024,12-12-2024,4402,Repairs to machinery,42031.0,0.0,Machinery repairs,priya.sharma
JV00442,12-12-2024,12-12-2024,1332,Trade payables - other than micro and small,0.0,42031.0,Machinery repairs,priya.sharma
JV00443,21-10-2024,21-10-2024,4001,Cost of materials consumed,148089.0,0.0,Purchase of raw material,priya.sharma
JV00443,21-10-2024,21-10-2024,1332,Trade payables - other than micro and small,0.0,148089.0,Purchase of raw material,priya.sharma
JV00444,23-01-2025,23-01-2025,4001,Cost of materials consumed,1205967.0,0.0,Purchase of raw material,ravi.krishnan
JV00444,23-01-2025,23-01-2025,1332,Trade payables - other than micro and small,0.0,1205967.0,Purchase of raw material,ravi.krishnan
JV00445,30-09-2024,30-09-2024,4001,Cost of materials consumed,93703.0,0.0,Purchase of raw material,amit.deshpande
JV00445,30-09-2024,30-09-2024,1332,Trade payables - other than micro and small,0.0,93703.0,Purchase of raw material,amit.deshpande
JV00446,18-02-2025,18-02-2025,4401,Power and fuel,164862.0,0.0,Electricity charges,amit.deshpande
JV00446,18-02-2025,18-02-2025,1332,Trade payables - other than micro and small,0.0,164862.0,Electricity charges,amit.deshpande
JV00447,06-09-2024,06-09-2024,4001,Cost of materials consumed,65382.0,0.0,Purchase of raw material,priya.sharma
JV00447,06-09-2024,06-09-2024,1332,Trade payables - other than micro and small,0.0,65382.0,Purchase of raw material,priya.sharma
JV00448,19-06-2024,19-06-2024,4402,Repairs to machinery,41044.0,0.0,Machinery repairs,priya.sharma
JV00448,19-06-2024,19-06-2024,1332,Trade payables - other than micro and small,0.0,41044.0,Machinery repairs,priya.sharma
JV00449,25-04-2024,25-04-2024,4001,Cost of materials consumed,840180.0,0.0,Purchase of raw material,amit.deshpande
JV00449,25-04-2024,25-04-2024,1332,Trade payables - other than micro and small,0.0,840180.0,Purchase of raw material,amit.deshpande
JV00450,18-06-2024,18-06-2024,4409,Freight outward,6343.0,0.0,Outward freight,amit.deshpande
JV00450,18-06-2024,18-06-2024,1332,Trade payables - other than micro and small,0.0,6343.0,Outward freight,amit.deshpande
JV00451,30-12-2024,30-12-2024,4409,Freight outward,283966.0,0.0,Outward freight,ravi.krishnan
JV00451,30-12-2024,30-12-2024,1332,Trade payables - other than micro and small,0.0,283966.0,Outward freight,ravi.krishnan
JV00452,18-06-2024,18-06-2024,4409,Freight outward,11112.0,0.0,Outward freight,priya.sharma
JV00452,18-06-2024,18-06-2024,1332,Trade payables - other than micro and small,0.0,11112.0,Outward freight,priya.sharma
JV00453,17-07-2024,17-07-2024,4201,Salaries and wages,32871.0,0.0,Payroll for the month,amit.deshpande
JV00453,17-07-2024,17-07-2024,1362,Employee benefits payable,0.0,32871.0,Payroll for the month,amit.deshpande
JV00454,11-02-2025,11-02-2025,2282,Balances with banks in current accounts,79066.0,0.0,Collection from customer,amit.deshpande
JV00454,11-02-2025,11-02-2025,2251,Trade receivables - considered good,0.0,79066.0,Collection from customer,amit.deshpande
JV00455,13-02-2025,13-02-2025,1332,Trade payables - other than micro and small,1614478.0,0.0,Payment to supplier,priya.sharma
JV00455,13-02-2025,13-02-2025,2282,Balances with banks in current accounts,0.0,1614478.0,Payment to supplier,priya.sharma
JV00456,21-01-2025,21-01-2025,4409,Freight outward,42848.0,0.0,Outward freight,priya.sharma
JV00456,21-01-2025,21-01-2025,1332,Trade payables - other than micro and small,0.0,42848.0,Outward freight,priya.sharma
JV00457,29-10-2024,29-10-2024,4001,Cost of materials consumed,634781.0,0.0,Purchase of raw material,amit.deshpande
JV00457,29-10-2024,29-10-2024,1332,Trade payables - other than micro and small,0.0,634781.0,Purchase of raw material,amit.deshpande
JV00458,27-08-2024,27-08-2024,4402,Repairs to machinery,271826.0,0.0,Machinery repairs,priya.sharma
JV00458,27-08-2024,27-08-2024,1332,Trade payables - other than micro and small,0.0,271826.0,Machinery repairs,priya.sharma
JV00459,06-08-2024,06-08-2024,1332,Trade payables - other than micro and small,23549.0,0.0,Payment to supplier,priya.sharma
JV00459,06-08-2024,06-08-2024,2282,Balances with banks in current accounts,0.0,23549.0,Payment to supplier,priya.sharma
JV00460,03-03-2025,03-03-2025,2251,Trade receivables - considered good,2540828.0,0.0,Sale invoice raised,ravi.krishnan
JV00460,03-03-2025,03-03-2025,3001,Sale of manufactured goods,0.0,2540828.0,Sale invoice raised,ravi.krishnan
JV00461,17-01-2025,17-01-2025,4401,Power and fuel,716424.0,0.0,Electricity charges,ravi.krishnan
JV00461,17-01-2025,17-01-2025,1332,Trade payables - other than micro and small,0.0,716424.0,Electricity charges,ravi.krishnan
JV00462,06-06-2024,06-06-2024,2282,Balances with banks in current accounts,114443.0,0.0,Collection from customer,amit.deshpande
JV00462,06-06-2024,06-06-2024,2251,Trade receivables - considered good,0.0,114443.0,Collection from customer,amit.deshpande
JV00463,15-04-2024,15-04-2024,1332,Trade payables - other than micro and small,189807.0,0.0,Payment to supplier,amit.deshpande
JV00463,15-04-2024,15-04-2024,2282,Balances with banks in current accounts,0.0,189807.0,Payment to supplier,amit.deshpande
JV00464,05-12-2024,05-12-2024,4401,Power and fuel,140268.0,0.0,Electricity charges,amit.deshpande
JV00464,05-12-2024,05-12-2024,1332,Trade payables - other than micro and small,0.0,140268.0,Electricity charges,amit.deshpande
JV00465,08-05-2024,08-05-2024,1332,Trade payables - other than micro and small,483453.0,0.0,Payment to supplier,priya.sharma
JV00465,08-05-2024,08-05-2024,2282,Balances with banks in current accounts,0.0,483453.0,Payment to supplier,priya.sharma
JV00466,25-03-2025,25-03-2025,4001,Cost of materials consumed,268609.0,0.0,Purchase of raw material,priya.sharma
JV00466,25-03-2025,25-03-2025,1332,Trade payables - other than micro and small,0.0,268609.0,Purchase of raw material,priya.sharma
JV00467,11-06-2024,11-06-2024,4401,Power and fuel,31096.0,0.0,Electricity charges,amit.deshpande
JV00467,11-06-2024,11-06-2024,1332,Trade payables - other than micro and small,0.0,31096.0,Electricity charges,amit.deshpande
JV00468,08-04-2024,08-04-2024,4001,Cost of materials consumed,112174.0,0.0,Purchase of raw material,ravi.krishnan
JV00468,08-04-2024,08-04-2024,1332,Trade payables - other than micro and small,0.0,112174.0,Purchase of raw material,ravi.krishnan
JV00469,28-06-2024,28-06-2024,4001,Cost of materials consumed,755246.0,0.0,Purchase of raw material,priya.sharma
JV00469,28-06-2024,28-06-2024,1332,Trade payables - other than micro and small,0.0,755246.0,Purchase of raw material,priya.sharma
JV00470,04-07-2024,04-07-2024,4401,Power and fuel,10024.0,0.0,Electricity charges,ravi.krishnan
JV00470,04-07-2024,04-07-2024,1332,Trade payables - other than micro and small,0.0,10024.0,Electricity charges,ravi.krishnan
JV00471,16-12-2024,16-12-2024,1332,Trade payables - other than micro and small,120240.0,0.0,Payment to supplier,ravi.krishnan
JV00471,16-12-2024,16-12-2024,2282,Balances with banks in current accounts,0.0,120240.0,Payment to supplier,ravi.krishnan
JV00472,19-11-2024,19-11-2024,4409,Freight outward,10558.0,0.0,Outward freight,priya.sharma
JV00472,19-11-2024,19-11-2024,1332,Trade payables - other than micro and small,0.0,10558.0,Outward freight,priya.sharma
JV00473,07-05-2024,07-05-2024,4401,Power and fuel,788488.0,0.0,Electricity charges,amit.deshpande
JV00473,07-05-2024,07-05-2024,1332,Trade payables - other than micro and small,0.0,788488.0,Electricity charges,amit.deshpande
JV00474,06-02-2025,06-02-2025,4201,Salaries and wages,835199.0,0.0,Payroll for the month,priya.sharma
JV00474,06-02-2025,06-02-2025,1362,Employee benefits payable,0.0,835199.0,Payroll for the month,priya.sharma
JV00475,11-03-2025,11-03-2025,4402,Repairs to machinery,77676.0,0.0,Machinery repairs,amit.deshpande
JV00475,11-03-2025,11-03-2025,1332,Trade payables - other than micro and small,0.0,77676.0,Machinery repairs,amit.deshpande
JV00476,12-12-2024,12-12-2024,4001,Cost of materials consumed,93404.0,0.0,Purchase of raw material,ravi.krishnan
JV00476,12-12-2024,12-12-2024,1332,Trade payables - other than micro and small,0.0,93404.0,Purchase of raw material,ravi.krishnan
JV00477,03-05-2024,03-05-2024,4401,Power and fuel,17177.0,0.0,Electricity charges,amit.deshpande
JV00477,03-05-2024,03-05-2024,1332,Trade payables - other than micro and small,0.0,17177.0,Electricity charges,amit.deshpande
JV00478,18-04-2024,18-04-2024,4409,Freight outward,261714.0,0.0,Outward freight,priya.sharma
JV00478,18-04-2024,18-04-2024,1332,Trade payables - other than micro and small,0.0,261714.0,Outward freight,priya.sharma
JV00479,20-05-2024,20-05-2024,4401,Power and fuel,18381.0,0.0,Electricity charges,priya.sharma
JV00479,20-05-2024,20-05-2024,1332,Trade payables - other than micro and small,0.0,18381.0,Electricity charges,priya.sharma
JV00480,01-04-2024,01-04-2024,2251,Trade receivables - considered good,1852899.0,0.0,Sale invoice raised,amit.deshpande
JV00480,01-04-2024,01-04-2024,3001,Sale of manufactured goods,0.0,1852899.0,Sale invoice raised,amit.deshpande
JV00481,20-11-2024,20-11-2024,2251,Trade receivables - considered good,1757620.0,0.0,Sale invoice raised,ravi.krishnan
JV00481,20-11-2024,20-11-2024,3001,Sale of manufactured goods,0.0,1757620.0,Sale invoice raised,ravi.krishnan
JV00482,18-12-2024,18-12-2024,4001,Cost of materials consumed,115767.0,0.0,Purchase of raw material,amit.deshpande
JV00482,18-12-2024,18-12-2024,1332,Trade payables - other than micro and small,0.0,115767.0,Purchase of raw material,amit.deshpande
JV00483,29-07-2024,29-07-2024,4402,Repairs to machinery,26035.0,0.0,Machinery repairs,amit.deshpande
JV00483,29-07-2024,29-07-2024,1332,Trade payables - other than micro and small,0.0,26035.0,Machinery repairs,amit.deshpande
JV00484,20-12-2024,20-12-2024,1332,Trade payables - other than micro and small,146164.0,0.0,Payment to supplier,amit.deshpande
JV00484,20-12-2024,20-12-2024,2282,Balances with banks in current accounts,0.0,146164.0,Payment to supplier,amit.deshpande
JV00485,26-09-2024,26-09-2024,1332,Trade payables - other than micro and small,1007876.0,0.0,Payment to supplier,ravi.krishnan
JV00485,26-09-2024,26-09-2024,2282,Balances with banks in current accounts,0.0,1007876.0,Payment to supplier,ravi.krishnan
JV00486,05-08-2024,05-08-2024,4409,Freight outward,28313.0,0.0,Outward freight,priya.sharma
JV00486,05-08-2024,05-08-2024,1332,Trade payables - other than micro and small,0.0,28313.0,Outward freight,priya.sharma
JV00487,01-07-2024,01-07-2024,4201,Salaries and wages,167527.0,0.0,Payroll for the month,priya.sharma
JV00487,01-07-2024,01-07-2024,1362,Employee benefits payable,0.0,167527.0,Payroll for the month,priya.sharma
JV00488,10-04-2024,10-04-2024,4201,Salaries and wages,780639.0,0.0,Payroll for the month,ravi.krishnan
JV00488,10-04-2024,10-04-2024,1362,Employee benefits payable,0.0,780639.0,Payroll for the month,ravi.krishnan
JV00489,02-07-2024,02-07-2024,1332,Trade payables - other than micro and small,160127.0,0.0,Payment to supplier,ravi.krishnan
JV00489,02-07-2024,02-07-2024,2282,Balances with banks in current accounts,0.0,160127.0,Payment to supplier,ravi.krishnan
JV00490,25-11-2024,25-11-2024,2251,Trade receivables - considered good,129334.0,0.0,Sale invoice raised,priya.sharma
JV00490,25-11-2024,25-11-2024,3001,Sale of manufactured goods,0.0,129334.0,Sale invoice raised,priya.sharma
JV00491,05-02-2025,05-02-2025,1332,Trade payables - other than micro and small,1456467.0,0.0,Payment to supplier,amit.deshpande
JV00491,05-02-2025,05-02-2025,2282,Balances with banks in current accounts,0.0,1456467.0,Payment to supplier,amit.deshpande
JV00492,24-09-2024,24-09-2024,4001,Cost of materials consumed,1001585.0,0.0,Purchase of raw material,priya.sharma
JV00492,24-09-2024,24-09-2024,1332,Trade payables - other than micro and small,0.0,1001585.0,Purchase of raw material,priya.sharma
JV00493,11-04-2024,11-04-2024,1332,Trade payables - other than micro and small,160791.0,0.0,Payment to supplier,priya.sharma
JV00493,11-04-2024,11-04-2024,2282,Balances with banks in current accounts,0.0,160791.0,Payment to supplier,priya.sharma
JV00494,11-03-2025,11-03-2025,4201,Salaries and wages,36652.0,0.0,Payroll for the month,amit.deshpande
JV00494,11-03-2025,11-03-2025,1362,Employee benefits payable,0.0,36652.0,Payroll for the month,amit.deshpande
JV00495,23-12-2024,23-12-2024,4402,Repairs to machinery,15180.0,0.0,Machinery repairs,ravi.krishnan
JV00495,23-12-2024,23-12-2024,1332,Trade payables - other than micro and small,0.0,15180.0,Machinery repairs,ravi.krishnan
JV00496,05-02-2025,05-02-2025,4001,Cost of materials consumed,117890.0,0.0,Purchase of raw material,priya.sharma
JV00496,05-02-2025,05-02-2025,1332,Trade payables - other than micro and small,0.0,117890.0,Purchase of raw material,priya.sharma
JV00497,10-09-2024,10-09-2024,4402,Repairs to machinery,9533.0,0.0,Machinery repairs,amit.deshpande
JV00497,10-09-2024,10-09-2024,1332,Trade payables - other than micro and small,0.0,9533.0,Machinery repairs,amit.deshpande
JV00498,27-03-2025,27-03-2025,4409,Freight outward,7224.0,0.0,Outward freight,ravi.krishnan
JV00498,27-03-2025,27-03-2025,1332,Trade payables - other than micro and small,0.0,7224.0,Outward freight,ravi.krishnan
JV00499,22-08-2024,22-08-2024,4409,Freight outward,151121.0,0.0,Outward freight,ravi.krishnan
JV00499,22-08-2024,22-08-2024,1332,Trade payables - other than micro and small,0.0,151121.0,Outward freight,ravi.krishnan
JV00500,25-04-2024,25-04-2024,4401,Power and fuel,21261.0,0.0,Electricity charges,priya.sharma
JV00500,25-04-2024,25-04-2024,1332,Trade payables - other than micro and small,0.0,21261.0,Electricity charges,priya.sharma
JV00501,01-04-2024,01-04-2024,2251,Trade receivables - considered good,1115954.0,0.0,Sale invoice raised,amit.deshpande
JV00501,01-04-2024,01-04-2024,3001,Sale of manufactured goods,0.0,1115954.0,Sale invoice raised,amit.deshpande
JV00502,29-01-2025,29-01-2025,2251,Trade receivables - considered good,448075.0,0.0,Sale invoice raised,ravi.krishnan
JV00502,29-01-2025,29-01-2025,3001,Sale of manufactured goods,0.0,448075.0,Sale invoice raised,ravi.krishnan
JV00503,16-05-2024,16-05-2024,4409,Freight outward,12138.0,0.0,Outward freight,priya.sharma
JV00503,16-05-2024,16-05-2024,1332,Trade payables - other than micro and small,0.0,12138.0,Outward freight,priya.sharma
JV00504,10-05-2024,10-05-2024,4402,Repairs to machinery,2998.0,0.0,Machinery repairs,ravi.krishnan
JV00504,10-05-2024,10-05-2024,1332,Trade payables - other than micro and small,0.0,2998.0,Machinery repairs,ravi.krishnan
JV00505,01-10-2024,01-10-2024,4001,Cost of materials consumed,215487.0,0.0,Purchase of raw material,ravi.krishnan
JV00505,01-10-2024,01-10-2024,1332,Trade payables - other than micro and small,0.0,215487.0,Purchase of raw material,ravi.krishnan
JV00506,16-12-2024,16-12-2024,2251,Trade receivables - considered good,33220.0,0.0,Sale invoice raised,priya.sharma
JV00506,16-12-2024,16-12-2024,3001,Sale of manufactured goods,0.0,33220.0,Sale invoice raised,priya.sharma
JV00507,20-01-2025,20-01-2025,4409,Freight outward,50500.0,0.0,Outward freight,priya.sharma
JV00507,20-01-2025,20-01-2025,1332,Trade payables - other than micro and small,0.0,50500.0,Outward freight,priya.sharma
JV00508,16-05-2024,16-05-2024,4409,Freight outward,9286.0,0.0,Outward freight,ravi.krishnan
JV00508,16-05-2024,16-05-2024,1332,Trade payables - other than micro and small,0.0,9286.0,Outward freight,ravi.krishnan
JV00509,11-04-2024,11-04-2024,4001,Cost of materials consumed,556176.0,0.0,Purchase of raw material,priya.sharma
JV00509,11-04-2024,11-04-2024,1332,Trade payables - other than micro and small,0.0,556176.0,Purchase of raw material,priya.sharma
JV00510,06-05-2024,06-05-2024,4401,Power and fuel,256662.0,0.0,Electricity charges,amit.deshpande
JV00510,06-05-2024,06-05-2024,1332,Trade payables - other than micro and small,0.0,256662.0,Electricity charges,amit.deshpande
JV00511,05-09-2024,05-09-2024,2282,Balances with banks in current accounts,1697381.0,0.0,Collection from customer,amit.deshpande
JV00511,05-09-2024,05-09-2024,2251,Trade receivables - considered good,0.0,1697381.0,Collection from customer,amit.deshpande
JV00512,22-04-2024,22-04-2024,2282,Balances with banks in current accounts,703027.0,0.0,Collection from customer,priya.sharma
JV00512,22-04-2024,22-04-2024,2251,Trade receivables - considered good,0.0,703027.0,Collection from customer,priya.sharma
JV00513,27-09-2024,27-09-2024,4001,Cost of materials consumed,289472.0,0.0,Purchase of raw material,amit.deshpande
JV00513,27-09-2024,27-09-2024,1332,Trade payables - other than micro and small,0.0,289472.0,Purchase of raw material,amit.deshpande
JV00514,15-07-2024,15-07-2024,4001,Cost of materials consumed,224795.0,0.0,Purchase of raw material,amit.deshpande
JV00514,15-07-2024,15-07-2024,1332,Trade payables - other than micro and small,0.0,224795.0,Purchase of raw material,amit.deshpande
JV00515,15-11-2024,15-11-2024,4402,Repairs to machinery,46749.0,0.0,Machinery repairs,priya.sharma
JV00515,15-11-2024,15-11-2024,1332,Trade payables - other than micro and small,0.0,46749.0,Machinery repairs,priya.sharma
JV00516,24-02-2025,24-02-2025,4001,Cost of materials consumed,1330597.0,0.0,Purchase of raw material,amit.deshpande
JV00516,24-02-2025,24-02-2025,1332,Trade payables - other than micro and small,0.0,1330597.0,Purchase of raw material,amit.deshpande
JV00517,27-03-2025,27-03-2025,4402,Repairs to machinery,137775.0,0.0,Machinery repairs,ravi.krishnan
JV00517,27-03-2025,27-03-2025,1332,Trade payables - other than micro and small,0.0,137775.0,Machinery repairs,ravi.krishnan
JV00518,26-12-2024,26-12-2024,4402,Repairs to machinery,228586.0,0.0,Machinery repairs,ravi.krishnan
JV00518,26-12-2024,26-12-2024,1332,Trade payables - other than micro and small,0.0,228586.0,Machinery repairs,ravi.krishnan
JV00519,21-02-2025,21-02-2025,4402,Repairs to machinery,57979.0,0.0,Machinery repairs,priya.sharma
JV00519,21-02-2025,21-02-2025,1332,Trade payables - other than micro and small,0.0,57979.0,Machinery repairs,priya.sharma
JV00520,13-03-2025,13-03-2025,2282,Balances with banks in current accounts,77880.0,0.0,Collection from customer,priya.sharma
JV00520,13-03-2025,13-03-2025,2251,Trade receivables - considered good,0.0,77880.0,Collection from customer,priya.sharma
JV00521,23-05-2024,23-05-2024,4402,Repairs to machinery,73442.0,0.0,Machinery repairs,ravi.krishnan
JV00521,23-05-2024,23-05-2024,1332,Trade payables - other than micro and small,0.0,73442.0,Machinery repairs,ravi.krishnan
JV00522,31-01-2025,31-01-2025,4409,Freight outward,4434.0,0.0,Outward freight,priya.sharma
JV00522,31-01-2025,31-01-2025,1332,Trade payables - other than micro and small,0.0,4434.0,Outward freight,priya.sharma
JV00523,16-12-2024,16-12-2024,2251,Trade receivables - considered good,35457.0,0.0,Sale invoice raised,amit.deshpande
JV00523,16-12-2024,16-12-2024,3001,Sale of manufactured goods,0.0,35457.0,Sale invoice raised,amit.deshpande
JV00524,20-12-2024,20-12-2024,4001,Cost of materials consumed,46825.0,0.0,Purchase of raw material,amit.deshpande
JV00524,20-12-2024,20-12-2024,1332,Trade payables - other than micro and small,0.0,46825.0,Purchase of raw material,amit.deshpande
JV00525,27-06-2024,27-06-2024,4402,Repairs to machinery,3526.0,0.0,Machinery repairs,ravi.krishnan
JV00525,27-06-2024,27-06-2024,1332,Trade payables - other than micro and small,0.0,3526.0,Machinery repairs,ravi.krishnan
JV00526,24-03-2025,24-03-2025,2282,Balances with banks in current accounts,62542.0,0.0,Collection from customer,priya.sharma
JV00526,24-03-2025,24-03-2025,2251,Trade receivables - considered good,0.0,62542.0,Collection from customer,priya.sharma
JV00527,18-03-2025,18-03-2025,4001,Cost of materials consumed,1537442.0,0.0,Purchase of raw material,priya.sharma
JV00527,18-03-2025,18-03-2025,1332,Trade payables - other than micro and small,0.0,1537442.0,Purchase of raw material,priya.sharma
JV00528,06-06-2024,06-06-2024,2251,Trade receivables - considered good,37335.0,0.0,Sale invoice raised,priya.sharma
JV00528,06-06-2024,06-06-2024,3001,Sale of manufactured goods,0.0,37335.0,Sale invoice raised,priya.sharma
JV00529,19-04-2024,19-04-2024,2251,Trade receivables - considered good,195342.0,0.0,Sale invoice raised,amit.deshpande
JV00529,19-04-2024,19-04-2024,3001,Sale of manufactured goods,0.0,195342.0,Sale invoice raised,amit.deshpande
JV00530,24-10-2024,24-10-2024,2282,Balances with banks in current accounts,55975.0,0.0,Collection from customer,ravi.krishnan
JV00530,24-10-2024,24-10-2024,2251,Trade receivables - considered good,0.0,55975.0,Collection from customer,ravi.krishnan
JV00531,13-01-2025,13-01-2025,4401,Power and fuel,58243.0,0.0,Electricity charges,amit.deshpande
JV00531,13-01-2025,13-01-2025,1332,Trade payables - other than micro and small,0.0,58243.0,Electricity charges,amit.deshpande
JV00532,14-11-2024,14-11-2024,4409,Freight outward,27888.0,0.0,Outward freight,ravi.krishnan
JV00532,14-11-2024,14-11-2024,1332,Trade payables - other than micro and small,0.0,27888.0,Outward freight,ravi.krishnan
JV00533,05-09-2024,05-09-2024,4401,Power and fuel,205628.0,0.0,Electricity charges,priya.sharma
JV00533,05-09-2024,05-09-2024,1332,Trade payables - other than micro and small,0.0,205628.0,Electricity charges,priya.sharma
JV00534,01-04-2024,01-04-2024,4402,Repairs to machinery,5400.0,0.0,Machinery repairs,ravi.krishnan
JV00534,01-04-2024,01-04-2024,1332,Trade payables - other than micro and small,0.0,5400.0,Machinery repairs,ravi.krishnan
JV00535,05-02-2025,05-02-2025,4401,Power and fuel,64479.0,0.0,Electricity charges,amit.deshpande
JV00535,05-02-2025,05-02-2025,1332,Trade payables - other than micro and small,0.0,64479.0,Electricity charges,amit.deshpande
JV00536,12-04-2024,12-04-2024,4401,Power and fuel,213065.0,0.0,Electricity charges,priya.sharma
JV00536,12-04-2024,12-04-2024,1332,Trade payables - other than micro and small,0.0,213065.0,Electricity charges,priya.sharma
JV00537,10-10-2024,10-10-2024,1332,Trade payables - other than micro and small,56045.0,0.0,Payment to supplier,priya.sharma
JV00537,10-10-2024,10-10-2024,2282,Balances with banks in current accounts,0.0,56045.0,Payment to supplier,priya.sharma
JV00538,26-07-2024,26-07-2024,4401,Power and fuel,375108.0,0.0,Electricity charges,priya.sharma
JV00538,26-07-2024,26-07-2024,1332,Trade payables - other than micro and small,0.0,375108.0,Electricity charges,priya.sharma
JV00539,30-10-2024,30-10-2024,4201,Salaries and wages,876286.0,0.0,Payroll for the month,amit.deshpande
JV00539,30-10-2024,30-10-2024,1362,Employee benefits payable,0.0,876286.0,Payroll for the month,amit.deshpande
JV00540,12-04-2024,12-04-2024,1332,Trade payables - other than micro and small,50124.0,0.0,Payment to supplier,amit.deshpande
JV00540,12-04-2024,12-04-2024,2282,Balances with banks in current accounts,0.0,50124.0,Payment to supplier,amit.deshpande
JV00541,20-02-2025,20-02-2025,2282,Balances with banks in current accounts,275364.0,0.0,Collection from customer,ravi.krishnan
JV00541,20-02-2025,20-02-2025,2251,Trade receivables - considered good,0.0,275364.0,Collection from customer,ravi.krishnan
JV00542,23-08-2024,23-08-2024,4402,Repairs to machinery,12417.0,0.0,Machinery repairs,ravi.krishnan
JV00542,23-08-2024,23-08-2024,1332,Trade payables - other than micro and small,0.0,12417.0,Machinery repairs,ravi.krishnan
JV00543,23-05-2024,23-05-2024,4402,Repairs to machinery,24946.0,0.0,Machinery repairs,ravi.krishnan
JV00543,23-05-2024,23-05-2024,1332,Trade payables - other than micro and small,0.0,24946.0,Machinery repairs,ravi.krishnan
JV00544,10-02-2025,10-02-2025,2282,Balances with banks in current accounts,2248950.0,0.0,Collection from customer,priya.sharma
JV00544,10-02-2025,10-02-2025,2251,Trade receivables - considered good,0.0,2248950.0,Collection from customer,priya.sharma
JV00545,12-11-2024,12-11-2024,4401,Power and fuel,48476.0,0.0,Electricity charges,ravi.krishnan
JV00545,12-11-2024,12-11-2024,1332,Trade payables - other than micro and small,0.0,48476.0,Electricity charges,ravi.krishnan
JV00546,07-06-2024,07-06-2024,4201,Salaries and wages,289885.0,0.0,Payroll for the month,ravi.krishnan
JV00546,07-06-2024,07-06-2024,1362,Employee benefits payable,0.0,289885.0,Payroll for the month,ravi.krishnan
JV00547,28-10-2024,28-10-2024,4001,Cost of materials consumed,44444.0,0.0,Purchase of raw material,ravi.krishnan
JV00547,28-10-2024,28-10-2024,1332,Trade payables - other than micro and small,0.0,44444.0,Purchase of raw material,ravi.krishnan
JV00548,12-03-2025,12-03-2025,4201,Salaries and wages,163317.0,0.0,Payroll for the month,amit.deshpande
JV00548,12-03-2025,12-03-2025,1362,Employee benefits payable,0.0,163317.0,Payroll for the month,amit.deshpande
JV00549,13-08-2024,13-08-2024,4201,Salaries and wages,373122.0,0.0,Payroll for the month,amit.deshpande
JV00549,13-08-2024,13-08-2024,1362,Employee benefits payable,0.0,373122.0,Payroll for the month,amit.deshpande
JV00550,04-04-2024,04-04-2024,4201,Salaries and wages,31648.0,0.0,Payroll for the month,priya.sharma
JV00550,04-04-2024,04-04-2024,1362,Employee benefits payable,0.0,31648.0,Payroll for the month,priya.sharma
JV00551,06-06-2024,06-06-2024,4402,Repairs to machinery,12507.0,0.0,Machinery repairs,amit.deshpande
JV00551,06-06-2024,06-06-2024,1332,Trade payables - other than micro and small,0.0,12507.0,Machinery repairs,amit.deshpande
JV00552,20-09-2024,20-09-2024,4402,Repairs to machinery,13880.0,0.0,Machinery repairs,priya.sharma
JV00552,20-09-2024,20-09-2024,1332,Trade payables - other than micro and small,0.0,13880.0,Machinery repairs,priya.sharma
JV00553,18-07-2024,18-07-2024,4401,Power and fuel,106745.0,0.0,Electricity charges,ravi.krishnan
JV00553,18-07-2024,18-07-2024,1332,Trade payables - other than micro and small,0.0,106745.0,Electricity charges,ravi.krishnan
JV00554,25-07-2024,25-07-2024,4001,Cost of materials consumed,1466308.0,0.0,Purchase of raw material,ravi.krishnan
JV00554,25-07-2024,25-07-2024,1332,Trade payables - other than micro and small,0.0,1466308.0,Purchase of raw material,ravi.krishnan
JV00555,04-10-2024,04-10-2024,4402,Repairs to machinery,4002.0,0.0,Machinery repairs,amit.deshpande
JV00555,04-10-2024,04-10-2024,1332,Trade payables - other than micro and small,0.0,4002.0,Machinery repairs,amit.deshpande
JV00556,06-02-2025,06-02-2025,4409,Freight outward,6132.0,0.0,Outward freight,priya.sharma
JV00556,06-02-2025,06-02-2025,1332,Trade payables - other than micro and small,0.0,6132.0,Outward freight,priya.sharma
JV00557,03-06-2024,03-06-2024,1332,Trade payables - other than micro and small,154175.0,0.0,Payment to supplier,ravi.krishnan
JV00557,03-06-2024,03-06-2024,2282,Balances with banks in current accounts,0.0,154175.0,Payment to supplier,ravi.krishnan
JV00558,04-07-2024,04-07-2024,4401,Power and fuel,392483.0,0.0,Electricity charges,priya.sharma
JV00558,04-07-2024,04-07-2024,1332,Trade payables - other than micro and small,0.0,392483.0,Electricity charges,priya.sharma
JV00559,25-09-2024,25-09-2024,2282,Balances with banks in current accounts,286046.0,0.0,Collection from customer,priya.sharma
JV00559,25-09-2024,25-09-2024,2251,Trade receivables - considered good,0.0,286046.0,Collection from customer,priya.sharma
JV00560,14-11-2024,14-11-2024,4201,Salaries and wages,341950.0,0.0,Payroll for the month,ravi.krishnan
JV00560,14-11-2024,14-11-2024,1362,Employee benefits payable,0.0,341950.0,Payroll for the month,ravi.krishnan
JV00561,26-09-2024,26-09-2024,4201,Salaries and wages,504627.0,0.0,Payroll for the month,priya.sharma
JV00561,26-09-2024,26-09-2024,1362,Employee benefits payable,0.0,504627.0,Payroll for the month,priya.sharma
JV00562,03-01-2025,03-01-2025,4409,Freight outward,4608.0,0.0,Outward freight,priya.sharma
JV00562,03-01-2025,03-01-2025,1332,Trade payables - other than micro and small,0.0,4608.0,Outward freight,priya.sharma
JV00563,17-04-2024,17-04-2024,2251,Trade receivables - considered good,242064.0,0.0,Sale invoice raised,ravi.krishnan
JV00563,17-04-2024,17-04-2024,3001,Sale of manufactured goods,0.0,242064.0,Sale invoice raised,ravi.krishnan
JV00564,04-04-2024,04-04-2024,2251,Trade receivables - considered good,49796.0,0.0,Sale invoice raised,amit.deshpande
JV00564,04-04-2024,04-04-2024,3001,Sale of manufactured goods,0.0,49796.0,Sale invoice raised,amit.deshpande
JV00565,13-03-2025,13-03-2025,4402,Repairs to machinery,5304.0,0.0,Machinery repairs,ravi.krishnan
JV00565,13-03-2025,13-03-2025,1332,Trade payables - other than micro and small,0.0,5304.0,Machinery repairs,ravi.krishnan
JV00566,18-09-2024,18-09-2024,4402,Repairs to machinery,8464.0,0.0,Machinery repairs,amit.deshpande
JV00566,18-09-2024,18-09-2024,1332,Trade payables - other than micro and small,0.0,8464.0,Machinery repairs,amit.deshpande
JV00567,15-05-2024,15-05-2024,2282,Balances with banks in current accounts,237561.0,0.0,Collection from customer,ravi.krishnan
JV00567,15-05-2024,15-05-2024,2251,Trade receivables - considered good,0.0,237561.0,Collection from customer,ravi.krishnan
JV00568,25-09-2024,25-09-2024,4401,Power and fuel,408386.0,0.0,Electricity charges,priya.sharma
JV00568,25-09-2024,25-09-2024,1332,Trade payables - other than micro and small,0.0,408386.0,Electricity charges,priya.sharma
JV00569,13-03-2025,13-03-2025,4001,Cost of materials consumed,29549.0,0.0,Purchase of raw material,priya.sharma
JV00569,13-03-2025,13-03-2025,1332,Trade payables - other than micro and small,0.0,29549.0,Purchase of raw material,priya.sharma
JV00570,10-10-2024,10-10-2024,4409,Freight outward,81788.0,0.0,Outward freight,ravi.krishnan
JV00570,10-10-2024,10-10-2024,1332,Trade payables - other than micro and small,0.0,81788.0,Outward freight,ravi.krishnan
JV00571,04-12-2024,04-12-2024,2251,Trade receivables - considered good,670155.0,0.0,Sale invoice raised,amit.deshpande
JV00571,04-12-2024,04-12-2024,3001,Sale of manufactured goods,0.0,670155.0,Sale invoice raised,amit.deshpande
JV00572,05-02-2025,05-02-2025,4401,Power and fuel,12617.0,0.0,Electricity charges,priya.sharma
JV00572,05-02-2025,05-02-2025,1332,Trade payables - other than micro and small,0.0,12617.0,Electricity charges,priya.sharma
JV00573,30-08-2024,30-08-2024,4409,Freight outward,3780.0,0.0,Outward freight,amit.deshpande
JV00573,30-08-2024,30-08-2024,1332,Trade payables - other than micro and small,0.0,3780.0,Outward freight,amit.deshpande
JV00574,09-04-2024,09-04-2024,4201,Salaries and wages,29753.0,0.0,Payroll for the month,priya.sharma
JV00574,09-04-2024,09-04-2024,1362,Employee benefits payable,0.0,29753.0,Payroll for the month,priya.sharma
JV00575,14-06-2024,14-06-2024,4409,Freight outward,72863.0,0.0,Outward freight,amit.deshpande
JV00575,14-06-2024,14-06-2024,1332,Trade payables - other than micro and small,0.0,72863.0,Outward freight,amit.deshpande
JV00576,18-12-2024,18-12-2024,4201,Salaries and wages,137457.0,0.0,Payroll for the month,amit.deshpande
JV00576,18-12-2024,18-12-2024,1362,Employee benefits payable,0.0,137457.0,Payroll for the month,amit.deshpande
JV00577,25-06-2024,25-06-2024,4201,Salaries and wages,102523.0,0.0,Payroll for the month,amit.deshpande
JV00577,25-06-2024,25-06-2024,1362,Employee benefits payable,0.0,102523.0,Payroll for the month,amit.deshpande
JV00578,04-10-2024,04-10-2024,4201,Salaries and wages,213217.0,0.0,Payroll for the month,ravi.krishnan
JV00578,04-10-2024,04-10-2024,1362,Employee benefits payable,0.0,213217.0,Payroll for the month,ravi.krishnan
JV00579,21-05-2024,21-05-2024,1332,Trade payables - other than micro and small,1303964.0,0.0,Payment to supplier,ravi.krishnan
JV00579,21-05-2024,21-05-2024,2282,Balances with banks in current accounts,0.0,1303964.0,Payment to supplier,ravi.krishnan
JV00580,03-05-2024,03-05-2024,4402,Repairs to machinery,3000.0,0.0,Machinery repairs,ravi.krishnan
JV00580,03-05-2024,03-05-2024,1332,Trade payables - other than micro and small,0.0,3000.0,Machinery repairs,ravi.krishnan
JV00581,17-04-2024,17-04-2024,4409,Freight outward,20818.0,0.0,Outward freight,ravi.krishnan
JV00581,17-04-2024,17-04-2024,1332,Trade payables - other than micro and small,0.0,20818.0,Outward freight,ravi.krishnan
JV00582,11-04-2024,11-04-2024,4401,Power and fuel,166157.0,0.0,Electricity charges,amit.deshpande
JV00582,11-04-2024,11-04-2024,1332,Trade payables - other than micro and small,0.0,166157.0,Electricity charges,amit.deshpande
JV00583,28-08-2024,28-08-2024,2251,Trade receivables - considered good,42437.0,0.0,Sale invoice raised,priya.sharma
JV00583,28-08-2024,28-08-2024,3001,Sale of manufactured goods,0.0,42437.0,Sale invoice raised,priya.sharma
JV00584,05-07-2024,05-07-2024,4401,Power and fuel,45837.0,0.0,Electricity charges,ravi.krishnan
JV00584,05-07-2024,05-07-2024,1332,Trade payables - other than micro and small,0.0,45837.0,Electricity charges,ravi.krishnan
JV00585,05-12-2024,05-12-2024,4001,Cost of materials consumed,61592.0,0.0,Purchase of raw material,priya.sharma
JV00585,05-12-2024,05-12-2024,1332,Trade payables - other than micro and small,0.0,61592.0,Purchase of raw material,priya.sharma
JV00586,26-11-2024,26-11-2024,1332,Trade payables - other than micro and small,1261094.0,0.0,Payment to supplier,ravi.krishnan
JV00586,26-11-2024,26-11-2024,2282,Balances with banks in current accounts,0.0,1261094.0,Payment to supplier,ravi.krishnan
JV00587,08-10-2024,08-10-2024,4409,Freight outward,9713.0,0.0,Outward freight,priya.sharma
JV00587,08-10-2024,08-10-2024,1332,Trade payables - other than micro and small,0.0,9713.0,Outward freight,priya.sharma
JV00588,25-09-2024,25-09-2024,1332,Trade payables - other than micro and small,164883.0,0.0,Payment to supplier,amit.deshpande
JV00588,25-09-2024,25-09-2024,2282,Balances with banks in current accounts,0.0,164883.0,Payment to supplier,amit.deshpande
JV00589,10-04-2024,10-04-2024,4001,Cost of materials consumed,573120.0,0.0,Purchase of raw material,amit.deshpande
JV00589,10-04-2024,10-04-2024,1332,Trade payables - other than micro and small,0.0,573120.0,Purchase of raw material,amit.deshpande
JV00590,28-10-2024,28-10-2024,4401,Power and fuel,16893.0,0.0,Electricity charges,amit.deshpande
JV00590,28-10-2024,28-10-2024,1332,Trade payables - other than micro and small,0.0,16893.0,Electricity charges,amit.deshpande
JV00591,09-07-2024,09-07-2024,4402,Repairs to machinery,3484.0,0.0,Machinery repairs,priya.sharma
JV00591,09-07-2024,09-07-2024,1332,Trade payables - other than micro and small,0.0,3484.0,Machinery repairs,priya.sharma
JV00592,23-07-2024,23-07-2024,4401,Power and fuel,18549.0,0.0,Electricity charges,amit.deshpande
JV00592,23-07-2024,23-07-2024,1332,Trade payables - other than micro and small,0.0,18549.0,Electricity charges,amit.deshpande
JV00593,01-04-2024,01-04-2024,2251,Trade receivables - considered good,1332035.0,0.0,Sale invoice raised,amit.deshpande
JV00593,01-04-2024,01-04-2024,3001,Sale of manufactured goods,0.0,1332035.0,Sale invoice raised,amit.deshpande
JV00594,16-01-2025,16-01-2025,4402,Repairs to machinery,42185.0,0.0,Machinery repairs,ravi.krishnan
JV00594,16-01-2025,16-01-2025,1332,Trade payables - other than micro and small,0.0,42185.0,Machinery repairs,ravi.krishnan
JV00595,21-08-2024,21-08-2024,4401,Power and fuel,25185.0,0.0,Electricity charges,ravi.krishnan
JV00595,21-08-2024,21-08-2024,1332,Trade payables - other than micro and small,0.0,25185.0,Electricity charges,ravi.krishnan
JV00596,23-08-2024,23-08-2024,4401,Power and fuel,85978.0,0.0,Electricity charges,ravi.krishnan
JV00596,23-08-2024,23-08-2024,1332,Trade payables - other than micro and small,0.0,85978.0,Electricity charges,ravi.krishnan
JV00597,18-06-2024,18-06-2024,4409,Freight outward,62174.0,0.0,Outward freight,ravi.krishnan
JV00597,18-06-2024,18-06-2024,1332,Trade payables - other than micro and small,0.0,62174.0,Outward freight,ravi.krishnan
JV00598,19-12-2024,19-12-2024,1332,Trade payables - other than micro and small,242057.0,0.0,Payment to supplier,amit.deshpande
JV00598,19-12-2024,19-12-2024,2282,Balances with banks in current accounts,0.0,242057.0,Payment to supplier,amit.deshpande
JV00599,03-03-2025,03-03-2025,1332,Trade payables - other than micro and small,299481.0,0.0,Payment to supplier,priya.sharma
JV00599,03-03-2025,03-03-2025,2282,Balances with banks in current accounts,0.0,299481.0,Payment to supplier,priya.sharma
JV00600,31-07-2024,31-07-2024,2282,Balances with banks in current accounts,2760559.0,0.0,Collection from customer,ravi.krishnan
JV00600,31-07-2024,31-07-2024,2251,Trade receivables - considered good,0.0,2760559.0,Collection from customer,ravi.krishnan
JV00601,25-04-2024,25-04-2024,4401,Power and fuel,15974.0,0.0,Electricity charges,ravi.krishnan
JV00601,25-04-2024,25-04-2024,1332,Trade payables - other than micro and small,0.0,15974.0,Electricity charges,ravi.krishnan
JV00602,14-02-2025,14-02-2025,4402,Repairs to machinery,21130.0,0.0,Machinery repairs,amit.deshpande
JV00602,14-02-2025,14-02-2025,1332,Trade payables - other than micro and small,0.0,21130.0,Machinery repairs,amit.deshpande
JV00603,27-08-2024,27-08-2024,1332,Trade payables - other than micro and small,220452.0,0.0,Payment to supplier,amit.deshpande
JV00603,27-08-2024,27-08-2024,2282,Balances with banks in current accounts,0.0,220452.0,Payment to supplier,amit.deshpande
JV00604,03-12-2024,03-12-2024,2282,Balances with banks in current accounts,1428829.0,0.0,Collection from customer,priya.sharma
JV00604,03-12-2024,03-12-2024,2251,Trade receivables - considered good,0.0,1428829.0,Collection from customer,priya.sharma
JV00605,25-04-2024,25-04-2024,4409,Freight outward,130707.0,0.0,Outward freight,priya.sharma
JV00605,25-04-2024,25-04-2024,1332,Trade payables - other than micro and small,0.0,130707.0,Outward freight,priya.sharma
JV00606,08-07-2024,08-07-2024,4402,Repairs to machinery,12974.0,0.0,Machinery repairs,amit.deshpande
JV00606,08-07-2024,08-07-2024,1332,Trade payables - other than micro and small,0.0,12974.0,Machinery repairs,amit.deshpande
JV00607,25-10-2024,25-10-2024,2251,Trade receivables - considered good,55873.0,0.0,Sale invoice raised,amit.deshpande
JV00607,25-10-2024,25-10-2024,3001,Sale of manufactured goods,0.0,55873.0,Sale invoice raised,amit.deshpande
JV00608,03-04-2024,03-04-2024,4402,Repairs to machinery,11444.0,0.0,Machinery repairs,ravi.krishnan
JV00608,03-04-2024,03-04-2024,1332,Trade payables - other than micro and small,0.0,11444.0,Machinery repairs,ravi.krishnan
JV00609,06-02-2025,06-02-2025,4409,Freight outward,49266.0,0.0,Outward freight,amit.deshpande
JV00609,06-02-2025,06-02-2025,1332,Trade payables - other than micro and small,0.0,49266.0,Outward freight,amit.deshpande
JV00610,28-10-2024,28-10-2024,4001,Cost of materials consumed,37984.0,0.0,Purchase of raw material,ravi.krishnan
JV00610,28-10-2024,28-10-2024,1332,Trade payables - other than micro and small,0.0,37984.0,Purchase of raw material,ravi.krishnan
JV00611,27-03-2025,27-03-2025,4409,Freight outward,137180.0,0.0,Outward freight,priya.sharma
JV00611,27-03-2025,27-03-2025,1332,Trade payables - other than micro and small,0.0,137180.0,Outward freight,priya.sharma
JV00612,20-05-2024,20-05-2024,4001,Cost of materials consumed,2057966.0,0.0,Purchase of raw material,ravi.krishnan
JV00612,20-05-2024,20-05-2024,1332,Trade payables - other than micro and small,0.0,2057966.0,Purchase of raw material,ravi.krishnan
JV00613,13-08-2024,13-08-2024,4001,Cost of materials consumed,713707.0,0.0,Purchase of raw material,amit.deshpande
JV00613,13-08-2024,13-08-2024,1332,Trade payables - other than micro and small,0.0,713707.0,Purchase of raw material,amit.deshpande
JV00614,11-11-2024,11-11-2024,4402,Repairs to machinery,26521.0,0.0,Machinery repairs,amit.deshpande
JV00614,11-11-2024,11-11-2024,1332,Trade payables - other than micro and small,0.0,26521.0,Machinery repairs,amit.deshpande
JV00615,24-04-2024,24-04-2024,1332,Trade payables - other than micro and small,119585.0,0.0,Payment to supplier,priya.sharma
JV00615,24-04-2024,24-04-2024,2282,Balances with banks in current accounts,0.0,119585.0,Payment to supplier,priya.sharma
JV00616,06-03-2025,06-03-2025,1332,Trade payables - other than micro and small,381001.0,0.0,Payment to supplier,ravi.krishnan
JV00616,06-03-2025,06-03-2025,2282,Balances with banks in current accounts,0.0,381001.0,Payment to supplier,ravi.krishnan
JV00617,07-01-2025,07-01-2025,4201,Salaries and wages,70079.0,0.0,Payroll for the month,priya.sharma
JV00617,07-01-2025,07-01-2025,1362,Employee benefits payable,0.0,70079.0,Payroll for the month,priya.sharma
JV00618,04-04-2024,04-04-2024,1332,Trade payables - other than micro and small,295920.0,0.0,Payment to supplier,ravi.krishnan
JV00618,04-04-2024,04-04-2024,2282,Balances with banks in current accounts,0.0,295920.0,Payment to supplier,ravi.krishnan
JV00619,17-12-2024,17-12-2024,4201,Salaries and wages,167298.0,0.0,Payroll for the month,amit.deshpande
JV00619,17-12-2024,17-12-2024,1362,Employee benefits payable,0.0,167298.0,Payroll for the month,amit.deshpande
JV00620,11-04-2024,11-04-2024,4409,Freight outward,51125.0,0.0,Outward freight,amit.deshpande
JV00620,11-04-2024,11-04-2024,1332,Trade payables - other than micro and small,0.0,51125.0,Outward freight,amit.deshpande
JV00621,05-03-2025,05-03-2025,4409,Freight outward,18808.0,0.0,Outward freight,ravi.krishnan
JV00621,05-03-2025,05-03-2025,1332,Trade payables - other than micro and small,0.0,18808.0,Outward freight,ravi.krishnan
JV00622,11-03-2025,11-03-2025,1332,Trade payables - other than micro and small,441525.0,0.0,Payment to supplier,ravi.krishnan
JV00622,11-03-2025,11-03-2025,2282,Balances with banks in current accounts,0.0,441525.0,Payment to supplier,ravi.krishnan
JV00623,13-12-2024,13-12-2024,1332,Trade payables - other than micro and small,742585.0,0.0,Payment to supplier,amit.deshpande
JV00623,13-12-2024,13-12-2024,2282,Balances with banks in current accounts,0.0,742585.0,Payment to supplier,amit.deshpande
JV00624,06-12-2024,06-12-2024,4401,Power and fuel,198977.0,0.0,Electricity charges,ravi.krishnan
JV00624,06-12-2024,06-12-2024,1332,Trade payables - other than micro and small,0.0,198977.0,Electricity charges,ravi.krishnan
JV00625,19-07-2024,19-07-2024,4402,Repairs to machinery,80494.0,0.0,Machinery repairs,amit.deshpande
JV00625,19-07-2024,19-07-2024,1332,Trade payables - other than micro and small,0.0,80494.0,Machinery repairs,amit.deshpande
JV00626,27-05-2024,27-05-2024,4201,Salaries and wages,541387.0,0.0,Payroll for the month,ravi.krishnan
JV00626,27-05-2024,27-05-2024,1362,Employee benefits payable,0.0,541387.0,Payroll for the month,ravi.krishnan
JV00627,08-08-2024,08-08-2024,2282,Balances with banks in current accounts,370556.0,0.0,Collection from customer,priya.sharma
JV00627,08-08-2024,08-08-2024,2251,Trade receivables - considered good,0.0,370556.0,Collection from customer,priya.sharma
JV00628,24-05-2024,24-05-2024,4402,Repairs to machinery,231146.0,0.0,Machinery repairs,priya.sharma
JV00628,24-05-2024,24-05-2024,1332,Trade payables - other than micro and small,0.0,231146.0,Machinery repairs,priya.sharma
JV00629,30-10-2024,30-10-2024,2282,Balances with banks in current accounts,114663.0,0.0,Collection from customer,amit.deshpande
JV00629,30-10-2024,30-10-2024,2251,Trade receivables - considered good,0.0,114663.0,Collection from customer,amit.deshpande
JV00630,26-12-2024,26-12-2024,2282,Balances with banks in current accounts,526852.0,0.0,Collection from customer,amit.deshpande
JV00630,26-12-2024,26-12-2024,2251,Trade receivables - considered good,0.0,526852.0,Collection from customer,amit.deshpande
JV00631,19-09-2024,19-09-2024,2251,Trade receivables - considered good,375078.0,0.0,Sale invoice raised,amit.deshpande
JV00631,19-09-2024,19-09-2024,3001,Sale of manufactured goods,0.0,375078.0,Sale invoice raised,amit.deshpande
JV00632,06-05-2024,06-05-2024,1332,Trade payables - other than micro and small,1389074.0,0.0,Payment to supplier,priya.sharma
JV00632,06-05-2024,06-05-2024,2282,Balances with banks in current accounts,0.0,1389074.0,Payment to supplier,priya.sharma
JV00633,03-02-2025,03-02-2025,4409,Freight outward,14307.0,0.0,Outward freight,priya.sharma
JV00633,03-02-2025,03-02-2025,1332,Trade payables - other than micro and small,0.0,14307.0,Outward freight,priya.sharma
JV00634,26-12-2024,26-12-2024,4402,Repairs to machinery,11279.0,0.0,Machinery repairs,ravi.krishnan
JV00634,26-12-2024,26-12-2024,1332,Trade payables - other than micro and small,0.0,11279.0,Machinery repairs,ravi.krishnan
JV00635,09-12-2024,09-12-2024,4401,Power and fuel,60029.0,0.0,Electricity charges,priya.sharma
JV00635,09-12-2024,09-12-2024,1332,Trade payables - other than micro and small,0.0,60029.0,Electricity charges,priya.sharma
JV00636,09-04-2024,09-04-2024,4401,Power and fuel,65311.0,0.0,Electricity charges,amit.deshpande
JV00636,09-04-2024,09-04-2024,1332,Trade payables - other than micro and small,0.0,65311.0,Electricity charges,amit.deshpande
JV00637,13-06-2024,13-06-2024,2282,Balances with banks in current accounts,169585.0,0.0,Collection from customer,ravi.krishnan
JV00637,13-06-2024,13-06-2024,2251,Trade receivables - considered good,0.0,169585.0,Collection from customer,ravi.krishnan
JV00638,27-12-2024,27-12-2024,4001,Cost of materials consumed,432370.0,0.0,Purchase of raw material,amit.deshpande
JV00638,27-12-2024,27-12-2024,1332,Trade payables - other than micro and small,0.0,432370.0,Purchase of raw material,amit.deshpande
JV00639,19-07-2024,19-07-2024,2282,Balances with banks in current accounts,270771.0,0.0,Collection from customer,priya.sharma
JV00639,19-07-2024,19-07-2024,2251,Trade receivables - considered good,0.0,270771.0,Collection from customer,priya.sharma
JV00640,15-10-2024,15-10-2024,4001,Cost of materials consumed,38675.0,0.0,Purchase of raw material,amit.deshpande
JV00640,15-10-2024,15-10-2024,1332,Trade payables - other than micro and small,0.0,38675.0,Purchase of raw material,amit.deshpande
JV00641,12-11-2024,12-11-2024,4401,Power and fuel,340991.0,0.0,Electricity charges,ravi.krishnan
JV00641,12-11-2024,12-11-2024,1332,Trade payables - other than micro and small,0.0,340991.0,Electricity charges,ravi.krishnan
JV00642,11-07-2024,11-07-2024,2282,Balances with banks in current accounts,1439989.0,0.0,Collection from customer,amit.deshpande
JV00642,11-07-2024,11-07-2024,2251,Trade receivables - considered good,0.0,1439989.0,Collection from customer,amit.deshpande
JV00643,10-09-2024,10-09-2024,1332,Trade payables - other than micro and small,37695.0,0.0,Payment to supplier,amit.deshpande
JV00643,10-09-2024,10-09-2024,2282,Balances with banks in current accounts,0.0,37695.0,Payment to supplier,amit.deshpande
JV00644,14-01-2025,14-01-2025,2251,Trade receivables - considered good,32556.0,0.0,Sale invoice raised,priya.sharma
JV00644,14-01-2025,14-01-2025,3001,Sale of manufactured goods,0.0,32556.0,Sale invoice raised,priya.sharma
JV00645,23-07-2024,23-07-2024,4001,Cost of materials consumed,489061.0,0.0,Purchase of raw material,ravi.krishnan
JV00645,23-07-2024,23-07-2024,1332,Trade payables - other than micro and small,0.0,489061.0,Purchase of raw material,ravi.krishnan
JV00646,19-08-2024,19-08-2024,2251,Trade receivables - considered good,233136.0,0.0,Sale invoice raised,amit.deshpande
JV00646,19-08-2024,19-08-2024,3001,Sale of manufactured goods,0.0,233136.0,Sale invoice raised,amit.deshpande
JV00647,07-03-2025,07-03-2025,4001,Cost of materials consumed,48771.0,0.0,Purchase of raw material,priya.sharma
JV00647,07-03-2025,07-03-2025,1332,Trade payables - other than micro and small,0.0,48771.0,Purchase of raw material,priya.sharma
JV00648,08-07-2024,08-07-2024,2282,Balances with banks in current accounts,1142182.0,0.0,Collection from customer,ravi.krishnan
JV00648,08-07-2024,08-07-2024,2251,Trade receivables - considered good,0.0,1142182.0,Collection from customer,ravi.krishnan
JV00649,10-12-2024,10-12-2024,4401,Power and fuel,79086.0,0.0,Electricity charges,ravi.krishnan
JV00649,10-12-2024,10-12-2024,1332,Trade payables - other than micro and small,0.0,79086.0,Electricity charges,ravi.krishnan
JV00650,12-09-2024,12-09-2024,2251,Trade receivables - considered good,730666.0,0.0,Sale invoice raised,ravi.krishnan
JV00650,12-09-2024,12-09-2024,3001,Sale of manufactured goods,0.0,730666.0,Sale invoice raised,ravi.krishnan
JV00651,13-08-2024,13-08-2024,4001,Cost of materials consumed,1588149.0,0.0,Purchase of raw material,amit.deshpande
JV00651,13-08-2024,13-08-2024,1332,Trade payables - other than micro and small,0.0,1588149.0,Purchase of raw material,amit.deshpande
JV00652,12-11-2024,12-11-2024,4409,Freight outward,101914.0,0.0,Outward freight,priya.sharma
JV00652,12-11-2024,12-11-2024,1332,Trade payables - other than micro and small,0.0,101914.0,Outward freight,priya.sharma
JV00653,02-01-2025,02-01-2025,4402,Repairs to machinery,25284.0,0.0,Machinery repairs,priya.sharma
JV00653,02-01-2025,02-01-2025,1332,Trade payables - other than micro and small,0.0,25284.0,Machinery repairs,priya.sharma
JV00654,15-11-2024,15-11-2024,2251,Trade receivables - considered good,252490.0,0.0,Sale invoice raised,ravi.krishnan
JV00654,15-11-2024,15-11-2024,3001,Sale of manufactured goods,0.0,252490.0,Sale invoice raised,ravi.krishnan
JV00655,09-04-2024,09-04-2024,4001,Cost of materials consumed,81141.0,0.0,Purchase of raw material,amit.deshpande
JV00655,09-04-2024,09-04-2024,1332,Trade payables - other than micro and small,0.0,81141.0,Purchase of raw material,amit.deshpande
JV00656,19-02-2025,19-02-2025,1332,Trade payables - other than micro and small,78859.0,0.0,Payment to supplier,priya.sharma
JV00656,19-02-2025,19-02-2025,2282,Balances with banks in current accounts,0.0,78859.0,Payment to supplier,priya.sharma
JV00657,17-12-2024,17-12-2024,4201,Salaries and wages,891229.0,0.0,Payroll for the month,ravi.krishnan
JV00657,17-12-2024,17-12-2024,1362,Employee benefits payable,0.0,891229.0,Payroll for the month,ravi.krishnan
JV00658,02-05-2024,02-05-2024,4201,Salaries and wages,28914.0,0.0,Payroll for the month,ravi.krishnan
JV00658,02-05-2024,02-05-2024,1362,Employee benefits payable,0.0,28914.0,Payroll for the month,ravi.krishnan
JV00659,13-12-2024,13-12-2024,4409,Freight outward,54749.0,0.0,Outward freight,ravi.krishnan
JV00659,13-12-2024,13-12-2024,1332,Trade payables - other than micro and small,0.0,54749.0,Outward freight,ravi.krishnan
JV00660,15-04-2024,15-04-2024,1332,Trade payables - other than micro and small,676699.0,0.0,Payment to supplier,amit.deshpande
JV00660,15-04-2024,15-04-2024,2282,Balances with banks in current accounts,0.0,676699.0,Payment to supplier,amit.deshpande
JV00661,26-03-2025,26-03-2025,4402,Repairs to machinery,48757.0,0.0,Machinery repairs,priya.sharma
JV00661,26-03-2025,26-03-2025,1332,Trade payables - other than micro and small,0.0,48757.0,Machinery repairs,priya.sharma
JV00662,18-12-2024,18-12-2024,1332,Trade payables - other than micro and small,86962.0,0.0,Payment to supplier,ravi.krishnan
JV00662,18-12-2024,18-12-2024,2282,Balances with banks in current accounts,0.0,86962.0,Payment to supplier,ravi.krishnan
JV00663,20-09-2024,20-09-2024,2282,Balances with banks in current accounts,150102.0,0.0,Collection from customer,ravi.krishnan
JV00663,20-09-2024,20-09-2024,2251,Trade receivables - considered good,0.0,150102.0,Collection from customer,ravi.krishnan
JV00664,14-02-2025,14-02-2025,4402,Repairs to machinery,9722.0,0.0,Machinery repairs,priya.sharma
JV00664,14-02-2025,14-02-2025,1332,Trade payables - other than micro and small,0.0,9722.0,Machinery repairs,priya.sharma
JV00665,10-12-2024,10-12-2024,2282,Balances with banks in current accounts,110469.0,0.0,Collection from customer,priya.sharma
JV00665,10-12-2024,10-12-2024,2251,Trade receivables - considered good,0.0,110469.0,Collection from customer,priya.sharma
JV00666,02-09-2024,02-09-2024,4402,Repairs to machinery,78037.0,0.0,Machinery repairs,amit.deshpande
JV00666,02-09-2024,02-09-2024,1332,Trade payables - other than micro and small,0.0,78037.0,Machinery repairs,amit.deshpande
JV00667,10-12-2024,10-12-2024,4409,Freight outward,129632.0,0.0,Outward freight,priya.sharma
JV00667,10-12-2024,10-12-2024,1332,Trade payables - other than micro and small,0.0,129632.0,Outward freight,priya.sharma
JV00668,05-02-2025,05-02-2025,4409,Freight outward,59548.0,0.0,Outward freight,amit.deshpande
JV00668,05-02-2025,05-02-2025,1332,Trade payables - other than micro and small,0.0,59548.0,Outward freight,amit.deshpande
JV00669,07-08-2024,07-08-2024,2251,Trade receivables - considered good,2448248.0,0.0,Sale invoice raised,priya.sharma
JV00669,07-08-2024,07-08-2024,3001,Sale of manufactured goods,0.0,2448248.0,Sale invoice raised,priya.sharma
JV00670,04-02-2025,04-02-2025,2282,Balances with banks in current accounts,34305.0,0.0,Collection from customer,priya.sharma
JV00670,04-02-2025,04-02-2025,2251,Trade receivables - considered good,0.0,34305.0,Collection from customer,priya.sharma
JV00671,19-02-2025,19-02-2025,4401,Power and fuel,212078.0,0.0,Electricity charges,amit.deshpande
JV00671,19-02-2025,19-02-2025,1332,Trade payables - other than micro and small,0.0,212078.0,Electricity charges,amit.deshpande
JV00672,13-02-2025,13-02-2025,4402,Repairs to machinery,3251.0,0.0,Machinery repairs,ravi.krishnan
JV00672,13-02-2025,13-02-2025,1332,Trade payables - other than micro and small,0.0,3251.0,Machinery repairs,ravi.krishnan
JV00673,11-12-2024,11-12-2024,4402,Repairs to machinery,10462.0,0.0,Machinery repairs,priya.sharma
JV00673,11-12-2024,11-12-2024,1332,Trade payables - other than micro and small,0.0,10462.0,Machinery repairs,priya.sharma
JV00674,05-03-2025,05-03-2025,4409,Freight outward,246182.0,0.0,Outward freight,priya.sharma
JV00674,05-03-2025,05-03-2025,1332,Trade payables - other than micro and small,0.0,246182.0,Outward freight,priya.sharma
JV00675,18-07-2024,18-07-2024,4001,Cost of materials consumed,152870.0,0.0,Purchase of raw material,ravi.krishnan
JV00675,18-07-2024,18-07-2024,1332,Trade payables - other than micro and small,0.0,152870.0,Purchase of raw material,ravi.krishnan
JV00676,20-01-2025,20-01-2025,2251,Trade receivables - considered good,776412.0,0.0,Sale invoice raised,amit.deshpande
JV00676,20-01-2025,20-01-2025,3001,Sale of manufactured goods,0.0,776412.0,Sale invoice raised,amit.deshpande
JV00677,10-02-2025,10-02-2025,2282,Balances with banks in current accounts,553865.0,0.0,Collection from customer,ravi.krishnan
JV00677,10-02-2025,10-02-2025,2251,Trade receivables - considered good,0.0,553865.0,Collection from customer,ravi.krishnan
JV00678,09-10-2024,09-10-2024,4402,Repairs to machinery,64073.0,0.0,Machinery repairs,ravi.krishnan
JV00678,09-10-2024,09-10-2024,1332,Trade payables - other than micro and small,0.0,64073.0,Machinery repairs,ravi.krishnan
JV00679,31-12-2024,31-12-2024,4402,Repairs to machinery,8936.0,0.0,Machinery repairs,priya.sharma
JV00679,31-12-2024,31-12-2024,1332,Trade payables - other than micro and small,0.0,8936.0,Machinery repairs,priya.sharma
JV00680,22-08-2024,22-08-2024,4401,Power and fuel,20875.0,0.0,Electricity charges,priya.sharma
JV00680,22-08-2024,22-08-2024,1332,Trade payables - other than micro and small,0.0,20875.0,Electricity charges,priya.sharma
JV00681,20-08-2024,20-08-2024,4409,Freight outward,18359.0,0.0,Outward freight,priya.sharma
JV00681,20-08-2024,20-08-2024,1332,Trade payables - other than micro and small,0.0,18359.0,Outward freight,priya.sharma
JV00682,11-11-2024,11-11-2024,4001,Cost of materials consumed,668833.0,0.0,Purchase of raw material,amit.deshpande
JV00682,11-11-2024,11-11-2024,1332,Trade payables - other than micro and small,0.0,668833.0,Purchase of raw material,amit.deshpande
JV00683,18-03-2025,18-03-2025,4201,Salaries and wages,92791.0,0.0,Payroll for the month,ravi.krishnan
JV00683,18-03-2025,18-03-2025,1362,Employee benefits payable,0.0,92791.0,Payroll for the month,ravi.krishnan
JV00684,15-07-2024,15-07-2024,4409,Freight outward,11830.0,0.0,Outward freight,priya.sharma
JV00684,15-07-2024,15-07-2024,1332,Trade payables - other than micro and small,0.0,11830.0,Outward freight,priya.sharma
JV00685,14-02-2025,14-02-2025,4402,Repairs to machinery,27687.0,0.0,Machinery repairs,priya.sharma
JV00685,14-02-2025,14-02-2025,1332,Trade payables - other than micro and small,0.0,27687.0,Machinery repairs,priya.sharma
JV00686,03-06-2024,03-06-2024,4401,Power and fuel,23440.0,0.0,Electricity charges,priya.sharma
JV00686,03-06-2024,03-06-2024,1332,Trade payables - other than micro and small,0.0,23440.0,Electricity charges,priya.sharma
JV00687,15-01-2025,15-01-2025,4402,Repairs to machinery,48420.0,0.0,Machinery repairs,priya.sharma
JV00687,15-01-2025,15-01-2025,1332,Trade payables - other than micro and small,0.0,48420.0,Machinery repairs,priya.sharma
JV00688,04-09-2024,04-09-2024,4201,Salaries and wages,710978.0,0.0,Payroll for the month,amit.deshpande
JV00688,04-09-2024,04-09-2024,1362,Employee benefits payable,0.0,710978.0,Payroll for the month,amit.deshpande
JV00689,29-10-2024,29-10-2024,1332,Trade payables - other than micro and small,366050.0,0.0,Payment to supplier,priya.sharma
JV00689,29-10-2024,29-10-2024,2282,Balances with banks in current accounts,0.0,366050.0,Payment to supplier,priya.sharma
JV00690,06-02-2025,06-02-2025,4001,Cost of materials consumed,60727.0,0.0,Purchase of raw material,priya.sharma
JV00690,06-02-2025,06-02-2025,1332,Trade payables - other than micro and small,0.0,60727.0,Purchase of raw material,priya.sharma
JV00691,07-06-2024,07-06-2024,2251,Trade receivables - considered good,101615.0,0.0,Sale invoice raised,ravi.krishnan
JV00691,07-06-2024,07-06-2024,3001,Sale of manufactured goods,0.0,101615.0,Sale invoice raised,ravi.krishnan
JV00692,25-04-2024,25-04-2024,4401,Power and fuel,691946.0,0.0,Electricity charges,amit.deshpande
JV00692,25-04-2024,25-04-2024,1332,Trade payables - other than micro and small,0.0,691946.0,Electricity charges,amit.deshpande
JV00693,13-11-2024,13-11-2024,4201,Salaries and wages,1048154.0,0.0,Payroll for the month,amit.deshpande
JV00693,13-11-2024,13-11-2024,1362,Employee benefits payable,0.0,1048154.0,Payroll for the month,amit.deshpande
JV00694,21-05-2024,21-05-2024,2282,Balances with banks in current accounts,153113.0,0.0,Collection from customer,amit.deshpande
JV00694,21-05-2024,21-05-2024,2251,Trade receivables - considered good,0.0,153113.0,Collection from customer,amit.deshpande
JV00695,16-09-2024,16-09-2024,2282,Balances with banks in current accounts,245196.0,0.0,Collection from customer,ravi.krishnan
JV00695,16-09-2024,16-09-2024,2251,Trade receivables - considered good,0.0,245196.0,Collection from customer,ravi.krishnan
JV00696,17-06-2024,17-06-2024,4402,Repairs to machinery,41784.0,0.0,Machinery repairs,amit.deshpande
JV00696,17-06-2024,17-06-2024,1332,Trade payables - other than micro and small,0.0,41784.0,Machinery repairs,amit.deshpande
JV00697,06-02-2025,06-02-2025,4402,Repairs to machinery,9123.0,0.0,Machinery repairs,amit.deshpande
JV00697,06-02-2025,06-02-2025,1332,Trade payables - other than micro and small,0.0,9123.0,Machinery repairs,amit.deshpande
JV00698,24-04-2024,24-04-2024,4001,Cost of materials consumed,1033991.0,0.0,Purchase of raw material,ravi.krishnan
JV00698,24-04-2024,24-04-2024,1332,Trade payables - other than micro and small,0.0,1033991.0,Purchase of raw material,ravi.krishnan
JV00699,20-06-2024,20-06-2024,4201,Salaries and wages,192458.0,0.0,Payroll for the month,ravi.krishnan
JV00699,20-06-2024,20-06-2024,1362,Employee benefits payable,0.0,192458.0,Payroll for the month,ravi.krishnan
JV00700,08-05-2024,08-05-2024,4401,Power and fuel,412582.0,0.0,Electricity charges,amit.deshpande
JV00700,08-05-2024,08-05-2024,1332,Trade payables - other than micro and small,0.0,412582.0,Electricity charges,amit.deshpande
JV00701,02-09-2024,02-09-2024,4401,Power and fuel,191609.0,0.0,Electricity charges,ravi.krishnan
JV00701,02-09-2024,02-09-2024,1332,Trade payables - other than micro and small,0.0,191609.0,Electricity charges,ravi.krishnan
JV00702,09-09-2024,09-09-2024,4201,Salaries and wages,1388858.0,0.0,Payroll for the month,ravi.krishnan
JV00702,09-09-2024,09-09-2024,1362,Employee benefits payable,0.0,1388858.0,Payroll for the month,ravi.krishnan
JV00703,10-05-2024,10-05-2024,4409,Freight outward,9002.0,0.0,Outward freight,priya.sharma
JV00703,10-05-2024,10-05-2024,1332,Trade payables - other than micro and small,0.0,9002.0,Outward freight,priya.sharma
JV00704,23-08-2024,23-08-2024,4402,Repairs to machinery,22220.0,0.0,Machinery repairs,priya.sharma
JV00704,23-08-2024,23-08-2024,1332,Trade payables - other than micro and small,0.0,22220.0,Machinery repairs,priya.sharma
JV00705,31-07-2024,31-07-2024,4201,Salaries and wages,114468.0,0.0,Payroll for the month,amit.deshpande
JV00705,31-07-2024,31-07-2024,1362,Employee benefits payable,0.0,114468.0,Payroll for the month,amit.deshpande
JV00706,28-10-2024,28-10-2024,4001,Cost of materials consumed,49931.0,0.0,Purchase of raw material,priya.sharma
JV00706,28-10-2024,28-10-2024,1332,Trade payables - other than micro and small,0.0,49931.0,Purchase of raw material,priya.sharma
JV00707,12-12-2024,12-12-2024,2282,Balances with banks in current accounts,2304738.0,0.0,Collection from customer,ravi.krishnan
JV00707,12-12-2024,12-12-2024,2251,Trade receivables - considered good,0.0,2304738.0,Collection from customer,ravi.krishnan
JV00708,17-02-2025,17-02-2025,4401,Power and fuel,231767.0,0.0,Electricity charges,priya.sharma
JV00708,17-02-2025,17-02-2025,1332,Trade payables - other than micro and small,0.0,231767.0,Electricity charges,priya.sharma
JV00709,28-06-2024,28-06-2024,2251,Trade receivables - considered good,2308214.0,0.0,Sale invoice raised,priya.sharma
JV00709,28-06-2024,28-06-2024,3001,Sale of manufactured goods,0.0,2308214.0,Sale invoice raised,priya.sharma
JV00710,05-07-2024,05-07-2024,4401,Power and fuel,51704.0,0.0,Electricity charges,priya.sharma
JV00710,05-07-2024,05-07-2024,1332,Trade payables - other than micro and small,0.0,51704.0,Electricity charges,priya.sharma
JV00711,09-07-2024,09-07-2024,4001,Cost of materials consumed,145778.0,0.0,Purchase of raw material,amit.deshpande
JV00711,09-07-2024,09-07-2024,1332,Trade payables - other than micro and small,0.0,145778.0,Purchase of raw material,amit.deshpande
JV00712,08-11-2024,08-11-2024,4401,Power and fuel,33436.0,0.0,Electricity charges,ravi.krishnan
JV00712,08-11-2024,08-11-2024,1332,Trade payables - other than micro and small,0.0,33436.0,Electricity charges,ravi.krishnan
JV00713,16-04-2024,16-04-2024,1332,Trade payables - other than micro and small,52669.0,0.0,Payment to supplier,amit.deshpande
JV00713,16-04-2024,16-04-2024,2282,Balances with banks in current accounts,0.0,52669.0,Payment to supplier,amit.deshpande
JV00714,09-08-2024,09-08-2024,4201,Salaries and wages,105749.0,0.0,Payroll for the month,ravi.krishnan
JV00714,09-08-2024,09-08-2024,1362,Employee benefits payable,0.0,105749.0,Payroll for the month,ravi.krishnan
JV00715,07-01-2025,07-01-2025,4001,Cost of materials consumed,1562444.0,0.0,Purchase of raw material,ravi.krishnan
JV00715,07-01-2025,07-01-2025,1332,Trade payables - other than micro and small,0.0,1562444.0,Purchase of raw material,ravi.krishnan
JV00716,13-05-2024,13-05-2024,4201,Salaries and wages,38908.0,0.0,Payroll for the month,ravi.krishnan
JV00716,13-05-2024,13-05-2024,1362,Employee benefits payable,0.0,38908.0,Payroll for the month,ravi.krishnan
JV00717,24-02-2025,24-02-2025,4001,Cost of materials consumed,524466.0,0.0,Purchase of raw material,ravi.krishnan
JV00717,24-02-2025,24-02-2025,1332,Trade payables - other than micro and small,0.0,524466.0,Purchase of raw material,ravi.krishnan
JV00718,10-05-2024,10-05-2024,4401,Power and fuel,660134.0,0.0,Electricity charges,priya.sharma
JV00718,10-05-2024,10-05-2024,1332,Trade payables - other than micro and small,0.0,660134.0,Electricity charges,priya.sharma
JV00719,02-04-2024,02-04-2024,2251,Trade receivables - considered good,966220.0,0.0,Sale invoice raised,priya.sharma
JV00719,02-04-2024,02-04-2024,3001,Sale of manufactured goods,0.0,966220.0,Sale invoice raised,priya.sharma
JV00720,18-12-2024,18-12-2024,2282,Balances with banks in current accounts,56707.0,0.0,Collection from customer,amit.deshpande
JV00720,18-12-2024,18-12-2024,2251,Trade receivables - considered good,0.0,56707.0,Collection from customer,amit.deshpande
JV00721,10-04-2024,10-04-2024,4001,Cost of materials consumed,27297.0,0.0,Purchase of raw material,priya.sharma
JV00721,10-04-2024,10-04-2024,1332,Trade payables - other than micro and small,0.0,27297.0,Purchase of raw material,priya.sharma
JV00722,25-04-2024,25-04-2024,4402,Repairs to machinery,197095.0,0.0,Machinery repairs,amit.deshpande
JV00722,25-04-2024,25-04-2024,1332,Trade payables - other than micro and small,0.0,197095.0,Machinery repairs,amit.deshpande
JV00723,12-02-2025,12-02-2025,4201,Salaries and wages,1076216.0,0.0,Payroll for the month,ravi.krishnan
JV00723,12-02-2025,12-02-2025,1362,Employee benefits payable,0.0,1076216.0,Payroll for the month,ravi.krishnan
JV00724,23-09-2024,23-09-2024,2282,Balances with banks in current accounts,37453.0,0.0,Collection from customer,ravi.krishnan
JV00724,23-09-2024,23-09-2024,2251,Trade receivables - considered good,0.0,37453.0,Collection from customer,ravi.krishnan
JV00725,20-02-2025,20-02-2025,2282,Balances with banks in current accounts,116174.0,0.0,Collection from customer,ravi.krishnan
JV00725,20-02-2025,20-02-2025,2251,Trade receivables - considered good,0.0,116174.0,Collection from customer,ravi.krishnan
JV00726,02-01-2025,02-01-2025,4402,Repairs to machinery,4709.0,0.0,Machinery repairs,priya.sharma
JV00726,02-01-2025,02-01-2025,1332,Trade payables - other than micro and small,0.0,4709.0,Machinery repairs,priya.sharma
JV00727,04-11-2024,04-11-2024,2251,Trade receivables - considered good,51168.0,0.0,Sale invoice raised,ravi.krishnan
JV00727,04-11-2024,04-11-2024,3001,Sale of manufactured goods,0.0,51168.0,Sale invoice raised,ravi.krishnan
JV00728,18-04-2024,18-04-2024,2282,Balances with banks in current accounts,62991.0,0.0,Collection from customer,amit.deshpande
JV00728,18-04-2024,18-04-2024,2251,Trade receivables - considered good,0.0,62991.0,Collection from customer,amit.deshpande
JV00729,31-12-2024,31-12-2024,4402,Repairs to machinery,7710.0,0.0,Machinery repairs,priya.sharma
JV00729,31-12-2024,31-12-2024,1332,Trade payables - other than micro and small,0.0,7710.0,Machinery repairs,priya.sharma
JV00730,28-02-2025,28-02-2025,4409,Freight outward,6623.0,0.0,Outward freight,ravi.krishnan
JV00730,28-02-2025,28-02-2025,1332,Trade payables - other than micro and small,0.0,6623.0,Outward freight,ravi.krishnan
JV00731,03-09-2024,03-09-2024,4401,Power and fuel,565201.0,0.0,Electricity charges,priya.sharma
JV00731,03-09-2024,03-09-2024,1332,Trade payables - other than micro and small,0.0,565201.0,Electricity charges,priya.sharma
JV00732,19-07-2024,19-07-2024,4402,Repairs to machinery,31748.0,0.0,Machinery repairs,amit.deshpande
JV00732,19-07-2024,19-07-2024,1332,Trade payables - other than micro and small,0.0,31748.0,Machinery repairs,amit.deshpande
JV00733,05-11-2024,05-11-2024,4402,Repairs to machinery,21728.0,0.0,Machinery repairs,priya.sharma
JV00733,05-11-2024,05-11-2024,1332,Trade payables - other than micro and small,0.0,21728.0,Machinery repairs,priya.sharma
JV00734,13-01-2025,13-01-2025,1332,Trade payables - other than micro and small,30698.0,0.0,Payment to supplier,ravi.krishnan
JV00734,13-01-2025,13-01-2025,2282,Balances with banks in current accounts,0.0,30698.0,Payment to supplier,ravi.krishnan
JV00735,26-11-2024,26-11-2024,2282,Balances with banks in current accounts,337162.0,0.0,Collection from customer,priya.sharma
JV00735,26-11-2024,26-11-2024,2251,Trade receivables - considered good,0.0,337162.0,Collection from customer,priya.sharma
JV00736,11-12-2024,11-12-2024,4201,Salaries and wages,274286.0,0.0,Payroll for the month,ravi.krishnan
JV00736,11-12-2024,11-12-2024,1362,Employee benefits payable,0.0,274286.0,Payroll for the month,ravi.krishnan
JV00737,25-11-2024,25-11-2024,2282,Balances with banks in current accounts,734399.0,0.0,Collection from customer,ravi.krishnan
JV00737,25-11-2024,25-11-2024,2251,Trade receivables - considered good,0.0,734399.0,Collection from customer,ravi.krishnan
JV00738,12-06-2024,12-06-2024,1332,Trade payables - other than micro and small,258819.0,0.0,Payment to supplier,priya.sharma
JV00738,12-06-2024,12-06-2024,2282,Balances with banks in current accounts,0.0,258819.0,Payment to supplier,priya.sharma
JV00739,31-05-2024,31-05-2024,1332,Trade payables - other than micro and small,44108.0,0.0,Payment to supplier,amit.deshpande
JV00739,31-05-2024,31-05-2024,2282,Balances with banks in current accounts,0.0,44108.0,Payment to supplier,amit.deshpande
JV00740,27-06-2024,27-06-2024,4001,Cost of materials consumed,1140062.0,0.0,Purchase of raw material,ravi.krishnan
JV00740,27-06-2024,27-06-2024,1332,Trade payables - other than micro and small,0.0,1140062.0,Purchase of raw material,ravi.krishnan
JV00741,18-12-2024,18-12-2024,4401,Power and fuel,462575.0,0.0,Electricity charges,amit.deshpande
JV00741,18-12-2024,18-12-2024,1332,Trade payables - other than micro and small,0.0,462575.0,Electricity charges,amit.deshpande
JV00742,12-07-2024,12-07-2024,4001,Cost of materials consumed,30845.0,0.0,Purchase of raw material,ravi.krishnan
JV00742,12-07-2024,12-07-2024,1332,Trade payables - other than micro and small,0.0,30845.0,Purchase of raw material,ravi.krishnan
JV00743,23-01-2025,23-01-2025,4001,Cost of materials consumed,705481.0,0.0,Purchase of raw material,amit.deshpande
JV00743,23-01-2025,23-01-2025,1332,Trade payables - other than micro and small,0.0,705481.0,Purchase of raw material,amit.deshpande
JV00744,20-09-2024,20-09-2024,2282,Balances with banks in current accounts,109716.0,0.0,Collection from customer,priya.sharma
JV00744,20-09-2024,20-09-2024,2251,Trade receivables - considered good,0.0,109716.0,Collection from customer,priya.sharma
JV00745,24-04-2024,24-04-2024,4001,Cost of materials consumed,620087.0,0.0,Purchase of raw material,amit.deshpande
JV00745,24-04-2024,24-04-2024,1332,Trade payables - other than micro and small,0.0,620087.0,Purchase of raw material,amit.deshpande
JV00746,17-05-2024,17-05-2024,4402,Repairs to machinery,138313.0,0.0,Machinery repairs,ravi.krishnan
JV00746,17-05-2024,17-05-2024,1332,Trade payables - other than micro and small,0.0,138313.0,Machinery repairs,ravi.krishnan
JV00747,15-01-2025,15-01-2025,2282,Balances with banks in current accounts,79383.0,0.0,Collection from customer,amit.deshpande
JV00747,15-01-2025,15-01-2025,2251,Trade receivables - considered good,0.0,79383.0,Collection from customer,amit.deshpande
JV00748,03-06-2024,03-06-2024,2282,Balances with banks in current accounts,290280.0,0.0,Collection from customer,amit.deshpande
JV00748,03-06-2024,03-06-2024,2251,Trade receivables - considered good,0.0,290280.0,Collection from customer,amit.deshpande
JV00749,11-02-2025,11-02-2025,4409,Freight outward,9493.0,0.0,Outward freight,amit.deshpande
JV00749,11-02-2025,11-02-2025,1332,Trade payables - other than micro and small,0.0,9493.0,Outward freight,amit.deshpande
JV00750,26-03-2025,26-03-2025,4402,Repairs to machinery,5444.0,0.0,Machinery repairs,priya.sharma
JV00750,26-03-2025,26-03-2025,1332,Trade payables - other than micro and small,0.0,5444.0,Machinery repairs,priya.sharma
JV00751,30-12-2024,30-12-2024,4401,Power and fuel,107952.0,0.0,Electricity charges,priya.sharma
JV00751,30-12-2024,30-12-2024,1332,Trade payables - other than micro and small,0.0,107952.0,Electricity charges,priya.sharma
JV00752,20-03-2025,20-03-2025,4409,Freight outward,15768.0,0.0,Outward freight,priya.sharma
JV00752,20-03-2025,20-03-2025,1332,Trade payables - other than micro and small,0.0,15768.0,Outward freight,priya.sharma
JV00753,18-12-2024,18-12-2024,4401,Power and fuel,22562.0,0.0,Electricity charges,ravi.krishnan
JV00753,18-12-2024,18-12-2024,1332,Trade payables - other than micro and small,0.0,22562.0,Electricity charges,ravi.krishnan
JV00754,10-12-2024,10-12-2024,1332,Trade payables - other than micro and small,39923.0,0.0,Payment to supplier,amit.deshpande
JV00754,10-12-2024,10-12-2024,2282,Balances with banks in current accounts,0.0,39923.0,Payment to supplier,amit.deshpande
JV00755,12-03-2025,12-03-2025,4001,Cost of materials consumed,622411.0,0.0,Purchase of raw material,priya.sharma
JV00755,12-03-2025,12-03-2025,1332,Trade payables - other than micro and small,0.0,622411.0,Purchase of raw material,priya.sharma
JV00756,25-12-2024,25-12-2024,1332,Trade payables - other than micro and small,173992.0,0.0,Payment to supplier,amit.deshpande
JV00756,25-12-2024,25-12-2024,2282,Balances with banks in current accounts,0.0,173992.0,Payment to supplier,amit.deshpande
JV00757,22-08-2024,22-08-2024,1332,Trade payables - other than micro and small,64990.0,0.0,Payment to supplier,amit.deshpande
JV00757,22-08-2024,22-08-2024,2282,Balances with banks in current accounts,0.0,64990.0,Payment to supplier,amit.deshpande
JV00758,24-12-2024,24-12-2024,4402,Repairs to machinery,200616.0,0.0,Machinery repairs,ravi.krishnan
JV00758,24-12-2024,24-12-2024,1332,Trade payables - other than micro and small,0.0,200616.0,Machinery repairs,ravi.krishnan
JV00759,24-10-2024,24-10-2024,4409,Freight outward,40126.0,0.0,Outward freight,ravi.krishnan
JV00759,24-10-2024,24-10-2024,1332,Trade payables - other than micro and small,0.0,40126.0,Outward freight,ravi.krishnan
JV00760,17-06-2024,17-06-2024,4401,Power and fuel,20127.0,0.0,Electricity charges,priya.sharma
JV00760,17-06-2024,17-06-2024,1332,Trade payables - other than micro and small,0.0,20127.0,Electricity charges,priya.sharma
JV00761,06-02-2025,06-02-2025,4401,Power and fuel,93526.0,0.0,Electricity charges,amit.deshpande
JV00761,06-02-2025,06-02-2025,1332,Trade payables - other than micro and small,0.0,93526.0,Electricity charges,amit.deshpande
JV00762,18-09-2024,18-09-2024,4402,Repairs to machinery,227568.0,0.0,Machinery repairs,amit.deshpande
JV00762,18-09-2024,18-09-2024,1332,Trade payables - other than micro and small,0.0,227568.0,Machinery repairs,amit.deshpande
JV00763,21-05-2024,21-05-2024,4001,Cost of materials consumed,56787.0,0.0,Purchase of raw material,ravi.krishnan
JV00763,21-05-2024,21-05-2024,1332,Trade payables - other than micro and small,0.0,56787.0,Purchase of raw material,ravi.krishnan
JV00764,07-02-2025,07-02-2025,4401,Power and fuel,588262.0,0.0,Electricity charges,ravi.krishnan
JV00764,07-02-2025,07-02-2025,1332,Trade payables - other than micro and small,0.0,588262.0,Electricity charges,ravi.krishnan
JV00765,14-06-2024,14-06-2024,2251,Trade receivables - considered good,454261.0,0.0,Sale invoice raised,ravi.krishnan
JV00765,14-06-2024,14-06-2024,3001,Sale of manufactured goods,0.0,454261.0,Sale invoice raised,ravi.krishnan
JV00766,20-12-2024,20-12-2024,4401,Power and fuel,29684.0,0.0,Electricity charges,amit.deshpande
JV00766,20-12-2024,20-12-2024,1332,Trade payables - other than micro and small,0.0,29684.0,Electricity charges,amit.deshpande
JV00767,17-07-2024,17-07-2024,4201,Salaries and wages,894050.0,0.0,Payroll for the month,priya.sharma
JV00767,17-07-2024,17-07-2024,1362,Employee benefits payable,0.0,894050.0,Payroll for the month,priya.sharma
JV00768,01-04-2024,01-04-2024,4001,Cost of materials consumed,1635478.0,0.0,Purchase of raw material,priya.sharma
JV00768,01-04-2024,01-04-2024,1332,Trade payables - other than micro and small,0.0,1635478.0,Purchase of raw material,priya.sharma
JV00769,18-12-2024,18-12-2024,2251,Trade receivables - considered good,2031617.0,0.0,Sale invoice raised,amit.deshpande
JV00769,18-12-2024,18-12-2024,3001,Sale of manufactured goods,0.0,2031617.0,Sale invoice raised,amit.deshpande
JV00770,20-08-2024,20-08-2024,2251,Trade receivables - considered good,2994492.0,0.0,Sale invoice raised,amit.deshpande
JV00770,20-08-2024,20-08-2024,3001,Sale of manufactured goods,0.0,2994492.0,Sale invoice raised,amit.deshpande
JV00771,31-07-2024,31-07-2024,4402,Repairs to machinery,74410.0,0.0,Machinery repairs,priya.sharma
JV00771,31-07-2024,31-07-2024,1332,Trade payables - other than micro and small,0.0,74410.0,Machinery repairs,priya.sharma
JV00772,11-06-2024,11-06-2024,4409,Freight outward,140584.0,0.0,Outward freight,amit.deshpande
JV00772,11-06-2024,11-06-2024,1332,Trade payables - other than micro and small,0.0,140584.0,Outward freight,amit.deshpande
JV00773,20-01-2025,20-01-2025,2251,Trade receivables - considered good,2416368.0,0.0,Sale invoice raised,ravi.krishnan
JV00773,20-01-2025,20-01-2025,3001,Sale of manufactured goods,0.0,2416368.0,Sale invoice raised,ravi.krishnan
JV00774,07-11-2024,07-11-2024,1332,Trade payables - other than micro and small,75833.0,0.0,Payment to supplier,amit.deshpande
JV00774,07-11-2024,07-11-2024,2282,Balances with banks in current accounts,0.0,75833.0,Payment to supplier,amit.deshpande
JV00775,04-03-2025,04-03-2025,4402,Repairs to machinery,119829.0,0.0,Machinery repairs,priya.sharma
JV00775,04-03-2025,04-03-2025,1332,Trade payables - other than micro and small,0.0,119829.0,Machinery repairs,priya.sharma
JV00776,10-01-2025,10-01-2025,2282,Balances with banks in current accounts,1393764.0,0.0,Collection from customer,amit.deshpande
JV00776,10-01-2025,10-01-2025,2251,Trade receivables - considered good,0.0,1393764.0,Collection from customer,amit.deshpande
JV00777,29-08-2024,29-08-2024,4201,Salaries and wages,1390045.0,0.0,Payroll for the month,priya.sharma
JV00777,29-08-2024,29-08-2024,1362,Employee benefits payable,0.0,1390045.0,Payroll for the month,priya.sharma
JV00778,12-09-2024,12-09-2024,1332,Trade payables - other than micro and small,1702018.0,0.0,Payment to supplier,amit.deshpande
JV00778,12-09-2024,12-09-2024,2282,Balances with banks in current accounts,0.0,1702018.0,Payment to supplier,amit.deshpande
JV00779,21-05-2024,21-05-2024,4001,Cost of materials consumed,307438.0,0.0,Purchase of raw material,amit.deshpande
JV00779,21-05-2024,21-05-2024,1332,Trade payables - other than micro and small,0.0,307438.0,Purchase of raw material,amit.deshpande
JV00780,05-02-2025,05-02-2025,4402,Repairs to machinery,60142.0,0.0,Machinery repairs,amit.deshpande
JV00780,05-02-2025,05-02-2025,1332,Trade payables - other than micro and small,0.0,60142.0,Machinery repairs,amit.deshpande
JV00781,17-01-2025,17-01-2025,4201,Salaries and wages,335533.0,0.0,Payroll for the month,amit.deshpande
JV00781,17-01-2025,17-01-2025,1362,Employee benefits payable,0.0,335533.0,Payroll for the month,amit.deshpande
JV00782,15-11-2024,15-11-2024,4001,Cost of materials consumed,705572.0,0.0,Purchase of raw material,ravi.krishnan
JV00782,15-11-2024,15-11-2024,1332,Trade payables - other than micro and small,0.0,705572.0,Purchase of raw material,ravi.krishnan
JV00783,19-04-2024,19-04-2024,4409,Freight outward,126511.0,0.0,Outward freight,ravi.krishnan
JV00783,19-04-2024,19-04-2024,1332,Trade payables - other than micro and small,0.0,126511.0,Outward freight,ravi.krishnan
JV00784,26-11-2024,26-11-2024,4001,Cost of materials consumed,385977.0,0.0,Purchase of raw material,priya.sharma
JV00784,26-11-2024,26-11-2024,1332,Trade payables - other than micro and small,0.0,385977.0,Purchase of raw material,priya.sharma
JV00785,01-05-2024,01-05-2024,2282,Balances with banks in current accounts,916366.0,0.0,Collection from customer,priya.sharma
JV00785,01-05-2024,01-05-2024,2251,Trade receivables - considered good,0.0,916366.0,Collection from customer,priya.sharma
JV00786,10-01-2025,10-01-2025,2251,Trade receivables - considered good,1499389.0,0.0,Sale invoice raised,amit.deshpande
JV00786,10-01-2025,10-01-2025,3001,Sale of manufactured goods,0.0,1499389.0,Sale invoice raised,amit.deshpande
JV00787,07-10-2024,07-10-2024,4001,Cost of materials consumed,30349.0,0.0,Purchase of raw material,ravi.krishnan
JV00787,07-10-2024,07-10-2024,1332,Trade payables - other than micro and small,0.0,30349.0,Purchase of raw material,ravi.krishnan
JV00788,24-06-2024,24-06-2024,4409,Freight outward,17753.0,0.0,Outward freight,ravi.krishnan
JV00788,24-06-2024,24-06-2024,1332,Trade payables - other than micro and small,0.0,17753.0,Outward freight,ravi.krishnan
JV00789,26-04-2024,26-04-2024,4409,Freight outward,32696.0,0.0,Outward freight,priya.sharma
JV00789,26-04-2024,26-04-2024,1332,Trade payables - other than micro and small,0.0,32696.0,Outward freight,priya.sharma
JV00790,05-04-2024,05-04-2024,2251,Trade receivables - considered good,46108.0,0.0,Sale invoice raised,amit.deshpande
JV00790,05-04-2024,05-04-2024,3001,Sale of manufactured goods,0.0,46108.0,Sale invoice raised,amit.deshpande
JV00791,28-11-2024,28-11-2024,4402,Repairs to machinery,16070.0,0.0,Machinery repairs,amit.deshpande
JV00791,28-11-2024,28-11-2024,1332,Trade payables - other than micro and small,0.0,16070.0,Machinery repairs,amit.deshpande
JV00792,04-12-2024,04-12-2024,4201,Salaries and wages,425270.0,0.0,Payroll for the month,priya.sharma
JV00792,04-12-2024,04-12-2024,1362,Employee benefits payable,0.0,425270.0,Payroll for the month,priya.sharma
JV00793,30-05-2024,30-05-2024,4201,Salaries and wages,413949.0,0.0,Payroll for the month,priya.sharma
JV00793,30-05-2024,30-05-2024,1362,Employee benefits payable,0.0,413949.0,Payroll for the month,priya.sharma
JV00794,07-08-2024,07-08-2024,2251,Trade receivables - considered good,277595.0,0.0,Sale invoice raised,ravi.krishnan
JV00794,07-08-2024,07-08-2024,3001,Sale of manufactured goods,0.0,277595.0,Sale invoice raised,ravi.krishnan
JV00795,17-04-2024,17-04-2024,4402,Repairs to machinery,55677.0,0.0,Machinery repairs,priya.sharma
JV00795,17-04-2024,17-04-2024,1332,Trade payables - other than micro and small,0.0,55677.0,Machinery repairs,priya.sharma
JV00796,24-02-2025,24-02-2025,4409,Freight outward,53471.0,0.0,Outward freight,priya.sharma
JV00796,24-02-2025,24-02-2025,1332,Trade payables - other than micro and small,0.0,53471.0,Outward freight,priya.sharma
JV00797,18-10-2024,18-10-2024,4201,Salaries and wages,485581.0,0.0,Payroll for the month,amit.deshpande
JV00797,18-10-2024,18-10-2024,1362,Employee benefits payable,0.0,485581.0,Payroll for the month,amit.deshpande
JV00798,13-11-2024,13-11-2024,2251,Trade receivables - considered good,1890693.0,0.0,Sale invoice raised,amit.deshpande
JV00798,13-11-2024,13-11-2024,3001,Sale of manufactured goods,0.0,1890693.0,Sale invoice raised,amit.deshpande
JV00799,10-03-2025,10-03-2025,4402,Repairs to machinery,156310.0,0.0,Machinery repairs,amit.deshpande
JV00799,10-03-2025,10-03-2025,1332,Trade payables - other than micro and small,0.0,156310.0,Machinery repairs,amit.deshpande
JV00800,19-04-2024,19-04-2024,4001,Cost of materials consumed,280364.0,0.0,Purchase of raw material,amit.deshpande
JV00800,19-04-2024,19-04-2024,1332,Trade payables - other than micro and small,0.0,280364.0,Purchase of raw material,amit.deshpande
JV00801,15-10-2024,15-10-2024,2251,Trade receivables - considered good,1448633.0,0.0,Sale invoice raised,priya.sharma
JV00801,15-10-2024,15-10-2024,3001,Sale of manufactured goods,0.0,1448633.0,Sale invoice raised,priya.sharma
JV00802,11-11-2024,11-11-2024,4402,Repairs to machinery,19806.0,0.0,Machinery repairs,ravi.krishnan
JV00802,11-11-2024,11-11-2024,1332,Trade payables - other than micro and small,0.0,19806.0,Machinery repairs,ravi.krishnan
JV00803,30-10-2024,30-10-2024,4401,Power and fuel,582442.0,0.0,Electricity charges,amit.deshpande
JV00803,30-10-2024,30-10-2024,1332,Trade payables - other than micro and small,0.0,582442.0,Electricity charges,amit.deshpande
JV00804,13-03-2025,13-03-2025,4409,Freight outward,27419.0,0.0,Outward freight,amit.deshpande
JV00804,13-03-2025,13-03-2025,1332,Trade payables - other than micro and small,0.0,27419.0,Outward freight,amit.deshpande
JV00805,29-11-2024,29-11-2024,1332,Trade payables - other than micro and small,326469.0,0.0,Payment to supplier,priya.sharma
JV00805,29-11-2024,29-11-2024,2282,Balances with banks in current accounts,0.0,326469.0,Payment to supplier,priya.sharma
JV00806,01-07-2024,01-07-2024,4409,Freight outward,25135.0,0.0,Outward freight,ravi.krishnan
JV00806,01-07-2024,01-07-2024,1332,Trade payables - other than micro and small,0.0,25135.0,Outward freight,ravi.krishnan
JV00807,02-05-2024,02-05-2024,1332,Trade payables - other than micro and small,2091206.0,0.0,Payment to supplier,ravi.krishnan
JV00807,02-05-2024,02-05-2024,2282,Balances with banks in current accounts,0.0,2091206.0,Payment to supplier,ravi.krishnan
JV00808,22-08-2024,22-08-2024,4402,Repairs to machinery,10007.0,0.0,Machinery repairs,ravi.krishnan
JV00808,22-08-2024,22-08-2024,1332,Trade payables - other than micro and small,0.0,10007.0,Machinery repairs,ravi.krishnan
JV00809,10-12-2024,10-12-2024,1332,Trade payables - other than micro and small,81170.0,0.0,Payment to supplier,priya.sharma
JV00809,10-12-2024,10-12-2024,2282,Balances with banks in current accounts,0.0,81170.0,Payment to supplier,priya.sharma
JV00810,16-01-2025,16-01-2025,2251,Trade receivables - considered good,2564629.0,0.0,Sale invoice raised,priya.sharma
JV00810,16-01-2025,16-01-2025,3001,Sale of manufactured goods,0.0,2564629.0,Sale invoice raised,priya.sharma
JV00811,02-09-2024,02-09-2024,4001,Cost of materials consumed,108850.0,0.0,Purchase of raw material,priya.sharma
JV00811,02-09-2024,02-09-2024,1332,Trade payables - other than micro and small,0.0,108850.0,Purchase of raw material,priya.sharma
JV00812,28-08-2024,28-08-2024,4201,Salaries and wages,426006.0,0.0,Payroll for the month,amit.deshpande
JV00812,28-08-2024,28-08-2024,1362,Employee benefits payable,0.0,426006.0,Payroll for the month,amit.deshpande
JV00813,16-07-2024,16-07-2024,4001,Cost of materials consumed,335207.0,0.0,Purchase of raw material,amit.deshpande
JV00813,16-07-2024,16-07-2024,1332,Trade payables - other than micro and small,0.0,335207.0,Purchase of raw material,amit.deshpande
JV00814,27-05-2024,27-05-2024,2282,Balances with banks in current accounts,102256.0,0.0,Collection from customer,priya.sharma
JV00814,27-05-2024,27-05-2024,2251,Trade receivables - considered good,0.0,102256.0,Collection from customer,priya.sharma
JV00815,14-08-2024,14-08-2024,4201,Salaries and wages,23090.0,0.0,Payroll for the month,priya.sharma
JV00815,14-08-2024,14-08-2024,1362,Employee benefits payable,0.0,23090.0,Payroll for the month,priya.sharma
JV00816,12-03-2025,12-03-2025,4201,Salaries and wages,1567870.0,0.0,Payroll for the month,priya.sharma
JV00816,12-03-2025,12-03-2025,1362,Employee benefits payable,0.0,1567870.0,Payroll for the month,priya.sharma
JV00817,13-01-2025,13-01-2025,4409,Freight outward,4424.0,0.0,Outward freight,priya.sharma
JV00817,13-01-2025,13-01-2025,1332,Trade payables - other than micro and small,0.0,4424.0,Outward freight,priya.sharma
JV00818,30-05-2024,30-05-2024,4409,Freight outward,4816.0,0.0,Outward freight,priya.sharma
JV00818,30-05-2024,30-05-2024,1332,Trade payables - other than micro and small,0.0,4816.0,Outward freight,priya.sharma
JV00819,08-01-2025,08-01-2025,4001,Cost of materials consumed,104681.0,0.0,Purchase of raw material,ravi.krishnan
JV00819,08-01-2025,08-01-2025,1332,Trade payables - other than micro and small,0.0,104681.0,Purchase of raw material,ravi.krishnan
JV00820,02-07-2024,02-07-2024,4201,Salaries and wages,1680244.0,0.0,Payroll for the month,priya.sharma
JV00820,02-07-2024,02-07-2024,1362,Employee benefits payable,0.0,1680244.0,Payroll for the month,priya.sharma
JV00821,10-02-2025,10-02-2025,4001,Cost of materials consumed,2376335.0,0.0,Purchase of raw material,priya.sharma
JV00821,10-02-2025,10-02-2025,1332,Trade payables - other than micro and small,0.0,2376335.0,Purchase of raw material,priya.sharma
JV00822,23-04-2024,23-04-2024,1332,Trade payables - other than micro and small,189165.0,0.0,Payment to supplier,ravi.krishnan
JV00822,23-04-2024,23-04-2024,2282,Balances with banks in current accounts,0.0,189165.0,Payment to supplier,ravi.krishnan
JV00823,26-06-2024,26-06-2024,2251,Trade receivables - considered good,197951.0,0.0,Sale invoice raised,amit.deshpande
JV00823,26-06-2024,26-06-2024,3001,Sale of manufactured goods,0.0,197951.0,Sale invoice raised,amit.deshpande
JV00824,04-12-2024,04-12-2024,2282,Balances with banks in current accounts,698354.0,0.0,Collection from customer,ravi.krishnan
JV00824,04-12-2024,04-12-2024,2251,Trade receivables - considered good,0.0,698354.0,Collection from customer,ravi.krishnan
JV00825,03-02-2025,03-02-2025,4001,Cost of materials consumed,520522.0,0.0,Purchase of raw material,priya.sharma
JV00825,03-02-2025,03-02-2025,1332,Trade payables - other than micro and small,0.0,520522.0,Purchase of raw material,priya.sharma
JV00826,24-02-2025,24-02-2025,1332,Trade payables - other than micro and small,279189.0,0.0,Payment to supplier,ravi.krishnan
JV00826,24-02-2025,24-02-2025,2282,Balances with banks in current accounts,0.0,279189.0,Payment to supplier,ravi.krishnan
JV00827,16-08-2024,16-08-2024,4409,Freight outward,20239.0,0.0,Outward freight,priya.sharma
JV00827,16-08-2024,16-08-2024,1332,Trade payables - other than micro and small,0.0,20239.0,Outward freight,priya.sharma
JV00828,30-09-2024,30-09-2024,4409,Freight outward,9483.0,0.0,Outward freight,priya.sharma
JV00828,30-09-2024,30-09-2024,1332,Trade payables - other than micro and small,0.0,9483.0,Outward freight,priya.sharma
JV00829,12-07-2024,12-07-2024,2251,Trade receivables - considered good,2338297.0,0.0,Sale invoice raised,priya.sharma
JV00829,12-07-2024,12-07-2024,3001,Sale of manufactured goods,0.0,2338297.0,Sale invoice raised,priya.sharma
JV00830,21-10-2024,21-10-2024,4001,Cost of materials consumed,475419.0,0.0,Purchase of raw material,ravi.krishnan
JV00830,21-10-2024,21-10-2024,1332,Trade payables - other than micro and small,0.0,475419.0,Purchase of raw material,ravi.krishnan
JV00831,14-02-2025,14-02-2025,4201,Salaries and wages,1729632.0,0.0,Payroll for the month,ravi.krishnan
JV00831,14-02-2025,14-02-2025,1362,Employee benefits payable,0.0,1729632.0,Payroll for the month,ravi.krishnan
JV00832,26-12-2024,26-12-2024,4402,Repairs to machinery,11058.0,0.0,Machinery repairs,amit.deshpande
JV00832,26-12-2024,26-12-2024,1332,Trade payables - other than micro and small,0.0,11058.0,Machinery repairs,amit.deshpande
JV00833,28-01-2025,28-01-2025,4201,Salaries and wages,23364.0,0.0,Payroll for the month,priya.sharma
JV00833,28-01-2025,28-01-2025,1362,Employee benefits payable,0.0,23364.0,Payroll for the month,priya.sharma
JV00834,19-03-2025,19-03-2025,4001,Cost of materials consumed,58115.0,0.0,Purchase of raw material,amit.deshpande
JV00834,19-03-2025,19-03-2025,1332,Trade payables - other than micro and small,0.0,58115.0,Purchase of raw material,amit.deshpande
JV00835,19-06-2024,19-06-2024,4409,Freight outward,26091.0,0.0,Outward freight,amit.deshpande
JV00835,19-06-2024,19-06-2024,1332,Trade payables - other than micro and small,0.0,26091.0,Outward freight,amit.deshpande
JV00836,16-05-2024,16-05-2024,4409,Freight outward,8243.0,0.0,Outward freight,amit.deshpande
JV00836,16-05-2024,16-05-2024,1332,Trade payables - other than micro and small,0.0,8243.0,Outward freight,amit.deshpande
JV00837,21-10-2024,21-10-2024,1332,Trade payables - other than micro and small,29325.0,0.0,Payment to supplier,amit.deshpande
JV00837,21-10-2024,21-10-2024,2282,Balances with banks in current accounts,0.0,29325.0,Payment to supplier,amit.deshpande
JV00838,23-04-2024,23-04-2024,2282,Balances with banks in current accounts,992516.0,0.0,Collection from customer,priya.sharma
JV00838,23-04-2024,23-04-2024,2251,Trade receivables - considered good,0.0,992516.0,Collection from customer,priya.sharma
JV00839,31-01-2025,31-01-2025,1332,Trade payables - other than micro and small,36819.0,0.0,Payment to supplier,ravi.krishnan
JV00839,31-01-2025,31-01-2025,2282,Balances with banks in current accounts,0.0,36819.0,Payment to supplier,ravi.krishnan
JV00840,10-04-2024,10-04-2024,4201,Salaries and wages,402207.0,0.0,Payroll for the month,amit.deshpande
JV00840,10-04-2024,10-04-2024,1362,Employee benefits payable,0.0,402207.0,Payroll for the month,amit.deshpande
JV00841,21-03-2025,21-03-2025,2251,Trade receivables - considered good,270293.0,0.0,Sale invoice raised,ravi.krishnan
JV00841,21-03-2025,21-03-2025,3001,Sale of manufactured goods,0.0,270293.0,Sale invoice raised,ravi.krishnan
JV00842,11-03-2025,11-03-2025,2282,Balances with banks in current accounts,144896.0,0.0,Collection from customer,amit.deshpande
JV00842,11-03-2025,11-03-2025,2251,Trade receivables - considered good,0.0,144896.0,Collection from customer,amit.deshpande
JV00843,07-05-2024,07-05-2024,4201,Salaries and wages,42938.0,0.0,Payroll for the month,priya.sharma
JV00843,07-05-2024,07-05-2024,1362,Employee benefits payable,0.0,42938.0,Payroll for the month,priya.sharma
JV00844,26-06-2024,26-06-2024,2251,Trade receivables - considered good,2723783.0,0.0,Sale invoice raised,amit.deshpande
JV00844,26-06-2024,26-06-2024,3001,Sale of manufactured goods,0.0,2723783.0,Sale invoice raised,amit.deshpande
JV00845,20-09-2024,20-09-2024,4001,Cost of materials consumed,561839.0,0.0,Purchase of raw material,priya.sharma
JV00845,20-09-2024,20-09-2024,1332,Trade payables - other than micro and small,0.0,561839.0,Purchase of raw material,priya.sharma
JV00846,08-04-2024,08-04-2024,4001,Cost of materials consumed,1836083.0,0.0,Purchase of raw material,priya.sharma
JV00846,08-04-2024,08-04-2024,1332,Trade payables - other than micro and small,0.0,1836083.0,Purchase of raw material,priya.sharma
JV00847,18-12-2024,18-12-2024,2251,Trade receivables - considered good,310004.0,0.0,Sale invoice raised,amit.deshpande
JV00847,18-12-2024,18-12-2024,3001,Sale of manufactured goods,0.0,310004.0,Sale invoice raised,amit.deshpande
JV00848,06-09-2024,06-09-2024,2251,Trade receivables - considered good,381274.0,0.0,Sale invoice raised,amit.deshpande
JV00848,06-09-2024,06-09-2024,3001,Sale of manufactured goods,0.0,381274.0,Sale invoice raised,amit.deshpande
JV00849,30-05-2024,30-05-2024,4409,Freight outward,255618.0,0.0,Outward freight,ravi.krishnan
JV00849,30-05-2024,30-05-2024,1332,Trade payables - other than micro and small,0.0,255618.0,Outward freight,ravi.krishnan
JV00850,04-02-2025,04-02-2025,1332,Trade payables - other than micro and small,222365.0,0.0,Payment to supplier,ravi.krishnan
JV00850,04-02-2025,04-02-2025,2282,Balances with banks in current accounts,0.0,222365.0,Payment to supplier,ravi.krishnan
JV00851,10-09-2024,10-09-2024,1332,Trade payables - other than micro and small,103230.0,0.0,Payment to supplier,priya.sharma
JV00851,10-09-2024,10-09-2024,2282,Balances with banks in current accounts,0.0,103230.0,Payment to supplier,priya.sharma
JV00852,19-07-2024,19-07-2024,4201,Salaries and wages,210680.0,0.0,Payroll for the month,amit.deshpande
JV00852,19-07-2024,19-07-2024,1362,Employee benefits payable,0.0,210680.0,Payroll for the month,amit.deshpande
JV00853,29-10-2024,29-10-2024,4001,Cost of materials consumed,1375323.0,0.0,Purchase of raw material,priya.sharma
JV00853,29-10-2024,29-10-2024,1332,Trade payables - other than micro and small,0.0,1375323.0,Purchase of raw material,priya.sharma
JV00854,18-11-2024,18-11-2024,4402,Repairs to machinery,36260.0,0.0,Machinery repairs,amit.deshpande
JV00854,18-11-2024,18-11-2024,1332,Trade payables - other than micro and small,0.0,36260.0,Machinery repairs,amit.deshpande
JV00855,18-11-2024,18-11-2024,2282,Balances with banks in current accounts,1190157.0,0.0,Collection from customer,amit.deshpande
JV00855,18-11-2024,18-11-2024,2251,Trade receivables - considered good,0.0,1190157.0,Collection from customer,amit.deshpande
JV00856,07-11-2024,07-11-2024,1332,Trade payables - other than micro and small,76392.0,0.0,Payment to supplier,amit.deshpande
JV00856,07-11-2024,07-11-2024,2282,Balances with banks in current accounts,0.0,76392.0,Payment to supplier,amit.deshpande
JV00857,06-06-2024,06-06-2024,4402,Repairs to machinery,4113.0,0.0,Machinery repairs,ravi.krishnan
JV00857,06-06-2024,06-06-2024,1332,Trade payables - other than micro and small,0.0,4113.0,Machinery repairs,ravi.krishnan
JV00858,01-04-2024,01-04-2024,4402,Repairs to machinery,27113.0,0.0,Machinery repairs,ravi.krishnan
JV00858,01-04-2024,01-04-2024,1332,Trade payables - other than micro and small,0.0,27113.0,Machinery repairs,ravi.krishnan
JV00859,03-07-2024,03-07-2024,2251,Trade receivables - considered good,98623.0,0.0,Sale invoice raised,amit.deshpande
JV00859,03-07-2024,03-07-2024,3001,Sale of manufactured goods,0.0,98623.0,Sale invoice raised,amit.deshpande
JV00860,17-12-2024,17-12-2024,2282,Balances with banks in current accounts,391921.0,0.0,Collection from customer,amit.deshpande
JV00860,17-12-2024,17-12-2024,2251,Trade receivables - considered good,0.0,391921.0,Collection from customer,amit.deshpande
JV00861,17-12-2024,17-12-2024,4409,Freight outward,60051.0,0.0,Outward freight,amit.deshpande
JV00861,17-12-2024,17-12-2024,1332,Trade payables - other than micro and small,0.0,60051.0,Outward freight,amit.deshpande
JV00862,12-09-2024,12-09-2024,2251,Trade receivables - considered good,653151.0,0.0,Sale invoice raised,priya.sharma
JV00862,12-09-2024,12-09-2024,3001,Sale of manufactured goods,0.0,653151.0,Sale invoice raised,priya.sharma
JV00863,14-08-2024,14-08-2024,1332,Trade payables - other than micro and small,1632522.0,0.0,Payment to supplier,priya.sharma
JV00863,14-08-2024,14-08-2024,2282,Balances with banks in current accounts,0.0,1632522.0,Payment to supplier,priya.sharma
JV00864,07-01-2025,07-01-2025,4409,Freight outward,31940.0,0.0,Outward freight,ravi.krishnan
JV00864,07-01-2025,07-01-2025,1332,Trade payables - other than micro and small,0.0,31940.0,Outward freight,ravi.krishnan
JV00865,09-09-2024,09-09-2024,4001,Cost of materials consumed,264923.0,0.0,Purchase of raw material,priya.sharma
JV00865,09-09-2024,09-09-2024,1332,Trade payables - other than micro and small,0.0,264923.0,Purchase of raw material,priya.sharma
JV00866,29-05-2024,29-05-2024,4401,Power and fuel,15610.0,0.0,Electricity charges,amit.deshpande
JV00866,29-05-2024,29-05-2024,1332,Trade payables - other than micro and small,0.0,15610.0,Electricity charges,amit.deshpande
JV00867,07-02-2025,07-02-2025,4001,Cost of materials consumed,694915.0,0.0,Purchase of raw material,priya.sharma
JV00867,07-02-2025,07-02-2025,1332,Trade payables - other than micro and small,0.0,694915.0,Purchase of raw material,priya.sharma
JV00868,26-12-2024,26-12-2024,4402,Repairs to machinery,3476.0,0.0,Machinery repairs,amit.deshpande
JV00868,26-12-2024,26-12-2024,1332,Trade payables - other than micro and small,0.0,3476.0,Machinery repairs,amit.deshpande
JV00869,17-06-2024,17-06-2024,1332,Trade payables - other than micro and small,290735.0,0.0,Payment to supplier,ravi.krishnan
JV00869,17-06-2024,17-06-2024,2282,Balances with banks in current accounts,0.0,290735.0,Payment to supplier,ravi.krishnan
JV00870,03-01-2025,03-01-2025,4402,Repairs to machinery,179407.0,0.0,Machinery repairs,priya.sharma
JV00870,03-01-2025,03-01-2025,1332,Trade payables - other than micro and small,0.0,179407.0,Machinery repairs,priya.sharma
JV00871,03-09-2024,03-09-2024,2251,Trade receivables - considered good,1074973.0,0.0,Sale invoice raised,amit.deshpande
JV00871,03-09-2024,03-09-2024,3001,Sale of manufactured goods,0.0,1074973.0,Sale invoice raised,amit.deshpande
JV00872,16-05-2024,16-05-2024,1332,Trade payables - other than micro and small,40146.0,0.0,Payment to supplier,priya.sharma
JV00872,16-05-2024,16-05-2024,2282,Balances with banks in current accounts,0.0,40146.0,Payment to supplier,priya.sharma
JV00873,24-02-2025,24-02-2025,2251,Trade receivables - considered good,101599.0,0.0,Sale invoice raised,amit.deshpande
JV00873,24-02-2025,24-02-2025,3001,Sale of manufactured goods,0.0,101599.0,Sale invoice raised,amit.deshpande
JV00874,11-04-2024,11-04-2024,4409,Freight outward,80256.0,0.0,Outward freight,ravi.krishnan
JV00874,11-04-2024,11-04-2024,1332,Trade payables - other than micro and small,0.0,80256.0,Outward freight,ravi.krishnan
JV00875,05-06-2024,05-06-2024,2282,Balances with banks in current accounts,651707.0,0.0,Collection from customer,priya.sharma
JV00875,05-06-2024,05-06-2024,2251,Trade receivables - considered good,0.0,651707.0,Collection from customer,priya.sharma
JV00876,06-09-2024,06-09-2024,2282,Balances with banks in current accounts,1496311.0,0.0,Collection from customer,amit.deshpande
JV00876,06-09-2024,06-09-2024,2251,Trade receivables - considered good,0.0,1496311.0,Collection from customer,amit.deshpande
JV00877,13-03-2025,13-03-2025,2251,Trade receivables - considered good,1856342.0,0.0,Sale invoice raised,ravi.krishnan
JV00877,13-03-2025,13-03-2025,3001,Sale of manufactured goods,0.0,1856342.0,Sale invoice raised,ravi.krishnan
JV00878,24-01-2025,24-01-2025,4201,Salaries and wages,253413.0,0.0,Payroll for the month,priya.sharma
JV00878,24-01-2025,24-01-2025,1362,Employee benefits payable,0.0,253413.0,Payroll for the month,priya.sharma
JV00879,24-07-2024,24-07-2024,2282,Balances with banks in current accounts,456678.0,0.0,Collection from customer,amit.deshpande
JV00879,24-07-2024,24-07-2024,2251,Trade receivables - considered good,0.0,456678.0,Collection from customer,amit.deshpande
JV00880,21-10-2024,21-10-2024,4409,Freight outward,3823.0,0.0,Outward freight,ravi.krishnan
JV00880,21-10-2024,21-10-2024,1332,Trade payables - other than micro and small,0.0,3823.0,Outward freight,ravi.krishnan
JV00881,14-02-2025,14-02-2025,4201,Salaries and wages,1570346.0,0.0,Payroll for the month,priya.sharma
JV00881,14-02-2025,14-02-2025,1362,Employee benefits payable,0.0,1570346.0,Payroll for the month,priya.sharma
JV00882,28-08-2024,28-08-2024,4001,Cost of materials consumed,623937.0,0.0,Purchase of raw material,ravi.krishnan
JV00882,28-08-2024,28-08-2024,1332,Trade payables - other than micro and small,0.0,623937.0,Purchase of raw material,ravi.krishnan
JV00883,29-08-2024,29-08-2024,2251,Trade receivables - considered good,58738.0,0.0,Sale invoice raised,amit.deshpande
JV00883,29-08-2024,29-08-2024,3001,Sale of manufactured goods,0.0,58738.0,Sale invoice raised,amit.deshpande
JV00884,15-05-2024,15-05-2024,4402,Repairs to machinery,7131.0,0.0,Machinery repairs,amit.deshpande
JV00884,15-05-2024,15-05-2024,1332,Trade payables - other than micro and small,0.0,7131.0,Machinery repairs,amit.deshpande
JV00885,26-11-2024,26-11-2024,4401,Power and fuel,93472.0,0.0,Electricity charges,amit.deshpande
JV00885,26-11-2024,26-11-2024,1332,Trade payables - other than micro and small,0.0,93472.0,Electricity charges,amit.deshpande
JV00886,30-01-2025,30-01-2025,4402,Repairs to machinery,84200.0,0.0,Machinery repairs,ravi.krishnan
JV00886,30-01-2025,30-01-2025,1332,Trade payables - other than micro and small,0.0,84200.0,Machinery repairs,ravi.krishnan
JV00887,20-02-2025,20-02-2025,2251,Trade receivables - considered good,90900.0,0.0,Sale invoice raised,amit.deshpande
JV00887,20-02-2025,20-02-2025,3001,Sale of manufactured goods,0.0,90900.0,Sale invoice raised,amit.deshpande
JV00888,10-05-2024,10-05-2024,4401,Power and fuel,20753.0,0.0,Electricity charges,ravi.krishnan
JV00888,10-05-2024,10-05-2024,1332,Trade payables - other than micro and small,0.0,20753.0,Electricity charges,ravi.krishnan
JV00889,13-09-2024,13-09-2024,2282,Balances with banks in current accounts,152255.0,0.0,Collection from customer,priya.sharma
JV00889,13-09-2024,13-09-2024,2251,Trade receivables - considered good,0.0,152255.0,Collection from customer,priya.sharma
JV00890,25-03-2025,25-03-2025,1332,Trade payables - other than micro and small,742139.0,0.0,Payment to supplier,amit.deshpande
JV00890,25-03-2025,25-03-2025,2282,Balances with banks in current accounts,0.0,742139.0,Payment to supplier,amit.deshpande
JV00891,01-07-2024,01-07-2024,4001,Cost of materials consumed,599723.0,0.0,Purchase of raw material,amit.deshpande
JV00891,01-07-2024,01-07-2024,1332,Trade payables - other than micro and small,0.0,599723.0,Purchase of raw material,amit.deshpande
JV00892,04-02-2025,04-02-2025,4201,Salaries and wages,1587377.0,0.0,Payroll for the month,ravi.krishnan
JV00892,04-02-2025,04-02-2025,1362,Employee benefits payable,0.0,1587377.0,Payroll for the month,ravi.krishnan
JV00893,19-08-2024,19-08-2024,2251,Trade receivables - considered good,401218.0,0.0,Sale invoice raised,priya.sharma
JV00893,19-08-2024,19-08-2024,3001,Sale of manufactured goods,0.0,401218.0,Sale invoice raised,priya.sharma
JV00894,17-09-2024,17-09-2024,4402,Repairs to machinery,5401.0,0.0,Machinery repairs,amit.deshpande
JV00894,17-09-2024,17-09-2024,1332,Trade payables - other than micro and small,0.0,5401.0,Machinery repairs,amit.deshpande
JV00895,02-12-2024,02-12-2024,4409,Freight outward,6457.0,0.0,Outward freight,amit.deshpande
JV00895,02-12-2024,02-12-2024,1332,Trade payables - other than micro and small,0.0,6457.0,Outward freight,amit.deshpande
JV00896,17-10-2024,17-10-2024,4001,Cost of materials consumed,255491.0,0.0,Purchase of raw material,priya.sharma
JV00896,17-10-2024,17-10-2024,1332,Trade payables - other than micro and small,0.0,255491.0,Purchase of raw material,priya.sharma
JV00897,28-03-2025,28-03-2025,2282,Balances with banks in current accounts,801074.0,0.0,Collection from customer,ravi.krishnan
JV00897,28-03-2025,28-03-2025,2251,Trade receivables - considered good,0.0,801074.0,Collection from customer,ravi.krishnan
JV00898,13-09-2024,13-09-2024,4201,Salaries and wages,164281.0,0.0,Payroll for the month,amit.deshpande
JV00898,13-09-2024,13-09-2024,1362,Employee benefits payable,0.0,164281.0,Payroll for the month,amit.deshpande
JV00899,31-03-2025,31-03-2025,4201,Salaries and wages,44464.0,0.0,Payroll for the month,priya.sharma
JV00899,31-03-2025,31-03-2025,1362,Employee benefits payable,0.0,44464.0,Payroll for the month,priya.sharma
JV00900,24-01-2025,24-01-2025,4402,Repairs to machinery,152788.0,0.0,Machinery repairs,ravi.krishnan
JV00900,24-01-2025,24-01-2025,1332,Trade payables - other than micro and small,0.0,152788.0,Machinery repairs,ravi.krishnan
JV00901,12-08-2024,12-08-2024,4404,Legal and professional charges,2500000.0,0.0,Consultancy retainer,priya.sharma
JV00901,12-08-2024,12-08-2024,1332,Trade payables - other than micro and small,0.0,2500000.0,Consultancy retainer,priya.sharma
JV00902,13-03-2025,13-03-2025,4404,Legal and professional charges,1000000.0,0.0,Consultancy retainer,ravi.krishnan
JV00902,13-03-2025,13-03-2025,1332,Trade payables - other than micro and small,0.0,1000000.0,Consultancy retainer,ravi.krishnan
JV00903,18-12-2024,18-12-2024,4404,Legal and professional charges,5000000.0,0.0,Consultancy retainer,priya.sharma
JV00903,18-12-2024,18-12-2024,1332,Trade payables - other than micro and small,0.0,5000000.0,Consultancy retainer,priya.sharma
JV00904,16-04-2024,16-04-2024,4404,Legal and professional charges,1500000.0,0.0,Consultancy retainer,ravi.krishnan
JV00904,16-04-2024,16-04-2024,1332,Trade payables - other than micro and small,0.0,1500000.0,Consultancy retainer,ravi.krishnan
JV00905,15-06-2024,15-06-2024,4410,Miscellaneous expenses,319644.0,0.0,Sundry settlement,priya.sharma
JV00905,15-06-2024,15-06-2024,2282,Balances with banks in current accounts,0.0,319644.0,Sundry settlement,priya.sharma
JV00906,21-09-2024,21-09-2024,4410,Miscellaneous expenses,227344.0,0.0,Sundry settlement,amit.deshpande
JV00906,21-09-2024,21-09-2024,2282,Balances with banks in current accounts,0.0,227344.0,Sundry settlement,amit.deshpande
JV00907,08-02-2025,08-02-2025,4410,Miscellaneous expenses,261968.0,0.0,Sundry settlement,ravi.krishnan
JV00907,08-02-2025,08-02-2025,2282,Balances with banks in current accounts,0.0,261968.0,Sundry settlement,ravi.krishnan
JV00908,02-10-2024,02-10-2024,4410,Miscellaneous expenses,205122.0,0.0,Sundry settlement,priya.sharma
JV00908,02-10-2024,02-10-2024,2282,Balances with banks in current accounts,0.0,205122.0,Sundry settlement,priya.sharma
JV00909,29-03-2025,29-03-2025,2251,Trade receivables - considered good,18400000.0,0.0,Year-end despatch,ravi.krishnan
JV00909,29-03-2025,29-03-2025,3001,Sale of manufactured goods,0.0,18400000.0,Year-end despatch,ravi.krishnan
JV00910,27-03-2025,27-03-2025,2251,Trade receivables - considered good,9600000.0,0.0,Year-end despatch,amit.deshpande
JV00910,27-03-2025,27-03-2025,3001,Sale of manufactured goods,0.0,9600000.0,Year-end despatch,amit.deshpande
JV00911,30-03-2025,30-03-2025,2251,Trade receivables - considered good,14200000.0,0.0,Year-end despatch,ravi.krishnan
JV00911,30-03-2025,30-03-2025,3001,Sale of manufactured goods,0.0,14200000.0,Year-end despatch,ravi.krishnan
JV00912,20-12-2024,04-03-2025,4410,Miscellaneous expenses,409375.0,0.0,Prior period adjustment,amit.deshpande
JV00912,20-12-2024,04-03-2025,1361,Statutory dues payable,0.0,409375.0,Prior period adjustment,amit.deshpande
JV00913,09-01-2025,11-03-2025,4410,Miscellaneous expenses,635543.0,0.0,Prior period adjustment,amit.deshpande
JV00913,09-01-2025,11-03-2025,1361,Statutory dues payable,0.0,635543.0,Prior period adjustment,amit.deshpande
JV00914,29-03-2025,29-03-2025,1102,Surplus in Statement of Profit and Loss,3800000.0,0.0,Write-off approved by the board,nisha.patel
JV00914,29-03-2025,29-03-2025,2252,Provision for doubtful debts,0.0,3800000.0,Write-off approved by the board,nisha.patel
JV00915,30-03-2025,30-03-2025,2091,Investment in equity of associate,1200000.0,0.0,Revaluation of associate holding,nisha.patel
JV00915,30-03-2025,30-03-2025,1102,Surplus in Statement of Profit and Loss,0.0,1200000.0,Revaluation of associate holding,nisha.patel
JV00916,14-10-2024,14-10-2024,4410,Miscellaneous expenses,969428.0,0.0,Reimbursement,s.venkatesh
JV00916,14-10-2024,14-10-2024,2282,Balances with banks in current accounts,0.0,969428.0,Reimbursement,s.venkatesh
JV00917,02-09-2024,02-09-2024,4410,Miscellaneous expenses,1066926.0,0.0,Reimbursement,s.venkatesh
JV00917,02-09-2024,02-09-2024,2282,Balances with banks in current accounts,0.0,1066926.0,Reimbursement,s.venkatesh
JV00918,13-11-2024,13-11-2024,4410,Miscellaneous expenses,1152109.0,0.0,Reimbursement,s.venkatesh
JV00918,13-11-2024,13-11-2024,2282,Balances with banks in current accounts,0.0,1152109.0,Reimbursement,s.venkatesh
